--------- beginning of main
I/libprocessgroup( 7031): Created cgroup /sys/fs/cgroup/apps/uid_10235/pid_7031
I/Zygote  ( 7031): Process 7031 created for com.example.dh2
I/com.example.dh2( 7031): Late-enabling -Xcheck:jni
I/com.example.dh2( 7031): Using generational CollectorTypeCMC GC.
W/com.example.dh2( 7031): Unexpected CPU variant for x86: x86_64.
W/com.example.dh2( 7031): Known variants: atom, sandybridge, silvermont, goldmont, goldmont-plus, goldmont-without-sha-xsaves, tremont, kabylake, alderlake, pantherlake, default
D/nativeloader( 7031): Load libframework-connectivity-tiramisu-jni.so using APEX ns com_android_tethering for caller /apex/com.android.tethering/javalib/framework-connectivity-t.jar: ok
D/CompatChangeReporter( 7031): Compat change id reported: 333566037; UID 10235; state: ENABLED
D/nativeloader( 7031): Configuring clns-9 for other apk /data/app/~~orip0IUxrcpa8TWRPxynsw==/com.example.dh2-3c7b-h0vpml6SQN3px9WXQ==/base.apk. target_sdk_version=37, uses_libraries=, library_path=/data/app/~~orip0IUxrcpa8TWRPxynsw==/com.example.dh2-3c7b-h0vpml6SQN3px9WXQ==/lib/x86_64:/data/app/~~orip0IUxrcpa8TWRPxynsw==/com.example.dh2-3c7b-h0vpml6SQN3px9WXQ==/base.apk!/lib/x86_64, permitted_path=/data:/mnt/expand:/data/user/0/com.example.dh2
V/GraphicsEnvironment( 7031): Currently set values for:
V/GraphicsEnvironment( 7031):   angle_gl_driver_selection_pkgs=[]
V/GraphicsEnvironment( 7031):   angle_gl_driver_selection_values=[]
V/GraphicsEnvironment( 7031): com.example.dh2 is not listed in per-application setting
V/GraphicsEnvironment( 7031): No special selections for ANGLE, returning default driver choice
V/GraphicsEnvironment( 7031): Neither updatable production driver nor prerelease driver is supported.
D/CompatChangeReporter( 7031): Compat change id reported: 407952621; UID 10235; state: ENABLED
D/CompatChangeReporter( 7031): Compat change id reported: 419020719; UID 10235; state: ENABLED
D/CompatChangeReporter( 7031): Compat change id reported: 458413887; UID 10235; state: ENABLED
--------- beginning of system
I/DisplayManager( 7031): Choreographer implicitly registered for the refresh rate.
D/DesktopExperienceFlags( 7031): Toggle override initialized to: false
I/GFXSTREAM( 7031): [eglDisplay.cpp(297)] Opening libGLESv1_CM_emulation.so
I/GFXSTREAM( 7031): [eglDisplay.cpp(297)] Opening libGLESv2_emulation.so
W/libc    ( 7031): Access denied finding property "vendor.mesa.virtgpu.kumquat"
W/HWUI    ( 7031): Failed to choose config with EGL_SWAP_BEHAVIOR_PRESERVED, retrying without...
W/HWUI    ( 7031): Failed to initialize 101010-2 format, error = EGL_SUCCESS
D/nativeloader( 7031): Load /data/app/~~orip0IUxrcpa8TWRPxynsw==/com.example.dh2-3c7b-h0vpml6SQN3px9WXQ==/base.apk!/lib/x86_64/libdh2_native.so using class loader ns clns-9 (caller=/data/app/~~orip0IUxrcpa8TWRPxynsw==/com.example.dh2-3c7b-h0vpml6SQN3px9WXQ==/base.apk!classes3.dex): ok
D/CompatChangeReporter( 7031): Compat change id reported: 418924588; UID 10235; state: ENABLED
W/HWUI    ( 7031): Unknown dataspace 0
W/libc    ( 7031): Access denied finding property "vendor.mesa.virtgpu.kumquat"
D/InsetsController( 7031): Setting requestedVisibleTypes to 496 (was 503)
D/WindowOnBackDispatcher( 7031): setTopOnBackInvokedCallback (unwrapped): android.app.Activity$$ExternalSyntheticLambda0@8e269f6
D/VRI[MainActivity]( 7031): WindowInsets changed: 2400x1080 statusBars:[0,63,0,0] navigationBars:[0,0,0,63] mandatorySystemGestures:[0,63,0,84] 
I/HWUI    ( 7031): Using FreeType backend (prop=Auto)
I/Surface ( 7031): Creating surface for consumer unnamed-7031-0 with slotExpansion=1 for 64 slots
I/Surface ( 7031): Creating surface for consumer VRI[MainActivity]#0(BLAST Consumer)0 with slotExpansion=1 for 64 slots
D/VRI[MainActivity]( 7031): WindowInsets changed: statusBars:null navigationBars:null 
I/Surface ( 7031): Creating surface for consumer unnamed-7031-1 with slotExpansion=1 for 64 slots
I/Surface ( 7031): Creating surface for consumer 6238864 SurfaceView[com.example.dh2/com.example.dh2.MainActivity]#1(BLAST Consumer)1 with slotExpansion=1 for 64 slots
W/libc    ( 7031): Access denied finding property "vendor.mesa.virtgpu.kumquat"
I/DH2Native( 7031): Authored UI shader GPU contract PASS | programs 2 | cases 8 | max byte error 1
I/DH2Native( 7031): Renderer: Android Emulator OpenGL ES Translator (NVIDIA GeForce RTX 4070 SUPER/PCIe/SSE2)
I/DH2Native( 7031): GLES: OpenGL ES 3.1 (4.5.0 NVIDIA 616.56)
I/DH2Native( 7031): Enemy AI configured | automatic melee 0
D/InsetsController( 7031): hide(ime())
I/ImeTracker( 7031): com.example.dh2:3e9e914e: onCancelled at PHASE_CLIENT_ALREADY_HIDDEN
I/DH2Native( 7031): Original cache mounted | files 6833 | archive bytes 433189197 | external storage 0
I/DH2Native( 7031): Owned script cache ready | scripts 219 | bytes 900493 | faeries 16 | retained 0 | actual APK cache
I/DH2Native( 7031): Effects native backing | sets 276 | character rows 3 | footsteps 7 | dictionary 284 | consumed 12700 12755 12953 | snapshot 000079cc89c1f730 | modules 000079cc49cdcc50 | retained 0 | source cache owned | FX factory pending
I/DH2Native( 7031): Class tables ready | classes 260 | bytes 34224 | cached base snapshots
I/DH2Native( 7031): AI tables ready | configs 76 | factions 16 | automatic melee 0 | pursuit and full FSM pending
I/DH2Native( 7031): Property rules ready | defaults row 0 | types row 1 | properties 224 | supplied sheets only
I/DH2Native( 7031): Animation tables ready | sequences 785 | characters 80 | clip paths 1447 | bytes 72812
I/DH2Native( 7031): Actor initialization ready | records 11 | sources 3 | DACT SHA be44bd6d160973bf70a0cab61399a14d8bea6a7eade41790594cf6b781a04cca | sidecar SHA 20ae8c16a179c7e626b9d25356779031f71a2f46e304ae62e7f22b2ff1310efe | independently hashed bytes
I/DH2Native( 7031): Player attack track ready | clip 1111 | tracks 81 | unbound 0 | attack_mainhand ms -1
I/DH2Native( 7031): Player attack track ready | clip 1063 | tracks 29 | unbound 0 | attack_mainhand ms -1
I/DH2Native( 7031): Player attack track ready | clip 1040 | tracks 23 | unbound 0 | attack_mainhand ms -1
I/DH2Native( 7031): Player attack track ready | clip 1041 | tracks 24 | unbound 0 | attack_mainhand ms -1
I/DH2Native( 7031): Player attack track ready | clip 1126 | tracks 25 | unbound 0 | attack_mainhand ms -1
I/DH2Native( 7031): Player attack track ready | clip 1114 | tracks 27 | unbound 0 | attack_mainhand ms -1
I/DH2Native( 7031): Player attack track ready | clip 968 | tracks 25 | unbound 0 | attack_mainhand ms -1
I/DH2Native( 7031): Player attack track ready | clip 956 | tracks 25 | unbound 0 | attack_mainhand ms 333
I/DH2Native( 7031): Player attack track ready | clip 964 | tracks 25 | unbound 0 | attack_mainhand ms -1
I/DH2Native( 7031): Player attack track ready | clip 970 | tracks 25 | unbound 0 | attack_mainhand ms -1
I/DH2Native( 7031): Player attack track ready | clip 959 | tracks 25 | unbound 0 | attack_mainhand ms 899
I/DH2Native( 7031): Player attack track ready | clip 965 | tracks 25 | unbound 0 | attack_mainhand ms -1
I/DH2Native( 7031): Player attack track ready | clip 972 | tracks 25 | unbound 0 | attack_mainhand ms -1
I/DH2Native( 7031): Player attack track ready | clip 962 | tracks 25 | unbound 0 | attack_mainhand ms 1533
I/DH2Native( 7031): Player attack track ready | clip 966 | tracks 25 | unbound 0 | attack_mainhand ms -1
I/DH2Native( 7031): Player attack track ready | clip 967 | tracks 26 | unbound 0 | attack_mainhand ms -1
I/DH2Native( 7031): Player attack track ready | clip 955 | tracks 26 | unbound 0 | attack_mainhand ms 300
I/DH2Native( 7031): Player attack track ready | clip 957 | tracks 27 | unbound 0 | attack_mainhand ms -1
I/DH2Native( 7031): Player attack track ready | clip 969 | tracks 26 | unbound 0 | attack_mainhand ms -1
I/DH2Native( 7031): Player attack track ready | clip 958 | tracks 26 | unbound 0 | attack_mainhand ms 899
I/DH2Native( 7031): Player attack track ready | clip 960 | tracks 27 | unbound 0 | attack_mainhand ms -1
I/DH2Native( 7031): Player attack track ready | clip 971 | tracks 26 | unbound 0 | attack_mainhand ms -1
I/DH2Native( 7031): Player attack track ready | clip 961 | tracks 26 | unbound 0 | attack_mainhand ms 1500
I/DH2Native( 7031): Player attack track ready | clip 963 | tracks 26 | unbound 0 | attack_mainhand ms -1
I/DH2Native( 7031): Player attack track ready | clip 1025 | tracks 25 | unbound 0 | attack_mainhand ms -1
I/DH2Native( 7031): Player attack track ready | clip 1074 | tracks 27 | unbound 0 | attack_mainhand ms -1
I/DH2Native( 7031): Player attack track ready | clip 1110 | tracks 25 | unbound 0 | attack_mainhand ms -1
I/DH2Native( 7031): Player attack track ready | clip 1071 | tracks 25 | unbound 0 | attack_mainhand ms -1
I/DH2Native( 7031): Player attack track ready | clip 1076 | tracks 29 | unbound 0 | attack_mainhand ms -1
I/DH2Native( 7031): Player attack track ready | clip 1109 | tracks 28 | unbound 0 | attack_mainhand ms -1
I/DH2Native( 7031): Player attack track ready | clip 1026 | tracks 30 | unbound 0 | attack_mainhand ms -1
I/DH2Native( 7031): Player attack track ready | clip 1029 | tracks 28 | unbound 0 | attack_mainhand ms -1
I/DH2Native( 7031): Player attack track ready | clip 1030 | tracks 27 | unbound 0 | attack_mainhand ms -1
I/DH2Native( 7031): Player attack track ready | clip 1031 | tracks 27 | unbound 0 | attack_mainhand ms -1
I/DH2Native( 7031): Player attack track ready | clip 1032 | tracks 27 | unbound 0 | attack_mainhand ms -1
I/DH2Native( 7031): Player attack track ready | clip 991 | tracks 27 | unbound 0 | attack_mainhand ms -1
I/DH2Native( 7031): Player attack track ready | clip 996 | tracks 27 | unbound 0 | attack_mainhand ms -1
I/DH2Native( 7031): Player death track ready | clip 1023 | tracks 27 | unbound 0 | attack_mainhand ms -1
I/DH2Native( 7031): Player attack track ready | clip 992 | tracks 26 | unbound 0 | attack_mainhand ms -1
I/DH2Native( 7031): Player attack track ready | clip 1028 | tracks 29 | unbound 0 | attack_mainhand ms -1
I/DH2Native( 7031): Player attack track ready | clip 1027 | tracks 26 | unbound 0 | attack_mainhand ms -1
I/DH2Native( 7031): Player attack track ready | clip 1091 | tracks 26 | unbound 0 | attack_mainhand ms -1
I/DH2Native( 7031): Player attack track ready | clip 1093 | tracks 26 | unbound 0 | attack_mainhand ms -1
I/DH2Native( 7031): Player attack track ready | clip 1043 | tracks 26 | unbound 0 | attack_mainhand ms -1
I/DH2Native( 7031): Player attack track ready | clip 994 | tracks 26 | unbound 0 | attack_mainhand ms -1
I/DH2Native( 7031): Player attack track ready | clip 1044 | tracks 25 | unbound 0 | attack_mainhand ms -1
I/DH2Native( 7031): Player attack track ready | clip 1096 | tracks 14 | unbound 0 | attack_mainhand ms -1
I/DH2Native( 7031): Player attack track ready | clip 1103 | tracks 26 | unbound 0 | attack_mainhand ms -1
I/DH2Native( 7031): Player attack track ready | clip 1107 | tracks 25 | unbound 0 | attack_mainhand ms -1
I/DH2Native( 7031): Player attack track ready | clip 1104 | tracks 27 | unbound 0 | attack_mainhand ms -1
I/DH2Native( 7031): Player attack track ready | clip 1108 | tracks 27 | unbound 0 | attack_mainhand ms -1
I/DH2Native( 7031): Player attack track ready | clip 1101 | tracks 26 | unbound 0 | attack_mainhand ms -1
I/DH2Native( 7031): Player attack track ready | clip 1105 | tracks 25 | unbound 0 | attack_mainhand ms -1
I/DH2Native( 7031): Player attack track ready | clip 1100 | tracks 26 | unbound 0 | attack_mainhand ms -1
I/DH2Native( 7031): Player attack track ready | clip 1097 | tracks 25 | unbound 0 | attack_mainhand ms -1
I/DH2Native( 7031): Player attack track ready | clip 1234 | tracks 25 | unbound 0 | attack_mainhand ms -1
I/DH2Native( 7031): Player attack track ready | clip 1239 | tracks 25 | unbound 0 | attack_mainhand ms -1
I/DH2Native( 7031): Player attack track ready | clip 1238 | tracks 25 | unbound 0 | attack_mainhand ms -1
I/DH2Native( 7031): Player attack track ready | clip 1035 | tracks 23 | unbound 0 | attack_mainhand ms -1
I/DH2Native( 7031): Player attack track ready | clip 1036 | tracks 23 | unbound 0 | attack_mainhand ms -1
I/DH2Native( 7031): Player attack track ready | clip 986 | tracks 25 | unbound 0 | attack_mainhand ms -1
I/DH2Native( 7031): Player attack track ready | clip 974 | tracks 25 | unbound 0 | attack_mainhand ms -1
I/DH2Native( 7031): Player attack track ready | clip 976 | tracks 25 | unbound 0 | attack_mainhand ms -1
I/DH2Native( 7031): Player attack track ready | clip 988 | tracks 25 | unbound 0 | attack_mainhand ms -1
I/DH2Native( 7031): Player attack track ready | clip 978 | tracks 25 | unbound 0 | attack_mainhand ms -1
I/DH2Native( 7031): Player attack track ready | clip 980 | tracks 25 | unbound 0 | attack_mainhand ms -1
I/DH2Native( 7031): Player attack track ready | clip 990 | tracks 25 | unbound 0 | attack_mainhand ms -1
I/DH2Native( 7031): Player attack track ready | clip 984 | tracks 25 | unbound 0 | attack_mainhand ms -1
I/DH2Native( 7031): Player attack track ready | clip 985 | tracks 26 | unbound 0 | attack_mainhand ms -1
I/DH2Native( 7031): Player attack track ready | clip 973 | tracks 25 | unbound 0 | attack_mainhand ms 333
I/DH2Native( 7031): Player attack track ready | clip 975 | tracks 25 | unbound 0 | attack_mainhand ms -1
I/DH2Native( 7031): Player attack track ready | clip 987 | tracks 25 | unbound 0 | attack_mainhand ms -1
I/DH2Native( 7031): Player attack track ready | clip 977 | tracks 25 | unbound 0 | attack_mainhand ms 1066
I/DH2Native( 7031): Player attack track ready | clip 979 | tracks 25 | unbound 0 | attack_mainhand ms -1
I/DH2Native( 7031): Player attack track ready | clip 989 | tracks 25 | unbound 0 | attack_mainhand ms -1
I/DH2Native( 7031): Player attack track ready | clip 981 | tracks 25 | unbound 0 | attack_mainhand ms 1799
I/DH2Native( 7031): Player attack track ready | clip 983 | tracks 25 | unbound 0 | attack_mainhand ms -1
I/DH2Native( 7031): Player attack track ready | clip 1233 | tracks 24 | unbound 0 | attack_mainhand ms -1
I/DH2Native( 7031): Player attack track ready | clip 1037 | tracks 23 | unbound 0 | attack_mainhand ms -1
I/DH2Native( 7031): Player attack track ready | clip 1038 | tracks 23 | unbound 0 | attack_mainhand ms -1
I/DH2Native( 7031): Player attack track ready | clip 1016 | tracks 23 | unbound 0 | attack_mainhand ms -1
I/DH2Native( 7031): Player attack track ready | clip 1000 | tracks 25 | unbound 0 | attack_mainhand ms 333
I/DH2Native( 7031): Player attack track ready | clip 1011 | tracks 27 | unbound 0 | attack_mainhand ms -1
I/DH2Native( 7031): Player attack track ready | clip 1018 | tracks 25 | unbound 0 | attack_mainhand ms -1
I/DH2Native( 7031): Player attack track ready | clip 1003 | tracks 27 | unbound 0 | attack_mainhand ms -1
I/DH2Native( 7031): Player attack track ready | clip 1012 | tracks 25 | unbound 0 | attack_mainhand ms -1
I/DH2Native( 7031): Player attack track ready | clip 1020 | tracks 25 | unbound 0 | attack_mainhand ms -1
I/DH2Native( 7031): Player attack track ready | clip 1006 | tracks 25 | unbound 0 | attack_mainhand ms 1566
I/DH2Native( 7031): Player attack track ready | clip 1013 | tracks 25 | unbound 0 | attack_mainhand ms -1
I/DH2Native( 7031): Player attack track ready | clip 1022 | tracks 25 | unbound 0 | attack_mainhand ms -1
I/DH2Native( 7031): Player attack track ready | clip 1009 | tracks 25 | unbound 0 | attack_mainhand ms -1
I/DH2Native( 7031): Player attack track ready | clip 1014 | tracks 25 | unbound 0 | attack_mainhand ms -1
I/DH2Native( 7031): Player attack track ready | clip 1015 | tracks 25 | unbound 0 | attack_mainhand ms -1
I/DH2Native( 7031): Player attack track ready | clip 999 | tracks 25 | unbound 0 | attack_mainhand ms 400
I/DH2Native( 7031): Player attack track ready | clip 1001 | tracks 25 | unbound 0 | attack_mainhand ms -1
I/DH2Native( 7031): Player attack track ready | clip 1017 | tracks 25 | unbound 0 | attack_mainhand ms -1
I/DH2Native( 7031): Player attack track ready | clip 1002 | tracks 25 | unbound 0 | attack_mainhand ms 866
I/DH2Native( 7031): Player attack track ready | clip 1004 | tracks 25 | unbound 0 | attack_mainhand ms -1
I/DH2Native( 7031): Player attack track ready | clip 1019 | tracks 25 | unbound 0 | attack_mainhand ms -1
I/DH2Native( 7031): Player attack track ready | clip 1005 | tracks 25 | unbound 0 | attack_mainhand ms 1500
I/DH2Native( 7031): Player attack track ready | clip 1007 | tracks 25 | unbound 0 | attack_mainhand ms -1
I/DH2Native( 7031): Player attack track ready | clip 1021 | tracks 25 | unbound 0 | attack_mainhand ms -1
I/DH2Native( 7031): Player attack track ready | clip 1008 | tracks 25 | unbound 0 | attack_mainhand ms 2266
I/DH2Native( 7031): Player attack track ready | clip 1010 | tracks 25 | unbound 0 | attack_mainhand ms -1
I/DH2Native( 7031): Player attack track ready | clip 1147 | tracks 27 | unbound 2 | attack_mainhand ms -1
I/DH2Native( 7031): Player attack track ready | clip 1133 | tracks 27 | unbound 2 | attack_mainhand ms 1633
I/DH2Native( 7031): Player attack track ready | clip 1146 | tracks 25 | unbound 2 | attack_mainhand ms -1
I/DH2Native( 7031): Player attack track ready | clip 1218 | tracks 27 | unbound 0 | attack_mainhand ms -1
I/DH2Native( 7031): Player attack track ready | clip 1039 | tracks 25 | unbound 0 | attack_mainhand ms -1
I/DH2Native( 7031): Player attack track ready | clip 1077 | tracks 18 | unbound 0 | attack_mainhand ms -1
I/DH2Native( 7031): Player attack track ready | clip 1078 | tracks 18 | unbound 0 | attack_mainhand ms -1
I/DH2Native( 7031): Player attack track ready | clip 1079 | tracks 20 | unbound 0 | attack_mainhand ms -1
I/DH2Native( 7031): Player attack track ready | clip 1143 | tracks 24 | unbound 0 | attack_mainhand ms -1
I/DH2Native( 7031): Player attack track ready | clip 1138 | tracks 0 | unbound 0 | attack_mainhand ms -1
I/DH2Native( 7031): Player attack track ready | clip 1136 | tracks 24 | unbound 0 | attack_mainhand ms -1
I/DH2Native( 7031): Player attack track ready | clip 1137 | tracks 24 | unbound 0 | attack_mainhand ms -1
I/DH2Native( 7031): Base class snapshot | _prim_tmp_cultist01 | character Crypt_Skeleton | class 18 | level raw 256 | Max_HP raw 12160 | Max_MP raw 5632 | checksum 41ae0e800682474e | cached only
I/DH2Native( 7031): Resolved properties | _prim_tmp_cultist01 | character Crypt_Skeleton | HP raw -1 | Max_HP raw 12160 | MP raw -1 | Max_MP raw 5632 | checksum 41ae0e800682474e | supplied sheets only
I/DH2Native( 7031): Combat result probe | _prim_tmp_cultist01 | character Crypt_Skeleton | amount 2030 | dot element -1 | dot duration 0 | dot amount 0 | HP leech 0 | MP leech 0 | outcomes 0 | mask 2271925 | category -1 | element -1 | seed 11805120 | calls 9 | validation only
I/DH2Native( 7031): Health probe | _prim_tmp_cultist01 | character Crypt_Skeleton | damage 256 | add -256 | before -1 | after 0 | kill 1 | armed 1 | cue 0 | lifecycle 3 | dead skip 0 | validation only
I/DH2Native( 7031): Health probe | _prim_tmp_cultist01 | character Crypt_Skeleton | damage 16384 | add -16384 | before -1 | after 0 | kill 1 | armed 1 | cue 0 | lifecycle 3 | dead skip 0 | validation only
I/DH2Native( 7031): Original idle selected | skeleton.bdae | table 62 | sequence 596 | step 0 | clip 1194 | skeleton_idle_01.bdae | speed 1.0000 | actor _prim_tmp_cultist01
I/DH2Native( 7031): Actor event track ready | skeleton.bdae | clip 1178 | groups 1 | attack_mainhand ms 100
I/DH2Native( 7031): Actor event track ready | skeleton.bdae | clip 1179 | groups 0 | attack_mainhand ms -1
I/DH2Native( 7031): Actor event track ready | skeleton.bdae | clip 1180 | groups 1 | attack_mainhand ms 100
I/DH2Native( 7031): Actor event track ready | skeleton.bdae | clip 1181 | groups 0 | attack_mainhand ms -1
I/DH2Native( 7031): Actor event track ready | skeleton.bdae | clip 1185 | groups 0 | attack_mainhand ms -1
I/DH2Native( 7031): Actor event track ready | skeleton.bdae | clip 1194 | groups 0 | attack_mainhand ms -1
I/DH2Native( 7031): Actor event track ready | skeleton.bdae | clip 1195 | groups 0 | attack_mainhand ms -1
I/DH2Native( 7031): Actor event track ready | skeleton.bdae | clip 1197 | groups 0 | attack_mainhand ms -1
I/DH2Native( 7031): Actor event track ready | skeleton.bdae | clip 1198 | groups 0 | attack_mainhand ms -1
I/DH2Native( 7031): Actor event track ready | skeleton.bdae | clip 1204 | groups 0 | attack_mainhand ms -1
I/DH2Native( 7031): Actor clip bank ready | skeleton.bdae | clips 10 | independent instance clocks
W/InteractionJankMonitor( 7031): Initializing without READ_DEVICE_CONFIG permission. enabled=false, interval=1, missedFrameThreshold=3, frameTimeThreshold=64, package=com.example.dh2
I/DH2Native( 7031): Object resource skeleton.bdae | primitives 1 | tracks 23 | unbound 3 | unsupported 0 | removed helpers 2
I/DH2Native( 7031): Base class snapshot | _prim_tmp_cultist03 | character Crypt_Skeleton | class 18 | level raw 256 | Max_HP raw 12160 | Max_MP raw 5632 | checksum 41ae0e800682474e | cached only
I/DH2Native( 7031): Resolved properties | _prim_tmp_cultist03 | character Crypt_Skeleton | HP raw -1 | Max_HP raw 12160 | MP raw -1 | Max_MP raw 5632 | checksum 41ae0e800682474e | supplied sheets only
I/DH2Native( 7031): Combat result probe | _prim_tmp_cultist03 | character Crypt_Skeleton | amount 2030 | dot element -1 | dot duration 0 | dot amount 0 | HP leech 0 | MP leech 0 | outcomes 0 | mask 2271925 | category -1 | element -1 | seed 11805120 | calls 9 | validation only
I/DH2Native( 7031): Health probe | _prim_tmp_cultist03 | character Crypt_Skeleton | damage 256 | add -256 | before -1 | after 0 | kill 1 | armed 1 | cue 0 | lifecycle 3 | dead skip 0 | validation only
I/DH2Native( 7031): Health probe | _prim_tmp_cultist03 | character Crypt_Skeleton | damage 16384 | add -16384 | before -1 | after 0 | kill 1 | armed 1 | cue 0 | lifecycle 3 | dead skip 0 | validation only
I/DH2Native( 7031): Original idle selected | skeleton.bdae | table 62 | sequence 596 | step 1 | clip 1195 | skeleton_idle_02.bdae | speed 1.0000 | actor _prim_tmp_cultist03
I/DH2Native( 7031): Base class snapshot | _prim_tmp_cultist05 | character CryptSlime | class 18 | level raw 256 | Max_HP raw 12160 | Max_MP raw 5632 | checksum e0cad1d302226d0f | cached only
I/DH2Native( 7031): Resolved properties | _prim_tmp_cultist05 | character CryptSlime | HP raw -1 | Max_HP raw 12160 | MP raw -1 | Max_MP raw 5632 | checksum e0cad1d302226d0f | supplied sheets only
I/DH2Native( 7031): Combat result probe | _prim_tmp_cultist05 | character CryptSlime | amount 2036 | dot element -1 | dot duration 0 | dot amount 0 | HP leech 0 | MP leech 0 | outcomes 0 | mask 2271925 | category -1 | element -1 | seed 3406292 | calls 9 | validation only
I/DH2Native( 7031): Health probe | _prim_tmp_cultist05 | character CryptSlime | damage 256 | add -256 | before -1 | after 0 | kill 1 | armed 1 | cue 0 | lifecycle 3 | dead skip 0 | validation only
I/DH2Native( 7031): Health probe | _prim_tmp_cultist05 | character CryptSlime | damage 16384 | add -16384 | before -1 | after 0 | kill 1 | armed 1 | cue 0 | lifecycle 3 | dead skip 0 | validation only
I/DH2Native( 7031): Original idle selected | slime_green_v2.bdae | table 64 | sequence 613 | step 5 | clip 1259 | slime_idle_02.bdae | speed 1.0000 | actor _prim_tmp_cultist05
I/DH2Native( 7031): Actor event track ready | slime_green_v2.bdae | clip 1246 | groups 1 | attack_mainhand ms 266
I/DH2Native( 7031): Actor event track ready | slime_green_v2.bdae | clip 1247 | groups 0 | attack_mainhand ms -1
I/DH2Native( 7031): Actor event track ready | slime_green_v2.bdae | clip 1248 | groups 1 | attack_mainhand ms 300
I/DH2Native( 7031): Actor event track ready | slime_green_v2.bdae | clip 1249 | groups 0 | attack_mainhand ms -1
I/DH2Native( 7031): Actor event track ready | slime_green_v2.bdae | clip 1251 | groups 0 | attack_mainhand ms -1
I/DH2Native( 7031): Actor event track ready | slime_green_v2.bdae | clip 1258 | groups 0 | attack_mainhand ms -1
I/DH2Native( 7031): Actor event track ready | slime_green_v2.bdae | clip 1259 | groups 0 | attack_mainhand ms -1
I/DH2Native( 7031): Actor event track ready | slime_green_v2.bdae | clip 1261 | groups 0 | attack_mainhand ms -1
I/DH2Native( 7031): Actor event track ready | slime_green_v2.bdae | clip 1262 | groups 0 | attack_mainhand ms -1
I/DH2Native( 7031): Actor event track ready | slime_green_v2.bdae | clip 1268 | groups 0 | attack_mainhand ms -1
I/DH2Native( 7031): Actor clip bank ready | slime_green_v2.bdae | clips 10 | independent instance clocks
I/DH2Native( 7031): Object resource slime_green_v2.bdae | primitives 2 | tracks 12 | unbound 0 | unsupported 0 | removed helpers 0
I/DH2Native( 7031): Base class snapshot | _prim_tmp_cultist06 | character CryptSlime | class 18 | level raw 256 | Max_HP raw 12160 | Max_MP raw 5632 | checksum e0cad1d302226d0f | cached only
I/DH2Native( 7031): Resolved properties | _prim_tmp_cultist06 | character CryptSlime | HP raw -1 | Max_HP raw 12160 | MP raw -1 | Max_MP raw 5632 | checksum e0cad1d302226d0f | supplied sheets only
I/DH2Native( 7031): Combat result probe | _prim_tmp_cultist06 | character CryptSlime | amount 2036 | dot element -1 | dot duration 0 | dot amount 0 | HP leech 0 | MP leech 0 | outcomes 0 | mask 2271925 | category -1 | element -1 | seed 3406292 | calls 9 | validation only
I/DH2Native( 7031): Health probe | _prim_tmp_cultist06 | character CryptSlime | damage 256 | add -256 | before -1 | after 0 | kill 1 | armed 1 | cue 0 | lifecycle 3 | dead skip 0 | validation only
I/DH2Native( 7031): Health probe | _prim_tmp_cultist06 | character CryptSlime | damage 16384 | add -16384 | before -1 | after 0 | kill 1 | armed 1 | cue 0 | lifecycle 3 | dead skip 0 | validation only
I/DH2Native( 7031): Original idle selected | slime_green_v2.bdae | table 64 | sequence 613 | step 5 | clip 1259 | slime_idle_02.bdae | speed 1.0000 | actor _prim_tmp_cultist06
I/DH2Native( 7031): Base class snapshot | _prim_tmp_cultist07 | character Crypt_Skeleton | class 18 | level raw 256 | Max_HP raw 12160 | Max_MP raw 5632 | checksum 41ae0e800682474e | cached only
I/DH2Native( 7031): Resolved properties | _prim_tmp_cultist07 | character Crypt_Skeleton | HP raw -1 | Max_HP raw 12160 | MP raw -1 | Max_MP raw 5632 | checksum 41ae0e800682474e | supplied sheets only
I/DH2Native( 7031): Combat result probe | _prim_tmp_cultist07 | character Crypt_Skeleton | amount 2030 | dot element -1 | dot duration 0 | dot amount 0 | HP leech 0 | MP leech 0 | outcomes 0 | mask 2271925 | category -1 | element -1 | seed 11805120 | calls 9 | validation only
I/DH2Native( 7031): Health probe | _prim_tmp_cultist07 | character Crypt_Skeleton | damage 256 | add -256 | before -1 | after 0 | kill 1 | armed 1 | cue 0 | lifecycle 3 | dead skip 0 | validation only
I/DH2Native( 7031): Health probe | _prim_tmp_cultist07 | character Crypt_Skeleton | damage 16384 | add -16384 | before -1 | after 0 | kill 1 | armed 1 | cue 0 | lifecycle 3 | dead skip 0 | validation only
I/DH2Native( 7031): Original idle selected | skeleton.bdae | table 62 | sequence 596 | step 0 | clip 1194 | skeleton_idle_01.bdae | speed 1.0000 | actor _prim_tmp_cultist07
I/DH2Native( 7031): Base class snapshot | _prim_tmp_cultist08 | character Crypt_Skeleton | class 18 | level raw 256 | Max_HP raw 12160 | Max_MP raw 5632 | checksum 41ae0e800682474e | cached only
I/DH2Native( 7031): Resolved properties | _prim_tmp_cultist08 | character Crypt_Skeleton | HP raw -1 | Max_HP raw 12160 | MP raw -1 | Max_MP raw 5632 | checksum 41ae0e800682474e | supplied sheets only
I/DH2Native( 7031): Combat result probe | _prim_tmp_cultist08 | character Crypt_Skeleton | amount 2030 | dot element -1 | dot duration 0 | dot amount 0 | HP leech 0 | MP leech 0 | outcomes 0 | mask 2271925 | category -1 | element -1 | seed 11805120 | calls 9 | validation only
I/DH2Native( 7031): Health probe | _prim_tmp_cultist08 | character Crypt_Skeleton | damage 256 | add -256 | before -1 | after 0 | kill 1 | armed 1 | cue 0 | lifecycle 3 | dead skip 0 | validation only
I/DH2Native( 7031): Health probe | _prim_tmp_cultist08 | character Crypt_Skeleton | damage 16384 | add -16384 | before -1 | after 0 | kill 1 | armed 1 | cue 0 | lifecycle 3 | dead skip 0 | validation only
I/DH2Native( 7031): Original idle selected | skeleton.bdae | table 62 | sequence 596 | step 1 | clip 1195 | skeleton_idle_02.bdae | speed 1.0000 | actor _prim_tmp_cultist08
E/SurfaceSyncGroup( 7031): Failed to receive transaction ready in 1000ms. Marking SurfaceSyncGroup(wmsSync-VRI[MainActivity]#1) as ready
E/SurfaceSyncGroup( 7031): Failed to receive transaction ready in 1000ms. Marking SurfaceSyncGroup(VRI[MainActivity]#2) as ready
E/SurfaceSyncGroup( 7031): Failed to receive transaction ready in 1000ms. Marking SurfaceSyncGroup(SurfaceView[com.example.dh2/com.example.dh2.MainActivity]#0) as ready
I/DH2Native( 7031): Object resource crypt_candles2_small.bdae | primitives 3 | tracks 5 | unbound 0 | unsupported 0 | removed helpers 1
I/com.example.dh2( 7031): Compiler allocated 5239KB to compile void android.view.ViewRootImpl.performTraversals(long)
I/DH2Native( 7031): Object resource crypt_candlestand_big.bdae | primitives 4 | tracks 3 | unbound 0 | unsupported 0 | removed helpers 2
I/DH2Native( 7031): Object resource crypt_candlestand.bdae | primitives 4 | tracks 7 | unbound 0 | unsupported 0 | removed helpers 2
I/DH2Native( 7031): Object resource crypt_candle2.bdae | primitives 3 | tracks 3 | unbound 0 | unsupported 0 | removed helpers 1
I/DH2Native( 7031): Object resource crypt_candle1_small.bdae | primitives 3 | tracks 3 | unbound 0 | unsupported 0 | removed helpers 1
I/DH2Native( 7031): Object resource crypt_candles.bdae | primitives 3 | tracks 7 | unbound 0 | unsupported 0 | removed helpers 1
I/DH2Native( 7031): Object resource swamp_caveentrance_effect.bdae | primitives 1 | tracks 0 | unbound 0 | unsupported 3 | removed helpers 0
I/DH2Native( 7031): Object resource crypt_candle_big.bdae | primitives 3 | tracks 3 | unbound 0 | unsupported 0 | removed helpers 1
I/DH2Native( 7031): Base class snapshot | _prim_Monster | character CryptSlime | class 18 | level raw 256 | Max_HP raw 12160 | Max_MP raw 5632 | checksum e0cad1d302226d0f | cached only
I/DH2Native( 7031): Resolved properties | _prim_Monster | character CryptSlime | HP raw -1 | Max_HP raw 12160 | MP raw -1 | Max_MP raw 5632 | checksum e0cad1d302226d0f | supplied sheets only
I/DH2Native( 7031): Combat result probe | _prim_Monster | character CryptSlime | amount 2036 | dot element -1 | dot duration 0 | dot amount 0 | HP leech 0 | MP leech 0 | outcomes 0 | mask 2271925 | category -1 | element -1 | seed 3406292 | calls 9 | validation only
I/DH2Native( 7031): Health probe | _prim_Monster | character CryptSlime | damage 256 | add -256 | before -1 | after 0 | kill 1 | armed 1 | cue 0 | lifecycle 3 | dead skip 0 | validation only
I/DH2Native( 7031): Health probe | _prim_Monster | character CryptSlime | damage 16384 | add -16384 | before -1 | after 0 | kill 1 | armed 1 | cue 0 | lifecycle 3 | dead skip 0 | validation only
I/DH2Native( 7031): Original idle selected | slime_green_v2.bdae | table 64 | sequence 613 | step 1 | clip 1258 | slime_idle.bdae | speed 1.0000 | actor _prim_Monster
I/DH2Native( 7031): Base class snapshot | _prim_Monster02 | character CryptSlime_RE | class 18 | level raw 256 | Max_HP raw 12160 | Max_MP raw 5632 | checksum eb471073d49b2c44 | cached only
I/DH2Native( 7031): Resolved properties | _prim_Monster02 | character CryptSlime_RE | HP raw -1 | Max_HP raw 12160 | MP raw -1 | Max_MP raw 5632 | checksum eb471073d49b2c44 | supplied sheets only
I/DH2Native( 7031): Combat result probe | _prim_Monster02 | character CryptSlime_RE | amount 2135 | dot element -1 | dot duration 0 | dot amount 0 | HP leech 0 | MP leech 0 | outcomes 0 | mask 2271925 | category -1 | element -1 | seed 7440849 | calls 9 | validation only
I/DH2Native( 7031): Health probe | _prim_Monster02 | character CryptSlime_RE | damage 256 | add -256 | before -1 | after 0 | kill 1 | armed 1 | cue 0 | lifecycle 3 | dead skip 0 | validation only
I/DH2Native( 7031): Health probe | _prim_Monster02 | character CryptSlime_RE | damage 16384 | add -16384 | before -1 | after 0 | kill 1 | armed 1 | cue 0 | lifecycle 3 | dead skip 0 | validation only
I/DH2Native( 7031): Original idle selected | slime_green_v2.bdae | table 64 | sequence 613 | step 0 | clip 1258 | slime_idle.bdae | speed 1.0000 | actor _prim_Monster02
I/DH2Native( 7031): Base class snapshot | _prim_Monster05 | character CryptSlime | class 18 | level raw 256 | Max_HP raw 12160 | Max_MP raw 5632 | checksum e0cad1d302226d0f | cached only
I/DH2Native( 7031): Resolved properties | _prim_Monster05 | character CryptSlime | HP raw -1 | Max_HP raw 12160 | MP raw -1 | Max_MP raw 5632 | checksum e0cad1d302226d0f | supplied sheets only
I/DH2Native( 7031): Combat result probe | _prim_Monster05 | character CryptSlime | amount 2036 | dot element -1 | dot duration 0 | dot amount 0 | HP leech 0 | MP leech 0 | outcomes 0 | mask 2271925 | category -1 | element -1 | seed 3406292 | calls 9 | validation only
I/DH2Native( 7031): Health probe | _prim_Monster05 | character CryptSlime | damage 256 | add -256 | before -1 | after 0 | kill 1 | armed 1 | cue 0 | lifecycle 3 | dead skip 0 | validation only
I/DH2Native( 7031): Health probe | _prim_Monster05 | character CryptSlime | damage 16384 | add -16384 | before -1 | after 0 | kill 1 | armed 1 | cue 0 | lifecycle 3 | dead skip 0 | validation only
I/DH2Native( 7031): Original idle selected | slime_green_v2.bdae | table 64 | sequence 613 | step 4 | clip 1258 | slime_idle.bdae | speed 1.0000 | actor _prim_Monster05
I/DH2Native( 7031): Object resource crypt_candle1.bdae | primitives 3 | tracks 3 | unbound 0 | unsupported 0 | removed helpers 1
I/DH2Native( 7031): Base class snapshot | _prim_Monster_Ghost05 | character Crypt_Ghost | class 18 | level raw 256 | Max_HP raw 12160 | Max_MP raw 5632 | checksum 37563d932af809fb | cached only
I/DH2Native( 7031): Resolved properties | _prim_Monster_Ghost05 | character Crypt_Ghost | HP raw -1 | Max_HP raw 12160 | MP raw -1 | Max_MP raw 5632 | checksum 37563d932af809fb | supplied sheets only
I/DH2Native( 7031): Combat result probe | _prim_Monster_Ghost05 | character Crypt_Ghost | amount 2263 | dot element -1 | dot duration 0 | dot amount 0 | HP leech 0 | MP leech 0 | outcomes 0 | mask 2271925 | category -1 | element -1 | seed 3474079 | calls 9 | validation only
I/DH2Native( 7031): Health probe | _prim_Monster_Ghost05 | character Crypt_Ghost | damage 256 | add -256 | before -1 | after 0 | kill 1 | armed 1 | cue 0 | lifecycle 3 | dead skip 0 | validation only
I/DH2Native( 7031): Health probe | _prim_Monster_Ghost05 | character Crypt_Ghost | damage 16384 | add -16384 | before -1 | after 0 | kill 1 | armed 1 | cue 0 | lifecycle 3 | dead skip 0 | validation only
I/DH2Native( 7031): Original idle selected | ghost.bdae | table 24 | sequence 210 | step 0 | clip 706 | ghost_idle_01.bdae | speed 1.3000 | actor _prim_Monster_Ghost05
I/DH2Native( 7031): Actor event track ready | ghost.bdae | clip 697 | groups 1 | attack_mainhand ms 999
I/DH2Native( 7031): Actor event track ready | ghost.bdae | clip 700 | groups 0 | attack_mainhand ms -1
I/DH2Native( 7031): Actor event track ready | ghost.bdae | clip 706 | groups 0 | attack_mainhand ms -1
I/DH2Native( 7031): Actor event track ready | ghost.bdae | clip 707 | groups 0 | attack_mainhand ms -1
I/DH2Native( 7031): Actor event track ready | ghost.bdae | clip 710 | groups 0 | attack_mainhand ms -1
I/DH2Native( 7031): Actor event track ready | ghost.bdae | clip 717 | groups 0 | attack_mainhand ms -1
I/DH2Native( 7031): Actor clip bank ready | ghost.bdae | clips 6 | independent instance clocks
I/DH2Native( 7031): Object resource ghost.bdae | primitives 2 | tracks 24 | unbound 0 | unsupported 0 | removed helpers 2
I/DH2Native( 7031): Base class snapshot | _prim_Monster_Ghost06 | character Crypt_Ghost | class 18 | level raw 256 | Max_HP raw 12160 | Max_MP raw 5632 | checksum 37563d932af809fb | cached only
I/DH2Native( 7031): Resolved properties | _prim_Monster_Ghost06 | character Crypt_Ghost | HP raw -1 | Max_HP raw 12160 | MP raw -1 | Max_MP raw 5632 | checksum 37563d932af809fb | supplied sheets only
I/DH2Native( 7031): Combat result probe | _prim_Monster_Ghost06 | character Crypt_Ghost | amount 2263 | dot element -1 | dot duration 0 | dot amount 0 | HP leech 0 | MP leech 0 | outcomes 0 | mask 2271925 | category -1 | element -1 | seed 3474079 | calls 9 | validation only
I/DH2Native( 7031): Health probe | _prim_Monster_Ghost06 | character Crypt_Ghost | damage 256 | add -256 | before -1 | after 0 | kill 1 | armed 1 | cue 0 | lifecycle 3 | dead skip 0 | validation only
I/DH2Native( 7031): Health probe | _prim_Monster_Ghost06 | character Crypt_Ghost | damage 16384 | add -16384 | before -1 | after 0 | kill 1 | armed 1 | cue 0 | lifecycle 3 | dead skip 0 | validation only
I/DH2Native( 7031): Original idle selected | ghost.bdae | table 24 | sequence 210 | step 0 | clip 706 | ghost_idle_01.bdae | speed 1.3000 | actor _prim_Monster_Ghost06
I/DH2Native( 7031): 3D upload OK | 4 draws | 586 triangles | 2 textures
I/DH2Native( 7031): 29 animation tracks | 0 skipped | Preview lighting. Drag to orbit. | nodes 35 | skipped nongeometry instances 1 | skin draws 4 | segments 2
I/DH2Native( 7031): Persistent game design ready | host cached level 1 | level row 23 | difficulty 0 | authored levels 51 | development Crypt selection
I/DH2Native( 7031): Design settings ready | rows 1 | Default index 0 | fields 43 | EnemySpottedAggro bits 41200000 | records consumed 176 | names consumed 15 | retained 0 | backing 000079cdb9c0f240 | owned cache data
I/DH2Native( 7031): Debug switches file | opened 0 | errno 2 | app-private directory
I/DH2Native( 7031): Spawn vitals | _prim_tmp_cultist01 | character Crypt_Skeleton | HP raw 25600 | Max_HP raw 25600 | MP raw 23552 | Max_MP raw 23552 | first HP add raw 1 | first MP add raw 1 | second HP add raw 0 | second MP add raw 0 | checksum f2fe28291ff60a19 | passes 2
I/DH2Native( 7031): Monster native backing | _prim_tmp_cultist01 | character Crypt_Skeleton | resources 23 | occurrences 44 | template 1203 | CPU instance 000079cd99d2b8d0 | retained 0 | preset 3 | authored state 0 | CPU playback prepared | live FSM pending
I/DH2Native( 7031): Scene script object | _prim_tmp_cultist01 | identity 0000000100000002 | CharAI 000079cd49c397c8 | retained 0 | target 0000000000000000 | source GetID and HasTarget verified
I/DH2Native( 7031): Monster script session | _prim_tmp_cultist01 | character Crypt_Skeleton | identity 0000000100000002 | session 000079cd49c3b028 | retained 0 | files 2 | step 7 | flags 183c | level raw 2048 | HP 25600 25600 | MP 23552 23552 | saved -1234.43005 497.979004 | flee 1 | buff 48 | timers 51 3000 52 1000 | registrations 170 | unavailable 136
I/DH2Native( 7031): Spawn vitals | _prim_tmp_cultist03 | character Crypt_Skeleton | HP raw 25600 | Max_HP raw 25600 | MP raw 23552 | Max_MP raw 23552 | first HP add raw 1 | first MP add raw 1 | second HP add raw 0 | second MP add raw 0 | checksum f2fe28291ff60a19 | passes 2
I/DH2Native( 7031): Monster native backing | _prim_tmp_cultist03 | character Crypt_Skeleton | resources 23 | occurrences 44 | template 1203 | CPU instance 000079cd99d28510 | retained 0 | preset 3 | authored state 0 | CPU playback prepared | live FSM pending
I/DH2Native( 7031): Scene script object | _prim_tmp_cultist03 | identity 0000000100000003 | CharAI 000079cd49c38b68 | retained 0 | target 0000000000000000 | source GetID and HasTarget verified
I/DH2Native( 7031): Monster script session | _prim_tmp_cultist03 | character Crypt_Skeleton | identity 0000000100000003 | session 000079cd49c3d9c8 | retained 0 | files 2 | step 7 | flags 183c | level raw 2048 | HP 25600 25600 | MP 23552 23552 | saved 821.286987 -1452.16003 | flee 1 | buff 48 | timers 51 3000 52 1000 | registrations 170 | unavailable 136
I/DH2Native( 7031): Spawn vitals | _prim_tmp_cultist07 | character Crypt_Skeleton | HP raw 25600 | Max_HP raw 25600 | MP raw 23552 | Max_MP raw 23552 | first HP add raw 1 | first MP add raw 1 | second HP add raw 0 | second MP add raw 0 | checksum f2fe28291ff60a19 | passes 2
I/DH2Native( 7031): Monster native backing | _prim_tmp_cultist07 | character Crypt_Skeleton | resources 23 | occurrences 44 | template 1203 | CPU instance 000079cd99d28960 | retained 0 | preset 3 | authored state 0 | CPU playback prepared | live FSM pending
I/DH2Native( 7031): Scene script object | _prim_tmp_cultist07 | identity 0000000100000006 | CharAI 000079cd49c3bbc8 | retained 0 | target 0000000000000000 | source GetID and HasTarget verified
I/DH2Native( 7031): Monster script session | _prim_tmp_cultist07 | character Crypt_Skeleton | identity 0000000100000006 | session 000079cd49c3dc08 | retained 0 | files 2 | step 7 | flags 183c | level raw 2048 | HP 25600 25600 | MP 23552 23552 | saved -1234.43005 -369.638 | flee 1 | buff 48 | timers 51 3000 52 1000 | registrations 170 | unavailable 136
I/DH2Native( 7031): Spawn vitals | _prim_tmp_cultist08 | character Crypt_Skeleton | HP raw 25600 | Max_HP raw 25600 | MP raw 23552 | Max_MP raw 23552 | first HP add raw 1 | first MP add raw 1 | second HP add raw 0 | second MP add raw 0 | checksum f2fe28291ff60a19 | passes 2
I/DH2Native( 7031): Monster native backing | _prim_tmp_cultist08 | character Crypt_Skeleton | resources 23 | occurrences 44 | template 1203 | CPU instance 000079cd99d2ce60 | retained 0 | preset 3 | authored state 0 | CPU playback prepared | live FSM pending
I/DH2Native( 7031): Scene script object | _prim_tmp_cultist08 | identity 0000000100000007 | CharAI 000079cd49c3d5a8 | retained 0 | target 0000000000000000 | source GetID and HasTarget verified
I/DH2Native( 7031): Monster script session | _prim_tmp_cultist08 | character Crypt_Skeleton | identity 0000000100000007 | session 000079cd49c3fb88 | retained 0 | files 2 | step 7 | flags 183c | level raw 2048 | HP 25600 25600 | MP 23552 23552 | saved 821.286987 -651.690979 | flee 1 | buff 48 | timers 51 3000 52 1000 | registrations 170 | unavailable 136
I/DH2Native( 7031): Spawn vitals | _prim_tmp_cultist05 | character CryptSlime | HP raw 25600 | Max_HP raw 25600 | MP raw 23552 | Max_MP raw 23552 | first HP add raw 1 | first MP add raw 1 | second HP add raw 0 | second MP add raw 0 | checksum 2f1545cf06b9a334 | passes 2
I/DH2Native( 7031): Monster native backing | _prim_tmp_cultist05 | character CryptSlime | resources 23 | occurrences 37 | template 1267 | CPU instance 000079cd99d34720 | retained 0 | preset 3 | authored state 0 | CPU playback prepared | live FSM pending
I/DH2Native( 7031): Scene script object | _prim_tmp_cultist05 | identity 0000000100000004 | CharAI 000079cd49c3b1a8 | retained 0 | target 0000000000000000 | source GetID and HasTarget verified
I/DH2Native( 7031): Monster script session | _prim_tmp_cultist05 | character CryptSlime | identity 0000000100000004 | session 000079cd49c44b68 | retained 0 | files 2 | step 7 | flags 183c | level raw 2048 | HP 25600 25600 | MP 23552 23552 | saved 168.604996 1606.04004 | flee 1 | buff 48 | timers 51 3000 52 1000 | registrations 170 | unavailable 136
I/DH2Native( 7031): Spawn vitals | _prim_tmp_cultist06 | character CryptSlime | HP raw 25600 | Max_HP raw 25600 | MP raw 23552 | Max_MP raw 23552 | first HP add raw 1 | first MP add raw 1 | second HP add raw 0 | second MP add raw 0 | checksum 2f1545cf06b9a334 | passes 2
I/DH2Native( 7031): Monster native backing | _prim_tmp_cultist06 | character CryptSlime | resources 23 | occurrences 37 | template 1267 | CPU instance 000079cd99d342d0 | retained 0 | preset 3 | authored state 0 | CPU playback prepared | live FSM pending
I/DH2Native( 7031): Scene script object | _prim_tmp_cultist06 | identity 0000000100000005 | CharAI 000079cd49c3cca8 | retained 0 | target 0000000000000000 | source GetID and HasTarget verified
I/DH2Native( 7031): Monster script session | _prim_tmp_cultist06 | character CryptSlime | identity 0000000100000005 | session 000079cd49c43cc8 | retained 0 | files 2 | step 7 | flags 183c | level raw 2048 | HP 25600 25600 | MP 23552 23552 | saved -200.063004 1659.26001 | flee 1 | buff 48 | timers 51 3000 52 1000 | registrations 170 | unavailable 136
I/DH2Native( 7031): Spawn vitals | _prim_Monster | character CryptSlime | HP raw 25600 | Max_HP raw 25600 | MP raw 23552 | Max_MP raw 23552 | first HP add raw 1 | first MP add raw 1 | second HP add raw 0 | second MP add raw 0 | checksum 2f1545cf06b9a334 | passes 2
I/DH2Native( 7031): Monster native backing | _prim_Monster | character CryptSlime | resources 23 | occurrences 37 | template 1267 | CPU instance 000079cd99d34fc0 | retained 0 | preset 3 | authored state 1 | CPU playback prepared | live FSM pending
I/DH2Native( 7031): Scene script object | _prim_Monster | identity 0000000100000027 | CharAI 000079cd49c3d6c8 | retained 0 | target 0000000000000000 | source GetID and HasTarget verified
I/DH2Native( 7031): Monster script session | _prim_Monster | character CryptSlime | identity 0000000100000027 | session 000079cd49c41b08 | retained 0 | files 2 | step 7 | flags 183c | level raw 2048 | HP 25600 25600 | MP 23552 23552 | saved -6020 10130 | flee 1 | buff 48 | timers 51 3000 52 1000 | registrations 170 | unavailable 136
I/DH2Native( 7031): Spawn vitals | _prim_Monster02 | character CryptSlime_RE | HP raw 25600 | Max_HP raw 25600 | MP raw 23552 | Max_MP raw 23552 | first HP add raw 1 | first MP add raw 1 | second HP add raw 0 | second MP add raw 0 | checksum 0992678aa7c656e7 | passes 2
I/DH2Native( 7031): Monster native backing | _prim_Monster02 | character CryptSlime_RE | resources 23 | occurrences 37 | template 1267 | CPU instance 000079cd99d31360 | retained 0 | preset 3 | authored state 1 | CPU playback prepared | live FSM pending
I/DH2Native( 7031): Scene script object | _prim_Monster02 | identity 0000000100000028 | CharAI 000079cd49c3d128 | retained 0 | target 0000000000000000 | source GetID and HasTarget verified
I/DH2Native( 7031): Monster script session | _prim_Monster02 | character CryptSlime_RE | identity 0000000100000028 | session 000079cd49c45a08 | retained 0 | files 2 | step 7 | flags 183c | level raw 2048 | HP 25600 25600 | MP 23552 23552 | saved -5800 8430 | flee 1 | buff 48 | timers 51 3000 52 1000 | registrations 170 | unavailable 136
I/DH2Native( 7031): Spawn vitals | _prim_Monster05 | character CryptSlime | HP raw 25600 | Max_HP raw 25600 | MP raw 23552 | Max_MP raw 23552 | first HP add raw 1 | first MP add raw 1 | second HP add raw 0 | second MP add raw 0 | checksum 2f1545cf06b9a334 | passes 2
I/DH2Native( 7031): Monster native backing | _prim_Monster05 | character CryptSlime | resources 23 | occurrences 37 | template 1267 | CPU instance 000079cd99d32d40 | retained 0 | preset 3 | authored state 1 | CPU playback prepared | live FSM pending
I/DH2Native( 7031): Scene script object | _prim_Monster05 | identity 0000000100000029 | CharAI 000079cd49c3c048 | retained 0 | target 0000000000000000 | source GetID and HasTarget verified
I/DH2Native( 7031): Monster script session | _prim_Monster05 | character CryptSlime | identity 0000000100000029 | session 000079cd49c47508 | retained 0 | files 2 | step 7 | flags 183c | level raw 2048 | HP 25600 25600 | MP 23552 23552 | saved -5630 10130 | flee 1 | buff 48 | timers 51 3000 52 1000 | registrations 170 | unavailable 136
I/DH2Native( 7031): Spawn vitals | _prim_Monster_Ghost05 | character Crypt_Ghost | HP raw 25600 | Max_HP raw 25600 | MP raw 23552 | Max_MP raw 23552 | first HP add raw 1 | first MP add raw 1 | second HP add raw 0 | second MP add raw 0 | checksum 47a75571fd5fb8b8 | passes 2
I/DH2Native( 7031): Monster native backing | _prim_Monster_Ghost05 | character Crypt_Ghost | resources 18 | occurrences 28 | template 716 | CPU instance 000079cd99d33e80 | retained 0 | preset 3 | authored state 1 | CPU playback prepared | live FSM pending
I/DH2Native( 7031): Scene script object | _prim_Monster_Ghost05 | identity 000000010000004e | CharAI 000079cd49c3bce8 | retained 0 | target 0000000000000000 | source GetID and HasTarget verified
I/DH2Native( 7031): Monster script session | _prim_Monster_Ghost05 | character Crypt_Ghost | identity 000000010000004e | session 000079cd49c49248 | retained 0 | files 2 | step 7 | flags 183c | level raw 2048 | HP 25600 25600 | MP 23552 23552 | saved 161.587997 20228.0508 | flee 1 | buff 48 | timers 51 3000 52 1000 | registrations 170 | unavailable 136
I/DH2Native( 7031): Spawn vitals | _prim_Monster_Ghost06 | character Crypt_Ghost | HP raw 25600 | Max_HP raw 25600 | MP raw 23552 | Max_MP raw 23552 | first HP add raw 1 | first MP add raw 1 | second HP add raw 0 | second MP add raw 0 | checksum 47a75571fd5fb8b8 | passes 2
I/DH2Native( 7031): Monster native backing | _prim_Monster_Ghost06 | character Crypt_Ghost | resources 18 | occurrences 28 | template 716 | CPU instance 000079cd99d30f10 | retained 0 | preset 3 | authored state 1 | CPU playback prepared | live FSM pending
I/DH2Native( 7031): Scene script object | _prim_Monster_Ghost06 | identity 000000010000004f | CharAI 000079cd49c3a8a8 | retained 0 | target 0000000000000000 | source GetID and HasTarget verified
I/DH2Native( 7031): Monster script session | _prim_Monster_Ghost06 | character Crypt_Ghost | identity 000000010000004f | session 000079cd49c497e8 | retained 0 | files 2 | step 7 | flags 183c | level raw 2048 | HP 25600 25600 | MP 23552 23552 | saved -316.752014 20312.0195 | flee 1 | buff 48 | timers 51 3000 52 1000 | registrations 170 | unavailable 136
I/DH2Native( 7031): Monster scripts ready | initialized 11 | retained 0 | live original Init | full AI frame pending
I/DH2Native( 7031): Player properties | KnightPlayerBase | HP 42265 | MP 6976 | checksum 80406e3d6a338f9d | attempts 0 | attacking 0
I/DH2Native( 7031): Original cache mounted | files 6833 | archive bytes 433189197 | external storage 0
I/DH2Native( 7031): Equipped GPU graph rebuilt | parts 5 | draws 5 | textures 3 | live source snapshot
I/DH2Native( 7031): Native player equipment connected | identity 0000000100000001 | items 5 | potions 5 | selected 0 | retained 0 | property backing 000079ccb9cb9ab8 | RNG calls 5
I/DH2Native( 7031): Native inventory item | index 0 | ID 1079 | quantity 1 | name Ceremonial Garb | slots 0 -1
I/DH2Native( 7031): Native inventory item | index 1 | ID 1073 | quantity 1 | name Ceremonial Boots | slots 3 -1
I/DH2Native( 7031): Native inventory item | index 2 | ID 1076 | quantity 1 | name Ceremonial Gloves | slots 4 -1
I/DH2Native( 7031): Native inventory item | index 3 | ID 664 | quantity 1 | name Useless Blade | slots 1 -1
I/DH2Native( 7031): Native inventory item | index 4 | ID 925 | quantity 5 | name Potion | slots -1 -1
I/DH2Native( 7031): Prince blended bank ready | resources 116 | occurrences 158 | targets 83 | template 1111 | engine 0 | game clip 1111
I/DH2Native( 7031): Blended character event | event 0x24 | clip 1111 | slot 0 | phase 5 | lag 0
I/DH2Native( 7031): Blended character event | event 0x26 | clip 1111 | slot 0 | phase 5 | lag 0
I/DH2Native( 7031): Character animation selected | state 3 | flags 2380 | sequence 262 | clip 1040 | actor state service
I/DH2Native( 7031): Character state event | state 3 | event 1d | prior -1 | flags 2380
I/DH2Native( 7031): Player source state | previous -1 | current 3 | event 0x0 | flags 2380 | root 262 | clip 1040 | position -2227.7700 1220.9301 842.3644 | Step 0
I/DH2Native( 7031): Native actor ready | genuine bodies 83 | decor colliders 82 | radius 113.699707 | source bounds -2341.47 1190.17 -2114.07 1251.69 | flags 2380 | scene then Step then actor
I/DH2Native( 7031): Original trophy manager retained | catalog 69 | same player SkillAI owner | unlock notification/save services required
I/DH2Native( 7031): Source NPC animation selected | _prim_tmp_cultist01 | sequence 596 | clip 1194 | same retained FSM/CPU actor
I/DH2Native( 7031): Original NPC level state | _prim_tmp_cultist01 | current 3 | flags 2380 | clip 1194 | same World/ScriptSession/FSM/HP
I/DH2Native( 7031): Source NPC animation selected | _prim_tmp_cultist03 | sequence 596 | clip 1194 | same retained FSM/CPU actor
I/DH2Native( 7031): Original NPC level state | _prim_tmp_cultist03 | current 3 | flags 2380 | clip 1194 | same World/ScriptSession/FSM/HP
I/DH2Native( 7031): Source NPC animation selected | _prim_tmp_cultist07 | sequence 596 | clip 1195 | same retained FSM/CPU actor
I/DH2Native( 7031): Original NPC level state | _prim_tmp_cultist07 | current 3 | flags 2380 | clip 1195 | same World/ScriptSession/FSM/HP
I/DH2Native( 7031): Source NPC animation selected | _prim_tmp_cultist08 | sequence 596 | clip 1194 | same retained FSM/CPU actor
I/DH2Native( 7031): Original NPC level state | _prim_tmp_cultist08 | current 3 | flags 2380 | clip 1194 | same World/ScriptSession/FSM/HP
I/DH2Native( 7031): Source NPC animation selected | _prim_tmp_cultist05 | sequence 613 | clip 1259 | same retained FSM/CPU actor
I/DH2Native( 7031): Original NPC level state | _prim_tmp_cultist05 | current 3 | flags 2380 | clip 1259 | same World/ScriptSession/FSM/HP
I/DH2Native( 7031): Source NPC animation selected | _prim_tmp_cultist06 | sequence 613 | clip 1258 | same retained FSM/CPU actor
I/DH2Native( 7031): Original NPC level state | _prim_tmp_cultist06 | current 3 | flags 2380 | clip 1258 | same World/ScriptSession/FSM/HP
I/DH2Native( 7031): Source NPC animation selected | _prim_Monster | sequence 613 | clip 1258 | same retained FSM/CPU actor
I/DH2Native( 7031): Original NPC level state | _prim_Monster | current 3 | flags 2380 | clip 1258 | same World/ScriptSession/FSM/HP
I/DH2Native( 7031): Source NPC animation selected | _prim_Monster02 | sequence 613 | clip 1258 | same retained FSM/CPU actor
I/DH2Native( 7031): Original NPC level state | _prim_Monster02 | current 3 | flags 2380 | clip 1258 | same World/ScriptSession/FSM/HP
I/DH2Native( 7031): Source NPC animation selected | _prim_Monster05 | sequence 613 | clip 1258 | same retained FSM/CPU actor
I/DH2Native( 7031): Original NPC level state | _prim_Monster05 | current 3 | flags 2380 | clip 1258 | same World/ScriptSession/FSM/HP
I/DH2Native( 7031): Source NPC animation selected | _prim_Monster_Ghost05 | sequence 210 | clip 706 | same retained FSM/CPU actor
I/DH2Native( 7031): Original NPC level state | _prim_Monster_Ghost05 | current 3 | flags 2380 | clip 706 | same World/ScriptSession/FSM/HP
I/DH2Native( 7031): Source NPC animation selected | _prim_Monster_Ghost06 | sequence 210 | clip 706 | same retained FSM/CPU actor
I/DH2Native( 7031): Original NPC level state | _prim_Monster_Ghost06 | current 3 | flags 2380 | clip 706 | same World/ScriptSession/FSM/HP
I/DH2Native( 7031): Original Level LoadCharStates complete | NPCs 11 | authored preset | no synthetic interaction flags
I/DH2Native( 7031): Retained player SkillV6 ready | character 0000000100000001 | skills 16 | spells 5 | saved rows 16 | buffs 1 | same Gear props/life/Save | source level0/empty slots
I/DH2Native( 7031): Original initial skill slots | ready 1 | row0 level 1 | slot0 0 | unspent 0 | 
I/DH2Native( 7031): Player script object | identity 0000000100000001 | CharAI 000079cd49c36ac8 | retained 0 | properties 000079ccb9cb9ab8 | life 000079cc49cf3a68 | HP 42265 | dead 0 | checksum 29d563865a0ca55b | position -2227.77002 1220.93005 842.36438 | shared gameplay backing verified
I/DH2Native( 7031): Scene position methods | _prim_tmp_cultist01 | identity 0000000100000002 | position -1234.43005 497.979004 596.723022 | player identity 0000000100000001 | player position -2227.77002 1220.93005 842.36438 | retained 0 | original object GetPosition verified
I/DH2Native( 7031): Scene position methods | _prim_tmp_cultist03 | identity 0000000100000003 | position 821.286987 -1452.16003 -356.072998 | player identity 0000000100000001 | player position -2227.77002 1220.93005 842.36438 | retained 0 | original object GetPosition verified
I/DH2Native( 7031): Scene position methods | _prim_tmp_cultist07 | identity 0000000100000006 | position -1234.43005 -369.638 198.436996 | player identity 0000000100000001 | player position -2227.77002 1220.93005 842.36438 | retained 0 | original object GetPosition verified
I/DH2Native( 7031): Scene position methods | _prim_tmp_cultist08 | identity 0000000100000007 | position 821.286987 -651.690979 -356.072998 | player identity 0000000100000001 | player position -2227.77002 1220.93005 842.36438 | retained 0 | original object GetPosition verified
I/DH2Native( 7031): Scene position methods | _prim_tmp_cultist05 | identity 0000000100000004 | position 168.604996 1606.04004 36.4949989 | player identity 0000000100000001 | player position -2227.77002 1220.93005 842.36438 | retained 0 | original object GetPosition verified
I/DH2Native( 7031): Scene position methods | _prim_tmp_cultist06 | identity 0000000100000005 | position -200.063004 1659.26001 36.4949989 | player identity 0000000100000001 | player position -2227.77002 1220.93005 842.36438 | retained 0 | original object GetPosition verified
I/DH2Native( 7031): Scene position methods | _prim_Monster | identity 0000000100000027 | position -6020 10130 800 | player identity 0000000100000001 | player position -2227.77002 1220.93005 842.36438 | retained 0 | original object GetPosition verified
I/DH2Native( 7031): Scene position methods | _prim_Monster02 | identity 0000000100000028 | position -5800 8430 450 | player identity 0000000100000001 | player position -2227.77002 1220.93005 842.36438 | retained 0 | original object GetPosition verified
I/DH2Native( 7031): Scene position methods | _prim_Monster05 | identity 0000000100000029 | position -5630 10130 800 | player identity 0000000100000001 | player position -2227.77002 1220.93005 842.36438 | retained 0 | original object GetPosition verified
I/DH2Native( 7031): Scene position methods | _prim_Monster_Ghost05 | identity 000000010000004e | position 161.587997 20228.0508 607.5 | player identity 0000000100000001 | player position -2227.77002 1220.93005 842.36438 | retained 0 | original object GetPosition verified
I/DH2Native( 7031): Scene position methods | _prim_Monster_Ghost06 | identity 000000010000004f | position -316.752014 20312.0195 607.5 | player identity 0000000100000001 | player position -2227.77002 1220.93005 842.36438 | retained 0 | original object GetPosition verified
I/DH2Native( 7031): Objects ready | monsters 11 | decors 84 | resources 12 | instance draws 291 | triangles 6103 | character records 448 | model entries 116 | original monster Init
I/DH2Native( 7031): Native floors ready | records 8 | graph nodes 335 | graph edges 838 | selector collision controls height
I/DH2Native( 7031): Native floor links ready | neighbour relations 14 | validation references 998 | graph-node search ready
I/DH2Native( 7031): Native graph route probe | floor pairs 64 | successful 64 | segments 1598 | state 5454073390c7d916 | endpoints and movement pending
I/DH2Native( 7031): Native world route probe | floor pairs 64 | successful 64 | direct 0 | graph 64 | segments 2086 | state 3a3ab2a724cc383b | smoothing and movement pending
I/DH2Native( 7031): Native FindPath probe | floor pairs 64 | successful 64 | owned 64 | segments 2086 | state 9356b419cae2bc57 | position controller pending
I/DH2Native( 7031): Native floor motion probe | floor pairs 64 | position valid 64 | accepted 64 | direction valid 64 | state d60ad48039cc85c6 | controller and dynamic obstacles pending
I/DH2Native( 7031): Native obstacle registry probe | floor pairs 64 | accepted 64 | registered 64 | relocated 56 | state 22a98dfc4102db51 | forces and controller pending
I/DH2Native( 7031): Native avoidance probe | floors 8 | force contributions 16 | adjusted 8 | turn limited 8 | state 09d1d79d2612c945 | actor producers and controller pending
I/DH2Native( 7031): Native actor producer probe | floors 8 | registered 8 | physical radius updates 8 | state 30c1f3ac1bf81145 | physical construction and controller pending
I/DH2Native( 7031): Native heading control | player movement and melee facing use recovered source | UpdatePath rotation subobjects and genuine physics active
I/DH2Native( 7031): World ready | rooms 8 | visual draws 101 | navigation triangles 314 | idle tracks 23 | walk tracks 27 | position -2227.7700 1220.9301 842.3644
I/DH2Native( 7031): Prince blended inspection | frozen 0 | scene 0 | Step 0 | actor 0 | clip 1040 | ms 0 | body -22.2777 12.2093 | pose 5f96fe6e2b6d998d
I/DH2Native( 7031): worlds/crypt01.dwld: Crypt | 8 rooms | 11 monsters | 84 scenery objects
I/DH2Native( 7031): 20940 triangles. Drag the movement control to walk.
I/DH2Native( 7031): Original player status HUD connected to world
I/DH2Native( 7031): Surface resized to 2400 x 1080
I/DH2Native( 7031): Character external service pending | service 19 | state 3
I/DH2Native( 7031): Native actor frame | scene 1 | Step 1 | actor 1 | source phase 5 | clip 1040 | ms 0 | replays 0 | body -22.2777 12.2093 | contacts 0 0 | state 3 | body present 1 | timeline scale 1
I/DH2Native( 7031): Model frame submitted at 2400 x 1080
I/DH2Native( 7031): Original cache mounted | files 6833 | archive bytes 433189197 | external storage 0
I/DH2Native( 7031): Original cache verified | uri data/scripts/skills/prince_mage_staffmaster.luac | bytes 1429 | sha256 b61c7b5a0d7039d0384f0b84aef66a7f460721fd7736882a7b1a9607eca0f84b
I/DH2Native( 7031): Original cache verified | uri data/sounds/sfx_menu_select.wav | bytes 10784 | sha256 8afb7665dec542af18f914295adb0ea7ecfb498ba5973d573d755ae485e6799d
I/DH2Native( 7031): Original cache verified | uri data/3d/completelevels/dh2_testing/dh2_testing_floormap.bdae | bytes 4400 | sha256 a46d743c562e9ee082912971a04b028972f80f9e702338fadf49657ec64a82df
I/DH2Native( 7031): Original cache verified | uri data/pydata/loot_table_pyarray.bin | bytes 284104 | sha256 4dd85c8656d60c38a0c651e999fd18a1ed4d936f7cfdfcec52a1dfb4b568847f
I/DH2Native( 7031): Original cache verified | uri data/menus/loadanims_i9000.swf | bytes 1456 | sha256 1089ccb7f77e4da014d47326a9cbe0bb6150b1439ebb04693154d997d678d2a3
I/DH2Native( 7031): Original cache verified | uri .nomedia | bytes 0 | sha256 e3b0c44298fc1c149afbf4c8996fb92427ae41e4649b934ca495991b7852b855
I/DH2Native( 7031): Original UI export delivered | name menus/iPhone_Table_DH2.tga | uri data/3d/textures/iphone_table_dh2.tga | texture 256 256
I/DH2Native( 7031): Original UI export delivered | name menus/MenusGraphics_droid.tga | uri data/3d/textures/menusgraphics_droid.tga | texture 1024 1024
I/DH2Native( 7031): Original UI font resolved | name Fontin SmallCaps | uri data/Fontin SmallCaps.ttf | bytes 79836
W/DH2Native( 7031): Original SWF core diagnostic: can't find target com.gameloft.components.ui
W/DH2Native( 7031): Original SWF core diagnostic: can't find target com.gameloft.components.ui
W/DH2Native( 7031): Original SWF core diagnostic: error in call_function: 'NativeIsMultiplayerEnabled' is not a function
I/DH2Native( 7031): Original SWF core diagnostic: IS false
W/DH2Native( 7031): Original SWF core diagnostic: error in call_function: 'NativeLoadSettings' is not a function
I/DH2Native( 7031): Original UI export delivered | name map_top.tga | uri data/3d/textures/map_top.tga | texture 512 512
I/DH2Native( 7031): Original UI export delivered | name map_bottom.tga | uri data/3d/textures/map_bottom.tga | texture 1024 1024
I/DH2Native( 7031): Original UI font resolved | name Fontin SmallCaps | uri data/Fontin SmallCaps.ttf | bytes 79836
I/DH2Native( 7031): Original UI font resolved | name Arial | uri data/wqy-zenhei.ttf | bytes 10773492
I/DH2Native( 7031): Original UI font resolved | name Fontin SmallCaps | uri data/Fontin SmallCaps.ttf | bytes 79836
I/DH2Native( 7031): Original UI packed glyph decoded | code 80 | size 12 | mode 1 | width 5 | rows 8 | pitch 1 | grays 256
I/DH2Native( 7031): Original UI packed glyph decoded | code 76 | size 12 | mode 1 | width 5 | rows 8 | pitch 1 | grays 256
I/DH2Native( 7031): Original UI packed glyph decoded | code 65 | size 12 | mode 1 | width 7 | rows 8 | pitch 1 | grays 256
I/DH2Native( 7031): Original UI packed glyph decoded | code 89 | size 12 | mode 1 | width 5 | rows 8 | pitch 1 | grays 256
I/DH2Native( 7031): Original UI packed glyph decoded | code 73 | size 12 | mode 1 | width 3 | rows 8 | pitch 1 | grays 256
I/DH2Native( 7031): Original UI packed glyph decoded | code 83 | size 12 | mode 1 | width 5 | rows 8 | pitch 1 | grays 256
I/DH2Native( 7031): Original UI packed glyph decoded | code 84 | size 12 | mode 1 | width 7 | rows 8 | pitch 1 | grays 256
I/DH2Native( 7031): Original SWF core diagnostic: ControllerFlash
W/DH2Native( 7031): Original SWF core diagnostic: can't find target com.gameloft.components.ui
W/DH2Native( 7031): Original SWF core diagnostic: can't find target com.gameloft.components.ui
W/DH2Native( 7031): Original SWF core diagnostic: can't find target com.gameloft.dungeonhunter.menus.HUD
W/DH2Native( 7031): Original SWF core diagnostic: can't find target com.gameloft.components.ui
W/DH2Native( 7031): Original SWF core diagnostic: can't find target as.hud
W/DH2Native( 7031): Original SWF core diagnostic: can't find target com.gameloft.components.ui
W/DH2Native( 7031): Original SWF core diagnostic: can't find target as.hud
W/DH2Native( 7031): Original SWF core diagnostic: can't find target as.hud
W/DH2Native( 7031): Original SWF core diagnostic: can't find target as.hud
W/DH2Native( 7031): Original SWF core diagnostic: can't find target com.gameloft.dungeonhunter.menus.HUD
W/DH2Native( 7031): Original SWF core diagnostic: can't find target com.gameloft.input
W/DH2Native( 7031): Original SWF core diagnostic: can't find target com.gameloft.components.ui
I/DH2Native( 7031): Original SWF core diagnostic: _root.btn_PauseBlocker._visible is: false
I/DH2Native( 7031): Original SWF core diagnostic: _root.btn_TravelBlocker._visible is: false
I/DH2Native( 7031): Original UI string delivered | symbol GAMEPLAYMENUS_FASTTRAVEL | found 1 | text World Map
I/DH2Native( 7031): Original SWF core diagnostic: NUMBER IS: 4
I/DH2Native( 7031): Connected enemy HUD | world 0x79cd49c50bb0 | target 0x0 | visible 0 | name  | level  | HP frame 0 | retained original SWF
I/DH2Native( 7031): Connected player HUD submitted | viewport 2400 1080 | character 0x79cb2dece7d8 | HP 42265 42265 | MP 6976 6976 | XP 0 25600 | frames 99 99 0 99 99 | dirty 11 | retained movie 0x79cc49de9c10 | original timeline and viewport
I/DH2Native( 7031): Original cache mounted | files 6833 | archive bytes 433189197 | external storage 0
I/DH2Native( 7031): Blended character event | event 0x28 | clip 1040 | slot 1 | phase 1 | lag 499
I/DH2Native( 7031): Blended character event | event 0x27 | clip 1040 | slot 1 | phase 4 | lag 0
I/DH2Native( 7031): Blended character event | event 0x25 | clip 1040 | slot 1 | phase 4 | lag 0
I/DH2Native( 7031): Blended character event | event 0x23 | clip 1040 | slot 1 | phase 4 | lag 0
I/DH2Native( 7031): Blended character event | event 0x24 | clip 1040 | slot 1 | phase 5 | lag 0
I/DH2Native( 7031): Blended character event | event 0x26 | clip 1040 | slot 1 | phase 5 | lag 0
I/DH2Native( 7031): Actor clip completed | _prim_tmp_cultist05 | state Idle | completions 1 | active 1 | next clip 1258 | layers 1
I/DH2Native( 7031): Actor clip completed | _prim_tmp_cultist06 | state Idle | completions 1 | active 1 | next clip 1258 | layers 1
I/DH2Native( 7031): Actor clip completed | _prim_Monster | state Idle | completions 1 | active 1 | next clip 1258 | layers 1
I/DH2Native( 7031): Actor clip completed | _prim_Monster02 | state Idle | completions 1 | active 1 | next clip 1258 | layers 1
I/DH2Native( 7031): Actor clip completed | _prim_Monster05 | state Idle | completions 1 | active 1 | next clip 1258 | layers 1
D/ProfileInstaller( 7031): Installing profile for com.example.dh2
I/DH2Native( 7031): Blended character event | event 0x28 | clip 1040 | slot 0 | phase 1 | lag 23
V/DH2Native( 7031): Native transition profile | phase 7 | state 3 | event c354
V/DH2Native( 7031): Native transition profile | phase 8 | state 3 | event c354
I/DH2Native( 7031): Blended character event | event 0x24 | clip 1040 | slot 0 | phase 5 | lag 0
I/DH2Native( 7031): Blended character event | event 0x26 | clip 1040 | slot 0 | phase 5 | lag 0
I/DH2Native( 7031): Source attack animator | begin 1 | status 1 | phase 0 | index 0 | continued 0 | last 0 | finisher 0 | target 0000000000000000 | same AI/FSM/playback
I/DH2Native( 7031): Blended character event | event 0x24 | clip 1040 | slot 0 | phase 5 | lag 0
I/DH2Native( 7031): Blended character event | event 0x26 | clip 1040 | slot 0 | phase 5 | lag 0
I/DH2Native( 7031): Source attack animator | begin 1 | status 1 | phase 1 | index 0 | continued 0 | last 1 | finisher 0 | target 0000000000000000 | same AI/FSM/playback
I/DH2Native( 7031): Character animation selected | state 5 | flags 2341 | sequence 243 | clip 967 | actor state service
I/DH2Native( 7031): Character external service pending | service 16 | state 5
I/DH2Native( 7031): Character state event | state 5 | event 1d | prior 3 | flags 2341
I/DH2Native( 7031): Player source state | previous 3 | current 5 | event 0xc354 | flags 2341 | root 243 | clip 967 | position -2227.7700 1220.9301 842.3644 | Step 31
I/DH2Native( 7031): Original player attack command | request 0 | target 0 | last 0 | state 5 | root 243 | clip 967 | same World/Gear/Target/FSM
I/DH2Native( 7031): Player input | Attacking
I/DH2Native( 7031): Actor clip completed | _prim_tmp_cultist05 | state Idle | completions 2 | active 1 | next clip 1258 | layers 1
I/DH2Native( 7031): Actor clip completed | _prim_tmp_cultist06 | state Idle | completions 2 | active 1 | next clip 1259 | layers 1
I/DH2Native( 7031): Actor clip completed | _prim_Monster | state Idle | completions 2 | active 1 | next clip 1258 | layers 1
I/DH2Native( 7031): Actor clip completed | _prim_Monster02 | state Idle | completions 2 | active 1 | next clip 1258 | layers 1
I/DH2Native( 7031): Actor clip completed | _prim_Monster05 | state Idle | completions 2 | active 1 | next clip 1258 | layers 1
I/DH2Native( 7031): Blended character event | event 0x27 | clip 967 | slot 1 | phase 4 | lag 0
I/DH2Native( 7031): Source attack animator | begin 0 | status 1 | phase 1 | index 0 | continued 0 | last 1 | finisher 0 | target 0000000000000000 | same AI/FSM/playback
I/DH2Native( 7031): Blended character event | event 0x23 | clip 967 | slot 1 | phase 4 | lag 0
I/DH2Native( 7031): Blended character event | event 0x26 | clip 967 | slot 1 | phase 5 | lag 0
I/DH2Native( 7031): Source attack animator | begin 1 | status 1 | phase 1 | index 0 | continued 0 | last 0 | finisher 0 | target 0000000000000000 | same AI/FSM/playback
I/DH2Native( 7031): Blended character event | event 0x28 | clip 955 | slot 0 | phase 1 | lag 4
I/DH2Native( 7031): Player animation event | clip 955 | name attack_mainhand | sequence 0 | attack step 0 | kind 1 | lag 4 | scene before Step | Step 40 | position -2227.7700 1220.9301 842.3644
I/DH2Native( 7031): Blended character event | event 0x27 | clip 955 | slot 0 | phase 4 | lag 0
I/DH2Native( 7031): Source attack animator | begin 0 | status 1 | phase 1 | index 0 | continued 0 | last 0 | finisher 0 | target 0000000000000000 | same AI/FSM/playback
I/DH2Native( 7031): Blended character event | event 0x25 | clip 955 | slot 0 | phase 4 | lag 0
I/DH2Native( 7031): Blended character event | event 0x27 | clip 955 | slot 0 | phase 4 | lag 0
I/DH2Native( 7031): Source attack animator | begin 0 | status 1 | phase 0 | index 0 | continued 0 | last 0 | finisher 0 | target 0000000000000000 | same AI/FSM/playback
I/DH2Native( 7031): Blended character event | event 0x22 | clip 955 | slot 0 | phase 3 | lag 0
I/DH2Native( 7031): Character sequence closed | state 5 | event 0x22 | clip 955 | Step 49 | post Step animator | position -2227.7700 1220.9301 842.3644
V/DH2Native( 7031): Native transition profile | phase 7 | state 5 | event 22
V/DH2Native( 7031): Native transition profile | phase 8 | state 5 | event 22
I/DH2Native( 7031): Character animation selected | state 3 | flags 2380 | sequence 262 | clip 955 | actor state service
I/DH2Native( 7031): Character state event | state 3 | event 1d | prior 5 | flags 2380
I/DH2Native( 7031): Player source state | previous 5 | current 3 | event 0x22 | flags 2380 | root 262 | clip 955 | position -2227.7700 1220.9301 842.3644 | Step 49
I/DH2Native( 7031): Blended character event | event 0x24 | clip 955 | slot 0 | phase 5 | lag 0
I/DH2Native( 7031): Blended character event | event 0x26 | clip 955 | slot 0 | phase 5 | lag 0
I/DH2Native( 7031): Blended character event | event 0x28 | clip 1040 | slot 1 | phase 1 | lag 9
I/DH2Native( 7031): Actor clip completed | _prim_tmp_cultist05 | state Idle | completions 3 | active 1 | next clip 1258 | layers 1
I/DH2Native( 7031): Actor clip completed | _prim_tmp_cultist06 | state Idle | completions 3 | active 1 | next clip 1258 | layers 1
I/DH2Native( 7031): Actor clip completed | _prim_Monster | state Idle | completions 3 | active 1 | next clip 1259 | layers 1
I/DH2Native( 7031): Actor clip completed | _prim_Monster02 | state Idle | completions 3 | active 1 | next clip 1258 | layers 1
I/DH2Native( 7031): Actor clip completed | _prim_Monster05 | state Idle | completions 3 | active 1 | next clip 1258 | layers 1
I/DH2Native( 7031): Blended character event | event 0x27 | clip 1040 | slot 1 | phase 4 | lag 0
I/DH2Native( 7031): Blended character event | event 0x25 | clip 1040 | slot 1 | phase 4 | lag 0
I/DH2Native( 7031): Blended character event | event 0x23 | clip 1040 | slot 1 | phase 4 | lag 0
I/DH2Native( 7031): Blended character event | event 0x24 | clip 1040 | slot 1 | phase 5 | lag 0
I/DH2Native( 7031): Blended character event | event 0x26 | clip 1040 | slot 1 | phase 5 | lag 0
I/DH2Native( 7031): Actor clip completed | _prim_Monster_Ghost05 | state Idle | completions 1 | active 1 | next clip 706 | layers 1
I/DH2Native( 7031): Actor clip completed | _prim_Monster_Ghost06 | state Idle | completions 1 | active 1 | next clip 706 | layers 1
I/DH2Native( 7031): Blended character event | event 0x28 | clip 1040 | slot 0 | phase 1 | lag 0
I/DH2Native( 7031): Native actor frame | scene 5011 | Step 120 | actor 120 | source phase 5 | clip 1040 | ms 763 | replays 5 | body -22.2777 12.2093 | contacts 0 0 | state 3 | body present 1 | timeline scale 1
I/DH2Native( 7031): Blended character event | event 0x27 | clip 1040 | slot 0 | phase 4 | lag 0
I/DH2Native( 7031): Blended character event | event 0x25 | clip 1040 | slot 0 | phase 4 | lag 0
I/DH2Native( 7031): Blended character event | event 0x23 | clip 1040 | slot 0 | phase 4 | lag 0
I/DH2Native( 7031): Blended character event | event 0x24 | clip 1040 | slot 0 | phase 5 | lag 0
I/DH2Native( 7031): Blended character event | event 0x26 | clip 1040 | slot 0 | phase 5 | lag 0
I/DH2Native( 7031): Actor clip completed | _prim_tmp_cultist05 | state Idle | completions 4 | active 1 | next clip 1258 | layers 1
I/DH2Native( 7031): Actor clip completed | _prim_tmp_cultist06 | state Idle | completions 4 | active 1 | next clip 1258 | layers 1
I/DH2Native( 7031): Actor clip completed | _prim_Monster | state Idle | completions 4 | active 1 | next clip 1258 | layers 1
I/DH2Native( 7031): Actor clip completed | _prim_Monster02 | state Idle | completions 4 | active 1 | next clip 1258 | layers 1
I/DH2Native( 7031): Actor clip completed | _prim_Monster05 | state Idle | completions 4 | active 1 | next clip 1259 | layers 1
I/DH2Native( 7031): Actor clip completed | _prim_tmp_cultist03 | state Idle | completions 1 | active 1 | next clip 1194 | layers 1
I/DH2Native( 7031): Actor clip completed | _prim_tmp_cultist08 | state Idle | completions 1 | active 1 | next clip 1195 | layers 1
I/DH2Native( 7031): Actor clip completed | _prim_tmp_cultist05 | state Idle | completions 5 | active 1 | next clip 1259 | layers 1
I/DH2Native( 7031): Actor clip completed | _prim_tmp_cultist06 | state Idle | completions 5 | active 1 | next clip 1258 | layers 1
I/DH2Native( 7031): Actor clip completed | _prim_Monster | state Idle | completions 5 | active 1 | next clip 1258 | layers 1
I/DH2Native( 7031): Actor clip completed | _prim_Monster02 | state Idle | completions 5 | active 1 | next clip 1258 | layers 1
I/DH2Native( 7031): Actor clip completed | _prim_Monster05 | state Idle | completions 5 | active 1 | next clip 1258 | layers 1
I/DH2Native( 7031): Blended character event | event 0x27 | clip 1041 | slot 1 | phase 4 | lag 0
I/DH2Native( 7031): Blended character event | event 0x25 | clip 1041 | slot 1 | phase 4 | lag 0
I/DH2Native( 7031): Blended character event | event 0x23 | clip 1041 | slot 1 | phase 4 | lag 0
I/DH2Native( 7031): Blended character event | event 0x24 | clip 1041 | slot 1 | phase 5 | lag 0
I/DH2Native( 7031): Blended character event | event 0x26 | clip 1041 | slot 1 | phase 5 | lag 0
I/DH2Native( 7031): Actor clip completed | _prim_tmp_cultist05 | state Idle | completions 6 | active 1 | next clip 1259 | layers 1
I/DH2Native( 7031): Actor clip completed | _prim_tmp_cultist06 | state Idle | completions 6 | active 1 | next clip 1258 | layers 1
I/DH2Native( 7031): Actor clip completed | _prim_Monster | state Idle | completions 6 | active 1 | next clip 1258 | layers 1
I/DH2Native( 7031): Actor clip completed | _prim_Monster02 | state Idle | completions 6 | active 1 | next clip 1258 | layers 1
I/DH2Native( 7031): Actor clip completed | _prim_Monster05 | state Idle | completions 6 | active 1 | next clip 1258 | layers 1
I/DH2Native( 7031): Native actor frame | scene 8077 | Step 240 | actor 240 | source phase 5 | clip 1040 | ms 354 | replays 7 | body -22.2777 12.2093 | contacts 0 0 | state 3 | body present 1 | timeline scale 1
I/DH2Native( 7031): Blended character event | event 0x28 | clip 1040 | slot 0 | phase 1 | lag 21
I/DH2Native( 7031): Blended character event | event 0x27 | clip 1040 | slot 0 | phase 4 | lag 0
I/DH2Native( 7031): Blended character event | event 0x25 | clip 1040 | slot 0 | phase 4 | lag 0
I/DH2Native( 7031): Blended character event | event 0x23 | clip 1040 | slot 0 | phase 4 | lag 0
I/DH2Native( 7031): Blended character event | event 0x24 | clip 1040 | slot 0 | phase 5 | lag 0
I/DH2Native( 7031): Blended character event | event 0x26 | clip 1040 | slot 0 | phase 5 | lag 0
I/DH2Native( 7031): Actor clip completed | _prim_Monster_Ghost05 | state Idle | completions 2 | active 1 | next clip 706 | layers 1
I/DH2Native( 7031): Actor clip completed | _prim_Monster_Ghost06 | state Idle | completions 2 | active 1 | next clip 706 | layers 1
I/DH2Native( 7031): Actor clip completed | _prim_tmp_cultist01 | state Idle | completions 1 | active 1 | next clip 1195 | layers 1
I/DH2Native( 7031): Actor clip completed | _prim_tmp_cultist07 | state Idle | completions 1 | active 1 | next clip 1194 | layers 1
I/DH2Native( 7031): Actor clip completed | _prim_tmp_cultist05 | state Idle | completions 7 | active 1 | next clip 1258 | layers 1
I/DH2Native( 7031): Actor clip completed | _prim_tmp_cultist06 | state Idle | completions 7 | active 1 | next clip 1258 | layers 1
I/DH2Native( 7031): Actor clip completed | _prim_Monster | state Idle | completions 7 | active 1 | next clip 1258 | layers 1
I/DH2Native( 7031): Actor clip completed | _prim_Monster02 | state Idle | completions 7 | active 1 | next clip 1258 | layers 1
I/DH2Native( 7031): Actor clip completed | _prim_Monster05 | state Idle | completions 7 | active 1 | next clip 1258 | layers 1
I/DH2Native( 7031): Blended character event | event 0x28 | clip 1040 | slot 1 | phase 1 | lag 21
I/DH2Native( 7031): Blended character event | event 0x27 | clip 1040 | slot 1 | phase 4 | lag 0
I/DH2Native( 7031): Blended character event | event 0x25 | clip 1040 | slot 1 | phase 4 | lag 0
I/DH2Native( 7031): Blended character event | event 0x23 | clip 1040 | slot 1 | phase 4 | lag 0
I/DH2Native( 7031): Blended character event | event 0x24 | clip 1040 | slot 1 | phase 5 | lag 0
I/DH2Native( 7031): Blended character event | event 0x26 | clip 1040 | slot 1 | phase 5 | lag 0
I/DH2Native( 7031): Blended character event | event 0x28 | clip 1040 | slot 0 | phase 1 | lag 19
I/DH2Native( 7031): Actor clip completed | _prim_tmp_cultist05 | state Idle | completions 8 | active 1 | next clip 1259 | layers 1
I/DH2Native( 7031): Actor clip completed | _prim_tmp_cultist06 | state Idle | completions 8 | active 1 | next clip 1258 | layers 1
I/DH2Native( 7031): Actor clip completed | _prim_Monster | state Idle | completions 8 | active 1 | next clip 1258 | layers 1
I/DH2Native( 7031): Actor clip completed | _prim_Monster02 | state Idle | completions 8 | active 1 | next clip 1259 | layers 1
I/DH2Native( 7031): Actor clip completed | _prim_Monster05 | state Idle | completions 8 | active 1 | next clip 1259 | layers 1
I/DH2Native( 7031): Blended character event | event 0x27 | clip 1040 | slot 0 | phase 4 | lag 0
I/DH2Native( 7031): Blended character event | event 0x25 | clip 1040 | slot 0 | phase 4 | lag 0
I/DH2Native( 7031): Blended character event | event 0x23 | clip 1040 | slot 0 | phase 4 | lag 0
I/DH2Native( 7031): Blended character event | event 0x24 | clip 1040 | slot 0 | phase 5 | lag 0
I/DH2Native( 7031): Blended character event | event 0x26 | clip 1040 | slot 0 | phase 5 | lag 0
I/DH2Native( 7031): Native actor frame | scene 11129 | Step 360 | actor 360 | source phase 5 | clip 1040 | ms 112 | replays 10 | body -22.2777 12.2093 | contacts 0 0 | state 3 | body present 1 | timeline scale 1
I/DH2Native( 7031): Blended character event | event 0x28 | clip 1040 | slot 1 | phase 1 | lag 10
I/DH2Native( 7031): Actor clip completed | _prim_tmp_cultist05 | state Idle | completions 9 | active 1 | next clip 1259 | layers 1
I/DH2Native( 7031): Actor clip completed | _prim_tmp_cultist06 | state Idle | completions 9 | active 1 | next clip 1259 | layers 1
I/DH2Native( 7031): Actor clip completed | _prim_Monster | state Idle | completions 9 | active 1 | next clip 1258 | layers 1
I/DH2Native( 7031): Actor clip completed | _prim_Monster02 | state Idle | completions 9 | active 1 | next clip 1258 | layers 1
I/DH2Native( 7031): Actor clip completed | _prim_Monster05 | state Idle | completions 9 | active 1 | next clip 1258 | layers 1
I/DH2Native( 7031): Blended character event | event 0x27 | clip 1040 | slot 1 | phase 4 | lag 0
I/DH2Native( 7031): Blended character event | event 0x25 | clip 1040 | slot 1 | phase 4 | lag 0
I/DH2Native( 7031): Blended character event | event 0x23 | clip 1040 | slot 1 | phase 4 | lag 0
I/DH2Native( 7031): Blended character event | event 0x24 | clip 1040 | slot 1 | phase 5 | lag 0
I/DH2Native( 7031): Blended character event | event 0x26 | clip 1040 | slot 1 | phase 5 | lag 0
I/DH2Native( 7031): Actor clip completed | _prim_tmp_cultist08 | state Idle | completions 2 | active 1 | next clip 1194 | layers 1
I/DH2Native( 7031): Blended character event | event 0x28 | clip 1040 | slot 0 | phase 1 | lag 18
I/DH2Native( 7031): Blended character event | event 0x27 | clip 1040 | slot 0 | phase 4 | lag 0
I/DH2Native( 7031): Blended character event | event 0x25 | clip 1040 | slot 0 | phase 4 | lag 0
I/DH2Native( 7031): Blended character event | event 0x23 | clip 1040 | slot 0 | phase 4 | lag 0
I/DH2Native( 7031): Blended character event | event 0x24 | clip 1040 | slot 0 | phase 5 | lag 0
I/DH2Native( 7031): Blended character event | event 0x26 | clip 1040 | slot 0 | phase 5 | lag 0
I/DH2Native( 7031): Actor clip completed | _prim_tmp_cultist05 | state Idle | completions 10 | active 1 | next clip 1258 | layers 1
I/DH2Native( 7031): Actor clip completed | _prim_tmp_cultist06 | state Idle | completions 10 | active 1 | next clip 1258 | layers 1
I/DH2Native( 7031): Actor clip completed | _prim_Monster | state Idle | completions 10 | active 1 | next clip 1259 | layers 1
I/DH2Native( 7031): Actor clip completed | _prim_Monster02 | state Idle | completions 10 | active 1 | next clip 1258 | layers 1
I/DH2Native( 7031): Actor clip completed | _prim_Monster05 | state Idle | completions 10 | active 1 | next clip 1258 | layers 1
I/DH2Native( 7031): Blended character event | event 0x28 | clip 1040 | slot 1 | phase 1 | lag 10
I/DH2Native( 7031): Actor clip completed | _prim_Monster_Ghost05 | state Idle | completions 3 | active 1 | next clip 706 | layers 1
I/DH2Native( 7031): Actor clip completed | _prim_Monster_Ghost06 | state Idle | completions 3 | active 1 | next clip 706 | layers 1
I/DH2Native( 7031): Native actor frame | scene 14097 | Step 480 | actor 480 | source phase 5 | clip 1040 | ms 891 | replays 12 | body -22.2777 12.2093 | contacts 0 0 | state 3 | body present 1 | timeline scale 1
I/DH2Native( 7031): Blended character event | event 0x27 | clip 1040 | slot 1 | phase 4 | lag 0
I/DH2Native( 7031): Blended character event | event 0x25 | clip 1040 | slot 1 | phase 4 | lag 0
I/DH2Native( 7031): Blended character event | event 0x23 | clip 1040 | slot 1 | phase 4 | lag 0
I/DH2Native( 7031): Blended character event | event 0x24 | clip 1040 | slot 1 | phase 5 | lag 0
I/DH2Native( 7031): Blended character event | event 0x26 | clip 1040 | slot 1 | phase 5 | lag 0
I/DH2Native( 7031): Actor clip completed | _prim_tmp_cultist05 | state Idle | completions 11 | active 1 | next clip 1259 | layers 1
I/DH2Native( 7031): Actor clip completed | _prim_tmp_cultist06 | state Idle | completions 11 | active 1 | next clip 1258 | layers 1
I/DH2Native( 7031): Actor clip completed | _prim_Monster | state Idle | completions 11 | active 1 | next clip 1258 | layers 1
I/DH2Native( 7031): Actor clip completed | _prim_Monster02 | state Idle | completions 11 | active 1 | next clip 1259 | layers 1
I/DH2Native( 7031): Actor clip completed | _prim_Monster05 | state Idle | completions 11 | active 1 | next clip 1259 | layers 1
I/DH2Native( 7031): Blended character event | event 0x28 | clip 1040 | slot 0 | phase 1 | lag 24
I/DH2Native( 7031): Blended character event | event 0x27 | clip 1040 | slot 0 | phase 4 | lag 0
I/DH2Native( 7031): Blended character event | event 0x25 | clip 1040 | slot 0 | phase 4 | lag 0
I/DH2Native( 7031): Blended character event | event 0x23 | clip 1040 | slot 0 | phase 4 | lag 0
I/DH2Native( 7031): Blended character event | event 0x24 | clip 1040 | slot 0 | phase 5 | lag 0
I/DH2Native( 7031): Blended character event | event 0x26 | clip 1040 | slot 0 | phase 5 | lag 0
I/DH2Native( 7031): Actor clip completed | _prim_tmp_cultist01 | state Idle | completions 2 | active 1 | next clip 1194 | layers 1
I/DH2Native( 7031): Actor clip completed | _prim_tmp_cultist03 | state Idle | completions 2 | active 1 | next clip 1195 | layers 1
I/DH2Native( 7031): Blended character event | event 0x28 | clip 1040 | slot 1 | phase 1 | lag 2
I/DH2Native( 7031): Actor clip completed | _prim_tmp_cultist05 | state Idle | completions 12 | active 1 | next clip 1258 | layers 1
I/DH2Native( 7031): Actor clip completed | _prim_tmp_cultist06 | state Idle | completions 12 | active 1 | next clip 1258 | layers 1
I/DH2Native( 7031): Actor clip completed | _prim_Monster | state Idle | completions 12 | active 1 | next clip 1258 | layers 1
I/DH2Native( 7031): Actor clip completed | _prim_Monster02 | state Idle | completions 12 | active 1 | next clip 1258 | layers 1
I/DH2Native( 7031): Actor clip completed | _prim_Monster05 | state Idle | completions 12 | active 1 | next clip 1258 | layers 1
I/DH2Native( 7031): Blended character event | event 0x27 | clip 1040 | slot 1 | phase 4 | lag 0
I/DH2Native( 7031): Blended character event | event 0x25 | clip 1040 | slot 1 | phase 4 | lag 0
I/DH2Native( 7031): Blended character event | event 0x23 | clip 1040 | slot 1 | phase 4 | lag 0
I/DH2Native( 7031): Blended character event | event 0x24 | clip 1040 | slot 1 | phase 5 | lag 0
I/DH2Native( 7031): Blended character event | event 0x26 | clip 1040 | slot 1 | phase 5 | lag 0
I/DH2Native( 7031): Blended character event | event 0x28 | clip 1040 | slot 0 | phase 1 | lag 19
I/DH2Native( 7031): Native actor frame | scene 17112 | Step 600 | actor 600 | source phase 5 | clip 1040 | ms 631 | replays 15 | body -22.2777 12.2093 | contacts 0 0 | state 3 | body present 1 | timeline scale 1
I/DH2Native( 7031): Actor clip completed | _prim_tmp_cultist05 | state Idle | completions 13 | active 1 | next clip 1258 | layers 1
I/DH2Native( 7031): Actor clip completed | _prim_tmp_cultist06 | state Idle | completions 13 | active 1 | next clip 1258 | layers 1
I/DH2Native( 7031): Actor clip completed | _prim_Monster | state Idle | completions 13 | active 1 | next clip 1258 | layers 1
I/DH2Native( 7031): Actor clip completed | _prim_Monster02 | state Idle | completions 13 | active 1 | next clip 1258 | layers 1
I/DH2Native( 7031): Actor clip completed | _prim_Monster05 | state Idle | completions 13 | active 1 | next clip 1259 | layers 1
I/DH2Native( 7031): Blended character event | event 0x27 | clip 1040 | slot 0 | phase 4 | lag 0
I/DH2Native( 7031): Blended character event | event 0x25 | clip 1040 | slot 0 | phase 4 | lag 0
I/DH2Native( 7031): Blended character event | event 0x23 | clip 1040 | slot 0 | phase 4 | lag 0
I/DH2Native( 7031): Blended character event | event 0x24 | clip 1040 | slot 0 | phase 5 | lag 0
I/DH2Native( 7031): Blended character event | event 0x26 | clip 1040 | slot 0 | phase 5 | lag 0
I/DH2Native( 7031): Actor clip completed | _prim_Monster_Ghost05 | state Idle | completions 4 | active 1 | next clip 706 | layers 1
I/DH2Native( 7031): Actor clip completed | _prim_Monster_Ghost06 | state Idle | completions 4 | active 1 | next clip 706 | layers 1
I/DH2Native( 7031): Actor clip completed | _prim_tmp_cultist05 | state Idle | completions 14 | active 1 | next clip 1259 | layers 1
I/DH2Native( 7031): Actor clip completed | _prim_tmp_cultist06 | state Idle | completions 14 | active 1 | next clip 1258 | layers 1
I/DH2Native( 7031): Actor clip completed | _prim_Monster | state Idle | completions 14 | active 1 | next clip 1258 | layers 1
I/DH2Native( 7031): Actor clip completed | _prim_Monster02 | state Idle | completions 14 | active 1 | next clip 1258 | layers 1
I/DH2Native( 7031): Actor clip completed | _prim_Monster05 | state Idle | completions 14 | active 1 | next clip 1258 | layers 1
I/DH2Native( 7031): Actor clip completed | _prim_tmp_cultist07 | state Idle | completions 2 | active 1 | next clip 1195 | layers 1
I/DH2Native( 7031): Blended character event | event 0x27 | clip 1041 | slot 1 | phase 4 | lag 0
I/DH2Native( 7031): Blended character event | event 0x25 | clip 1041 | slot 1 | phase 4 | lag 0
I/DH2Native( 7031): Blended character event | event 0x23 | clip 1041 | slot 1 | phase 4 | lag 0
I/DH2Native( 7031): Blended character event | event 0x24 | clip 1041 | slot 1 | phase 5 | lag 0
I/DH2Native( 7031): Blended character event | event 0x26 | clip 1041 | slot 1 | phase 5 | lag 0
I/DH2Native( 7031): Actor clip completed | _prim_tmp_cultist05 | state Idle | completions 15 | active 1 | next clip 1258 | layers 1
I/DH2Native( 7031): Actor clip completed | _prim_tmp_cultist06 | state Idle | completions 15 | active 1 | next clip 1258 | layers 1
I/DH2Native( 7031): Actor clip completed | _prim_Monster | state Idle | completions 15 | active 1 | next clip 1258 | layers 1
I/DH2Native( 7031): Actor clip completed | _prim_Monster02 | state Idle | completions 15 | active 1 | next clip 1259 | layers 1
I/DH2Native( 7031): Actor clip completed | _prim_Monster05 | state Idle | completions 15 | active 1 | next clip 1258 | layers 1
I/DH2Native( 7031): Native actor frame | scene 20255 | Step 720 | actor 720 | source phase 5 | clip 1041 | ms 303 | replays 17 | body -22.2777 12.2093 | contacts 0 0 | state 3 | body present 1 | timeline scale 1
I/DH2Native( 7031): Actor clip completed | _prim_tmp_cultist05 | state Idle | completions 16 | active 1 | next clip 1258 | layers 1
I/DH2Native( 7031): Actor clip completed | _prim_tmp_cultist06 | state Idle | completions 16 | active 1 | next clip 1258 | layers 1
I/DH2Native( 7031): Actor clip completed | _prim_Monster | state Idle | completions 16 | active 1 | next clip 1259 | layers 1
I/DH2Native( 7031): Actor clip completed | _prim_Monster02 | state Idle | completions 16 | active 1 | next clip 1259 | layers 1
I/DH2Native( 7031): Actor clip completed | _prim_Monster05 | state Idle | completions 16 | active 1 | next clip 1258 | layers 1
I/DH2Native( 7031): Actor clip completed | _prim_tmp_cultist03 | state Idle | completions 3 | active 1 | next clip 1194 | layers 1
I/DH2Native( 7031): Actor clip completed | _prim_tmp_cultist08 | state Idle | completions 3 | active 1 | next clip 1195 | layers 1
I/DH2Native( 7031): Blended character event | event 0x27 | clip 1041 | slot 0 | phase 4 | lag 0
I/DH2Native( 7031): Blended character event | event 0x25 | clip 1041 | slot 0 | phase 4 | lag 0
I/DH2Native( 7031): Blended character event | event 0x23 | clip 1041 | slot 0 | phase 4 | lag 0
I/DH2Native( 7031): Blended character event | event 0x24 | clip 1041 | slot 0 | phase 5 | lag 0
I/DH2Native( 7031): Blended character event | event 0x26 | clip 1041 | slot 0 | phase 5 | lag 0
I/DH2Native( 7031): Actor clip completed | _prim_tmp_cultist05 | state Idle | completions 17 | active 1 | next clip 1258 | layers 1
I/DH2Native( 7031): Actor clip completed | _prim_tmp_cultist06 | state Idle | completions 17 | active 1 | next clip 1258 | layers 1
I/DH2Native( 7031): Actor clip completed | _prim_Monster | state Idle | completions 17 | active 1 | next clip 1258 | layers 1
I/DH2Native( 7031): Actor clip completed | _prim_Monster02 | state Idle | completions 17 | active 1 | next clip 1258 | layers 1
I/DH2Native( 7031): Actor clip completed | _prim_Monster05 | state Idle | completions 17 | active 1 | next clip 1259 | layers 1
I/DH2Native( 7031): Blended character event | event 0x28 | clip 1040 | slot 1 | phase 1 | lag 18
I/DH2Native( 7031): Actor clip completed | _prim_Monster_Ghost05 | state Idle | completions 5 | active 1 | next clip 706 | layers 1
I/DH2Native( 7031): Actor clip completed | _prim_Monster_Ghost06 | state Idle | completions 5 | active 1 | next clip 706 | layers 1
I/DH2Native( 7031): Native actor frame | scene 23234 | Step 840 | actor 840 | source phase 5 | clip 1040 | ms 916 | replays 18 | body -22.2777 12.2093 | contacts 0 0 | state 3 | body present 1 | timeline scale 1
I/DH2Native( 7031): Blended character event | event 0x27 | clip 1040 | slot 1 | phase 4 | lag 0
I/DH2Native( 7031): Blended character event | event 0x25 | clip 1040 | slot 1 | phase 4 | lag 0
I/DH2Native( 7031): Blended character event | event 0x23 | clip 1040 | slot 1 | phase 4 | lag 0
I/DH2Native( 7031): Blended character event | event 0x24 | clip 1040 | slot 1 | phase 5 | lag 0
I/DH2Native( 7031): Blended character event | event 0x26 | clip 1040 | slot 1 | phase 5 | lag 0
I/DH2Native( 7031): Blended character event | event 0x28 | clip 1040 | slot 0 | phase 1 | lag 5
I/DH2Native( 7031): Actor clip completed | _prim_tmp_cultist05 | state Idle | completions 18 | active 1 | next clip 1258 | layers 1
I/DH2Native( 7031): Actor clip completed | _prim_tmp_cultist06 | state Idle | completions 18 | active 1 | next clip 1258 | layers 1
I/DH2Native( 7031): Actor clip completed | _prim_Monster | state Idle | completions 18 | active 1 | next clip 1258 | layers 1
I/DH2Native( 7031): Actor clip completed | _prim_Monster02 | state Idle | completions 18 | active 1 | next clip 1258 | layers 1
I/DH2Native( 7031): Actor clip completed | _prim_Monster05 | state Idle | completions 18 | active 1 | next clip 1259 | layers 1
I/DH2Native( 7031): Blended character event | event 0x27 | clip 1040 | slot 0 | phase 4 | lag 0
I/DH2Native( 7031): Blended character event | event 0x25 | clip 1040 | slot 0 | phase 4 | lag 0
I/DH2Native( 7031): Blended character event | event 0x23 | clip 1040 | slot 0 | phase 4 | lag 0
I/DH2Native( 7031): Blended character event | event 0x24 | clip 1040 | slot 0 | phase 5 | lag 0
I/DH2Native( 7031): Blended character event | event 0x26 | clip 1040 | slot 0 | phase 5 | lag 0
I/DH2Native( 7031): Actor clip completed | _prim_tmp_cultist01 | state Idle | completions 3 | active 1 | next clip 1194 | layers 1
I/DH2Native( 7031): Actor clip completed | _prim_tmp_cultist07 | state Idle | completions 3 | active 1 | next clip 1194 | layers 1
I/DH2Native( 7031): Blended character event | event 0x28 | clip 1040 | slot 1 | phase 1 | lag 27
I/DH2Native( 7031): Actor clip completed | _prim_tmp_cultist05 | state Idle | completions 19 | active 1 | next clip 1258 | layers 1
I/DH2Native( 7031): Actor clip completed | _prim_tmp_cultist06 | state Idle | completions 19 | active 1 | next clip 1258 | layers 1
I/DH2Native( 7031): Actor clip completed | _prim_Monster | state Idle | completions 19 | active 1 | next clip 1258 | layers 1
I/DH2Native( 7031): Actor clip completed | _prim_Monster02 | state Idle | completions 19 | active 1 | next clip 1259 | layers 1
I/DH2Native( 7031): Actor clip completed | _prim_Monster05 | state Idle | completions 19 | active 1 | next clip 1258 | layers 1
I/DH2Native( 7031): Blended character event | event 0x27 | clip 1040 | slot 1 | phase 4 | lag 0
I/DH2Native( 7031): Blended character event | event 0x25 | clip 1040 | slot 1 | phase 4 | lag 0
I/DH2Native( 7031): Blended character event | event 0x23 | clip 1040 | slot 1 | phase 4 | lag 0
I/DH2Native( 7031): Blended character event | event 0x24 | clip 1040 | slot 1 | phase 5 | lag 0
I/DH2Native( 7031): Blended character event | event 0x26 | clip 1040 | slot 1 | phase 5 | lag 0
I/DH2Native( 7031): Native actor frame | scene 26257 | Step 960 | actor 960 | source phase 5 | clip 1041 | ms 656 | replays 21 | body -22.2777 12.2093 | contacts 0 0 | state 3 | body present 1 | timeline scale 1
I/DH2Native( 7031): Actor clip completed | _prim_tmp_cultist05 | state Idle | completions 20 | active 1 | next clip 1258 | layers 1
I/DH2Native( 7031): Actor clip completed | _prim_tmp_cultist06 | state Idle | completions 20 | active 1 | next clip 1258 | layers 1
I/DH2Native( 7031): Actor clip completed | _prim_Monster | state Idle | completions 20 | active 1 | next clip 1258 | layers 1
I/DH2Native( 7031): Actor clip completed | _prim_Monster02 | state Idle | completions 20 | active 1 | next clip 1258 | layers 1
I/DH2Native( 7031): Actor clip completed | _prim_Monster05 | state Idle | completions 20 | active 1 | next clip 1259 | layers 1
I/DH2Native( 7031): Actor clip completed | _prim_tmp_cultist08 | state Idle | completions 4 | active 1 | next clip 1195 | layers 1
I/DH2Native( 7031): Actor clip completed | _prim_Monster_Ghost05 | state Idle | completions 6 | active 1 | next clip 706 | layers 1
I/DH2Native( 7031): Actor clip completed | _prim_Monster_Ghost06 | state Idle | completions 6 | active 1 | next clip 706 | layers 1
I/DH2Native( 7031): Blended character event | event 0x27 | clip 1041 | slot 0 | phase 4 | lag 0
I/DH2Native( 7031): Blended character event | event 0x25 | clip 1041 | slot 0 | phase 4 | lag 0
I/DH2Native( 7031): Blended character event | event 0x23 | clip 1041 | slot 0 | phase 4 | lag 0
I/DH2Native( 7031): Blended character event | event 0x24 | clip 1041 | slot 0 | phase 5 | lag 0
I/DH2Native( 7031): Blended character event | event 0x26 | clip 1041 | slot 0 | phase 5 | lag 0
I/DH2Native( 7031): Actor clip completed | _prim_tmp_cultist05 | state Idle | completions 21 | active 1 | next clip 1258 | layers 1
I/DH2Native( 7031): Actor clip completed | _prim_tmp_cultist06 | state Idle | completions 21 | active 1 | next clip 1258 | layers 1
I/DH2Native( 7031): Actor clip completed | _prim_Monster | state Idle | completions 21 | active 1 | next clip 1258 | layers 1
I/DH2Native( 7031): Actor clip completed | _prim_Monster02 | state Idle | completions 21 | active 1 | next clip 1258 | layers 1
I/DH2Native( 7031): Actor clip completed | _prim_Monster05 | state Idle | completions 21 | active 1 | next clip 1258 | layers 1
I/DH2Native( 7031): Blended character event | event 0x28 | clip 1040 | slot 1 | phase 1 | lag 22
I/DH2Native( 7031): Blended character event | event 0x27 | clip 1040 | slot 1 | phase 4 | lag 0
I/DH2Native( 7031): Blended character event | event 0x25 | clip 1040 | slot 1 | phase 4 | lag 0
I/DH2Native( 7031): Blended character event | event 0x23 | clip 1040 | slot 1 | phase 4 | lag 0
I/DH2Native( 7031): Blended character event | event 0x24 | clip 1040 | slot 1 | phase 5 | lag 0
I/DH2Native( 7031): Blended character event | event 0x26 | clip 1040 | slot 1 | phase 5 | lag 0
I/DH2Native( 7031): Native actor frame | scene 29355 | Step 1080 | actor 1080 | source phase 5 | clip 1040 | ms 285 | replays 23 | body -22.2777 12.2093 | contacts 0 0 | state 3 | body present 1 | timeline scale 1
I/DH2Native( 7031): Actor clip completed | _prim_tmp_cultist05 | state Idle | completions 22 | active 1 | next clip 1258 | layers 1
I/DH2Native( 7031): Actor clip completed | _prim_tmp_cultist06 | state Idle | completions 22 | active 1 | next clip 1258 | layers 1
I/DH2Native( 7031): Actor clip completed | _prim_Monster | state Idle | completions 22 | active 1 | next clip 1258 | layers 1
I/DH2Native( 7031): Actor clip completed | _prim_Monster02 | state Idle | completions 22 | active 1 | next clip 1258 | layers 1
I/DH2Native( 7031): Actor clip completed | _prim_Monster05 | state Idle | completions 22 | active 1 | next clip 1258 | layers 1
I/DH2Native( 7031): Blended character event | event 0x28 | clip 1040 | slot 0 | phase 1 | lag 16
I/DH2Native( 7031): Blended character event | event 0x27 | clip 1040 | slot 0 | phase 4 | lag 0
I/DH2Native( 7031): Blended character event | event 0x25 | clip 1040 | slot 0 | phase 4 | lag 0
I/DH2Native( 7031): Blended character event | event 0x23 | clip 1040 | slot 0 | phase 4 | lag 0
I/DH2Native( 7031): Blended character event | event 0x24 | clip 1040 | slot 0 | phase 5 | lag 0
I/DH2Native( 7031): Blended character event | event 0x26 | clip 1040 | slot 0 | phase 5 | lag 0
I/DH2Native( 7031): Actor clip completed | _prim_tmp_cultist05 | state Idle | completions 23 | active 1 | next clip 1258 | layers 1
I/DH2Native( 7031): Actor clip completed | _prim_tmp_cultist06 | state Idle | completions 23 | active 1 | next clip 1258 | layers 1
I/DH2Native( 7031): Actor clip completed | _prim_Monster | state Idle | completions 23 | active 1 | next clip 1258 | layers 1
I/DH2Native( 7031): Actor clip completed | _prim_Monster02 | state Idle | completions 23 | active 1 | next clip 1258 | layers 1
I/DH2Native( 7031): Actor clip completed | _prim_Monster05 | state Idle | completions 23 | active 1 | next clip 1258 | layers 1
I/DH2Native( 7031): Blended character event | event 0x28 | clip 1040 | slot 1 | phase 1 | lag 23
I/DH2Native( 7031): Actor clip completed | _prim_tmp_cultist03 | state Idle | completions 4 | active 1 | next clip 1195 | layers 1
I/DH2Native( 7031): Blended character event | event 0x27 | clip 1040 | slot 1 | phase 4 | lag 0
I/DH2Native( 7031): Blended character event | event 0x25 | clip 1040 | slot 1 | phase 4 | lag 0
I/DH2Native( 7031): Blended character event | event 0x23 | clip 1040 | slot 1 | phase 4 | lag 0
I/DH2Native( 7031): Blended character event | event 0x24 | clip 1040 | slot 1 | phase 5 | lag 0
I/DH2Native( 7031): Blended character event | event 0x26 | clip 1040 | slot 1 | phase 5 | lag 0
I/DH2Native( 7031): Blended character event | event 0x28 | clip 1040 | slot 0 | phase 1 | lag 19
I/DH2Native( 7031): Actor clip completed | _prim_tmp_cultist05 | state Idle | completions 24 | active 1 | next clip 1258 | layers 1
I/DH2Native( 7031): Actor clip completed | _prim_tmp_cultist06 | state Idle | completions 24 | active 1 | next clip 1258 | layers 1
I/DH2Native( 7031): Actor clip completed | _prim_Monster | state Idle | completions 24 | active 1 | next clip 1259 | layers 1
I/DH2Native( 7031): Actor clip completed | _prim_Monster02 | state Idle | completions 24 | active 1 | next clip 1258 | layers 1
I/DH2Native( 7031): Actor clip completed | _prim_Monster05 | state Idle | completions 24 | active 1 | next clip 1258 | layers 1
I/DH2Native( 7031): Blended character event | event 0x27 | clip 1040 | slot 0 | phase 4 | lag 0
I/DH2Native( 7031): Blended character event | event 0x25 | clip 1040 | slot 0 | phase 4 | lag 0
I/DH2Native( 7031): Blended character event | event 0x23 | clip 1040 | slot 0 | phase 4 | lag 0
I/DH2Native( 7031): Blended character event | event 0x24 | clip 1040 | slot 0 | phase 5 | lag 0
I/DH2Native( 7031): Blended character event | event 0x26 | clip 1040 | slot 0 | phase 5 | lag 0
I/DH2Native( 7031): Actor clip completed | _prim_Monster_Ghost05 | state Idle | completions 7 | active 1 | next clip 706 | layers 1
I/DH2Native( 7031): Actor clip completed | _prim_Monster_Ghost06 | state Idle | completions 7 | active 1 | next clip 706 | layers 1
I/DH2Native( 7031): Native actor frame | scene 32432 | Step 1200 | actor 1200 | source phase 5 | clip 1040 | ms 80 | replays 26 | body -22.2777 12.2093 | contacts 0 0 | state 3 | body present 1 | timeline scale 1