0 0 -1 0 0 0 -1 128 127 0 4294967295
0 0 -1 0 0 0 3 128 127 0 4294967295
0 0 -1 0 0 0 4 128 127 0 4294967295
0 0 -1 0 0 0 5 128 127 0 4294967295
0 0 -1 0 0 255 -1 128 127 0 4294967295
0 0 -1 0 0 255 3 128 127 0 4294967295
0 0 -1 0 0 255 4 128 127 0 4294967295
0 0 -1 0 0 255 5 128 127 0 4294967295
0 0 -1 0 1 0 -1 128 127 0 4294967295
0 0 -1 0 1 0 3 128 127 0 4294967295
0 0 -1 0 1 0 4 128 127 0 4294967295
0 0 -1 0 1 0 5 128 127 0 4294967295
0 0 -1 0 1 255 -1 128 127 0 4294967295
0 0 -1 0 1 255 3 128 127 0 4294967295
0 0 -1 0 1 255 4 128 127 0 4294967295
0 0 -1 0 1 255 5 128 127 0 4294967295
0 0 -1 0 2 0 -1 128 127 0 4294967295
0 0 -1 0 2 0 3 128 127 0 4294967295
0 0 -1 0 2 0 4 128 127 0 4294967295
0 0 -1 0 2 0 5 128 127 0 4294967295
0 0 -1 0 2 255 -1 128 127 0 4294967295
0 0 -1 0 2 255 3 128 127 0 4294967295
0 0 -1 0 2 255 4 128 127 0 4294967295
0 0 -1 0 2 255 5 128 127 0 4294967295
0 0 -1 1 0 0 -1 128 127 0 4294967295
0 0 -1 1 0 0 3 128 127 0 4294967295
0 0 -1 1 0 0 4 128 127 0 4294967295
0 0 -1 1 0 0 5 128 127 0 4294967295
0 0 -1 1 0 255 -1 128 127 0 4294967295
0 0 -1 1 0 255 3 128 127 0 4294967295
0 0 -1 1 0 255 4 128 127 0 4294967295
0 0 -1 1 0 255 5 128 127 0 4294967295
0 0 -1 1 1 0 -1 128 127 0 4294967295
0 0 -1 1 1 0 3 128 127 0 4294967295
0 0 -1 1 1 0 4 128 127 0 4294967295
0 0 -1 1 1 0 5 128 127 0 4294967295
0 0 -1 1 1 255 -1 128 127 0 4294967295
0 0 -1 1 1 255 3 128 127 0 4294967295
0 0 -1 1 1 255 4 128 127 0 4294967295
0 0 -1 1 1 255 5 128 127 0 4294967295
0 0 -1 1 2 0 -1 128 127 0 4294967295
0 0 -1 1 2 0 3 128 127 0 4294967295
0 0 -1 1 2 0 4 128 127 0 4294967295
0 0 -1 1 2 0 5 128 127 0 4294967295
0 0 -1 1 2 255 -1 128 127 0 4294967295
0 0 -1 1 2 255 3 128 127 0 4294967295
0 0 -1 1 2 255 4 128 127 0 4294967295
0 0 -1 1 2 255 5 128 127 0 4294967295
0 0 0 0 0 0 -1 128 127 0 4294967295
0 0 0 0 0 0 3 128 127 0 4294967295
0 0 0 0 0 0 4 128 127 0 4294967295
0 0 0 0 0 0 5 128 127 0 4294967295
0 0 0 0 0 255 -1 128 127 0 4294967295
0 0 0 0 0 255 3 128 127 0 4294967295
0 0 0 0 0 255 4 128 127 0 4294967295
0 0 0 0 0 255 5 128 127 0 4294967295
0 0 0 0 1 0 -1 128 127 0 4294967295
0 0 0 0 1 0 3 128 127 0 4294967295
0 0 0 0 1 0 4 128 127 0 4294967295
0 0 0 0 1 0 5 128 127 0 4294967295
0 0 0 0 1 255 -1 128 127 0 4294967295
0 0 0 0 1 255 3 128 127 0 4294967295
0 0 0 0 1 255 4 128 127 0 4294967295
0 0 0 0 1 255 5 128 127 0 4294967295
0 0 0 0 2 0 -1 128 127 0 4294967295
0 0 0 0 2 0 3 128 127 0 4294967295
0 0 0 0 2 0 4 128 127 0 4294967295
0 0 0 0 2 0 5 128 127 0 4294967295
0 0 0 0 2 255 -1 128 127 0 4294967295
0 0 0 0 2 255 3 128 127 0 4294967295
0 0 0 0 2 255 4 128 127 0 4294967295
0 0 0 0 2 255 5 128 127 0 4294967295
0 0 0 1 0 0 -1 128 127 0 4294967295
0 0 0 1 0 0 3 128 127 0 4294967295
0 0 0 1 0 0 4 128 127 0 4294967295
0 0 0 1 0 0 5 128 127 0 4294967295
0 0 0 1 0 255 -1 128 127 0 4294967295
0 0 0 1 0 255 3 128 127 0 4294967295
0 0 0 1 0 255 4 128 127 0 4294967295
0 0 0 1 0 255 5 128 127 0 4294967295
0 0 0 1 1 0 -1 128 127 0 4294967295
0 0 0 1 1 0 3 128 127 0 4294967295
0 0 0 1 1 0 4 128 127 0 4294967295
0 0 0 1 1 0 5 128 127 0 4294967295
0 0 0 1 1 255 -1 128 127 0 4294967295
0 0 0 1 1 255 3 128 127 0 4294967295
0 0 0 1 1 255 4 128 127 0 4294967295
0 0 0 1 1 255 5 128 127 0 4294967295
0 0 0 1 2 0 -1 128 127 0 4294967295
0 0 0 1 2 0 3 128 127 0 4294967295
0 0 0 1 2 0 4 128 127 0 4294967295
0 0 0 1 2 0 5 128 127 0 4294967295
0 0 0 1 2 255 -1 128 127 0 4294967295
0 0 0 1 2 255 3 128 127 0 4294967295
0 0 0 1 2 255 4 128 127 0 4294967295
0 0 0 1 2 255 5 128 127 0 4294967295
0 0 1 0 0 0 -1 128 127 0 4294967295
0 0 1 0 0 0 3 128 127 0 4294967295
0 0 1 0 0 0 4 128 127 0 4294967295
0 0 1 0 0 0 5 128 127 0 4294967295
0 0 1 0 0 255 -1 128 127 0 4294967295
0 0 1 0 0 255 3 128 127 0 4294967295
0 0 1 0 0 255 4 128 127 0 4294967295
0 0 1 0 0 255 5 128 127 0 4294967295
0 0 1 0 1 0 -1 128 127 0 4294967295
0 0 1 0 1 0 3 128 127 0 4294967295
0 0 1 0 1 0 4 128 127 0 4294967295
0 0 1 0 1 0 5 128 127 0 4294967295
0 0 1 0 1 255 -1 128 127 0 4294967295
0 0 1 0 1 255 3 128 127 0 4294967295
0 0 1 0 1 255 4 128 127 0 4294967295
0 0 1 0 1 255 5 128 127 0 4294967295
0 0 1 0 2 0 -1 128 127 0 4294967295
0 0 1 0 2 0 3 128 127 0 4294967295
0 0 1 0 2 0 4 128 127 0 4294967295
0 0 1 0 2 0 5 128 127 0 4294967295
0 0 1 0 2 255 -1 128 127 0 4294967295
0 0 1 0 2 255 3 128 127 0 4294967295
0 0 1 0 2 255 4 128 127 0 4294967295
0 0 1 0 2 255 5 128 127 0 4294967295
0 0 1 1 0 0 -1 128 127 0 4294967295
0 0 1 1 0 0 3 128 127 0 4294967295
0 0 1 1 0 0 4 128 127 0 4294967295
0 0 1 1 0 0 5 128 127 0 4294967295
0 0 1 1 0 255 -1 128 127 0 4294967295
0 0 1 1 0 255 3 128 127 0 4294967295
0 0 1 1 0 255 4 128 127 0 4294967295
0 0 1 1 0 255 5 128 127 0 4294967295
0 0 1 1 1 0 -1 128 127 0 4294967295
0 0 1 1 1 0 3 128 127 0 4294967295
0 0 1 1 1 0 4 128 127 0 4294967295
0 0 1 1 1 0 5 128 127 0 4294967295
0 0 1 1 1 255 -1 128 127 0 4294967295
0 0 1 1 1 255 3 128 127 0 4294967295
0 0 1 1 1 255 4 128 127 0 4294967295
0 0 1 1 1 255 5 128 127 0 4294967295
0 0 1 1 2 0 -1 128 127 0 4294967295
0 0 1 1 2 0 3 128 127 0 4294967295
0 0 1 1 2 0 4 128 127 0 4294967295
0 0 1 1 2 0 5 128 127 0 4294967295
0 0 1 1 2 255 -1 128 127 0 4294967295
0 0 1 1 2 255 3 128 127 0 4294967295
0 0 1 1 2 255 4 128 127 0 4294967295
0 0 1 1 2 255 5 128 127 0 4294967295
0 0 3 0 0 0 -1 128 127 0 4294967295
0 0 3 0 0 0 3 128 127 0 4294967295
0 0 3 0 0 0 4 128 127 0 4294967295
0 0 3 0 0 0 5 128 127 0 4294967295
0 0 3 0 0 255 -1 128 127 0 4294967295
0 0 3 0 0 255 3 128 127 0 4294967295
0 0 3 0 0 255 4 128 127 0 4294967295
0 0 3 0 0 255 5 128 127 0 4294967295
0 0 3 0 1 0 -1 128 127 0 4294967295
0 0 3 0 1 0 3 128 127 0 4294967295
0 0 3 0 1 0 4 128 127 0 4294967295
0 0 3 0 1 0 5 128 127 0 4294967295
0 0 3 0 1 255 -1 128 127 0 4294967295
0 0 3 0 1 255 3 128 127 0 4294967295
0 0 3 0 1 255 4 128 127 0 4294967295
0 0 3 0 1 255 5 128 127 0 4294967295
0 0 3 0 2 0 -1 128 127 0 4294967295
0 0 3 0 2 0 3 128 127 0 4294967295
0 0 3 0 2 0 4 128 127 0 4294967295
0 0 3 0 2 0 5 128 127 0 4294967295
0 0 3 0 2 255 -1 128 127 0 4294967295
0 0 3 0 2 255 3 128 127 0 4294967295
0 0 3 0 2 255 4 128 127 0 4294967295
0 0 3 0 2 255 5 128 127 0 4294967295
0 0 3 1 0 0 -1 128 127 0 4294967295
0 0 3 1 0 0 3 128 127 0 4294967295
0 0 3 1 0 0 4 128 127 0 4294967295
0 0 3 1 0 0 5 128 127 0 4294967295
0 0 3 1 0 255 -1 128 127 0 4294967295
0 0 3 1 0 255 3 128 127 0 4294967295
0 0 3 1 0 255 4 128 127 0 4294967295
0 0 3 1 0 255 5 128 127 0 4294967295
0 0 3 1 1 0 -1 128 127 0 4294967295
0 0 3 1 1 0 3 128 127 0 4294967295
0 0 3 1 1 0 4 128 127 0 4294967295
0 0 3 1 1 0 5 128 127 0 4294967295
0 0 3 1 1 255 -1 128 127 0 4294967295
0 0 3 1 1 255 3 128 127 0 4294967295
0 0 3 1 1 255 4 128 127 0 4294967295
0 0 3 1 1 255 5 128 127 0 4294967295
0 0 3 1 2 0 -1 128 127 0 4294967295
0 0 3 1 2 0 3 128 127 0 4294967295
0 0 3 1 2 0 4 128 127 0 4294967295
0 0 3 1 2 0 5 128 127 0 4294967295
0 0 3 1 2 255 -1 128 127 0 4294967295
0 0 3 1 2 255 3 128 127 0 4294967295
0 0 3 1 2 255 4 128 127 0 4294967295
0 0 3 1 2 255 5 128 127 0 4294967295
0 1 -1 0 0 0 -1 128 127 0 4294967295
0 1 -1 0 0 0 3 128 127 0 4294967295
0 1 -1 0 0 0 4 128 127 0 4294967295
0 1 -1 0 0 0 5 128 127 0 4294967295
0 1 -1 0 0 255 -1 128 127 0 4294967295
0 1 -1 0 0 255 3 128 127 0 4294967295
0 1 -1 0 0 255 4 128 127 0 4294967295
0 1 -1 0 0 255 5 128 127 0 4294967295
0 1 -1 0 1 0 -1 128 127 0 4294967295
0 1 -1 0 1 0 3 128 127 0 4294967295
0 1 -1 0 1 0 4 128 127 0 4294967295
0 1 -1 0 1 0 5 128 127 0 4294967295
0 1 -1 0 1 255 -1 128 127 0 4294967295
0 1 -1 0 1 255 3 128 127 0 4294967295
0 1 -1 0 1 255 4 128 127 0 4294967295
0 1 -1 0 1 255 5 128 127 0 4294967295
0 1 -1 0 2 0 -1 128 127 0 4294967295
0 1 -1 0 2 0 3 128 127 0 4294967295
0 1 -1 0 2 0 4 128 127 0 4294967295
0 1 -1 0 2 0 5 128 127 0 4294967295
0 1 -1 0 2 255 -1 128 127 0 4294967295
0 1 -1 0 2 255 3 128 127 0 4294967295
0 1 -1 0 2 255 4 128 127 0 4294967295
0 1 -1 0 2 255 5 128 127 0 4294967295
0 1 -1 1 0 0 -1 128 127 0 4294967295
0 1 -1 1 0 0 3 128 127 0 4294967295
0 1 -1 1 0 0 4 128 127 0 4294967295
0 1 -1 1 0 0 5 128 127 0 4294967295
0 1 -1 1 0 255 -1 128 127 0 4294967295
0 1 -1 1 0 255 3 128 127 0 4294967295
0 1 -1 1 0 255 4 128 127 0 4294967295
0 1 -1 1 0 255 5 128 127 0 4294967295
0 1 -1 1 1 0 -1 128 127 0 4294967295
0 1 -1 1 1 0 3 128 127 0 4294967295
0 1 -1 1 1 0 4 128 127 0 4294967295
0 1 -1 1 1 0 5 128 127 0 4294967295
0 1 -1 1 1 255 -1 128 127 0 4294967295
0 1 -1 1 1 255 3 128 127 0 4294967295
0 1 -1 1 1 255 4 128 127 0 4294967295
0 1 -1 1 1 255 5 128 127 0 4294967295
0 1 -1 1 2 0 -1 128 127 0 4294967295
0 1 -1 1 2 0 3 128 127 0 4294967295
0 1 -1 1 2 0 4 128 127 0 4294967295
0 1 -1 1 2 0 5 128 127 0 4294967295
0 1 -1 1 2 255 -1 128 127 0 4294967295
0 1 -1 1 2 255 3 128 127 0 4294967295
0 1 -1 1 2 255 4 128 127 0 4294967295
0 1 -1 1 2 255 5 128 127 0 4294967295
0 1 0 0 0 0 -1 128 127 0 4294967295
0 1 0 0 0 0 3 128 127 0 4294967295
0 1 0 0 0 0 4 128 127 0 4294967295
0 1 0 0 0 0 5 128 127 0 4294967295
0 1 0 0 0 255 -1 128 127 0 4294967295
0 1 0 0 0 255 3 128 127 0 4294967295
0 1 0 0 0 255 4 128 127 0 4294967295
0 1 0 0 0 255 5 128 127 0 4294967295
0 1 0 0 1 0 -1 128 127 0 4294967295
0 1 0 0 1 0 3 128 127 0 4294967295
0 1 0 0 1 0 4 128 127 0 4294967295
0 1 0 0 1 0 5 128 127 0 4294967295
0 1 0 0 1 255 -1 128 127 0 4294967295
0 1 0 0 1 255 3 128 127 0 4294967295
0 1 0 0 1 255 4 128 127 0 4294967295
0 1 0 0 1 255 5 128 127 0 4294967295
0 1 0 0 2 0 -1 128 127 0 4294967295
0 1 0 0 2 0 3 128 127 0 4294967295
0 1 0 0 2 0 4 128 127 0 4294967295
0 1 0 0 2 0 5 128 127 0 4294967295
0 1 0 0 2 255 -1 128 127 0 4294967295
0 1 0 0 2 255 3 128 127 0 4294967295
0 1 0 0 2 255 4 128 127 0 4294967295
0 1 0 0 2 255 5 128 127 0 4294967295
0 1 0 1 0 0 -1 128 127 0 4294967295
0 1 0 1 0 0 3 128 127 0 4294967295
0 1 0 1 0 0 4 128 127 0 4294967295
0 1 0 1 0 0 5 128 127 0 4294967295
0 1 0 1 0 255 -1 128 127 0 4294967295
0 1 0 1 0 255 3 128 127 0 4294967295
0 1 0 1 0 255 4 128 127 0 4294967295
0 1 0 1 0 255 5 128 127 0 4294967295
0 1 0 1 1 0 -1 128 127 0 4294967295
0 1 0 1 1 0 3 128 127 0 4294967295
0 1 0 1 1 0 4 128 127 0 4294967295
0 1 0 1 1 0 5 128 127 0 4294967295
0 1 0 1 1 255 -1 128 127 0 4294967295
0 1 0 1 1 255 3 128 127 0 4294967295
0 1 0 1 1 255 4 128 127 0 4294967295
0 1 0 1 1 255 5 128 127 0 4294967295
0 1 0 1 2 0 -1 128 127 0 4294967295
0 1 0 1 2 0 3 128 127 0 4294967295
0 1 0 1 2 0 4 128 127 0 4294967295
0 1 0 1 2 0 5 128 127 0 4294967295
0 1 0 1 2 255 -1 128 127 0 4294967295
0 1 0 1 2 255 3 128 127 0 4294967295
0 1 0 1 2 255 4 128 127 0 4294967295
0 1 0 1 2 255 5 128 127 0 4294967295
0 1 1 0 0 0 -1 128 127 0 4294967295
0 1 1 0 0 0 3 128 127 0 4294967295
0 1 1 0 0 0 4 128 127 0 4294967295
0 1 1 0 0 0 5 128 127 0 4294967295
0 1 1 0 0 255 -1 128 127 0 4294967295
0 1 1 0 0 255 3 128 127 0 4294967295
0 1 1 0 0 255 4 128 127 0 4294967295
0 1 1 0 0 255 5 128 127 0 4294967295
0 1 1 0 1 0 -1 128 127 0 4294967295
0 1 1 0 1 0 3 128 127 0 4294967295
0 1 1 0 1 0 4 128 127 0 4294967295
0 1 1 0 1 0 5 128 127 0 4294967295
0 1 1 0 1 255 -1 128 127 0 4294967295
0 1 1 0 1 255 3 128 127 0 4294967295
0 1 1 0 1 255 4 128 127 0 4294967295
0 1 1 0 1 255 5 128 127 0 4294967295
0 1 1 0 2 0 -1 128 127 0 4294967295
0 1 1 0 2 0 3 128 127 0 4294967295
0 1 1 0 2 0 4 128 127 0 4294967295
0 1 1 0 2 0 5 128 127 0 4294967295
0 1 1 0 2 255 -1 128 127 0 4294967295
0 1 1 0 2 255 3 128 127 0 4294967295
0 1 1 0 2 255 4 128 127 0 4294967295
0 1 1 0 2 255 5 128 127 0 4294967295
0 1 1 1 0 0 -1 128 127 0 4294967295
0 1 1 1 0 0 3 128 127 0 4294967295
0 1 1 1 0 0 4 128 127 0 4294967295
0 1 1 1 0 0 5 128 127 0 4294967295
0 1 1 1 0 255 -1 128 127 0 4294967295
0 1 1 1 0 255 3 128 127 0 4294967295
0 1 1 1 0 255 4 128 127 0 4294967295
0 1 1 1 0 255 5 128 127 0 4294967295
0 1 1 1 1 0 -1 128 127 0 4294967295
0 1 1 1 1 0 3 128 127 0 4294967295
0 1 1 1 1 0 4 128 127 0 4294967295
0 1 1 1 1 0 5 128 127 0 4294967295
0 1 1 1 1 255 -1 128 127 0 4294967295
0 1 1 1 1 255 3 128 127 0 4294967295
0 1 1 1 1 255 4 128 127 0 4294967295
0 1 1 1 1 255 5 128 127 0 4294967295
0 1 1 1 2 0 -1 128 127 0 4294967295
0 1 1 1 2 0 3 128 127 0 4294967295
0 1 1 1 2 0 4 128 127 0 4294967295
0 1 1 1 2 0 5 128 127 0 4294967295
0 1 1 1 2 255 -1 128 127 0 4294967295
0 1 1 1 2 255 3 128 127 0 4294967295
0 1 1 1 2 255 4 128 127 0 4294967295
0 1 1 1 2 255 5 128 127 0 4294967295
0 1 3 0 0 0 -1 128 127 0 4294967295
0 1 3 0 0 0 3 128 127 0 4294967295
0 1 3 0 0 0 4 128 127 0 4294967295
0 1 3 0 0 0 5 128 127 0 4294967295
0 1 3 0 0 255 -1 128 127 0 4294967295
0 1 3 0 0 255 3 128 127 0 4294967295
0 1 3 0 0 255 4 128 127 0 4294967295
0 1 3 0 0 255 5 128 127 0 4294967295
0 1 3 0 1 0 -1 128 127 0 4294967295
0 1 3 0 1 0 3 128 127 0 4294967295
0 1 3 0 1 0 4 128 127 0 4294967295
0 1 3 0 1 0 5 128 127 0 4294967295
0 1 3 0 1 255 -1 128 127 0 4294967295
0 1 3 0 1 255 3 128 127 0 4294967295
0 1 3 0 1 255 4 128 127 0 4294967295
0 1 3 0 1 255 5 128 127 0 4294967295
0 1 3 0 2 0 -1 128 127 0 4294967295
0 1 3 0 2 0 3 128 127 0 4294967295
0 1 3 0 2 0 4 128 127 0 4294967295
0 1 3 0 2 0 5 128 127 0 4294967295
0 1 3 0 2 255 -1 128 127 0 4294967295
0 1 3 0 2 255 3 128 127 0 4294967295
0 1 3 0 2 255 4 128 127 0 4294967295
0 1 3 0 2 255 5 128 127 0 4294967295
0 1 3 1 0 0 -1 128 127 0 4294967295
0 1 3 1 0 0 3 128 127 0 4294967295
0 1 3 1 0 0 4 128 127 0 4294967295
0 1 3 1 0 0 5 128 127 0 4294967295
0 1 3 1 0 255 -1 128 127 0 4294967295
0 1 3 1 0 255 3 128 127 0 4294967295
0 1 3 1 0 255 4 128 127 0 4294967295
0 1 3 1 0 255 5 128 127 0 4294967295
0 1 3 1 1 0 -1 128 127 0 4294967295
0 1 3 1 1 0 3 128 127 0 4294967295
0 1 3 1 1 0 4 128 127 0 4294967295
0 1 3 1 1 0 5 128 127 0 4294967295
0 1 3 1 1 255 -1 128 127 0 4294967295
0 1 3 1 1 255 3 128 127 0 4294967295
0 1 3 1 1 255 4 128 127 0 4294967295
0 1 3 1 1 255 5 128 127 0 4294967295
0 1 3 1 2 0 -1 128 127 0 4294967295
0 1 3 1 2 0 3 128 127 0 4294967295
0 1 3 1 2 0 4 128 127 0 4294967295
0 1 3 1 2 0 5 128 127 0 4294967295
0 1 3 1 2 255 -1 128 127 0 4294967295
0 1 3 1 2 255 3 128 127 0 4294967295
0 1 3 1 2 255 4 128 127 0 4294967295
0 1 3 1 2 255 5 128 127 0 4294967295
0 2 -1 0 0 0 -1 128 127 0 4294967295
0 2 -1 0 0 0 3 128 127 0 4294967295
0 2 -1 0 0 0 4 128 127 0 4294967295
0 2 -1 0 0 0 5 128 127 0 4294967295
0 2 -1 0 0 255 -1 128 127 0 4294967295
0 2 -1 0 0 255 3 128 127 0 4294967295
0 2 -1 0 0 255 4 128 127 0 4294967295
0 2 -1 0 0 255 5 128 127 0 4294967295
0 2 -1 0 1 0 -1 128 127 0 4294967295
0 2 -1 0 1 0 3 128 127 0 4294967295
0 2 -1 0 1 0 4 128 127 0 4294967295
0 2 -1 0 1 0 5 128 127 0 4294967295
0 2 -1 0 1 255 -1 128 127 0 4294967295
0 2 -1 0 1 255 3 128 127 0 4294967295
0 2 -1 0 1 255 4 128 127 0 4294967295
0 2 -1 0 1 255 5 128 127 0 4294967295
0 2 -1 0 2 0 -1 128 127 0 4294967295
0 2 -1 0 2 0 3 128 127 0 4294967295
0 2 -1 0 2 0 4 128 127 0 4294967295
0 2 -1 0 2 0 5 128 127 0 4294967295
0 2 -1 0 2 255 -1 128 127 0 4294967295
0 2 -1 0 2 255 3 128 127 0 4294967295
0 2 -1 0 2 255 4 128 127 0 4294967295
0 2 -1 0 2 255 5 128 127 0 4294967295
0 2 -1 1 0 0 -1 128 127 0 4294967295
0 2 -1 1 0 0 3 128 127 0 4294967295
0 2 -1 1 0 0 4 128 127 0 4294967295
0 2 -1 1 0 0 5 128 127 0 4294967295
0 2 -1 1 0 255 -1 128 127 0 4294967295
0 2 -1 1 0 255 3 128 127 0 4294967295
0 2 -1 1 0 255 4 128 127 0 4294967295
0 2 -1 1 0 255 5 128 127 0 4294967295
0 2 -1 1 1 0 -1 128 127 0 4294967295
0 2 -1 1 1 0 3 128 127 0 4294967295
0 2 -1 1 1 0 4 128 127 0 4294967295
0 2 -1 1 1 0 5 128 127 0 4294967295
0 2 -1 1 1 255 -1 128 127 0 4294967295
0 2 -1 1 1 255 3 128 127 0 4294967295
0 2 -1 1 1 255 4 128 127 0 4294967295
0 2 -1 1 1 255 5 128 127 0 4294967295
0 2 -1 1 2 0 -1 128 127 0 4294967295
0 2 -1 1 2 0 3 128 127 0 4294967295
0 2 -1 1 2 0 4 128 127 0 4294967295
0 2 -1 1 2 0 5 128 127 0 4294967295
0 2 -1 1 2 255 -1 128 127 0 4294967295
0 2 -1 1 2 255 3 128 127 0 4294967295
0 2 -1 1 2 255 4 128 127 0 4294967295
0 2 -1 1 2 255 5 128 127 0 4294967295
0 2 0 0 0 0 -1 128 127 0 4294967295
0 2 0 0 0 0 3 128 127 0 4294967295
0 2 0 0 0 0 4 128 127 0 4294967295
0 2 0 0 0 0 5 128 127 0 4294967295
0 2 0 0 0 255 -1 128 127 0 4294967295
0 2 0 0 0 255 3 128 127 0 4294967295
0 2 0 0 0 255 4 128 127 0 4294967295
0 2 0 0 0 255 5 128 127 0 4294967295
0 2 0 0 1 0 -1 128 127 0 4294967295
0 2 0 0 1 0 3 128 127 0 4294967295
0 2 0 0 1 0 4 128 127 0 4294967295
0 2 0 0 1 0 5 128 127 0 4294967295
0 2 0 0 1 255 -1 128 127 0 4294967295
0 2 0 0 1 255 3 128 127 0 4294967295
0 2 0 0 1 255 4 128 127 0 4294967295
0 2 0 0 1 255 5 128 127 0 4294967295
0 2 0 0 2 0 -1 128 127 0 4294967295
0 2 0 0 2 0 3 128 127 0 4294967295
0 2 0 0 2 0 4 128 127 0 4294967295
0 2 0 0 2 0 5 128 127 0 4294967295
0 2 0 0 2 255 -1 128 127 0 4294967295
0 2 0 0 2 255 3 128 127 0 4294967295
0 2 0 0 2 255 4 128 127 0 4294967295
0 2 0 0 2 255 5 128 127 0 4294967295
0 2 0 1 0 0 -1 128 127 0 4294967295
0 2 0 1 0 0 3 128 127 0 4294967295
0 2 0 1 0 0 4 128 127 0 4294967295
0 2 0 1 0 0 5 128 127 0 4294967295
0 2 0 1 0 255 -1 128 127 0 4294967295
0 2 0 1 0 255 3 128 127 0 4294967295
0 2 0 1 0 255 4 128 127 0 4294967295
0 2 0 1 0 255 5 128 127 0 4294967295
0 2 0 1 1 0 -1 128 127 0 4294967295
0 2 0 1 1 0 3 128 127 0 4294967295
0 2 0 1 1 0 4 128 127 0 4294967295
0 2 0 1 1 0 5 128 127 0 4294967295
0 2 0 1 1 255 -1 128 127 0 4294967295
0 2 0 1 1 255 3 128 127 0 4294967295
0 2 0 1 1 255 4 128 127 0 4294967295
0 2 0 1 1 255 5 128 127 0 4294967295
0 2 0 1 2 0 -1 128 127 0 4294967295
0 2 0 1 2 0 3 128 127 0 4294967295
0 2 0 1 2 0 4 128 127 0 4294967295
0 2 0 1 2 0 5 128 127 0 4294967295
0 2 0 1 2 255 -1 128 127 0 4294967295
0 2 0 1 2 255 3 128 127 0 4294967295
0 2 0 1 2 255 4 128 127 0 4294967295
0 2 0 1 2 255 5 128 127 0 4294967295
0 2 1 0 0 0 -1 128 127 0 4294967295
0 2 1 0 0 0 3 128 127 0 4294967295
0 2 1 0 0 0 4 128 127 0 4294967295
0 2 1 0 0 0 5 128 127 0 4294967295
0 2 1 0 0 255 -1 128 127 0 4294967295
0 2 1 0 0 255 3 128 127 0 4294967295
0 2 1 0 0 255 4 128 127 0 4294967295
0 2 1 0 0 255 5 128 127 0 4294967295
0 2 1 0 1 0 -1 128 127 0 4294967295
0 2 1 0 1 0 3 128 127 0 4294967295
0 2 1 0 1 0 4 128 127 0 4294967295
0 2 1 0 1 0 5 128 127 0 4294967295
0 2 1 0 1 255 -1 128 127 0 4294967295
0 2 1 0 1 255 3 128 127 0 4294967295
0 2 1 0 1 255 4 128 127 0 4294967295
0 2 1 0 1 255 5 128 127 0 4294967295
0 2 1 0 2 0 -1 128 127 0 4294967295
0 2 1 0 2 0 3 128 127 0 4294967295
0 2 1 0 2 0 4 128 127 0 4294967295
0 2 1 0 2 0 5 128 127 0 4294967295
0 2 1 0 2 255 -1 128 127 0 4294967295
0 2 1 0 2 255 3 128 127 0 4294967295
0 2 1 0 2 255 4 128 127 0 4294967295
0 2 1 0 2 255 5 128 127 0 4294967295
0 2 1 1 0 0 -1 128 127 0 4294967295
0 2 1 1 0 0 3 128 127 0 4294967295
0 2 1 1 0 0 4 128 127 0 4294967295
0 2 1 1 0 0 5 128 127 0 4294967295
0 2 1 1 0 255 -1 128 127 0 4294967295
0 2 1 1 0 255 3 128 127 0 4294967295
0 2 1 1 0 255 4 128 127 0 4294967295
0 2 1 1 0 255 5 128 127 0 4294967295
0 2 1 1 1 0 -1 128 127 0 4294967295
0 2 1 1 1 0 3 128 127 0 4294967295
0 2 1 1 1 0 4 128 127 0 4294967295
0 2 1 1 1 0 5 128 127 0 4294967295
0 2 1 1 1 255 -1 128 127 0 4294967295
0 2 1 1 1 255 3 128 127 0 4294967295
0 2 1 1 1 255 4 128 127 0 4294967295
0 2 1 1 1 255 5 128 127 0 4294967295
0 2 1 1 2 0 -1 128 127 0 4294967295
0 2 1 1 2 0 3 128 127 0 4294967295
0 2 1 1 2 0 4 128 127 0 4294967295
0 2 1 1 2 0 5 128 127 0 4294967295
0 2 1 1 2 255 -1 128 127 0 4294967295
0 2 1 1 2 255 3 128 127 0 4294967295
0 2 1 1 2 255 4 128 127 0 4294967295
0 2 1 1 2 255 5 128 127 0 4294967295
0 2 3 0 0 0 -1 128 127 0 4294967295
0 2 3 0 0 0 3 128 127 0 4294967295
0 2 3 0 0 0 4 128 127 0 4294967295
0 2 3 0 0 0 5 128 127 0 4294967295
0 2 3 0 0 255 -1 128 127 0 4294967295
0 2 3 0 0 255 3 128 127 0 4294967295
0 2 3 0 0 255 4 128 127 0 4294967295
0 2 3 0 0 255 5 128 127 0 4294967295
0 2 3 0 1 0 -1 128 127 0 4294967295
0 2 3 0 1 0 3 128 127 0 4294967295
0 2 3 0 1 0 4 128 127 0 4294967295
0 2 3 0 1 0 5 128 127 0 4294967295
0 2 3 0 1 255 -1 128 127 0 4294967295
0 2 3 0 1 255 3 128 127 0 4294967295
0 2 3 0 1 255 4 128 127 0 4294967295
0 2 3 0 1 255 5 128 127 0 4294967295
0 2 3 0 2 0 -1 128 127 0 4294967295
0 2 3 0 2 0 3 128 127 0 4294967295
0 2 3 0 2 0 4 128 127 0 4294967295
0 2 3 0 2 0 5 128 127 0 4294967295
0 2 3 0 2 255 -1 128 127 0 4294967295
0 2 3 0 2 255 3 128 127 0 4294967295
0 2 3 0 2 255 4 128 127 0 4294967295
0 2 3 0 2 255 5 128 127 0 4294967295
0 2 3 1 0 0 -1 128 127 0 4294967295
0 2 3 1 0 0 3 128 127 0 4294967295
0 2 3 1 0 0 4 128 127 0 4294967295
0 2 3 1 0 0 5 128 127 0 4294967295
0 2 3 1 0 255 -1 128 127 0 4294967295
0 2 3 1 0 255 3 128 127 0 4294967295
0 2 3 1 0 255 4 128 127 0 4294967295
0 2 3 1 0 255 5 128 127 0 4294967295
0 2 3 1 1 0 -1 128 127 0 4294967295
0 2 3 1 1 0 3 128 127 0 4294967295
0 2 3 1 1 0 4 128 127 0 4294967295
0 2 3 1 1 0 5 128 127 0 4294967295
0 2 3 1 1 255 -1 128 127 0 4294967295
0 2 3 1 1 255 3 128 127 0 4294967295
0 2 3 1 1 255 4 128 127 0 4294967295
0 2 3 1 1 255 5 128 127 0 4294967295
0 2 3 1 2 0 -1 128 127 0 4294967295
0 2 3 1 2 0 3 128 127 0 4294967295
0 2 3 1 2 0 4 128 127 0 4294967295
0 2 3 1 2 0 5 128 127 0 4294967295
0 2 3 1 2 255 -1 128 127 0 4294967295
0 2 3 1 2 255 3 128 127 0 4294967295
0 2 3 1 2 255 4 128 127 0 4294967295
0 2 3 1 2 255 5 128 127 0 4294967295
0 3 -1 0 0 0 -1 128 127 0 4294967295
0 3 -1 0 0 0 3 128 127 0 4294967295
0 3 -1 0 0 0 4 128 127 0 4294967295
0 3 -1 0 0 0 5 128 127 0 4294967295
0 3 -1 0 0 255 -1 128 127 0 4294967295
0 3 -1 0 0 255 3 128 127 0 4294967295
0 3 -1 0 0 255 4 128 127 0 4294967295
0 3 -1 0 0 255 5 128 127 0 4294967295
0 3 -1 0 1 0 -1 128 127 0 4294967295
0 3 -1 0 1 0 3 128 127 0 4294967295
0 3 -1 0 1 0 4 128 127 0 4294967295
0 3 -1 0 1 0 5 128 127 0 4294967295
0 3 -1 0 1 255 -1 128 127 0 4294967295
0 3 -1 0 1 255 3 128 127 0 4294967295
0 3 -1 0 1 255 4 128 127 0 4294967295
0 3 -1 0 1 255 5 128 127 0 4294967295
0 3 -1 0 2 0 -1 128 127 0 4294967295
0 3 -1 0 2 0 3 128 127 0 4294967295
0 3 -1 0 2 0 4 128 127 0 4294967295
0 3 -1 0 2 0 5 128 127 0 4294967295
0 3 -1 0 2 255 -1 128 127 0 4294967295
0 3 -1 0 2 255 3 128 127 0 4294967295
0 3 -1 0 2 255 4 128 127 0 4294967295
0 3 -1 0 2 255 5 128 127 0 4294967295
0 3 -1 1 0 0 -1 128 127 0 4294967295
0 3 -1 1 0 0 3 128 127 0 4294967295
0 3 -1 1 0 0 4 128 127 0 4294967295
0 3 -1 1 0 0 5 128 127 0 4294967295
0 3 -1 1 0 255 -1 128 127 0 4294967295
0 3 -1 1 0 255 3 128 127 0 4294967295
0 3 -1 1 0 255 4 128 127 0 4294967295
0 3 -1 1 0 255 5 128 127 0 4294967295
0 3 -1 1 1 0 -1 128 127 0 4294967295
0 3 -1 1 1 0 3 128 127 0 4294967295
0 3 -1 1 1 0 4 128 127 0 4294967295
0 3 -1 1 1 0 5 128 127 0 4294967295
0 3 -1 1 1 255 -1 128 127 0 4294967295
0 3 -1 1 1 255 3 128 127 0 4294967295
0 3 -1 1 1 255 4 128 127 0 4294967295
0 3 -1 1 1 255 5 128 127 0 4294967295
0 3 -1 1 2 0 -1 128 127 0 4294967295
0 3 -1 1 2 0 3 128 127 0 4294967295
0 3 -1 1 2 0 4 128 127 0 4294967295
0 3 -1 1 2 0 5 128 127 0 4294967295
0 3 -1 1 2 255 -1 128 127 0 4294967295
0 3 -1 1 2 255 3 128 127 0 4294967295
0 3 -1 1 2 255 4 128 127 0 4294967295
0 3 -1 1 2 255 5 128 127 0 4294967295
0 3 0 0 0 0 -1 128 127 0 4294967295
0 3 0 0 0 0 3 128 127 0 4294967295
0 3 0 0 0 0 4 128 127 0 4294967295
0 3 0 0 0 0 5 128 127 0 4294967295
0 3 0 0 0 255 -1 128 127 0 4294967295
0 3 0 0 0 255 3 128 127 0 4294967295
0 3 0 0 0 255 4 128 127 0 4294967295
0 3 0 0 0 255 5 128 127 0 4294967295
0 3 0 0 1 0 -1 128 127 0 4294967295
0 3 0 0 1 0 3 128 127 0 4294967295
0 3 0 0 1 0 4 128 127 0 4294967295
0 3 0 0 1 0 5 128 127 0 4294967295
0 3 0 0 1 255 -1 128 127 0 4294967295
0 3 0 0 1 255 3 128 127 0 4294967295
0 3 0 0 1 255 4 128 127 0 4294967295
0 3 0 0 1 255 5 128 127 0 4294967295
0 3 0 0 2 0 -1 128 127 0 4294967295
0 3 0 0 2 0 3 128 127 0 4294967295
0 3 0 0 2 0 4 128 127 0 4294967295
0 3 0 0 2 0 5 128 127 0 4294967295
0 3 0 0 2 255 -1 128 127 0 4294967295
0 3 0 0 2 255 3 128 127 0 4294967295
0 3 0 0 2 255 4 128 127 0 4294967295
0 3 0 0 2 255 5 128 127 0 4294967295
0 3 0 1 0 0 -1 128 127 0 4294967295
0 3 0 1 0 0 3 128 127 0 4294967295
0 3 0 1 0 0 4 128 127 0 4294967295
0 3 0 1 0 0 5 128 127 0 4294967295
0 3 0 1 0 255 -1 128 127 0 4294967295
0 3 0 1 0 255 3 128 127 0 4294967295
0 3 0 1 0 255 4 128 127 0 4294967295
0 3 0 1 0 255 5 128 127 0 4294967295
0 3 0 1 1 0 -1 128 127 0 4294967295
0 3 0 1 1 0 3 128 127 0 4294967295
0 3 0 1 1 0 4 128 127 0 4294967295
0 3 0 1 1 0 5 128 127 0 4294967295
0 3 0 1 1 255 -1 128 127 0 4294967295
0 3 0 1 1 255 3 128 127 0 4294967295
0 3 0 1 1 255 4 128 127 0 4294967295
0 3 0 1 1 255 5 128 127 0 4294967295
0 3 0 1 2 0 -1 128 127 0 4294967295
0 3 0 1 2 0 3 128 127 0 4294967295
0 3 0 1 2 0 4 128 127 0 4294967295
0 3 0 1 2 0 5 128 127 0 4294967295
0 3 0 1 2 255 -1 128 127 0 4294967295
0 3 0 1 2 255 3 128 127 0 4294967295
0 3 0 1 2 255 4 128 127 0 4294967295
0 3 0 1 2 255 5 128 127 0 4294967295
0 3 1 0 0 0 -1 128 127 0 4294967295
0 3 1 0 0 0 3 128 127 0 4294967295
0 3 1 0 0 0 4 128 127 0 4294967295
0 3 1 0 0 0 5 128 127 0 4294967295
0 3 1 0 0 255 -1 128 127 0 4294967295
0 3 1 0 0 255 3 128 127 0 4294967295
0 3 1 0 0 255 4 128 127 0 4294967295
0 3 1 0 0 255 5 128 127 0 4294967295
0 3 1 0 1 0 -1 128 127 0 4294967295
0 3 1 0 1 0 3 128 127 0 4294967295
0 3 1 0 1 0 4 128 127 0 4294967295
0 3 1 0 1 0 5 128 127 0 4294967295
0 3 1 0 1 255 -1 128 127 0 4294967295
0 3 1 0 1 255 3 128 127 0 4294967295
0 3 1 0 1 255 4 128 127 0 4294967295
0 3 1 0 1 255 5 128 127 0 4294967295
0 3 1 0 2 0 -1 128 127 0 4294967295
0 3 1 0 2 0 3 128 127 0 4294967295
0 3 1 0 2 0 4 128 127 0 4294967295
0 3 1 0 2 0 5 128 127 0 4294967295
0 3 1 0 2 255 -1 128 127 0 4294967295
0 3 1 0 2 255 3 128 127 0 4294967295
0 3 1 0 2 255 4 128 127 0 4294967295
0 3 1 0 2 255 5 128 127 0 4294967295
0 3 1 1 0 0 -1 128 127 0 4294967295
0 3 1 1 0 0 3 128 127 0 4294967295
0 3 1 1 0 0 4 128 127 0 4294967295
0 3 1 1 0 0 5 128 127 0 4294967295
0 3 1 1 0 255 -1 128 127 0 4294967295
0 3 1 1 0 255 3 128 127 0 4294967295
0 3 1 1 0 255 4 128 127 0 4294967295
0 3 1 1 0 255 5 128 127 0 4294967295
0 3 1 1 1 0 -1 128 127 0 4294967295
0 3 1 1 1 0 3 128 127 0 4294967295
0 3 1 1 1 0 4 128 127 0 4294967295
0 3 1 1 1 0 5 128 127 0 4294967295
0 3 1 1 1 255 -1 128 127 0 4294967295
0 3 1 1 1 255 3 128 127 0 4294967295
0 3 1 1 1 255 4 128 127 0 4294967295
0 3 1 1 1 255 5 128 127 0 4294967295
0 3 1 1 2 0 -1 128 127 0 4294967295
0 3 1 1 2 0 3 128 127 0 4294967295
0 3 1 1 2 0 4 128 127 0 4294967295
0 3 1 1 2 0 5 128 127 0 4294967295
0 3 1 1 2 255 -1 128 127 0 4294967295
0 3 1 1 2 255 3 128 127 0 4294967295
0 3 1 1 2 255 4 128 127 0 4294967295
0 3 1 1 2 255 5 128 127 0 4294967295
0 3 3 0 0 0 -1 128 127 0 4294967295
0 3 3 0 0 0 3 128 127 0 4294967295
0 3 3 0 0 0 4 128 127 0 4294967295
0 3 3 0 0 0 5 128 127 0 4294967295
0 3 3 0 0 255 -1 128 127 0 4294967295
0 3 3 0 0 255 3 128 127 0 4294967295
0 3 3 0 0 255 4 128 127 0 4294967295
0 3 3 0 0 255 5 128 127 0 4294967295
0 3 3 0 1 0 -1 128 127 0 4294967295
0 3 3 0 1 0 3 128 127 0 4294967295
0 3 3 0 1 0 4 128 127 0 4294967295
0 3 3 0 1 0 5 128 127 0 4294967295
0 3 3 0 1 255 -1 128 127 0 4294967295
0 3 3 0 1 255 3 128 127 0 4294967295
0 3 3 0 1 255 4 128 127 0 4294967295
0 3 3 0 1 255 5 128 127 0 4294967295
0 3 3 0 2 0 -1 128 127 0 4294967295
0 3 3 0 2 0 3 128 127 0 4294967295
0 3 3 0 2 0 4 128 127 0 4294967295
0 3 3 0 2 0 5 128 127 0 4294967295
0 3 3 0 2 255 -1 128 127 0 4294967295
0 3 3 0 2 255 3 128 127 0 4294967295
0 3 3 0 2 255 4 128 127 0 4294967295
0 3 3 0 2 255 5 128 127 0 4294967295
0 3 3 1 0 0 -1 128 127 0 4294967295
0 3 3 1 0 0 3 128 127 0 4294967295
0 3 3 1 0 0 4 128 127 0 4294967295
0 3 3 1 0 0 5 128 127 0 4294967295
0 3 3 1 0 255 -1 128 127 0 4294967295
0 3 3 1 0 255 3 128 127 0 4294967295
0 3 3 1 0 255 4 128 127 0 4294967295
0 3 3 1 0 255 5 128 127 0 4294967295
0 3 3 1 1 0 -1 128 127 0 4294967295
0 3 3 1 1 0 3 128 127 0 4294967295
0 3 3 1 1 0 4 128 127 0 4294967295
0 3 3 1 1 0 5 128 127 0 4294967295
0 3 3 1 1 255 -1 128 127 0 4294967295
0 3 3 1 1 255 3 128 127 0 4294967295
0 3 3 1 1 255 4 128 127 0 4294967295
0 3 3 1 1 255 5 128 127 0 4294967295
0 3 3 1 2 0 -1 128 127 0 4294967295
0 3 3 1 2 0 3 128 127 0 4294967295
0 3 3 1 2 0 4 128 127 0 4294967295
0 3 3 1 2 0 5 128 127 0 4294967295
0 3 3 1 2 255 -1 128 127 0 4294967295
0 3 3 1 2 255 3 128 127 0 4294967295
0 3 3 1 2 255 4 128 127 0 4294967295
0 3 3 1 2 255 5 128 127 0 4294967295
0 4 -1 0 0 0 -1 128 127 0 4294967295
0 4 -1 0 0 0 3 128 127 0 4294967295
0 4 -1 0 0 0 4 128 127 0 4294967295
0 4 -1 0 0 0 5 128 127 0 4294967295
0 4 -1 0 0 255 -1 128 127 0 4294967295
0 4 -1 0 0 255 3 128 127 0 4294967295
0 4 -1 0 0 255 4 128 127 0 4294967295
0 4 -1 0 0 255 5 128 127 0 4294967295
0 4 -1 0 1 0 -1 128 127 0 4294967295
0 4 -1 0 1 0 3 128 127 0 4294967295
0 4 -1 0 1 0 4 128 127 0 4294967295
0 4 -1 0 1 0 5 128 127 0 4294967295
0 4 -1 0 1 255 -1 128 127 0 4294967295
0 4 -1 0 1 255 3 128 127 0 4294967295
0 4 -1 0 1 255 4 128 127 0 4294967295
0 4 -1 0 1 255 5 128 127 0 4294967295
0 4 -1 0 2 0 -1 128 127 0 4294967295
0 4 -1 0 2 0 3 128 127 0 4294967295
0 4 -1 0 2 0 4 128 127 0 4294967295
0 4 -1 0 2 0 5 128 127 0 4294967295
0 4 -1 0 2 255 -1 128 127 0 4294967295
0 4 -1 0 2 255 3 128 127 0 4294967295
0 4 -1 0 2 255 4 128 127 0 4294967295
0 4 -1 0 2 255 5 128 127 0 4294967295
0 4 -1 1 0 0 -1 128 127 0 4294967295
0 4 -1 1 0 0 3 128 127 0 4294967295
0 4 -1 1 0 0 4 128 127 0 4294967295
0 4 -1 1 0 0 5 128 127 0 4294967295
0 4 -1 1 0 255 -1 128 127 0 4294967295
0 4 -1 1 0 255 3 128 127 0 4294967295
0 4 -1 1 0 255 4 128 127 0 4294967295
0 4 -1 1 0 255 5 128 127 0 4294967295
0 4 -1 1 1 0 -1 128 127 0 4294967295
0 4 -1 1 1 0 3 128 127 0 4294967295
0 4 -1 1 1 0 4 128 127 0 4294967295
0 4 -1 1 1 0 5 128 127 0 4294967295
0 4 -1 1 1 255 -1 128 127 0 4294967295
0 4 -1 1 1 255 3 128 127 0 4294967295
0 4 -1 1 1 255 4 128 127 0 4294967295
0 4 -1 1 1 255 5 128 127 0 4294967295
0 4 -1 1 2 0 -1 128 127 0 4294967295
0 4 -1 1 2 0 3 128 127 0 4294967295
0 4 -1 1 2 0 4 128 127 0 4294967295
0 4 -1 1 2 0 5 128 127 0 4294967295
0 4 -1 1 2 255 -1 128 127 0 4294967295
0 4 -1 1 2 255 3 128 127 0 4294967295
0 4 -1 1 2 255 4 128 127 0 4294967295
0 4 -1 1 2 255 5 128 127 0 4294967295
0 4 0 0 0 0 -1 128 127 0 4294967295
0 4 0 0 0 0 3 128 127 0 4294967295
0 4 0 0 0 0 4 128 127 0 4294967295
0 4 0 0 0 0 5 128 127 0 4294967295
0 4 0 0 0 255 -1 128 127 0 4294967295
0 4 0 0 0 255 3 128 127 0 4294967295
0 4 0 0 0 255 4 128 127 0 4294967295
0 4 0 0 0 255 5 128 127 0 4294967295
0 4 0 0 1 0 -1 128 127 0 4294967295
0 4 0 0 1 0 3 128 127 0 4294967295
0 4 0 0 1 0 4 128 127 0 4294967295
0 4 0 0 1 0 5 128 127 0 4294967295
0 4 0 0 1 255 -1 128 127 0 4294967295
0 4 0 0 1 255 3 128 127 0 4294967295
0 4 0 0 1 255 4 128 127 0 4294967295
0 4 0 0 1 255 5 128 127 0 4294967295
0 4 0 0 2 0 -1 128 127 0 4294967295
0 4 0 0 2 0 3 128 127 0 4294967295
0 4 0 0 2 0 4 128 127 0 4294967295
0 4 0 0 2 0 5 128 127 0 4294967295
0 4 0 0 2 255 -1 128 127 0 4294967295
0 4 0 0 2 255 3 128 127 0 4294967295
0 4 0 0 2 255 4 128 127 0 4294967295
0 4 0 0 2 255 5 128 127 0 4294967295
0 4 0 1 0 0 -1 128 127 0 4294967295
0 4 0 1 0 0 3 128 127 0 4294967295
0 4 0 1 0 0 4 128 127 0 4294967295
0 4 0 1 0 0 5 128 127 0 4294967295
0 4 0 1 0 255 -1 128 127 0 4294967295
0 4 0 1 0 255 3 128 127 0 4294967295
0 4 0 1 0 255 4 128 127 0 4294967295
0 4 0 1 0 255 5 128 127 0 4294967295
0 4 0 1 1 0 -1 128 127 0 4294967295
0 4 0 1 1 0 3 128 127 0 4294967295
0 4 0 1 1 0 4 128 127 0 4294967295
0 4 0 1 1 0 5 128 127 0 4294967295
0 4 0 1 1 255 -1 128 127 0 4294967295
0 4 0 1 1 255 3 128 127 0 4294967295
0 4 0 1 1 255 4 128 127 0 4294967295
0 4 0 1 1 255 5 128 127 0 4294967295
0 4 0 1 2 0 -1 128 127 0 4294967295
0 4 0 1 2 0 3 128 127 0 4294967295
0 4 0 1 2 0 4 128 127 0 4294967295
0 4 0 1 2 0 5 128 127 0 4294967295
0 4 0 1 2 255 -1 128 127 0 4294967295
0 4 0 1 2 255 3 128 127 0 4294967295
0 4 0 1 2 255 4 128 127 0 4294967295
0 4 0 1 2 255 5 128 127 0 4294967295
0 4 1 0 0 0 -1 128 127 0 4294967295
0 4 1 0 0 0 3 128 127 0 4294967295
0 4 1 0 0 0 4 128 127 0 4294967295
0 4 1 0 0 0 5 128 127 0 4294967295
0 4 1 0 0 255 -1 128 127 0 4294967295
0 4 1 0 0 255 3 128 127 0 4294967295
0 4 1 0 0 255 4 128 127 0 4294967295
0 4 1 0 0 255 5 128 127 0 4294967295
0 4 1 0 1 0 -1 128 127 0 4294967295
0 4 1 0 1 0 3 128 127 0 4294967295
0 4 1 0 1 0 4 128 127 0 4294967295
0 4 1 0 1 0 5 128 127 0 4294967295
0 4 1 0 1 255 -1 128 127 0 4294967295
0 4 1 0 1 255 3 128 127 0 4294967295
0 4 1 0 1 255 4 128 127 0 4294967295
0 4 1 0 1 255 5 128 127 0 4294967295
0 4 1 0 2 0 -1 128 127 0 4294967295
0 4 1 0 2 0 3 128 127 0 4294967295
0 4 1 0 2 0 4 128 127 0 4294967295
0 4 1 0 2 0 5 128 127 0 4294967295
0 4 1 0 2 255 -1 128 127 0 4294967295
0 4 1 0 2 255 3 128 127 0 4294967295
0 4 1 0 2 255 4 128 127 0 4294967295
0 4 1 0 2 255 5 128 127 0 4294967295
0 4 1 1 0 0 -1 128 127 0 4294967295
0 4 1 1 0 0 3 128 127 0 4294967295
0 4 1 1 0 0 4 128 127 0 4294967295
0 4 1 1 0 0 5 128 127 0 4294967295
0 4 1 1 0 255 -1 128 127 0 4294967295
0 4 1 1 0 255 3 128 127 0 4294967295
0 4 1 1 0 255 4 128 127 0 4294967295
0 4 1 1 0 255 5 128 127 0 4294967295
0 4 1 1 1 0 -1 128 127 0 4294967295
0 4 1 1 1 0 3 128 127 0 4294967295
0 4 1 1 1 0 4 128 127 0 4294967295
0 4 1 1 1 0 5 128 127 0 4294967295
0 4 1 1 1 255 -1 128 127 0 4294967295
0 4 1 1 1 255 3 128 127 0 4294967295
0 4 1 1 1 255 4 128 127 0 4294967295
0 4 1 1 1 255 5 128 127 0 4294967295
0 4 1 1 2 0 -1 128 127 0 4294967295
0 4 1 1 2 0 3 128 127 0 4294967295
0 4 1 1 2 0 4 128 127 0 4294967295
0 4 1 1 2 0 5 128 127 0 4294967295
0 4 1 1 2 255 -1 128 127 0 4294967295
0 4 1 1 2 255 3 128 127 0 4294967295
0 4 1 1 2 255 4 128 127 0 4294967295
0 4 1 1 2 255 5 128 127 0 4294967295
0 4 3 0 0 0 -1 128 127 0 4294967295
0 4 3 0 0 0 3 128 127 0 4294967295
0 4 3 0 0 0 4 128 127 0 4294967295
0 4 3 0 0 0 5 128 127 0 4294967295
0 4 3 0 0 255 -1 128 127 0 4294967295
0 4 3 0 0 255 3 128 127 0 4294967295
0 4 3 0 0 255 4 128 127 0 4294967295
0 4 3 0 0 255 5 128 127 0 4294967295
0 4 3 0 1 0 -1 128 127 0 4294967295
0 4 3 0 1 0 3 128 127 0 4294967295
0 4 3 0 1 0 4 128 127 0 4294967295
0 4 3 0 1 0 5 128 127 0 4294967295
0 4 3 0 1 255 -1 128 127 0 4294967295
0 4 3 0 1 255 3 128 127 0 4294967295
0 4 3 0 1 255 4 128 127 0 4294967295
0 4 3 0 1 255 5 128 127 0 4294967295
0 4 3 0 2 0 -1 128 127 0 4294967295
0 4 3 0 2 0 3 128 127 0 4294967295
0 4 3 0 2 0 4 128 127 0 4294967295
0 4 3 0 2 0 5 128 127 0 4294967295
0 4 3 0 2 255 -1 128 127 0 4294967295
0 4 3 0 2 255 3 128 127 0 4294967295
0 4 3 0 2 255 4 128 127 0 4294967295
0 4 3 0 2 255 5 128 127 0 4294967295
0 4 3 1 0 0 -1 128 127 0 4294967295
0 4 3 1 0 0 3 128 127 0 4294967295
0 4 3 1 0 0 4 128 127 0 4294967295
0 4 3 1 0 0 5 128 127 0 4294967295
0 4 3 1 0 255 -1 128 127 0 4294967295
0 4 3 1 0 255 3 128 127 0 4294967295
0 4 3 1 0 255 4 128 127 0 4294967295
0 4 3 1 0 255 5 128 127 0 4294967295
0 4 3 1 1 0 -1 128 127 0 4294967295
0 4 3 1 1 0 3 128 127 0 4294967295
0 4 3 1 1 0 4 128 127 0 4294967295
0 4 3 1 1 0 5 128 127 0 4294967295
0 4 3 1 1 255 -1 128 127 0 4294967295
0 4 3 1 1 255 3 128 127 0 4294967295
0 4 3 1 1 255 4 128 127 0 4294967295
0 4 3 1 1 255 5 128 127 0 4294967295
0 4 3 1 2 0 -1 128 127 0 4294967295
0 4 3 1 2 0 3 128 127 0 4294967295
0 4 3 1 2 0 4 128 127 0 4294967295
0 4 3 1 2 0 5 128 127 0 4294967295
0 4 3 1 2 255 -1 128 127 0 4294967295
0 4 3 1 2 255 3 128 127 0 4294967295
0 4 3 1 2 255 4 128 127 0 4294967295
0 4 3 1 2 255 5 128 127 0 4294967295
1 0 -1 0 0 0 -1 128 127 0 4294967295
1 0 -1 0 0 0 3 128 127 0 4294967295
1 0 -1 0 0 0 4 128 127 0 4294967295
1 0 -1 0 0 0 5 128 127 0 4294967295
1 0 -1 0 0 255 -1 128 127 0 4294967295
1 0 -1 0 0 255 3 128 127 0 4294967295
1 0 -1 0 0 255 4 128 127 0 4294967295
1 0 -1 0 0 255 5 128 127 0 4294967295
1 0 -1 0 1 0 -1 128 127 0 4294967295
1 0 -1 0 1 0 3 128 127 0 4294967295
1 0 -1 0 1 0 4 128 127 0 4294967295
1 0 -1 0 1 0 5 128 127 0 4294967295
1 0 -1 0 1 255 -1 128 127 0 4294967295
1 0 -1 0 1 255 3 128 127 0 4294967295
1 0 -1 0 1 255 4 128 127 0 4294967295
1 0 -1 0 1 255 5 128 127 0 4294967295
1 0 -1 0 2 0 -1 128 127 0 4294967295
1 0 -1 0 2 0 3 128 127 0 4294967295
1 0 -1 0 2 0 4 128 127 0 4294967295
1 0 -1 0 2 0 5 128 127 0 4294967295
1 0 -1 0 2 255 -1 128 127 0 4294967295
1 0 -1 0 2 255 3 128 127 0 4294967295
1 0 -1 0 2 255 4 128 127 0 4294967295
1 0 -1 0 2 255 5 128 127 0 4294967295
1 0 -1 1 0 0 -1 128 127 0 4294967295
1 0 -1 1 0 0 3 128 127 0 4294967295
1 0 -1 1 0 0 4 128 127 0 4294967295
1 0 -1 1 0 0 5 128 127 0 4294967295
1 0 -1 1 0 255 -1 128 127 0 4294967295
1 0 -1 1 0 255 3 128 127 0 4294967295
1 0 -1 1 0 255 4 128 127 0 4294967295
1 0 -1 1 0 255 5 128 127 0 4294967295
1 0 -1 1 1 0 -1 128 127 0 4294967295
1 0 -1 1 1 0 3 128 127 0 4294967295
1 0 -1 1 1 0 4 128 127 0 4294967295
1 0 -1 1 1 0 5 128 127 0 4294967295
1 0 -1 1 1 255 -1 128 127 0 4294967295
1 0 -1 1 1 255 3 128 127 0 4294967295
1 0 -1 1 1 255 4 128 127 0 4294967295
1 0 -1 1 1 255 5 128 127 0 4294967295
1 0 -1 1 2 0 -1 128 127 0 4294967295
1 0 -1 1 2 0 3 128 127 0 4294967295
1 0 -1 1 2 0 4 128 127 0 4294967295
1 0 -1 1 2 0 5 128 127 0 4294967295
1 0 -1 1 2 255 -1 128 127 0 4294967295
1 0 -1 1 2 255 3 128 127 0 4294967295
1 0 -1 1 2 255 4 128 127 0 4294967295
1 0 -1 1 2 255 5 128 127 0 4294967295
1 0 0 0 0 0 -1 128 127 0 4294967295
1 0 0 0 0 0 3 128 127 0 4294967295
1 0 0 0 0 0 4 128 127 0 4294967295
1 0 0 0 0 0 5 128 127 0 4294967295
1 0 0 0 0 255 -1 128 127 0 4294967295
1 0 0 0 0 255 3 128 127 0 4294967295
1 0 0 0 0 255 4 128 127 0 4294967295
1 0 0 0 0 255 5 128 127 0 4294967295
1 0 0 0 1 0 -1 128 127 0 4294967295
1 0 0 0 1 0 3 128 127 0 4294967295
1 0 0 0 1 0 4 128 127 0 4294967295
1 0 0 0 1 0 5 128 127 0 4294967295
1 0 0 0 1 255 -1 128 127 0 4294967295
1 0 0 0 1 255 3 128 127 0 4294967295
1 0 0 0 1 255 4 128 127 0 4294967295
1 0 0 0 1 255 5 128 127 0 4294967295
1 0 0 0 2 0 -1 128 127 0 4294967295
1 0 0 0 2 0 3 128 127 0 4294967295
1 0 0 0 2 0 4 128 127 0 4294967295
1 0 0 0 2 0 5 128 127 0 4294967295
1 0 0 0 2 255 -1 128 127 0 4294967295
1 0 0 0 2 255 3 128 127 0 4294967295
1 0 0 0 2 255 4 128 127 0 4294967295
1 0 0 0 2 255 5 128 127 0 4294967295
1 0 0 1 0 0 -1 128 127 0 4294967295
1 0 0 1 0 0 3 128 127 0 4294967295
1 0 0 1 0 0 4 128 127 0 4294967295
1 0 0 1 0 0 5 128 127 0 4294967295
1 0 0 1 0 255 -1 128 127 0 4294967295
1 0 0 1 0 255 3 128 127 0 4294967295
1 0 0 1 0 255 4 128 127 0 4294967295
1 0 0 1 0 255 5 128 127 0 4294967295
1 0 0 1 1 0 -1 128 127 0 4294967295
1 0 0 1 1 0 3 128 127 0 4294967295
1 0 0 1 1 0 4 128 127 0 4294967295
1 0 0 1 1 0 5 128 127 0 4294967295
1 0 0 1 1 255 -1 128 127 0 4294967295
1 0 0 1 1 255 3 128 127 0 4294967295
1 0 0 1 1 255 4 128 127 0 4294967295
1 0 0 1 1 255 5 128 127 0 4294967295
1 0 0 1 2 0 -1 128 127 0 4294967295
1 0 0 1 2 0 3 128 127 0 4294967295
1 0 0 1 2 0 4 128 127 0 4294967295
1 0 0 1 2 0 5 128 127 0 4294967295
1 0 0 1 2 255 -1 128 127 0 4294967295
1 0 0 1 2 255 3 128 127 0 4294967295
1 0 0 1 2 255 4 128 127 0 4294967295
1 0 0 1 2 255 5 128 127 0 4294967295
1 0 1 0 0 0 -1 128 127 0 4294967295
1 0 1 0 0 0 3 128 127 0 4294967295
1 0 1 0 0 0 4 128 127 0 4294967295
1 0 1 0 0 0 5 128 127 0 4294967295
1 0 1 0 0 255 -1 128 127 0 4294967295
1 0 1 0 0 255 3 128 127 0 4294967295
1 0 1 0 0 255 4 128 127 0 4294967295
1 0 1 0 0 255 5 128 127 0 4294967295
1 0 1 0 1 0 -1 128 127 0 4294967295
1 0 1 0 1 0 3 128 127 0 4294967295
1 0 1 0 1 0 4 128 127 0 4294967295
1 0 1 0 1 0 5 128 127 0 4294967295
1 0 1 0 1 255 -1 128 127 0 4294967295
1 0 1 0 1 255 3 128 127 0 4294967295
1 0 1 0 1 255 4 128 127 0 4294967295
1 0 1 0 1 255 5 128 127 0 4294967295
1 0 1 0 2 0 -1 128 127 0 4294967295
1 0 1 0 2 0 3 128 127 0 4294967295
1 0 1 0 2 0 4 128 127 0 4294967295
1 0 1 0 2 0 5 128 127 0 4294967295
1 0 1 0 2 255 -1 128 127 0 4294967295
1 0 1 0 2 255 3 128 127 0 4294967295
1 0 1 0 2 255 4 128 127 0 4294967295
1 0 1 0 2 255 5 128 127 0 4294967295
1 0 1 1 0 0 -1 128 127 0 4294967295
1 0 1 1 0 0 3 128 127 0 4294967295
1 0 1 1 0 0 4 128 127 0 4294967295
1 0 1 1 0 0 5 128 127 0 4294967295
1 0 1 1 0 255 -1 128 127 0 4294967295
1 0 1 1 0 255 3 128 127 0 4294967295
1 0 1 1 0 255 4 128 127 0 4294967295
1 0 1 1 0 255 5 128 127 0 4294967295
1 0 1 1 1 0 -1 128 127 0 4294967295
1 0 1 1 1 0 3 128 127 0 4294967295
1 0 1 1 1 0 4 128 127 0 4294967295
1 0 1 1 1 0 5 128 127 0 4294967295
1 0 1 1 1 255 -1 128 127 0 4294967295
1 0 1 1 1 255 3 128 127 0 4294967295
1 0 1 1 1 255 4 128 127 0 4294967295
1 0 1 1 1 255 5 128 127 0 4294967295
1 0 1 1 2 0 -1 128 127 0 4294967295
1 0 1 1 2 0 3 128 127 0 4294967295
1 0 1 1 2 0 4 128 127 0 4294967295
1 0 1 1 2 0 5 128 127 0 4294967295
1 0 1 1 2 255 -1 128 127 0 4294967295
1 0 1 1 2 255 3 128 127 0 4294967295
1 0 1 1 2 255 4 128 127 0 4294967295
1 0 1 1 2 255 5 128 127 0 4294967295
1 0 3 0 0 0 -1 128 127 0 4294967295
1 0 3 0 0 0 3 128 127 0 4294967295
1 0 3 0 0 0 4 128 127 0 4294967295
1 0 3 0 0 0 5 128 127 0 4294967295
1 0 3 0 0 255 -1 128 127 0 4294967295
1 0 3 0 0 255 3 128 127 0 4294967295
1 0 3 0 0 255 4 128 127 0 4294967295
1 0 3 0 0 255 5 128 127 0 4294967295
1 0 3 0 1 0 -1 128 127 0 4294967295
1 0 3 0 1 0 3 128 127 0 4294967295
1 0 3 0 1 0 4 128 127 0 4294967295
1 0 3 0 1 0 5 128 127 0 4294967295
1 0 3 0 1 255 -1 128 127 0 4294967295
1 0 3 0 1 255 3 128 127 0 4294967295
1 0 3 0 1 255 4 128 127 0 4294967295
1 0 3 0 1 255 5 128 127 0 4294967295
1 0 3 0 2 0 -1 128 127 0 4294967295
1 0 3 0 2 0 3 128 127 0 4294967295
1 0 3 0 2 0 4 128 127 0 4294967295
1 0 3 0 2 0 5 128 127 0 4294967295
1 0 3 0 2 255 -1 128 127 0 4294967295
1 0 3 0 2 255 3 128 127 0 4294967295
1 0 3 0 2 255 4 128 127 0 4294967295
1 0 3 0 2 255 5 128 127 0 4294967295
1 0 3 1 0 0 -1 128 127 0 4294967295
1 0 3 1 0 0 3 128 127 0 4294967295
1 0 3 1 0 0 4 128 127 0 4294967295
1 0 3 1 0 0 5 128 127 0 4294967295
1 0 3 1 0 255 -1 128 127 0 4294967295
1 0 3 1 0 255 3 128 127 0 4294967295
1 0 3 1 0 255 4 128 127 0 4294967295
1 0 3 1 0 255 5 128 127 0 4294967295
1 0 3 1 1 0 -1 128 127 0 4294967295
1 0 3 1 1 0 3 128 127 0 4294967295
1 0 3 1 1 0 4 128 127 0 4294967295
1 0 3 1 1 0 5 128 127 0 4294967295
1 0 3 1 1 255 -1 128 127 0 4294967295
1 0 3 1 1 255 3 128 127 0 4294967295
1 0 3 1 1 255 4 128 127 0 4294967295
1 0 3 1 1 255 5 128 127 0 4294967295
1 0 3 1 2 0 -1 128 127 0 4294967295
1 0 3 1 2 0 3 128 127 0 4294967295
1 0 3 1 2 0 4 128 127 0 4294967295
1 0 3 1 2 0 5 128 127 0 4294967295
1 0 3 1 2 255 -1 128 127 0 4294967295
1 0 3 1 2 255 3 128 127 0 4294967295
1 0 3 1 2 255 4 128 127 0 4294967295
1 0 3 1 2 255 5 128 127 0 4294967295
1 1 -1 0 0 0 -1 128 127 0 4294967295
1 1 -1 0 0 0 3 128 127 0 4294967295
1 1 -1 0 0 0 4 128 127 0 4294967295
1 1 -1 0 0 0 5 128 127 0 4294967295
1 1 -1 0 0 255 -1 128 127 0 4294967295
1 1 -1 0 0 255 3 128 127 0 4294967295
1 1 -1 0 0 255 4 128 127 0 4294967295
1 1 -1 0 0 255 5 128 127 0 4294967295
1 1 -1 0 1 0 -1 128 127 0 4294967295
1 1 -1 0 1 0 3 128 127 0 4294967295
1 1 -1 0 1 0 4 128 127 0 4294967295
1 1 -1 0 1 0 5 128 127 0 4294967295
1 1 -1 0 1 255 -1 128 127 0 4294967295
1 1 -1 0 1 255 3 128 127 0 4294967295
1 1 -1 0 1 255 4 128 127 0 4294967295
1 1 -1 0 1 255 5 128 127 0 4294967295
1 1 -1 0 2 0 -1 128 127 0 4294967295
1 1 -1 0 2 0 3 128 127 0 4294967295
1 1 -1 0 2 0 4 128 127 0 4294967295
1 1 -1 0 2 0 5 128 127 0 4294967295
1 1 -1 0 2 255 -1 128 127 0 4294967295
1 1 -1 0 2 255 3 128 127 0 4294967295
1 1 -1 0 2 255 4 128 127 0 4294967295
1 1 -1 0 2 255 5 128 127 0 4294967295
1 1 -1 1 0 0 -1 128 127 0 4294967295
1 1 -1 1 0 0 3 128 127 0 4294967295
1 1 -1 1 0 0 4 128 127 0 4294967295
1 1 -1 1 0 0 5 128 127 0 4294967295
1 1 -1 1 0 255 -1 128 127 0 4294967295
1 1 -1 1 0 255 3 128 127 0 4294967295
1 1 -1 1 0 255 4 128 127 0 4294967295
1 1 -1 1 0 255 5 128 127 0 4294967295
1 1 -1 1 1 0 -1 128 127 0 4294967295
1 1 -1 1 1 0 3 128 127 0 4294967295
1 1 -1 1 1 0 4 128 127 0 4294967295
1 1 -1 1 1 0 5 128 127 0 4294967295
1 1 -1 1 1 255 -1 128 127 0 4294967295
1 1 -1 1 1 255 3 128 127 0 4294967295
1 1 -1 1 1 255 4 128 127 0 4294967295
1 1 -1 1 1 255 5 128 127 0 4294967295
1 1 -1 1 2 0 -1 128 127 0 4294967295
1 1 -1 1 2 0 3 128 127 0 4294967295
1 1 -1 1 2 0 4 128 127 0 4294967295
1 1 -1 1 2 0 5 128 127 0 4294967295
1 1 -1 1 2 255 -1 128 127 0 4294967295
1 1 -1 1 2 255 3 128 127 0 4294967295
1 1 -1 1 2 255 4 128 127 0 4294967295
1 1 -1 1 2 255 5 128 127 0 4294967295
1 1 0 0 0 0 -1 128 127 0 4294967295
1 1 0 0 0 0 3 128 127 0 4294967295
1 1 0 0 0 0 4 128 127 0 4294967295
1 1 0 0 0 0 5 128 127 0 4294967295
1 1 0 0 0 255 -1 128 127 0 4294967295
1 1 0 0 0 255 3 128 127 0 4294967295
1 1 0 0 0 255 4 128 127 0 4294967295
1 1 0 0 0 255 5 128 127 0 4294967295
1 1 0 0 1 0 -1 128 127 0 4294967295
1 1 0 0 1 0 3 128 127 0 4294967295
1 1 0 0 1 0 4 128 127 0 4294967295
1 1 0 0 1 0 5 128 127 0 4294967295
1 1 0 0 1 255 -1 128 127 0 4294967295
1 1 0 0 1 255 3 128 127 0 4294967295
1 1 0 0 1 255 4 128 127 0 4294967295
1 1 0 0 1 255 5 128 127 0 4294967295
1 1 0 0 2 0 -1 128 127 0 4294967295
1 1 0 0 2 0 3 128 127 0 4294967295
1 1 0 0 2 0 4 128 127 0 4294967295
1 1 0 0 2 0 5 128 127 0 4294967295
1 1 0 0 2 255 -1 128 127 0 4294967295
1 1 0 0 2 255 3 128 127 0 4294967295
1 1 0 0 2 255 4 128 127 0 4294967295
1 1 0 0 2 255 5 128 127 0 4294967295
1 1 0 1 0 0 -1 128 127 0 4294967295
1 1 0 1 0 0 3 128 127 0 4294967295
1 1 0 1 0 0 4 128 127 0 4294967295
1 1 0 1 0 0 5 128 127 0 4294967295
1 1 0 1 0 255 -1 128 127 0 4294967295
1 1 0 1 0 255 3 128 127 0 4294967295
1 1 0 1 0 255 4 128 127 0 4294967295
1 1 0 1 0 255 5 128 127 0 4294967295
1 1 0 1 1 0 -1 128 127 0 4294967295
1 1 0 1 1 0 3 128 127 0 4294967295
1 1 0 1 1 0 4 128 127 0 4294967295
1 1 0 1 1 0 5 128 127 0 4294967295
1 1 0 1 1 255 -1 128 127 0 4294967295
1 1 0 1 1 255 3 128 127 0 4294967295
1 1 0 1 1 255 4 128 127 0 4294967295
1 1 0 1 1 255 5 128 127 0 4294967295
1 1 0 1 2 0 -1 128 127 0 4294967295
1 1 0 1 2 0 3 128 127 0 4294967295
1 1 0 1 2 0 4 128 127 0 4294967295
1 1 0 1 2 0 5 128 127 0 4294967295
1 1 0 1 2 255 -1 128 127 0 4294967295
1 1 0 1 2 255 3 128 127 0 4294967295
1 1 0 1 2 255 4 128 127 0 4294967295
1 1 0 1 2 255 5 128 127 0 4294967295
1 1 1 0 0 0 -1 128 127 0 4294967295
1 1 1 0 0 0 3 128 127 0 4294967295
1 1 1 0 0 0 4 128 127 0 4294967295
1 1 1 0 0 0 5 128 127 0 4294967295
1 1 1 0 0 255 -1 128 127 0 4294967295
1 1 1 0 0 255 3 128 127 0 4294967295
1 1 1 0 0 255 4 128 127 0 4294967295
1 1 1 0 0 255 5 128 127 0 4294967295
1 1 1 0 1 0 -1 128 127 0 4294967295
1 1 1 0 1 0 3 128 127 0 4294967295
1 1 1 0 1 0 4 128 127 0 4294967295
1 1 1 0 1 0 5 128 127 0 4294967295
1 1 1 0 1 255 -1 128 127 0 4294967295
1 1 1 0 1 255 3 128 127 0 4294967295
1 1 1 0 1 255 4 128 127 0 4294967295
1 1 1 0 1 255 5 128 127 0 4294967295
1 1 1 0 2 0 -1 128 127 0 4294967295
1 1 1 0 2 0 3 128 127 0 4294967295
1 1 1 0 2 0 4 128 127 0 4294967295
1 1 1 0 2 0 5 128 127 0 4294967295
1 1 1 0 2 255 -1 128 127 0 4294967295
1 1 1 0 2 255 3 128 127 0 4294967295
1 1 1 0 2 255 4 128 127 0 4294967295
1 1 1 0 2 255 5 128 127 0 4294967295
1 1 1 1 0 0 -1 128 127 0 4294967295
1 1 1 1 0 0 3 128 127 0 4294967295
1 1 1 1 0 0 4 128 127 0 4294967295
1 1 1 1 0 0 5 128 127 0 4294967295
1 1 1 1 0 255 -1 128 127 0 4294967295
1 1 1 1 0 255 3 128 127 0 4294967295
1 1 1 1 0 255 4 128 127 0 4294967295
1 1 1 1 0 255 5 128 127 0 4294967295
1 1 1 1 1 0 -1 128 127 0 4294967295
1 1 1 1 1 0 3 128 127 0 4294967295
1 1 1 1 1 0 4 128 127 0 4294967295
1 1 1 1 1 0 5 128 127 0 4294967295
1 1 1 1 1 255 -1 128 127 0 4294967295
1 1 1 1 1 255 3 128 127 0 4294967295
1 1 1 1 1 255 4 128 127 0 4294967295
1 1 1 1 1 255 5 128 127 0 4294967295
1 1 1 1 2 0 -1 128 127 0 4294967295
1 1 1 1 2 0 3 128 127 0 4294967295
1 1 1 1 2 0 4 128 127 0 4294967295
1 1 1 1 2 0 5 128 127 0 4294967295
1 1 1 1 2 255 -1 128 127 0 4294967295
1 1 1 1 2 255 3 128 127 0 4294967295
1 1 1 1 2 255 4 128 127 0 4294967295
1 1 1 1 2 255 5 128 127 0 4294967295
1 1 3 0 0 0 -1 128 127 0 4294967295
1 1 3 0 0 0 3 128 127 0 4294967295
1 1 3 0 0 0 4 128 127 0 4294967295
1 1 3 0 0 0 5 128 127 0 4294967295
1 1 3 0 0 255 -1 128 127 0 4294967295
1 1 3 0 0 255 3 128 127 0 4294967295
1 1 3 0 0 255 4 128 127 0 4294967295
1 1 3 0 0 255 5 128 127 0 4294967295
1 1 3 0 1 0 -1 128 127 0 4294967295
1 1 3 0 1 0 3 128 127 0 4294967295
1 1 3 0 1 0 4 128 127 0 4294967295
1 1 3 0 1 0 5 128 127 0 4294967295
1 1 3 0 1 255 -1 128 127 0 4294967295
1 1 3 0 1 255 3 128 127 0 4294967295
1 1 3 0 1 255 4 128 127 0 4294967295
1 1 3 0 1 255 5 128 127 0 4294967295
1 1 3 0 2 0 -1 128 127 0 4294967295
1 1 3 0 2 0 3 128 127 0 4294967295
1 1 3 0 2 0 4 128 127 0 4294967295
1 1 3 0 2 0 5 128 127 0 4294967295
1 1 3 0 2 255 -1 128 127 0 4294967295
1 1 3 0 2 255 3 128 127 0 4294967295
1 1 3 0 2 255 4 128 127 0 4294967295
1 1 3 0 2 255 5 128 127 0 4294967295
1 1 3 1 0 0 -1 128 127 0 4294967295
1 1 3 1 0 0 3 128 127 0 4294967295
1 1 3 1 0 0 4 128 127 0 4294967295
1 1 3 1 0 0 5 128 127 0 4294967295
1 1 3 1 0 255 -1 128 127 0 4294967295
1 1 3 1 0 255 3 128 127 0 4294967295
1 1 3 1 0 255 4 128 127 0 4294967295
1 1 3 1 0 255 5 128 127 0 4294967295
1 1 3 1 1 0 -1 128 127 0 4294967295
1 1 3 1 1 0 3 128 127 0 4294967295
1 1 3 1 1 0 4 128 127 0 4294967295
1 1 3 1 1 0 5 128 127 0 4294967295
1 1 3 1 1 255 -1 128 127 0 4294967295
1 1 3 1 1 255 3 128 127 0 4294967295
1 1 3 1 1 255 4 128 127 0 4294967295
1 1 3 1 1 255 5 128 127 0 4294967295
1 1 3 1 2 0 -1 128 127 0 4294967295
1 1 3 1 2 0 3 128 127 0 4294967295
1 1 3 1 2 0 4 128 127 0 4294967295
1 1 3 1 2 0 5 128 127 0 4294967295
1 1 3 1 2 255 -1 128 127 0 4294967295
1 1 3 1 2 255 3 128 127 0 4294967295
1 1 3 1 2 255 4 128 127 0 4294967295
1 1 3 1 2 255 5 128 127 0 4294967295
1 2 -1 0 0 0 -1 128 127 0 4294967295
1 2 -1 0 0 0 3 128 127 0 4294967295
1 2 -1 0 0 0 4 128 127 0 4294967295
1 2 -1 0 0 0 5 128 127 0 4294967295
1 2 -1 0 0 255 -1 128 127 0 4294967295
1 2 -1 0 0 255 3 128 127 0 4294967295
1 2 -1 0 0 255 4 128 127 0 4294967295
1 2 -1 0 0 255 5 128 127 0 4294967295
1 2 -1 0 1 0 -1 128 127 0 4294967295
1 2 -1 0 1 0 3 128 127 0 4294967295
1 2 -1 0 1 0 4 128 127 0 4294967295
1 2 -1 0 1 0 5 128 127 0 4294967295
1 2 -1 0 1 255 -1 128 127 0 4294967295
1 2 -1 0 1 255 3 128 127 0 4294967295
1 2 -1 0 1 255 4 128 127 0 4294967295
1 2 -1 0 1 255 5 128 127 0 4294967295
1 2 -1 0 2 0 -1 128 127 0 4294967295
1 2 -1 0 2 0 3 128 127 0 4294967295
1 2 -1 0 2 0 4 128 127 0 4294967295
1 2 -1 0 2 0 5 128 127 0 4294967295
1 2 -1 0 2 255 -1 128 127 0 4294967295
1 2 -1 0 2 255 3 128 127 0 4294967295
1 2 -1 0 2 255 4 128 127 0 4294967295
1 2 -1 0 2 255 5 128 127 0 4294967295
1 2 -1 1 0 0 -1 128 127 0 4294967295
1 2 -1 1 0 0 3 128 127 0 4294967295
1 2 -1 1 0 0 4 128 127 0 4294967295
1 2 -1 1 0 0 5 128 127 0 4294967295
1 2 -1 1 0 255 -1 128 127 0 4294967295
1 2 -1 1 0 255 3 128 127 0 4294967295
1 2 -1 1 0 255 4 128 127 0 4294967295
1 2 -1 1 0 255 5 128 127 0 4294967295
1 2 -1 1 1 0 -1 128 127 0 4294967295
1 2 -1 1 1 0 3 128 127 0 4294967295
1 2 -1 1 1 0 4 128 127 0 4294967295
1 2 -1 1 1 0 5 128 127 0 4294967295
1 2 -1 1 1 255 -1 128 127 0 4294967295
1 2 -1 1 1 255 3 128 127 0 4294967295
1 2 -1 1 1 255 4 128 127 0 4294967295
1 2 -1 1 1 255 5 128 127 0 4294967295
1 2 -1 1 2 0 -1 128 127 0 4294967295
1 2 -1 1 2 0 3 128 127 0 4294967295
1 2 -1 1 2 0 4 128 127 0 4294967295
1 2 -1 1 2 0 5 128 127 0 4294967295
1 2 -1 1 2 255 -1 128 127 0 4294967295
1 2 -1 1 2 255 3 128 127 0 4294967295
1 2 -1 1 2 255 4 128 127 0 4294967295
1 2 -1 1 2 255 5 128 127 0 4294967295
1 2 0 0 0 0 -1 128 127 0 4294967295
1 2 0 0 0 0 3 128 127 0 4294967295
1 2 0 0 0 0 4 128 127 0 4294967295
1 2 0 0 0 0 5 128 127 0 4294967295
1 2 0 0 0 255 -1 128 127 0 4294967295
1 2 0 0 0 255 3 128 127 0 4294967295
1 2 0 0 0 255 4 128 127 0 4294967295
1 2 0 0 0 255 5 128 127 0 4294967295
1 2 0 0 1 0 -1 128 127 0 4294967295
1 2 0 0 1 0 3 128 127 0 4294967295
1 2 0 0 1 0 4 128 127 0 4294967295
1 2 0 0 1 0 5 128 127 0 4294967295
1 2 0 0 1 255 -1 128 127 0 4294967295
1 2 0 0 1 255 3 128 127 0 4294967295
1 2 0 0 1 255 4 128 127 0 4294967295
1 2 0 0 1 255 5 128 127 0 4294967295
1 2 0 0 2 0 -1 128 127 0 4294967295
1 2 0 0 2 0 3 128 127 0 4294967295
1 2 0 0 2 0 4 128 127 0 4294967295
1 2 0 0 2 0 5 128 127 0 4294967295
1 2 0 0 2 255 -1 128 127 0 4294967295
1 2 0 0 2 255 3 128 127 0 4294967295
1 2 0 0 2 255 4 128 127 0 4294967295
1 2 0 0 2 255 5 128 127 0 4294967295
1 2 0 1 0 0 -1 128 127 0 4294967295
1 2 0 1 0 0 3 128 127 0 4294967295
1 2 0 1 0 0 4 128 127 0 4294967295
1 2 0 1 0 0 5 128 127 0 4294967295
1 2 0 1 0 255 -1 128 127 0 4294967295
1 2 0 1 0 255 3 128 127 0 4294967295
1 2 0 1 0 255 4 128 127 0 4294967295
1 2 0 1 0 255 5 128 127 0 4294967295
1 2 0 1 1 0 -1 128 127 0 4294967295
1 2 0 1 1 0 3 128 127 0 4294967295
1 2 0 1 1 0 4 128 127 0 4294967295
1 2 0 1 1 0 5 128 127 0 4294967295
1 2 0 1 1 255 -1 128 127 0 4294967295
1 2 0 1 1 255 3 128 127 0 4294967295
1 2 0 1 1 255 4 128 127 0 4294967295
1 2 0 1 1 255 5 128 127 0 4294967295
1 2 0 1 2 0 -1 128 127 0 4294967295
1 2 0 1 2 0 3 128 127 0 4294967295
1 2 0 1 2 0 4 128 127 0 4294967295
1 2 0 1 2 0 5 128 127 0 4294967295
1 2 0 1 2 255 -1 128 127 0 4294967295
1 2 0 1 2 255 3 128 127 0 4294967295
1 2 0 1 2 255 4 128 127 0 4294967295
1 2 0 1 2 255 5 128 127 0 4294967295
1 2 1 0 0 0 -1 128 127 0 4294967295
1 2 1 0 0 0 3 128 127 0 4294967295
1 2 1 0 0 0 4 128 127 0 4294967295
1 2 1 0 0 0 5 128 127 0 4294967295
1 2 1 0 0 255 -1 128 127 0 4294967295
1 2 1 0 0 255 3 128 127 0 4294967295
1 2 1 0 0 255 4 128 127 0 4294967295
1 2 1 0 0 255 5 128 127 0 4294967295
1 2 1 0 1 0 -1 128 127 0 4294967295
1 2 1 0 1 0 3 128 127 0 4294967295
1 2 1 0 1 0 4 128 127 0 4294967295
1 2 1 0 1 0 5 128 127 0 4294967295
1 2 1 0 1 255 -1 128 127 0 4294967295
1 2 1 0 1 255 3 128 127 0 4294967295
1 2 1 0 1 255 4 128 127 0 4294967295
1 2 1 0 1 255 5 128 127 0 4294967295
1 2 1 0 2 0 -1 128 127 0 4294967295
1 2 1 0 2 0 3 128 127 0 4294967295
1 2 1 0 2 0 4 128 127 0 4294967295
1 2 1 0 2 0 5 128 127 0 4294967295
1 2 1 0 2 255 -1 128 127 0 4294967295
1 2 1 0 2 255 3 128 127 0 4294967295
1 2 1 0 2 255 4 128 127 0 4294967295
1 2 1 0 2 255 5 128 127 0 4294967295
1 2 1 1 0 0 -1 128 127 0 4294967295
1 2 1 1 0 0 3 128 127 0 4294967295
1 2 1 1 0 0 4 128 127 0 4294967295
1 2 1 1 0 0 5 128 127 0 4294967295
1 2 1 1 0 255 -1 128 127 0 4294967295
1 2 1 1 0 255 3 128 127 0 4294967295
1 2 1 1 0 255 4 128 127 0 4294967295
1 2 1 1 0 255 5 128 127 0 4294967295
1 2 1 1 1 0 -1 128 127 0 4294967295
1 2 1 1 1 0 3 128 127 0 4294967295
1 2 1 1 1 0 4 128 127 0 4294967295
1 2 1 1 1 0 5 128 127 0 4294967295
1 2 1 1 1 255 -1 128 127 0 4294967295
1 2 1 1 1 255 3 128 127 0 4294967295
1 2 1 1 1 255 4 128 127 0 4294967295
1 2 1 1 1 255 5 128 127 0 4294967295
1 2 1 1 2 0 -1 128 127 0 4294967295
1 2 1 1 2 0 3 128 127 0 4294967295
1 2 1 1 2 0 4 128 127 0 4294967295
1 2 1 1 2 0 5 128 127 0 4294967295
1 2 1 1 2 255 -1 128 127 0 4294967295
1 2 1 1 2 255 3 128 127 0 4294967295
1 2 1 1 2 255 4 128 127 0 4294967295
1 2 1 1 2 255 5 128 127 0 4294967295
1 2 3 0 0 0 -1 128 127 0 4294967295
1 2 3 0 0 0 3 128 127 0 4294967295
1 2 3 0 0 0 4 128 127 0 4294967295
1 2 3 0 0 0 5 128 127 0 4294967295
1 2 3 0 0 255 -1 128 127 0 4294967295
1 2 3 0 0 255 3 128 127 0 4294967295
1 2 3 0 0 255 4 128 127 0 4294967295
1 2 3 0 0 255 5 128 127 0 4294967295
1 2 3 0 1 0 -1 128 127 0 4294967295
1 2 3 0 1 0 3 128 127 0 4294967295
1 2 3 0 1 0 4 128 127 0 4294967295
1 2 3 0 1 0 5 128 127 0 4294967295
1 2 3 0 1 255 -1 128 127 0 4294967295
1 2 3 0 1 255 3 128 127 0 4294967295
1 2 3 0 1 255 4 128 127 0 4294967295
1 2 3 0 1 255 5 128 127 0 4294967295
1 2 3 0 2 0 -1 128 127 0 4294967295
1 2 3 0 2 0 3 128 127 0 4294967295
1 2 3 0 2 0 4 128 127 0 4294967295
1 2 3 0 2 0 5 128 127 0 4294967295
1 2 3 0 2 255 -1 128 127 0 4294967295
1 2 3 0 2 255 3 128 127 0 4294967295
1 2 3 0 2 255 4 128 127 0 4294967295
1 2 3 0 2 255 5 128 127 0 4294967295
1 2 3 1 0 0 -1 128 127 0 4294967295
1 2 3 1 0 0 3 128 127 0 4294967295
1 2 3 1 0 0 4 128 127 0 4294967295
1 2 3 1 0 0 5 128 127 0 4294967295
1 2 3 1 0 255 -1 128 127 0 4294967295
1 2 3 1 0 255 3 128 127 0 4294967295
1 2 3 1 0 255 4 128 127 0 4294967295
1 2 3 1 0 255 5 128 127 0 4294967295
1 2 3 1 1 0 -1 128 127 0 4294967295
1 2 3 1 1 0 3 128 127 0 4294967295
1 2 3 1 1 0 4 128 127 0 4294967295
1 2 3 1 1 0 5 128 127 0 4294967295
1 2 3 1 1 255 -1 128 127 0 4294967295
1 2 3 1 1 255 3 128 127 0 4294967295
1 2 3 1 1 255 4 128 127 0 4294967295
1 2 3 1 1 255 5 128 127 0 4294967295
1 2 3 1 2 0 -1 128 127 0 4294967295
1 2 3 1 2 0 3 128 127 0 4294967295
1 2 3 1 2 0 4 128 127 0 4294967295
1 2 3 1 2 0 5 128 127 0 4294967295
1 2 3 1 2 255 -1 128 127 0 4294967295
1 2 3 1 2 255 3 128 127 0 4294967295
1 2 3 1 2 255 4 128 127 0 4294967295
1 2 3 1 2 255 5 128 127 0 4294967295
1 3 -1 0 0 0 -1 128 127 0 4294967295
1 3 -1 0 0 0 3 128 127 0 4294967295
1 3 -1 0 0 0 4 128 127 0 4294967295
1 3 -1 0 0 0 5 128 127 0 4294967295
1 3 -1 0 0 255 -1 128 127 0 4294967295
1 3 -1 0 0 255 3 128 127 0 4294967295
1 3 -1 0 0 255 4 128 127 0 4294967295
1 3 -1 0 0 255 5 128 127 0 4294967295
1 3 -1 0 1 0 -1 128 127 0 4294967295
1 3 -1 0 1 0 3 128 127 0 4294967295
1 3 -1 0 1 0 4 128 127 0 4294967295
1 3 -1 0 1 0 5 128 127 0 4294967295
1 3 -1 0 1 255 -1 128 127 0 4294967295
1 3 -1 0 1 255 3 128 127 0 4294967295
1 3 -1 0 1 255 4 128 127 0 4294967295
1 3 -1 0 1 255 5 128 127 0 4294967295
1 3 -1 0 2 0 -1 128 127 0 4294967295
1 3 -1 0 2 0 3 128 127 0 4294967295
1 3 -1 0 2 0 4 128 127 0 4294967295
1 3 -1 0 2 0 5 128 127 0 4294967295
1 3 -1 0 2 255 -1 128 127 0 4294967295
1 3 -1 0 2 255 3 128 127 0 4294967295
1 3 -1 0 2 255 4 128 127 0 4294967295
1 3 -1 0 2 255 5 128 127 0 4294967295
1 3 -1 1 0 0 -1 128 127 0 4294967295
1 3 -1 1 0 0 3 128 127 0 4294967295
1 3 -1 1 0 0 4 128 127 0 4294967295
1 3 -1 1 0 0 5 128 127 0 4294967295
1 3 -1 1 0 255 -1 128 127 0 4294967295
1 3 -1 1 0 255 3 128 127 0 4294967295
1 3 -1 1 0 255 4 128 127 0 4294967295
1 3 -1 1 0 255 5 128 127 0 4294967295
1 3 -1 1 1 0 -1 128 127 0 4294967295
1 3 -1 1 1 0 3 128 127 0 4294967295
1 3 -1 1 1 0 4 128 127 0 4294967295
1 3 -1 1 1 0 5 128 127 0 4294967295
1 3 -1 1 1 255 -1 128 127 0 4294967295
1 3 -1 1 1 255 3 128 127 0 4294967295
1 3 -1 1 1 255 4 128 127 0 4294967295
1 3 -1 1 1 255 5 128 127 0 4294967295
1 3 -1 1 2 0 -1 128 127 0 4294967295
1 3 -1 1 2 0 3 128 127 0 4294967295
1 3 -1 1 2 0 4 128 127 0 4294967295
1 3 -1 1 2 0 5 128 127 0 4294967295
1 3 -1 1 2 255 -1 128 127 0 4294967295
1 3 -1 1 2 255 3 128 127 0 4294967295
1 3 -1 1 2 255 4 128 127 0 4294967295
1 3 -1 1 2 255 5 128 127 0 4294967295
1 3 0 0 0 0 -1 128 127 0 4294967295
1 3 0 0 0 0 3 128 127 0 4294967295
1 3 0 0 0 0 4 128 127 0 4294967295
1 3 0 0 0 0 5 128 127 0 4294967295
1 3 0 0 0 255 -1 128 127 0 4294967295
1 3 0 0 0 255 3 128 127 0 4294967295
1 3 0 0 0 255 4 128 127 0 4294967295
1 3 0 0 0 255 5 128 127 0 4294967295
1 3 0 0 1 0 -1 128 127 0 4294967295
1 3 0 0 1 0 3 128 127 0 4294967295
1 3 0 0 1 0 4 128 127 0 4294967295
1 3 0 0 1 0 5 128 127 0 4294967295
1 3 0 0 1 255 -1 128 127 0 4294967295
1 3 0 0 1 255 3 128 127 0 4294967295
1 3 0 0 1 255 4 128 127 0 4294967295
1 3 0 0 1 255 5 128 127 0 4294967295
1 3 0 0 2 0 -1 128 127 0 4294967295
1 3 0 0 2 0 3 128 127 0 4294967295
1 3 0 0 2 0 4 128 127 0 4294967295
1 3 0 0 2 0 5 128 127 0 4294967295
1 3 0 0 2 255 -1 128 127 0 4294967295
1 3 0 0 2 255 3 128 127 0 4294967295
1 3 0 0 2 255 4 128 127 0 4294967295
1 3 0 0 2 255 5 128 127 0 4294967295
1 3 0 1 0 0 -1 128 127 0 4294967295
1 3 0 1 0 0 3 128 127 0 4294967295
1 3 0 1 0 0 4 128 127 0 4294967295
1 3 0 1 0 0 5 128 127 0 4294967295
1 3 0 1 0 255 -1 128 127 0 4294967295
1 3 0 1 0 255 3 128 127 0 4294967295
1 3 0 1 0 255 4 128 127 0 4294967295
1 3 0 1 0 255 5 128 127 0 4294967295
1 3 0 1 1 0 -1 128 127 0 4294967295
1 3 0 1 1 0 3 128 127 0 4294967295
1 3 0 1 1 0 4 128 127 0 4294967295
1 3 0 1 1 0 5 128 127 0 4294967295
1 3 0 1 1 255 -1 128 127 0 4294967295
1 3 0 1 1 255 3 128 127 0 4294967295
1 3 0 1 1 255 4 128 127 0 4294967295
1 3 0 1 1 255 5 128 127 0 4294967295
1 3 0 1 2 0 -1 128 127 0 4294967295
1 3 0 1 2 0 3 128 127 0 4294967295
1 3 0 1 2 0 4 128 127 0 4294967295
1 3 0 1 2 0 5 128 127 0 4294967295
1 3 0 1 2 255 -1 128 127 0 4294967295
1 3 0 1 2 255 3 128 127 0 4294967295
1 3 0 1 2 255 4 128 127 0 4294967295
1 3 0 1 2 255 5 128 127 0 4294967295
1 3 1 0 0 0 -1 128 127 0 4294967295
1 3 1 0 0 0 3 128 127 0 4294967295
1 3 1 0 0 0 4 128 127 0 4294967295
1 3 1 0 0 0 5 128 127 0 4294967295
1 3 1 0 0 255 -1 128 127 0 4294967295
1 3 1 0 0 255 3 128 127 0 4294967295
1 3 1 0 0 255 4 128 127 0 4294967295
1 3 1 0 0 255 5 128 127 0 4294967295
1 3 1 0 1 0 -1 128 127 0 4294967295
1 3 1 0 1 0 3 128 127 0 4294967295
1 3 1 0 1 0 4 128 127 0 4294967295
1 3 1 0 1 0 5 128 127 0 4294967295
1 3 1 0 1 255 -1 128 127 0 4294967295
1 3 1 0 1 255 3 128 127 0 4294967295
1 3 1 0 1 255 4 128 127 0 4294967295
1 3 1 0 1 255 5 128 127 0 4294967295
1 3 1 0 2 0 -1 128 127 0 4294967295
1 3 1 0 2 0 3 128 127 0 4294967295
1 3 1 0 2 0 4 128 127 0 4294967295
1 3 1 0 2 0 5 128 127 0 4294967295
1 3 1 0 2 255 -1 128 127 0 4294967295
1 3 1 0 2 255 3 128 127 0 4294967295
1 3 1 0 2 255 4 128 127 0 4294967295
1 3 1 0 2 255 5 128 127 0 4294967295
1 3 1 1 0 0 -1 128 127 0 4294967295
1 3 1 1 0 0 3 128 127 0 4294967295
1 3 1 1 0 0 4 128 127 0 4294967295
1 3 1 1 0 0 5 128 127 0 4294967295
1 3 1 1 0 255 -1 128 127 0 4294967295
1 3 1 1 0 255 3 128 127 0 4294967295
1 3 1 1 0 255 4 128 127 0 4294967295
1 3 1 1 0 255 5 128 127 0 4294967295
1 3 1 1 1 0 -1 128 127 0 4294967295
1 3 1 1 1 0 3 128 127 0 4294967295
1 3 1 1 1 0 4 128 127 0 4294967295
1 3 1 1 1 0 5 128 127 0 4294967295
1 3 1 1 1 255 -1 128 127 0 4294967295
1 3 1 1 1 255 3 128 127 0 4294967295
1 3 1 1 1 255 4 128 127 0 4294967295
1 3 1 1 1 255 5 128 127 0 4294967295
1 3 1 1 2 0 -1 128 127 0 4294967295
1 3 1 1 2 0 3 128 127 0 4294967295
1 3 1 1 2 0 4 128 127 0 4294967295
1 3 1 1 2 0 5 128 127 0 4294967295
1 3 1 1 2 255 -1 128 127 0 4294967295
1 3 1 1 2 255 3 128 127 0 4294967295
1 3 1 1 2 255 4 128 127 0 4294967295
1 3 1 1 2 255 5 128 127 0 4294967295
1 3 3 0 0 0 -1 128 127 0 4294967295
1 3 3 0 0 0 3 128 127 0 4294967295
1 3 3 0 0 0 4 128 127 0 4294967295
1 3 3 0 0 0 5 128 127 0 4294967295
1 3 3 0 0 255 -1 128 127 0 4294967295
1 3 3 0 0 255 3 128 127 0 4294967295
1 3 3 0 0 255 4 128 127 0 4294967295
1 3 3 0 0 255 5 128 127 0 4294967295
1 3 3 0 1 0 -1 128 127 0 4294967295
1 3 3 0 1 0 3 128 127 0 4294967295
1 3 3 0 1 0 4 128 127 0 4294967295
1 3 3 0 1 0 5 128 127 0 4294967295
1 3 3 0 1 255 -1 128 127 0 4294967295
1 3 3 0 1 255 3 128 127 0 4294967295
1 3 3 0 1 255 4 128 127 0 4294967295
1 3 3 0 1 255 5 128 127 0 4294967295
1 3 3 0 2 0 -1 128 127 0 4294967295
1 3 3 0 2 0 3 128 127 0 4294967295
1 3 3 0 2 0 4 128 127 0 4294967295
1 3 3 0 2 0 5 128 127 0 4294967295
1 3 3 0 2 255 -1 128 127 0 4294967295
1 3 3 0 2 255 3 128 127 0 4294967295
1 3 3 0 2 255 4 128 127 0 4294967295
1 3 3 0 2 255 5 128 127 0 4294967295
1 3 3 1 0 0 -1 128 127 0 4294967295
1 3 3 1 0 0 3 128 127 0 4294967295
1 3 3 1 0 0 4 128 127 0 4294967295
1 3 3 1 0 0 5 128 127 0 4294967295
1 3 3 1 0 255 -1 128 127 0 4294967295
1 3 3 1 0 255 3 128 127 0 4294967295
1 3 3 1 0 255 4 128 127 0 4294967295
1 3 3 1 0 255 5 128 127 0 4294967295
1 3 3 1 1 0 -1 128 127 0 4294967295
1 3 3 1 1 0 3 128 127 0 4294967295
1 3 3 1 1 0 4 128 127 0 4294967295
1 3 3 1 1 0 5 128 127 0 4294967295
1 3 3 1 1 255 -1 128 127 0 4294967295
1 3 3 1 1 255 3 128 127 0 4294967295
1 3 3 1 1 255 4 128 127 0 4294967295
1 3 3 1 1 255 5 128 127 0 4294967295
1 3 3 1 2 0 -1 128 127 0 4294967295
1 3 3 1 2 0 3 128 127 0 4294967295
1 3 3 1 2 0 4 128 127 0 4294967295
1 3 3 1 2 0 5 128 127 0 4294967295
1 3 3 1 2 255 -1 128 127 0 4294967295
1 3 3 1 2 255 3 128 127 0 4294967295
1 3 3 1 2 255 4 128 127 0 4294967295
1 3 3 1 2 255 5 128 127 0 4294967295
1 4 -1 0 0 0 -1 128 127 0 4294967295
1 4 -1 0 0 0 3 128 127 0 4294967295
1 4 -1 0 0 0 4 128 127 0 4294967295
1 4 -1 0 0 0 5 128 127 0 4294967295
1 4 -1 0 0 255 -1 128 127 0 4294967295
1 4 -1 0 0 255 3 128 127 0 4294967295
1 4 -1 0 0 255 4 128 127 0 4294967295
1 4 -1 0 0 255 5 128 127 0 4294967295
1 4 -1 0 1 0 -1 128 127 0 4294967295
1 4 -1 0 1 0 3 128 127 0 4294967295
1 4 -1 0 1 0 4 128 127 0 4294967295
1 4 -1 0 1 0 5 128 127 0 4294967295
1 4 -1 0 1 255 -1 128 127 0 4294967295
1 4 -1 0 1 255 3 128 127 0 4294967295
1 4 -1 0 1 255 4 128 127 0 4294967295
1 4 -1 0 1 255 5 128 127 0 4294967295
1 4 -1 0 2 0 -1 128 127 0 4294967295
1 4 -1 0 2 0 3 128 127 0 4294967295
1 4 -1 0 2 0 4 128 127 0 4294967295
1 4 -1 0 2 0 5 128 127 0 4294967295
1 4 -1 0 2 255 -1 128 127 0 4294967295
1 4 -1 0 2 255 3 128 127 0 4294967295
1 4 -1 0 2 255 4 128 127 0 4294967295
1 4 -1 0 2 255 5 128 127 0 4294967295
1 4 -1 1 0 0 -1 128 127 0 4294967295
1 4 -1 1 0 0 3 128 127 0 4294967295
1 4 -1 1 0 0 4 128 127 0 4294967295
1 4 -1 1 0 0 5 128 127 0 4294967295
1 4 -1 1 0 255 -1 128 127 0 4294967295
1 4 -1 1 0 255 3 128 127 0 4294967295
1 4 -1 1 0 255 4 128 127 0 4294967295
1 4 -1 1 0 255 5 128 127 0 4294967295
1 4 -1 1 1 0 -1 128 127 0 4294967295
1 4 -1 1 1 0 3 128 127 0 4294967295
1 4 -1 1 1 0 4 128 127 0 4294967295
1 4 -1 1 1 0 5 128 127 0 4294967295
1 4 -1 1 1 255 -1 128 127 0 4294967295
1 4 -1 1 1 255 3 128 127 0 4294967295
1 4 -1 1 1 255 4 128 127 0 4294967295
1 4 -1 1 1 255 5 128 127 0 4294967295
1 4 -1 1 2 0 -1 128 127 0 4294967295
1 4 -1 1 2 0 3 128 127 0 4294967295
1 4 -1 1 2 0 4 128 127 0 4294967295
1 4 -1 1 2 0 5 128 127 0 4294967295
1 4 -1 1 2 255 -1 128 127 0 4294967295
1 4 -1 1 2 255 3 128 127 0 4294967295
1 4 -1 1 2 255 4 128 127 0 4294967295
1 4 -1 1 2 255 5 128 127 0 4294967295
1 4 0 0 0 0 -1 128 127 0 4294967295
1 4 0 0 0 0 3 128 127 0 4294967295
1 4 0 0 0 0 4 128 127 0 4294967295
1 4 0 0 0 0 5 128 127 0 4294967295
1 4 0 0 0 255 -1 128 127 0 4294967295
1 4 0 0 0 255 3 128 127 0 4294967295
1 4 0 0 0 255 4 128 127 0 4294967295
1 4 0 0 0 255 5 128 127 0 4294967295
1 4 0 0 1 0 -1 128 127 0 4294967295
1 4 0 0 1 0 3 128 127 0 4294967295
1 4 0 0 1 0 4 128 127 0 4294967295
1 4 0 0 1 0 5 128 127 0 4294967295
1 4 0 0 1 255 -1 128 127 0 4294967295
1 4 0 0 1 255 3 128 127 0 4294967295
1 4 0 0 1 255 4 128 127 0 4294967295
1 4 0 0 1 255 5 128 127 0 4294967295
1 4 0 0 2 0 -1 128 127 0 4294967295
1 4 0 0 2 0 3 128 127 0 4294967295
1 4 0 0 2 0 4 128 127 0 4294967295
1 4 0 0 2 0 5 128 127 0 4294967295
1 4 0 0 2 255 -1 128 127 0 4294967295
1 4 0 0 2 255 3 128 127 0 4294967295
1 4 0 0 2 255 4 128 127 0 4294967295
1 4 0 0 2 255 5 128 127 0 4294967295
1 4 0 1 0 0 -1 128 127 0 4294967295
1 4 0 1 0 0 3 128 127 0 4294967295
1 4 0 1 0 0 4 128 127 0 4294967295
1 4 0 1 0 0 5 128 127 0 4294967295
1 4 0 1 0 255 -1 128 127 0 4294967295
1 4 0 1 0 255 3 128 127 0 4294967295
1 4 0 1 0 255 4 128 127 0 4294967295
1 4 0 1 0 255 5 128 127 0 4294967295
1 4 0 1 1 0 -1 128 127 0 4294967295
1 4 0 1 1 0 3 128 127 0 4294967295
1 4 0 1 1 0 4 128 127 0 4294967295
1 4 0 1 1 0 5 128 127 0 4294967295
1 4 0 1 1 255 -1 128 127 0 4294967295
1 4 0 1 1 255 3 128 127 0 4294967295
1 4 0 1 1 255 4 128 127 0 4294967295
1 4 0 1 1 255 5 128 127 0 4294967295
1 4 0 1 2 0 -1 128 127 0 4294967295
1 4 0 1 2 0 3 128 127 0 4294967295
1 4 0 1 2 0 4 128 127 0 4294967295
1 4 0 1 2 0 5 128 127 0 4294967295
1 4 0 1 2 255 -1 128 127 0 4294967295
1 4 0 1 2 255 3 128 127 0 4294967295
1 4 0 1 2 255 4 128 127 0 4294967295
1 4 0 1 2 255 5 128 127 0 4294967295
1 4 1 0 0 0 -1 128 127 0 4294967295
1 4 1 0 0 0 3 128 127 0 4294967295
1 4 1 0 0 0 4 128 127 0 4294967295
1 4 1 0 0 0 5 128 127 0 4294967295
1 4 1 0 0 255 -1 128 127 0 4294967295
1 4 1 0 0 255 3 128 127 0 4294967295
1 4 1 0 0 255 4 128 127 0 4294967295
1 4 1 0 0 255 5 128 127 0 4294967295
1 4 1 0 1 0 -1 128 127 0 4294967295
1 4 1 0 1 0 3 128 127 0 4294967295
1 4 1 0 1 0 4 128 127 0 4294967295
1 4 1 0 1 0 5 128 127 0 4294967295
1 4 1 0 1 255 -1 128 127 0 4294967295
1 4 1 0 1 255 3 128 127 0 4294967295
1 4 1 0 1 255 4 128 127 0 4294967295
1 4 1 0 1 255 5 128 127 0 4294967295
1 4 1 0 2 0 -1 128 127 0 4294967295
1 4 1 0 2 0 3 128 127 0 4294967295
1 4 1 0 2 0 4 128 127 0 4294967295
1 4 1 0 2 0 5 128 127 0 4294967295
1 4 1 0 2 255 -1 128 127 0 4294967295
1 4 1 0 2 255 3 128 127 0 4294967295
1 4 1 0 2 255 4 128 127 0 4294967295
1 4 1 0 2 255 5 128 127 0 4294967295
1 4 1 1 0 0 -1 128 127 0 4294967295
1 4 1 1 0 0 3 128 127 0 4294967295
1 4 1 1 0 0 4 128 127 0 4294967295
1 4 1 1 0 0 5 128 127 0 4294967295
1 4 1 1 0 255 -1 128 127 0 4294967295
1 4 1 1 0 255 3 128 127 0 4294967295
1 4 1 1 0 255 4 128 127 0 4294967295
1 4 1 1 0 255 5 128 127 0 4294967295
1 4 1 1 1 0 -1 128 127 0 4294967295
1 4 1 1 1 0 3 128 127 0 4294967295
1 4 1 1 1 0 4 128 127 0 4294967295
1 4 1 1 1 0 5 128 127 0 4294967295
1 4 1 1 1 255 -1 128 127 0 4294967295
1 4 1 1 1 255 3 128 127 0 4294967295
1 4 1 1 1 255 4 128 127 0 4294967295
1 4 1 1 1 255 5 128 127 0 4294967295
1 4 1 1 2 0 -1 128 127 0 4294967295
1 4 1 1 2 0 3 128 127 0 4294967295
1 4 1 1 2 0 4 128 127 0 4294967295
1 4 1 1 2 0 5 128 127 0 4294967295
1 4 1 1 2 255 -1 128 127 0 4294967295
1 4 1 1 2 255 3 128 127 0 4294967295
1 4 1 1 2 255 4 128 127 0 4294967295
1 4 1 1 2 255 5 128 127 0 4294967295
1 4 3 0 0 0 -1 128 127 0 4294967295
1 4 3 0 0 0 3 128 127 0 4294967295
1 4 3 0 0 0 4 128 127 0 4294967295
1 4 3 0 0 0 5 128 127 0 4294967295
1 4 3 0 0 255 -1 128 127 0 4294967295
1 4 3 0 0 255 3 128 127 0 4294967295
1 4 3 0 0 255 4 128 127 0 4294967295
1 4 3 0 0 255 5 128 127 0 4294967295
1 4 3 0 1 0 -1 128 127 0 4294967295
1 4 3 0 1 0 3 128 127 0 4294967295
1 4 3 0 1 0 4 128 127 0 4294967295
1 4 3 0 1 0 5 128 127 0 4294967295
1 4 3 0 1 255 -1 128 127 0 4294967295
1 4 3 0 1 255 3 128 127 0 4294967295
1 4 3 0 1 255 4 128 127 0 4294967295
1 4 3 0 1 255 5 128 127 0 4294967295
1 4 3 0 2 0 -1 128 127 0 4294967295
1 4 3 0 2 0 3 128 127 0 4294967295
1 4 3 0 2 0 4 128 127 0 4294967295
1 4 3 0 2 0 5 128 127 0 4294967295
1 4 3 0 2 255 -1 128 127 0 4294967295
1 4 3 0 2 255 3 128 127 0 4294967295
1 4 3 0 2 255 4 128 127 0 4294967295
1 4 3 0 2 255 5 128 127 0 4294967295
1 4 3 1 0 0 -1 128 127 0 4294967295
1 4 3 1 0 0 3 128 127 0 4294967295
1 4 3 1 0 0 4 128 127 0 4294967295
1 4 3 1 0 0 5 128 127 0 4294967295
1 4 3 1 0 255 -1 128 127 0 4294967295
1 4 3 1 0 255 3 128 127 0 4294967295
1 4 3 1 0 255 4 128 127 0 4294967295
1 4 3 1 0 255 5 128 127 0 4294967295
1 4 3 1 1 0 -1 128 127 0 4294967295
1 4 3 1 1 0 3 128 127 0 4294967295
1 4 3 1 1 0 4 128 127 0 4294967295
1 4 3 1 1 0 5 128 127 0 4294967295
1 4 3 1 1 255 -1 128 127 0 4294967295
1 4 3 1 1 255 3 128 127 0 4294967295
1 4 3 1 1 255 4 128 127 0 4294967295
1 4 3 1 1 255 5 128 127 0 4294967295
1 4 3 1 2 0 -1 128 127 0 4294967295
1 4 3 1 2 0 3 128 127 0 4294967295
1 4 3 1 2 0 4 128 127 0 4294967295
1 4 3 1 2 0 5 128 127 0 4294967295
1 4 3 1 2 255 -1 128 127 0 4294967295
1 4 3 1 2 255 3 128 127 0 4294967295
1 4 3 1 2 255 4 128 127 0 4294967295
1 4 3 1 2 255 5 128 127 0 4294967295
2 0 -1 0 0 0 -1 128 127 0 4294967295
2 0 -1 0 0 0 3 128 127 0 4294967295
2 0 -1 0 0 0 4 128 127 0 4294967295
2 0 -1 0 0 0 5 128 127 0 4294967295
2 0 -1 0 0 255 -1 128 127 0 4294967295
2 0 -1 0 0 255 3 128 127 0 4294967295
2 0 -1 0 0 255 4 128 127 0 4294967295
2 0 -1 0 0 255 5 128 127 0 4294967295
2 0 -1 0 1 0 -1 128 127 0 4294967295
2 0 -1 0 1 0 3 128 127 0 4294967295
2 0 -1 0 1 0 4 128 127 0 4294967295
2 0 -1 0 1 0 5 128 127 0 4294967295
2 0 -1 0 1 255 -1 128 127 0 4294967295
2 0 -1 0 1 255 3 128 127 0 4294967295
2 0 -1 0 1 255 4 128 127 0 4294967295
2 0 -1 0 1 255 5 128 127 0 4294967295
2 0 -1 0 2 0 -1 128 127 0 4294967295
2 0 -1 0 2 0 3 128 127 0 4294967295
2 0 -1 0 2 0 4 128 127 0 4294967295
2 0 -1 0 2 0 5 128 127 0 4294967295
2 0 -1 0 2 255 -1 128 127 0 4294967295
2 0 -1 0 2 255 3 128 127 0 4294967295
2 0 -1 0 2 255 4 128 127 0 4294967295
2 0 -1 0 2 255 5 128 127 0 4294967295
2 0 -1 1 0 0 -1 128 127 0 4294967295
2 0 -1 1 0 0 3 128 127 0 4294967295
2 0 -1 1 0 0 4 128 127 0 4294967295
2 0 -1 1 0 0 5 128 127 0 4294967295
2 0 -1 1 0 255 -1 128 127 0 4294967295
2 0 -1 1 0 255 3 128 127 0 4294967295
2 0 -1 1 0 255 4 128 127 0 4294967295
2 0 -1 1 0 255 5 128 127 0 4294967295
2 0 -1 1 1 0 -1 128 127 0 4294967295
2 0 -1 1 1 0 3 128 127 0 4294967295
2 0 -1 1 1 0 4 128 127 0 4294967295
2 0 -1 1 1 0 5 128 127 0 4294967295
2 0 -1 1 1 255 -1 128 127 0 4294967295
2 0 -1 1 1 255 3 128 127 0 4294967295
2 0 -1 1 1 255 4 128 127 0 4294967295
2 0 -1 1 1 255 5 128 127 0 4294967295
2 0 -1 1 2 0 -1 128 127 0 4294967295
2 0 -1 1 2 0 3 128 127 0 4294967295
2 0 -1 1 2 0 4 128 127 0 4294967295
2 0 -1 1 2 0 5 128 127 0 4294967295
2 0 -1 1 2 255 -1 128 127 0 4294967295
2 0 -1 1 2 255 3 128 127 0 4294967295
2 0 -1 1 2 255 4 128 127 0 4294967295
2 0 -1 1 2 255 5 128 127 0 4294967295
2 0 0 0 0 0 -1 128 127 0 4294967295
2 0 0 0 0 0 3 128 127 0 4294967295
2 0 0 0 0 0 4 128 127 0 4294967295
2 0 0 0 0 0 5 128 127 0 4294967295
2 0 0 0 0 255 -1 128 127 0 4294967295
2 0 0 0 0 255 3 128 127 0 4294967295
2 0 0 0 0 255 4 128 127 0 4294967295
2 0 0 0 0 255 5 128 127 0 4294967295
2 0 0 0 1 0 -1 128 127 0 4294967295
2 0 0 0 1 0 3 128 127 0 4294967295
2 0 0 0 1 0 4 128 127 0 4294967295
2 0 0 0 1 0 5 128 127 0 4294967295
2 0 0 0 1 255 -1 128 127 0 4294967295
2 0 0 0 1 255 3 128 127 0 4294967295
2 0 0 0 1 255 4 128 127 0 4294967295
2 0 0 0 1 255 5 128 127 0 4294967295
2 0 0 0 2 0 -1 128 127 0 4294967295
2 0 0 0 2 0 3 128 127 0 4294967295
2 0 0 0 2 0 4 128 127 0 4294967295
2 0 0 0 2 0 5 128 127 0 4294967295
2 0 0 0 2 255 -1 128 127 0 4294967295
2 0 0 0 2 255 3 128 127 0 4294967295
2 0 0 0 2 255 4 128 127 0 4294967295
2 0 0 0 2 255 5 128 127 0 4294967295
2 0 0 1 0 0 -1 128 127 0 4294967295
2 0 0 1 0 0 3 128 127 0 4294967295
2 0 0 1 0 0 4 128 127 0 4294967295
2 0 0 1 0 0 5 128 127 0 4294967295
2 0 0 1 0 255 -1 128 127 0 4294967295
2 0 0 1 0 255 3 128 127 0 4294967295
2 0 0 1 0 255 4 128 127 0 4294967295
2 0 0 1 0 255 5 128 127 0 4294967295
2 0 0 1 1 0 -1 128 127 0 4294967295
2 0 0 1 1 0 3 128 127 0 4294967295
2 0 0 1 1 0 4 128 127 0 4294967295
2 0 0 1 1 0 5 128 127 0 4294967295
2 0 0 1 1 255 -1 128 127 0 4294967295
2 0 0 1 1 255 3 128 127 0 4294967295
2 0 0 1 1 255 4 128 127 0 4294967295
2 0 0 1 1 255 5 128 127 0 4294967295
2 0 0 1 2 0 -1 128 127 0 4294967295
2 0 0 1 2 0 3 128 127 0 4294967295
2 0 0 1 2 0 4 128 127 0 4294967295
2 0 0 1 2 0 5 128 127 0 4294967295
2 0 0 1 2 255 -1 128 127 0 4294967295
2 0 0 1 2 255 3 128 127 0 4294967295
2 0 0 1 2 255 4 128 127 0 4294967295
2 0 0 1 2 255 5 128 127 0 4294967295
2 0 1 0 0 0 -1 128 127 0 4294967295
2 0 1 0 0 0 3 128 127 0 4294967295
2 0 1 0 0 0 4 128 127 0 4294967295
2 0 1 0 0 0 5 128 127 0 4294967295
2 0 1 0 0 255 -1 128 127 0 4294967295
2 0 1 0 0 255 3 128 127 0 4294967295
2 0 1 0 0 255 4 128 127 0 4294967295
2 0 1 0 0 255 5 128 127 0 4294967295
2 0 1 0 1 0 -1 128 127 0 4294967295
2 0 1 0 1 0 3 128 127 0 4294967295
2 0 1 0 1 0 4 128 127 0 4294967295
2 0 1 0 1 0 5 128 127 0 4294967295
2 0 1 0 1 255 -1 128 127 0 4294967295
2 0 1 0 1 255 3 128 127 0 4294967295
2 0 1 0 1 255 4 128 127 0 4294967295
2 0 1 0 1 255 5 128 127 0 4294967295
2 0 1 0 2 0 -1 128 127 0 4294967295
2 0 1 0 2 0 3 128 127 0 4294967295
2 0 1 0 2 0 4 128 127 0 4294967295
2 0 1 0 2 0 5 128 127 0 4294967295
2 0 1 0 2 255 -1 128 127 0 4294967295
2 0 1 0 2 255 3 128 127 0 4294967295
2 0 1 0 2 255 4 128 127 0 4294967295
2 0 1 0 2 255 5 128 127 0 4294967295
2 0 1 1 0 0 -1 128 127 0 4294967295
2 0 1 1 0 0 3 128 127 0 4294967295
2 0 1 1 0 0 4 128 127 0 4294967295
2 0 1 1 0 0 5 128 127 0 4294967295
2 0 1 1 0 255 -1 128 127 0 4294967295
2 0 1 1 0 255 3 128 127 0 4294967295
2 0 1 1 0 255 4 128 127 0 4294967295
2 0 1 1 0 255 5 128 127 0 4294967295
2 0 1 1 1 0 -1 128 127 0 4294967295
2 0 1 1 1 0 3 128 127 0 4294967295
2 0 1 1 1 0 4 128 127 0 4294967295
2 0 1 1 1 0 5 128 127 0 4294967295
2 0 1 1 1 255 -1 128 127 0 4294967295
2 0 1 1 1 255 3 128 127 0 4294967295
2 0 1 1 1 255 4 128 127 0 4294967295
2 0 1 1 1 255 5 128 127 0 4294967295
2 0 1 1 2 0 -1 128 127 0 4294967295
2 0 1 1 2 0 3 128 127 0 4294967295
2 0 1 1 2 0 4 128 127 0 4294967295
2 0 1 1 2 0 5 128 127 0 4294967295
2 0 1 1 2 255 -1 128 127 0 4294967295
2 0 1 1 2 255 3 128 127 0 4294967295
2 0 1 1 2 255 4 128 127 0 4294967295
2 0 1 1 2 255 5 128 127 0 4294967295
2 0 3 0 0 0 -1 128 127 0 4294967295
2 0 3 0 0 0 3 128 127 0 4294967295
2 0 3 0 0 0 4 128 127 0 4294967295
2 0 3 0 0 0 5 128 127 0 4294967295
2 0 3 0 0 255 -1 128 127 0 4294967295
2 0 3 0 0 255 3 128 127 0 4294967295
2 0 3 0 0 255 4 128 127 0 4294967295
2 0 3 0 0 255 5 128 127 0 4294967295
2 0 3 0 1 0 -1 128 127 0 4294967295
2 0 3 0 1 0 3 128 127 0 4294967295
2 0 3 0 1 0 4 128 127 0 4294967295
2 0 3 0 1 0 5 128 127 0 4294967295
2 0 3 0 1 255 -1 128 127 0 4294967295
2 0 3 0 1 255 3 128 127 0 4294967295
2 0 3 0 1 255 4 128 127 0 4294967295
2 0 3 0 1 255 5 128 127 0 4294967295
2 0 3 0 2 0 -1 128 127 0 4294967295
2 0 3 0 2 0 3 128 127 0 4294967295
2 0 3 0 2 0 4 128 127 0 4294967295
2 0 3 0 2 0 5 128 127 0 4294967295
2 0 3 0 2 255 -1 128 127 0 4294967295
2 0 3 0 2 255 3 128 127 0 4294967295
2 0 3 0 2 255 4 128 127 0 4294967295
2 0 3 0 2 255 5 128 127 0 4294967295
2 0 3 1 0 0 -1 128 127 0 4294967295
2 0 3 1 0 0 3 128 127 0 4294967295
2 0 3 1 0 0 4 128 127 0 4294967295
2 0 3 1 0 0 5 128 127 0 4294967295
2 0 3 1 0 255 -1 128 127 0 4294967295
2 0 3 1 0 255 3 128 127 0 4294967295
2 0 3 1 0 255 4 128 127 0 4294967295
2 0 3 1 0 255 5 128 127 0 4294967295
2 0 3 1 1 0 -1 128 127 0 4294967295
2 0 3 1 1 0 3 128 127 0 4294967295
2 0 3 1 1 0 4 128 127 0 4294967295
2 0 3 1 1 0 5 128 127 0 4294967295
2 0 3 1 1 255 -1 128 127 0 4294967295
2 0 3 1 1 255 3 128 127 0 4294967295
2 0 3 1 1 255 4 128 127 0 4294967295
2 0 3 1 1 255 5 128 127 0 4294967295
2 0 3 1 2 0 -1 128 127 0 4294967295
2 0 3 1 2 0 3 128 127 0 4294967295
2 0 3 1 2 0 4 128 127 0 4294967295
2 0 3 1 2 0 5 128 127 0 4294967295
2 0 3 1 2 255 -1 128 127 0 4294967295
2 0 3 1 2 255 3 128 127 0 4294967295
2 0 3 1 2 255 4 128 127 0 4294967295
2 0 3 1 2 255 5 128 127 0 4294967295
2 1 -1 0 0 0 -1 128 127 0 4294967295
2 1 -1 0 0 0 3 128 127 0 4294967295
2 1 -1 0 0 0 4 128 127 0 4294967295
2 1 -1 0 0 0 5 128 127 0 4294967295
2 1 -1 0 0 255 -1 128 127 0 4294967295
2 1 -1 0 0 255 3 128 127 0 4294967295
2 1 -1 0 0 255 4 128 127 0 4294967295
2 1 -1 0 0 255 5 128 127 0 4294967295
2 1 -1 0 1 0 -1 128 127 0 4294967295
2 1 -1 0 1 0 3 128 127 0 4294967295
2 1 -1 0 1 0 4 128 127 0 4294967295
2 1 -1 0 1 0 5 128 127 0 4294967295
2 1 -1 0 1 255 -1 128 127 0 4294967295
2 1 -1 0 1 255 3 128 127 0 4294967295
2 1 -1 0 1 255 4 128 127 0 4294967295
2 1 -1 0 1 255 5 128 127 0 4294967295
2 1 -1 0 2 0 -1 128 127 0 4294967295
2 1 -1 0 2 0 3 128 127 0 4294967295
2 1 -1 0 2 0 4 128 127 0 4294967295
2 1 -1 0 2 0 5 128 127 0 4294967295
2 1 -1 0 2 255 -1 128 127 0 4294967295
2 1 -1 0 2 255 3 128 127 0 4294967295
2 1 -1 0 2 255 4 128 127 0 4294967295
2 1 -1 0 2 255 5 128 127 0 4294967295
2 1 -1 1 0 0 -1 128 127 0 4294967295
2 1 -1 1 0 0 3 128 127 0 4294967295
2 1 -1 1 0 0 4 128 127 0 4294967295
2 1 -1 1 0 0 5 128 127 0 4294967295
2 1 -1 1 0 255 -1 128 127 0 4294967295
2 1 -1 1 0 255 3 128 127 0 4294967295
2 1 -1 1 0 255 4 128 127 0 4294967295
2 1 -1 1 0 255 5 128 127 0 4294967295
2 1 -1 1 1 0 -1 128 127 0 4294967295
2 1 -1 1 1 0 3 128 127 0 4294967295
2 1 -1 1 1 0 4 128 127 0 4294967295
2 1 -1 1 1 0 5 128 127 0 4294967295
2 1 -1 1 1 255 -1 128 127 0 4294967295
2 1 -1 1 1 255 3 128 127 0 4294967295
2 1 -1 1 1 255 4 128 127 0 4294967295
2 1 -1 1 1 255 5 128 127 0 4294967295
2 1 -1 1 2 0 -1 128 127 0 4294967295
2 1 -1 1 2 0 3 128 127 0 4294967295
2 1 -1 1 2 0 4 128 127 0 4294967295
2 1 -1 1 2 0 5 128 127 0 4294967295
2 1 -1 1 2 255 -1 128 127 0 4294967295
2 1 -1 1 2 255 3 128 127 0 4294967295
2 1 -1 1 2 255 4 128 127 0 4294967295
2 1 -1 1 2 255 5 128 127 0 4294967295
2 1 0 0 0 0 -1 128 127 0 4294967295
2 1 0 0 0 0 3 128 127 0 4294967295
2 1 0 0 0 0 4 128 127 0 4294967295
2 1 0 0 0 0 5 128 127 0 4294967295
2 1 0 0 0 255 -1 128 127 0 4294967295
2 1 0 0 0 255 3 128 127 0 4294967295
2 1 0 0 0 255 4 128 127 0 4294967295
2 1 0 0 0 255 5 128 127 0 4294967295
2 1 0 0 1 0 -1 128 127 0 4294967295
2 1 0 0 1 0 3 128 127 0 4294967295
2 1 0 0 1 0 4 128 127 0 4294967295
2 1 0 0 1 0 5 128 127 0 4294967295
2 1 0 0 1 255 -1 128 127 0 4294967295
2 1 0 0 1 255 3 128 127 0 4294967295
2 1 0 0 1 255 4 128 127 0 4294967295
2 1 0 0 1 255 5 128 127 0 4294967295
2 1 0 0 2 0 -1 128 127 0 4294967295
2 1 0 0 2 0 3 128 127 0 4294967295
2 1 0 0 2 0 4 128 127 0 4294967295
2 1 0 0 2 0 5 128 127 0 4294967295
2 1 0 0 2 255 -1 128 127 0 4294967295
2 1 0 0 2 255 3 128 127 0 4294967295
2 1 0 0 2 255 4 128 127 0 4294967295
2 1 0 0 2 255 5 128 127 0 4294967295
2 1 0 1 0 0 -1 128 127 0 4294967295
2 1 0 1 0 0 3 128 127 0 4294967295
2 1 0 1 0 0 4 128 127 0 4294967295
2 1 0 1 0 0 5 128 127 0 4294967295
2 1 0 1 0 255 -1 128 127 0 4294967295
2 1 0 1 0 255 3 128 127 0 4294967295
2 1 0 1 0 255 4 128 127 0 4294967295
2 1 0 1 0 255 5 128 127 0 4294967295
2 1 0 1 1 0 -1 128 127 0 4294967295
2 1 0 1 1 0 3 128 127 0 4294967295
2 1 0 1 1 0 4 128 127 0 4294967295
2 1 0 1 1 0 5 128 127 0 4294967295
2 1 0 1 1 255 -1 128 127 0 4294967295
2 1 0 1 1 255 3 128 127 0 4294967295
2 1 0 1 1 255 4 128 127 0 4294967295
2 1 0 1 1 255 5 128 127 0 4294967295
2 1 0 1 2 0 -1 128 127 0 4294967295
2 1 0 1 2 0 3 128 127 0 4294967295
2 1 0 1 2 0 4 128 127 0 4294967295
2 1 0 1 2 0 5 128 127 0 4294967295
2 1 0 1 2 255 -1 128 127 0 4294967295
2 1 0 1 2 255 3 128 127 0 4294967295
2 1 0 1 2 255 4 128 127 0 4294967295
2 1 0 1 2 255 5 128 127 0 4294967295
2 1 1 0 0 0 -1 128 127 0 4294967295
2 1 1 0 0 0 3 128 127 0 4294967295
2 1 1 0 0 0 4 128 127 0 4294967295
2 1 1 0 0 0 5 128 127 0 4294967295
2 1 1 0 0 255 -1 128 127 0 4294967295
2 1 1 0 0 255 3 128 127 0 4294967295
2 1 1 0 0 255 4 128 127 0 4294967295
2 1 1 0 0 255 5 128 127 0 4294967295
2 1 1 0 1 0 -1 128 127 0 4294967295
2 1 1 0 1 0 3 128 127 0 4294967295
2 1 1 0 1 0 4 128 127 0 4294967295
2 1 1 0 1 0 5 128 127 0 4294967295
2 1 1 0 1 255 -1 128 127 0 4294967295
2 1 1 0 1 255 3 128 127 0 4294967295
2 1 1 0 1 255 4 128 127 0 4294967295
2 1 1 0 1 255 5 128 127 0 4294967295
2 1 1 0 2 0 -1 128 127 0 4294967295
2 1 1 0 2 0 3 128 127 0 4294967295
2 1 1 0 2 0 4 128 127 0 4294967295
2 1 1 0 2 0 5 128 127 0 4294967295
2 1 1 0 2 255 -1 128 127 0 4294967295
2 1 1 0 2 255 3 128 127 0 4294967295
2 1 1 0 2 255 4 128 127 0 4294967295
2 1 1 0 2 255 5 128 127 0 4294967295
2 1 1 1 0 0 -1 128 127 0 4294967295
2 1 1 1 0 0 3 128 127 0 4294967295
2 1 1 1 0 0 4 128 127 0 4294967295
2 1 1 1 0 0 5 128 127 0 4294967295
2 1 1 1 0 255 -1 128 127 0 4294967295
2 1 1 1 0 255 3 128 127 0 4294967295
2 1 1 1 0 255 4 128 127 0 4294967295
2 1 1 1 0 255 5 128 127 0 4294967295
2 1 1 1 1 0 -1 128 127 0 4294967295
2 1 1 1 1 0 3 128 127 0 4294967295
2 1 1 1 1 0 4 128 127 0 4294967295
2 1 1 1 1 0 5 128 127 0 4294967295
2 1 1 1 1 255 -1 128 127 0 4294967295
2 1 1 1 1 255 3 128 127 0 4294967295
2 1 1 1 1 255 4 128 127 0 4294967295
2 1 1 1 1 255 5 128 127 0 4294967295
2 1 1 1 2 0 -1 128 127 0 4294967295
2 1 1 1 2 0 3 128 127 0 4294967295
2 1 1 1 2 0 4 128 127 0 4294967295
2 1 1 1 2 0 5 128 127 0 4294967295
2 1 1 1 2 255 -1 128 127 0 4294967295
2 1 1 1 2 255 3 128 127 0 4294967295
2 1 1 1 2 255 4 128 127 0 4294967295
2 1 1 1 2 255 5 128 127 0 4294967295
2 1 3 0 0 0 -1 128 127 0 4294967295
2 1 3 0 0 0 3 128 127 0 4294967295
2 1 3 0 0 0 4 128 127 0 4294967295
2 1 3 0 0 0 5 128 127 0 4294967295
2 1 3 0 0 255 -1 128 127 0 4294967295
2 1 3 0 0 255 3 128 127 0 4294967295
2 1 3 0 0 255 4 128 127 0 4294967295
2 1 3 0 0 255 5 128 127 0 4294967295
2 1 3 0 1 0 -1 128 127 0 4294967295
2 1 3 0 1 0 3 128 127 0 4294967295
2 1 3 0 1 0 4 128 127 0 4294967295
2 1 3 0 1 0 5 128 127 0 4294967295
2 1 3 0 1 255 -1 128 127 0 4294967295
2 1 3 0 1 255 3 128 127 0 4294967295
2 1 3 0 1 255 4 128 127 0 4294967295
2 1 3 0 1 255 5 128 127 0 4294967295
2 1 3 0 2 0 -1 128 127 0 4294967295
2 1 3 0 2 0 3 128 127 0 4294967295
2 1 3 0 2 0 4 128 127 0 4294967295
2 1 3 0 2 0 5 128 127 0 4294967295
2 1 3 0 2 255 -1 128 127 0 4294967295
2 1 3 0 2 255 3 128 127 0 4294967295
2 1 3 0 2 255 4 128 127 0 4294967295
2 1 3 0 2 255 5 128 127 0 4294967295
2 1 3 1 0 0 -1 128 127 0 4294967295
2 1 3 1 0 0 3 128 127 0 4294967295
2 1 3 1 0 0 4 128 127 0 4294967295
2 1 3 1 0 0 5 128 127 0 4294967295
2 1 3 1 0 255 -1 128 127 0 4294967295
2 1 3 1 0 255 3 128 127 0 4294967295
2 1 3 1 0 255 4 128 127 0 4294967295
2 1 3 1 0 255 5 128 127 0 4294967295
2 1 3 1 1 0 -1 128 127 0 4294967295
2 1 3 1 1 0 3 128 127 0 4294967295
2 1 3 1 1 0 4 128 127 0 4294967295
2 1 3 1 1 0 5 128 127 0 4294967295
2 1 3 1 1 255 -1 128 127 0 4294967295
2 1 3 1 1 255 3 128 127 0 4294967295
2 1 3 1 1 255 4 128 127 0 4294967295
2 1 3 1 1 255 5 128 127 0 4294967295
2 1 3 1 2 0 -1 128 127 0 4294967295
2 1 3 1 2 0 3 128 127 0 4294967295
2 1 3 1 2 0 4 128 127 0 4294967295
2 1 3 1 2 0 5 128 127 0 4294967295
2 1 3 1 2 255 -1 128 127 0 4294967295
2 1 3 1 2 255 3 128 127 0 4294967295
2 1 3 1 2 255 4 128 127 0 4294967295
2 1 3 1 2 255 5 128 127 0 4294967295
2 2 -1 0 0 0 -1 128 127 0 4294967295
2 2 -1 0 0 0 3 128 127 0 4294967295
2 2 -1 0 0 0 4 128 127 0 4294967295
2 2 -1 0 0 0 5 128 127 0 4294967295
2 2 -1 0 0 255 -1 128 127 0 4294967295
2 2 -1 0 0 255 3 128 127 0 4294967295
2 2 -1 0 0 255 4 128 127 0 4294967295
2 2 -1 0 0 255 5 128 127 0 4294967295
2 2 -1 0 1 0 -1 128 127 0 4294967295
2 2 -1 0 1 0 3 128 127 0 4294967295
2 2 -1 0 1 0 4 128 127 0 4294967295
2 2 -1 0 1 0 5 128 127 0 4294967295
2 2 -1 0 1 255 -1 128 127 0 4294967295
2 2 -1 0 1 255 3 128 127 0 4294967295
2 2 -1 0 1 255 4 128 127 0 4294967295
2 2 -1 0 1 255 5 128 127 0 4294967295
2 2 -1 0 2 0 -1 128 127 0 4294967295
2 2 -1 0 2 0 3 128 127 0 4294967295
2 2 -1 0 2 0 4 128 127 0 4294967295
2 2 -1 0 2 0 5 128 127 0 4294967295
2 2 -1 0 2 255 -1 128 127 0 4294967295
2 2 -1 0 2 255 3 128 127 0 4294967295
2 2 -1 0 2 255 4 128 127 0 4294967295
2 2 -1 0 2 255 5 128 127 0 4294967295
2 2 -1 1 0 0 -1 128 127 0 4294967295
2 2 -1 1 0 0 3 128 127 0 4294967295
2 2 -1 1 0 0 4 128 127 0 4294967295
2 2 -1 1 0 0 5 128 127 0 4294967295
2 2 -1 1 0 255 -1 128 127 0 4294967295
2 2 -1 1 0 255 3 128 127 0 4294967295
2 2 -1 1 0 255 4 128 127 0 4294967295
2 2 -1 1 0 255 5 128 127 0 4294967295
2 2 -1 1 1 0 -1 128 127 0 4294967295
2 2 -1 1 1 0 3 128 127 0 4294967295
2 2 -1 1 1 0 4 128 127 0 4294967295
2 2 -1 1 1 0 5 128 127 0 4294967295
2 2 -1 1 1 255 -1 128 127 0 4294967295
2 2 -1 1 1 255 3 128 127 0 4294967295
2 2 -1 1 1 255 4 128 127 0 4294967295
2 2 -1 1 1 255 5 128 127 0 4294967295
2 2 -1 1 2 0 -1 128 127 0 4294967295
2 2 -1 1 2 0 3 128 127 0 4294967295
2 2 -1 1 2 0 4 128 127 0 4294967295
2 2 -1 1 2 0 5 128 127 0 4294967295
2 2 -1 1 2 255 -1 128 127 0 4294967295
2 2 -1 1 2 255 3 128 127 0 4294967295
2 2 -1 1 2 255 4 128 127 0 4294967295
2 2 -1 1 2 255 5 128 127 0 4294967295
2 2 0 0 0 0 -1 128 127 0 4294967295
2 2 0 0 0 0 3 128 127 0 4294967295
2 2 0 0 0 0 4 128 127 0 4294967295
2 2 0 0 0 0 5 128 127 0 4294967295
2 2 0 0 0 255 -1 128 127 0 4294967295
2 2 0 0 0 255 3 128 127 0 4294967295
2 2 0 0 0 255 4 128 127 0 4294967295
2 2 0 0 0 255 5 128 127 0 4294967295
2 2 0 0 1 0 -1 128 127 0 4294967295
2 2 0 0 1 0 3 128 127 0 4294967295
2 2 0 0 1 0 4 128 127 0 4294967295
2 2 0 0 1 0 5 128 127 0 4294967295
2 2 0 0 1 255 -1 128 127 0 4294967295
2 2 0 0 1 255 3 128 127 0 4294967295
2 2 0 0 1 255 4 128 127 0 4294967295
2 2 0 0 1 255 5 128 127 0 4294967295
2 2 0 0 2 0 -1 128 127 0 4294967295
2 2 0 0 2 0 3 128 127 0 4294967295
2 2 0 0 2 0 4 128 127 0 4294967295
2 2 0 0 2 0 5 128 127 0 4294967295
2 2 0 0 2 255 -1 128 127 0 4294967295
2 2 0 0 2 255 3 128 127 0 4294967295
2 2 0 0 2 255 4 128 127 0 4294967295
2 2 0 0 2 255 5 128 127 0 4294967295
2 2 0 1 0 0 -1 128 127 0 4294967295
2 2 0 1 0 0 3 128 127 0 4294967295
2 2 0 1 0 0 4 128 127 0 4294967295
2 2 0 1 0 0 5 128 127 0 4294967295
2 2 0 1 0 255 -1 128 127 0 4294967295
2 2 0 1 0 255 3 128 127 0 4294967295
2 2 0 1 0 255 4 128 127 0 4294967295
2 2 0 1 0 255 5 128 127 0 4294967295
2 2 0 1 1 0 -1 128 127 0 4294967295
2 2 0 1 1 0 3 128 127 0 4294967295
2 2 0 1 1 0 4 128 127 0 4294967295
2 2 0 1 1 0 5 128 127 0 4294967295
2 2 0 1 1 255 -1 128 127 0 4294967295
2 2 0 1 1 255 3 128 127 0 4294967295
2 2 0 1 1 255 4 128 127 0 4294967295
2 2 0 1 1 255 5 128 127 0 4294967295
2 2 0 1 2 0 -1 128 127 0 4294967295
2 2 0 1 2 0 3 128 127 0 4294967295
2 2 0 1 2 0 4 128 127 0 4294967295
2 2 0 1 2 0 5 128 127 0 4294967295
2 2 0 1 2 255 -1 128 127 0 4294967295
2 2 0 1 2 255 3 128 127 0 4294967295
2 2 0 1 2 255 4 128 127 0 4294967295
2 2 0 1 2 255 5 128 127 0 4294967295
2 2 1 0 0 0 -1 128 127 0 4294967295
2 2 1 0 0 0 3 128 127 0 4294967295
2 2 1 0 0 0 4 128 127 0 4294967295
2 2 1 0 0 0 5 128 127 0 4294967295
2 2 1 0 0 255 -1 128 127 0 4294967295
2 2 1 0 0 255 3 128 127 0 4294967295
2 2 1 0 0 255 4 128 127 0 4294967295
2 2 1 0 0 255 5 128 127 0 4294967295
2 2 1 0 1 0 -1 128 127 0 4294967295
2 2 1 0 1 0 3 128 127 0 4294967295
2 2 1 0 1 0 4 128 127 0 4294967295
2 2 1 0 1 0 5 128 127 0 4294967295
2 2 1 0 1 255 -1 128 127 0 4294967295
2 2 1 0 1 255 3 128 127 0 4294967295
2 2 1 0 1 255 4 128 127 0 4294967295
2 2 1 0 1 255 5 128 127 0 4294967295
2 2 1 0 2 0 -1 128 127 0 4294967295
2 2 1 0 2 0 3 128 127 0 4294967295
2 2 1 0 2 0 4 128 127 0 4294967295
2 2 1 0 2 0 5 128 127 0 4294967295
2 2 1 0 2 255 -1 128 127 0 4294967295
2 2 1 0 2 255 3 128 127 0 4294967295
2 2 1 0 2 255 4 128 127 0 4294967295
2 2 1 0 2 255 5 128 127 0 4294967295
2 2 1 1 0 0 -1 128 127 0 4294967295
2 2 1 1 0 0 3 128 127 0 4294967295
2 2 1 1 0 0 4 128 127 0 4294967295
2 2 1 1 0 0 5 128 127 0 4294967295
2 2 1 1 0 255 -1 128 127 0 4294967295
2 2 1 1 0 255 3 128 127 0 4294967295
2 2 1 1 0 255 4 128 127 0 4294967295
2 2 1 1 0 255 5 128 127 0 4294967295
2 2 1 1 1 0 -1 128 127 0 4294967295
2 2 1 1 1 0 3 128 127 0 4294967295
2 2 1 1 1 0 4 128 127 0 4294967295
2 2 1 1 1 0 5 128 127 0 4294967295
2 2 1 1 1 255 -1 128 127 0 4294967295
2 2 1 1 1 255 3 128 127 0 4294967295
2 2 1 1 1 255 4 128 127 0 4294967295
2 2 1 1 1 255 5 128 127 0 4294967295
2 2 1 1 2 0 -1 128 127 0 4294967295
2 2 1 1 2 0 3 128 127 0 4294967295
2 2 1 1 2 0 4 128 127 0 4294967295
2 2 1 1 2 0 5 128 127 0 4294967295
2 2 1 1 2 255 -1 128 127 0 4294967295
2 2 1 1 2 255 3 128 127 0 4294967295
2 2 1 1 2 255 4 128 127 0 4294967295
2 2 1 1 2 255 5 128 127 0 4294967295
2 2 3 0 0 0 -1 128 127 0 4294967295
2 2 3 0 0 0 3 128 127 0 4294967295
2 2 3 0 0 0 4 128 127 0 4294967295
2 2 3 0 0 0 5 128 127 0 4294967295
2 2 3 0 0 255 -1 128 127 0 4294967295
2 2 3 0 0 255 3 128 127 0 4294967295
2 2 3 0 0 255 4 128 127 0 4294967295
2 2 3 0 0 255 5 128 127 0 4294967295
2 2 3 0 1 0 -1 128 127 0 4294967295
2 2 3 0 1 0 3 128 127 0 4294967295
2 2 3 0 1 0 4 128 127 0 4294967295
2 2 3 0 1 0 5 128 127 0 4294967295
2 2 3 0 1 255 -1 128 127 0 4294967295
2 2 3 0 1 255 3 128 127 0 4294967295
2 2 3 0 1 255 4 128 127 0 4294967295
2 2 3 0 1 255 5 128 127 0 4294967295
2 2 3 0 2 0 -1 128 127 0 4294967295
2 2 3 0 2 0 3 128 127 0 4294967295
2 2 3 0 2 0 4 128 127 0 4294967295
2 2 3 0 2 0 5 128 127 0 4294967295
2 2 3 0 2 255 -1 128 127 0 4294967295
2 2 3 0 2 255 3 128 127 0 4294967295
2 2 3 0 2 255 4 128 127 0 4294967295
2 2 3 0 2 255 5 128 127 0 4294967295
2 2 3 1 0 0 -1 128 127 0 4294967295
2 2 3 1 0 0 3 128 127 0 4294967295
2 2 3 1 0 0 4 128 127 0 4294967295
2 2 3 1 0 0 5 128 127 0 4294967295
2 2 3 1 0 255 -1 128 127 0 4294967295
2 2 3 1 0 255 3 128 127 0 4294967295
2 2 3 1 0 255 4 128 127 0 4294967295
2 2 3 1 0 255 5 128 127 0 4294967295
2 2 3 1 1 0 -1 128 127 0 4294967295
2 2 3 1 1 0 3 128 127 0 4294967295
2 2 3 1 1 0 4 128 127 0 4294967295
2 2 3 1 1 0 5 128 127 0 4294967295
2 2 3 1 1 255 -1 128 127 0 4294967295
2 2 3 1 1 255 3 128 127 0 4294967295
2 2 3 1 1 255 4 128 127 0 4294967295
2 2 3 1 1 255 5 128 127 0 4294967295
2 2 3 1 2 0 -1 128 127 0 4294967295
2 2 3 1 2 0 3 128 127 0 4294967295
2 2 3 1 2 0 4 128 127 0 4294967295
2 2 3 1 2 0 5 128 127 0 4294967295
2 2 3 1 2 255 -1 128 127 0 4294967295
2 2 3 1 2 255 3 128 127 0 4294967295
2 2 3 1 2 255 4 128 127 0 4294967295
2 2 3 1 2 255 5 128 127 0 4294967295
2 3 -1 0 0 0 -1 128 127 0 4294967295
2 3 -1 0 0 0 3 128 127 0 4294967295
2 3 -1 0 0 0 4 128 127 0 4294967295
2 3 -1 0 0 0 5 128 127 0 4294967295
2 3 -1 0 0 255 -1 128 127 0 4294967295
2 3 -1 0 0 255 3 128 127 0 4294967295
2 3 -1 0 0 255 4 128 127 0 4294967295
2 3 -1 0 0 255 5 128 127 0 4294967295
2 3 -1 0 1 0 -1 128 127 0 4294967295
2 3 -1 0 1 0 3 128 127 0 4294967295
2 3 -1 0 1 0 4 128 127 0 4294967295
2 3 -1 0 1 0 5 128 127 0 4294967295
2 3 -1 0 1 255 -1 128 127 0 4294967295
2 3 -1 0 1 255 3 128 127 0 4294967295
2 3 -1 0 1 255 4 128 127 0 4294967295
2 3 -1 0 1 255 5 128 127 0 4294967295
2 3 -1 0 2 0 -1 128 127 0 4294967295
2 3 -1 0 2 0 3 128 127 0 4294967295
2 3 -1 0 2 0 4 128 127 0 4294967295
2 3 -1 0 2 0 5 128 127 0 4294967295
2 3 -1 0 2 255 -1 128 127 0 4294967295
2 3 -1 0 2 255 3 128 127 0 4294967295
2 3 -1 0 2 255 4 128 127 0 4294967295
2 3 -1 0 2 255 5 128 127 0 4294967295
2 3 -1 1 0 0 -1 128 127 0 4294967295
2 3 -1 1 0 0 3 128 127 0 4294967295
2 3 -1 1 0 0 4 128 127 0 4294967295
2 3 -1 1 0 0 5 128 127 0 4294967295
2 3 -1 1 0 255 -1 128 127 0 4294967295
2 3 -1 1 0 255 3 128 127 0 4294967295
2 3 -1 1 0 255 4 128 127 0 4294967295
2 3 -1 1 0 255 5 128 127 0 4294967295
2 3 -1 1 1 0 -1 128 127 0 4294967295
2 3 -1 1 1 0 3 128 127 0 4294967295
2 3 -1 1 1 0 4 128 127 0 4294967295
2 3 -1 1 1 0 5 128 127 0 4294967295
2 3 -1 1 1 255 -1 128 127 0 4294967295
2 3 -1 1 1 255 3 128 127 0 4294967295
2 3 -1 1 1 255 4 128 127 0 4294967295
2 3 -1 1 1 255 5 128 127 0 4294967295
2 3 -1 1 2 0 -1 128 127 0 4294967295
2 3 -1 1 2 0 3 128 127 0 4294967295
2 3 -1 1 2 0 4 128 127 0 4294967295
2 3 -1 1 2 0 5 128 127 0 4294967295
2 3 -1 1 2 255 -1 128 127 0 4294967295
2 3 -1 1 2 255 3 128 127 0 4294967295
2 3 -1 1 2 255 4 128 127 0 4294967295
2 3 -1 1 2 255 5 128 127 0 4294967295
2 3 0 0 0 0 -1 128 127 0 4294967295
2 3 0 0 0 0 3 128 127 0 4294967295
2 3 0 0 0 0 4 128 127 0 4294967295
2 3 0 0 0 0 5 128 127 0 4294967295
2 3 0 0 0 255 -1 128 127 0 4294967295
2 3 0 0 0 255 3 128 127 0 4294967295
2 3 0 0 0 255 4 128 127 0 4294967295
2 3 0 0 0 255 5 128 127 0 4294967295
2 3 0 0 1 0 -1 128 127 0 4294967295
2 3 0 0 1 0 3 128 127 0 4294967295
2 3 0 0 1 0 4 128 127 0 4294967295
2 3 0 0 1 0 5 128 127 0 4294967295
2 3 0 0 1 255 -1 128 127 0 4294967295
2 3 0 0 1 255 3 128 127 0 4294967295
2 3 0 0 1 255 4 128 127 0 4294967295
2 3 0 0 1 255 5 128 127 0 4294967295
2 3 0 0 2 0 -1 128 127 0 4294967295
2 3 0 0 2 0 3 128 127 0 4294967295
2 3 0 0 2 0 4 128 127 0 4294967295
2 3 0 0 2 0 5 128 127 0 4294967295
2 3 0 0 2 255 -1 128 127 0 4294967295
2 3 0 0 2 255 3 128 127 0 4294967295
2 3 0 0 2 255 4 128 127 0 4294967295
2 3 0 0 2 255 5 128 127 0 4294967295
2 3 0 1 0 0 -1 128 127 0 4294967295
2 3 0 1 0 0 3 128 127 0 4294967295
2 3 0 1 0 0 4 128 127 0 4294967295
2 3 0 1 0 0 5 128 127 0 4294967295
2 3 0 1 0 255 -1 128 127 0 4294967295
2 3 0 1 0 255 3 128 127 0 4294967295
2 3 0 1 0 255 4 128 127 0 4294967295
2 3 0 1 0 255 5 128 127 0 4294967295
2 3 0 1 1 0 -1 128 127 0 4294967295
2 3 0 1 1 0 3 128 127 0 4294967295
2 3 0 1 1 0 4 128 127 0 4294967295
2 3 0 1 1 0 5 128 127 0 4294967295
2 3 0 1 1 255 -1 128 127 0 4294967295
2 3 0 1 1 255 3 128 127 0 4294967295
2 3 0 1 1 255 4 128 127 0 4294967295
2 3 0 1 1 255 5 128 127 0 4294967295
2 3 0 1 2 0 -1 128 127 0 4294967295
2 3 0 1 2 0 3 128 127 0 4294967295
2 3 0 1 2 0 4 128 127 0 4294967295
2 3 0 1 2 0 5 128 127 0 4294967295
2 3 0 1 2 255 -1 128 127 0 4294967295
2 3 0 1 2 255 3 128 127 0 4294967295
2 3 0 1 2 255 4 128 127 0 4294967295
2 3 0 1 2 255 5 128 127 0 4294967295
2 3 1 0 0 0 -1 128 127 0 4294967295
2 3 1 0 0 0 3 128 127 0 4294967295
2 3 1 0 0 0 4 128 127 0 4294967295
2 3 1 0 0 0 5 128 127 0 4294967295
2 3 1 0 0 255 -1 128 127 0 4294967295
2 3 1 0 0 255 3 128 127 0 4294967295
2 3 1 0 0 255 4 128 127 0 4294967295
2 3 1 0 0 255 5 128 127 0 4294967295
2 3 1 0 1 0 -1 128 127 0 4294967295
2 3 1 0 1 0 3 128 127 0 4294967295
2 3 1 0 1 0 4 128 127 0 4294967295
2 3 1 0 1 0 5 128 127 0 4294967295
2 3 1 0 1 255 -1 128 127 0 4294967295
2 3 1 0 1 255 3 128 127 0 4294967295
2 3 1 0 1 255 4 128 127 0 4294967295
2 3 1 0 1 255 5 128 127 0 4294967295
2 3 1 0 2 0 -1 128 127 0 4294967295
2 3 1 0 2 0 3 128 127 0 4294967295
2 3 1 0 2 0 4 128 127 0 4294967295
2 3 1 0 2 0 5 128 127 0 4294967295
2 3 1 0 2 255 -1 128 127 0 4294967295
2 3 1 0 2 255 3 128 127 0 4294967295
2 3 1 0 2 255 4 128 127 0 4294967295
2 3 1 0 2 255 5 128 127 0 4294967295
2 3 1 1 0 0 -1 128 127 0 4294967295
2 3 1 1 0 0 3 128 127 0 4294967295
2 3 1 1 0 0 4 128 127 0 4294967295
2 3 1 1 0 0 5 128 127 0 4294967295
2 3 1 1 0 255 -1 128 127 0 4294967295
2 3 1 1 0 255 3 128 127 0 4294967295
2 3 1 1 0 255 4 128 127 0 4294967295
2 3 1 1 0 255 5 128 127 0 4294967295
2 3 1 1 1 0 -1 128 127 0 4294967295
2 3 1 1 1 0 3 128 127 0 4294967295
2 3 1 1 1 0 4 128 127 0 4294967295
2 3 1 1 1 0 5 128 127 0 4294967295
2 3 1 1 1 255 -1 128 127 0 4294967295
2 3 1 1 1 255 3 128 127 0 4294967295
2 3 1 1 1 255 4 128 127 0 4294967295
2 3 1 1 1 255 5 128 127 0 4294967295
2 3 1 1 2 0 -1 128 127 0 4294967295
2 3 1 1 2 0 3 128 127 0 4294967295
2 3 1 1 2 0 4 128 127 0 4294967295
2 3 1 1 2 0 5 128 127 0 4294967295
2 3 1 1 2 255 -1 128 127 0 4294967295
2 3 1 1 2 255 3 128 127 0 4294967295
2 3 1 1 2 255 4 128 127 0 4294967295
2 3 1 1 2 255 5 128 127 0 4294967295
2 3 3 0 0 0 -1 128 127 0 4294967295
2 3 3 0 0 0 3 128 127 0 4294967295
2 3 3 0 0 0 4 128 127 0 4294967295
2 3 3 0 0 0 5 128 127 0 4294967295
2 3 3 0 0 255 -1 128 127 0 4294967295
2 3 3 0 0 255 3 128 127 0 4294967295
2 3 3 0 0 255 4 128 127 0 4294967295
2 3 3 0 0 255 5 128 127 0 4294967295
2 3 3 0 1 0 -1 128 127 0 4294967295
2 3 3 0 1 0 3 128 127 0 4294967295
2 3 3 0 1 0 4 128 127 0 4294967295
2 3 3 0 1 0 5 128 127 0 4294967295
2 3 3 0 1 255 -1 128 127 0 4294967295
2 3 3 0 1 255 3 128 127 0 4294967295
2 3 3 0 1 255 4 128 127 0 4294967295
2 3 3 0 1 255 5 128 127 0 4294967295
2 3 3 0 2 0 -1 128 127 0 4294967295
2 3 3 0 2 0 3 128 127 0 4294967295
2 3 3 0 2 0 4 128 127 0 4294967295
2 3 3 0 2 0 5 128 127 0 4294967295
2 3 3 0 2 255 -1 128 127 0 4294967295
2 3 3 0 2 255 3 128 127 0 4294967295
2 3 3 0 2 255 4 128 127 0 4294967295
2 3 3 0 2 255 5 128 127 0 4294967295
2 3 3 1 0 0 -1 128 127 0 4294967295
2 3 3 1 0 0 3 128 127 0 4294967295
2 3 3 1 0 0 4 128 127 0 4294967295
2 3 3 1 0 0 5 128 127 0 4294967295
2 3 3 1 0 255 -1 128 127 0 4294967295
2 3 3 1 0 255 3 128 127 0 4294967295
2 3 3 1 0 255 4 128 127 0 4294967295
2 3 3 1 0 255 5 128 127 0 4294967295
2 3 3 1 1 0 -1 128 127 0 4294967295
2 3 3 1 1 0 3 128 127 0 4294967295
2 3 3 1 1 0 4 128 127 0 4294967295
2 3 3 1 1 0 5 128 127 0 4294967295
2 3 3 1 1 255 -1 128 127 0 4294967295
2 3 3 1 1 255 3 128 127 0 4294967295
2 3 3 1 1 255 4 128 127 0 4294967295
2 3 3 1 1 255 5 128 127 0 4294967295
2 3 3 1 2 0 -1 128 127 0 4294967295
2 3 3 1 2 0 3 128 127 0 4294967295
2 3 3 1 2 0 4 128 127 0 4294967295
2 3 3 1 2 0 5 128 127 0 4294967295
2 3 3 1 2 255 -1 128 127 0 4294967295
2 3 3 1 2 255 3 128 127 0 4294967295
2 3 3 1 2 255 4 128 127 0 4294967295
2 3 3 1 2 255 5 128 127 0 4294967295
2 4 -1 0 0 0 -1 128 127 0 4294967295
2 4 -1 0 0 0 3 128 127 0 4294967295
2 4 -1 0 0 0 4 128 127 0 4294967295
2 4 -1 0 0 0 5 128 127 0 4294967295
2 4 -1 0 0 255 -1 128 127 0 4294967295
2 4 -1 0 0 255 3 128 127 0 4294967295
2 4 -1 0 0 255 4 128 127 0 4294967295
2 4 -1 0 0 255 5 128 127 0 4294967295
2 4 -1 0 1 0 -1 128 127 0 4294967295
2 4 -1 0 1 0 3 128 127 0 4294967295
2 4 -1 0 1 0 4 128 127 0 4294967295
2 4 -1 0 1 0 5 128 127 0 4294967295
2 4 -1 0 1 255 -1 128 127 0 4294967295
2 4 -1 0 1 255 3 128 127 0 4294967295
2 4 -1 0 1 255 4 128 127 0 4294967295
2 4 -1 0 1 255 5 128 127 0 4294967295
2 4 -1 0 2 0 -1 128 127 0 4294967295
2 4 -1 0 2 0 3 128 127 0 4294967295
2 4 -1 0 2 0 4 128 127 0 4294967295
2 4 -1 0 2 0 5 128 127 0 4294967295
2 4 -1 0 2 255 -1 128 127 0 4294967295
2 4 -1 0 2 255 3 128 127 0 4294967295
2 4 -1 0 2 255 4 128 127 0 4294967295
2 4 -1 0 2 255 5 128 127 0 4294967295
2 4 -1 1 0 0 -1 128 127 0 4294967295
2 4 -1 1 0 0 3 128 127 0 4294967295
2 4 -1 1 0 0 4 128 127 0 4294967295
2 4 -1 1 0 0 5 128 127 0 4294967295
2 4 -1 1 0 255 -1 128 127 0 4294967295
2 4 -1 1 0 255 3 128 127 0 4294967295
2 4 -1 1 0 255 4 128 127 0 4294967295
2 4 -1 1 0 255 5 128 127 0 4294967295
2 4 -1 1 1 0 -1 128 127 0 4294967295
2 4 -1 1 1 0 3 128 127 0 4294967295
2 4 -1 1 1 0 4 128 127 0 4294967295
2 4 -1 1 1 0 5 128 127 0 4294967295
2 4 -1 1 1 255 -1 128 127 0 4294967295
2 4 -1 1 1 255 3 128 127 0 4294967295
2 4 -1 1 1 255 4 128 127 0 4294967295
2 4 -1 1 1 255 5 128 127 0 4294967295
2 4 -1 1 2 0 -1 128 127 0 4294967295
2 4 -1 1 2 0 3 128 127 0 4294967295
2 4 -1 1 2 0 4 128 127 0 4294967295
2 4 -1 1 2 0 5 128 127 0 4294967295
2 4 -1 1 2 255 -1 128 127 0 4294967295
2 4 -1 1 2 255 3 128 127 0 4294967295
2 4 -1 1 2 255 4 128 127 0 4294967295
2 4 -1 1 2 255 5 128 127 0 4294967295
2 4 0 0 0 0 -1 128 127 0 4294967295
2 4 0 0 0 0 3 128 127 0 4294967295
2 4 0 0 0 0 4 128 127 0 4294967295
2 4 0 0 0 0 5 128 127 0 4294967295
2 4 0 0 0 255 -1 128 127 0 4294967295
2 4 0 0 0 255 3 128 127 0 4294967295
2 4 0 0 0 255 4 128 127 0 4294967295
2 4 0 0 0 255 5 128 127 0 4294967295
2 4 0 0 1 0 -1 128 127 0 4294967295
2 4 0 0 1 0 3 128 127 0 4294967295
2 4 0 0 1 0 4 128 127 0 4294967295
2 4 0 0 1 0 5 128 127 0 4294967295
2 4 0 0 1 255 -1 128 127 0 4294967295
2 4 0 0 1 255 3 128 127 0 4294967295
2 4 0 0 1 255 4 128 127 0 4294967295
2 4 0 0 1 255 5 128 127 0 4294967295
2 4 0 0 2 0 -1 128 127 0 4294967295
2 4 0 0 2 0 3 128 127 0 4294967295
2 4 0 0 2 0 4 128 127 0 4294967295
2 4 0 0 2 0 5 128 127 0 4294967295
2 4 0 0 2 255 -1 128 127 0 4294967295
2 4 0 0 2 255 3 128 127 0 4294967295
2 4 0 0 2 255 4 128 127 0 4294967295
2 4 0 0 2 255 5 128 127 0 4294967295
2 4 0 1 0 0 -1 128 127 0 4294967295
2 4 0 1 0 0 3 128 127 0 4294967295
2 4 0 1 0 0 4 128 127 0 4294967295
2 4 0 1 0 0 5 128 127 0 4294967295
2 4 0 1 0 255 -1 128 127 0 4294967295
2 4 0 1 0 255 3 128 127 0 4294967295
2 4 0 1 0 255 4 128 127 0 4294967295
2 4 0 1 0 255 5 128 127 0 4294967295
2 4 0 1 1 0 -1 128 127 0 4294967295
2 4 0 1 1 0 3 128 127 0 4294967295
2 4 0 1 1 0 4 128 127 0 4294967295
2 4 0 1 1 0 5 128 127 0 4294967295
2 4 0 1 1 255 -1 128 127 0 4294967295
2 4 0 1 1 255 3 128 127 0 4294967295
2 4 0 1 1 255 4 128 127 0 4294967295
2 4 0 1 1 255 5 128 127 0 4294967295
2 4 0 1 2 0 -1 128 127 0 4294967295
2 4 0 1 2 0 3 128 127 0 4294967295
2 4 0 1 2 0 4 128 127 0 4294967295
2 4 0 1 2 0 5 128 127 0 4294967295
2 4 0 1 2 255 -1 128 127 0 4294967295
2 4 0 1 2 255 3 128 127 0 4294967295
2 4 0 1 2 255 4 128 127 0 4294967295
2 4 0 1 2 255 5 128 127 0 4294967295
2 4 1 0 0 0 -1 128 127 0 4294967295
2 4 1 0 0 0 3 128 127 0 4294967295
2 4 1 0 0 0 4 128 127 0 4294967295
2 4 1 0 0 0 5 128 127 0 4294967295
2 4 1 0 0 255 -1 128 127 0 4294967295
2 4 1 0 0 255 3 128 127 0 4294967295
2 4 1 0 0 255 4 128 127 0 4294967295
2 4 1 0 0 255 5 128 127 0 4294967295
2 4 1 0 1 0 -1 128 127 0 4294967295
2 4 1 0 1 0 3 128 127 0 4294967295
2 4 1 0 1 0 4 128 127 0 4294967295
2 4 1 0 1 0 5 128 127 0 4294967295
2 4 1 0 1 255 -1 128 127 0 4294967295
2 4 1 0 1 255 3 128 127 0 4294967295
2 4 1 0 1 255 4 128 127 0 4294967295
2 4 1 0 1 255 5 128 127 0 4294967295
2 4 1 0 2 0 -1 128 127 0 4294967295
2 4 1 0 2 0 3 128 127 0 4294967295
2 4 1 0 2 0 4 128 127 0 4294967295
2 4 1 0 2 0 5 128 127 0 4294967295
2 4 1 0 2 255 -1 128 127 0 4294967295
2 4 1 0 2 255 3 128 127 0 4294967295
2 4 1 0 2 255 4 128 127 0 4294967295
2 4 1 0 2 255 5 128 127 0 4294967295
2 4 1 1 0 0 -1 128 127 0 4294967295
2 4 1 1 0 0 3 128 127 0 4294967295
2 4 1 1 0 0 4 128 127 0 4294967295
2 4 1 1 0 0 5 128 127 0 4294967295
2 4 1 1 0 255 -1 128 127 0 4294967295
2 4 1 1 0 255 3 128 127 0 4294967295
2 4 1 1 0 255 4 128 127 0 4294967295
2 4 1 1 0 255 5 128 127 0 4294967295
2 4 1 1 1 0 -1 128 127 0 4294967295
2 4 1 1 1 0 3 128 127 0 4294967295
2 4 1 1 1 0 4 128 127 0 4294967295
2 4 1 1 1 0 5 128 127 0 4294967295
2 4 1 1 1 255 -1 128 127 0 4294967295
2 4 1 1 1 255 3 128 127 0 4294967295
2 4 1 1 1 255 4 128 127 0 4294967295
2 4 1 1 1 255 5 128 127 0 4294967295
2 4 1 1 2 0 -1 128 127 0 4294967295
2 4 1 1 2 0 3 128 127 0 4294967295
2 4 1 1 2 0 4 128 127 0 4294967295
2 4 1 1 2 0 5 128 127 0 4294967295
2 4 1 1 2 255 -1 128 127 0 4294967295
2 4 1 1 2 255 3 128 127 0 4294967295
2 4 1 1 2 255 4 128 127 0 4294967295
2 4 1 1 2 255 5 128 127 0 4294967295
2 4 3 0 0 0 -1 128 127 0 4294967295
2 4 3 0 0 0 3 128 127 0 4294967295
2 4 3 0 0 0 4 128 127 0 4294967295
2 4 3 0 0 0 5 128 127 0 4294967295
2 4 3 0 0 255 -1 128 127 0 4294967295
2 4 3 0 0 255 3 128 127 0 4294967295
2 4 3 0 0 255 4 128 127 0 4294967295
2 4 3 0 0 255 5 128 127 0 4294967295
2 4 3 0 1 0 -1 128 127 0 4294967295
2 4 3 0 1 0 3 128 127 0 4294967295
2 4 3 0 1 0 4 128 127 0 4294967295
2 4 3 0 1 0 5 128 127 0 4294967295
2 4 3 0 1 255 -1 128 127 0 4294967295
2 4 3 0 1 255 3 128 127 0 4294967295
2 4 3 0 1 255 4 128 127 0 4294967295
2 4 3 0 1 255 5 128 127 0 4294967295
2 4 3 0 2 0 -1 128 127 0 4294967295
2 4 3 0 2 0 3 128 127 0 4294967295
2 4 3 0 2 0 4 128 127 0 4294967295
2 4 3 0 2 0 5 128 127 0 4294967295
2 4 3 0 2 255 -1 128 127 0 4294967295
2 4 3 0 2 255 3 128 127 0 4294967295
2 4 3 0 2 255 4 128 127 0 4294967295
2 4 3 0 2 255 5 128 127 0 4294967295
2 4 3 1 0 0 -1 128 127 0 4294967295
2 4 3 1 0 0 3 128 127 0 4294967295
2 4 3 1 0 0 4 128 127 0 4294967295
2 4 3 1 0 0 5 128 127 0 4294967295
2 4 3 1 0 255 -1 128 127 0 4294967295
2 4 3 1 0 255 3 128 127 0 4294967295
2 4 3 1 0 255 4 128 127 0 4294967295
2 4 3 1 0 255 5 128 127 0 4294967295
2 4 3 1 1 0 -1 128 127 0 4294967295
2 4 3 1 1 0 3 128 127 0 4294967295
2 4 3 1 1 0 4 128 127 0 4294967295
2 4 3 1 1 0 5 128 127 0 4294967295
2 4 3 1 1 255 -1 128 127 0 4294967295
2 4 3 1 1 255 3 128 127 0 4294967295
2 4 3 1 1 255 4 128 127 0 4294967295
2 4 3 1 1 255 5 128 127 0 4294967295
2 4 3 1 2 0 -1 128 127 0 4294967295
2 4 3 1 2 0 3 128 127 0 4294967295
2 4 3 1 2 0 4 128 127 0 4294967295
2 4 3 1 2 0 5 128 127 0 4294967295
2 4 3 1 2 255 -1 128 127 0 4294967295
2 4 3 1 2 255 3 128 127 0 4294967295
2 4 3 1 2 255 4 128 127 0 4294967295
2 4 3 1 2 255 5 128 127 0 4294967295
0 4 -2147483648 127 0 255 4 0 1 12 2162590200
2 0 -1 127 1 0 3 0 127 6 2706929067
0 4 0 127 0 0 -2147483648 128 127 3 3329141733
2 4 3 127 0 0 -1 128 127 3 875470035
2 3 -1 1 1 1 3 0 127 3 2305125747
1 2 3 0 0 255 4 128 127 9 1392747026
2 0 0 1 2 1 2 128 0 2 2705517774
2 1 -2147483648 1 0 0 -2147483648 128 0 1 1979248978
0 4 3 0 0 255 -1 1 0 3 3186081349
2 2 3 0 1 1 -2147483648 0 127 13 1866802262
0 4 -1 127 1 255 2 1 127 2 253893455
0 4 3 1 2 255 5 1 1 14 3300028982
2 4 0 1 1 0 3 1 127 5 2101840734
1 4 0 127 1 0 2 0 1 1 2717072536
2 1 -1 0 2 255 4 1 0 4 547803282
2 4 -1 127 1 0 4 128 127 2 1000891673
0 1 -2147483648 127 1 0 2 0 1 0 1408605922
2 0 -1 0 0 1 4 1 127 7 56688858
2 4 0 1 2 0 4 128 1 2 422090169
1 3 1 0 2 0 -1 1 1 11 2520319473
1 4 3 1 1 255 4 128 127 8 2122063362
1 0 -1 1 0 255 -2147483648 0 1 15 4032691084
2 3 -2147483648 1 1 255 -1 1 127 1 1382853425
2 0 3 127 0 255 4 1 127 10 2737377119
2 3 3 127 1 1 4 0 1 10 515506953
1 0 3 1 0 0 -1 128 0 7 948548088
2 1 3 1 1 1 -2147483648 1 0 1 2295247413
2 1 3 127 1 1 2 1 1 5 598679626
1 0 -1 127 1 1 4 128 0 14 948455201
0 1 0 127 2 0 2 128 1 7 3041399031
2 3 0 1 1 255 4 128 1 0 166450729
0 3 3 1 0 1 4 1 1 11 2783569031
2 1 1 1 2 0 3 1 1 11 1416783786
0 3 1 1 1 255 -1 1 0 13 1851510168
1 1 1 1 1 0 3 1 0 4 3429453118
1 0 3 1 1 0 2 1 1 2 1777768353
1 4 3 1 0 255 5 1 0 15 650205603
1 3 3 127 0 255 4 0 0 0 648323058
1 3 -2147483648 1 1 0 4 1 0 9 2037953427
1 1 0 1 1 1 -2147483648 128 0 10 4254078424
2 2 1 127 0 1 -1 128 0 5 2254653935
1 3 3 127 1 1 -2147483648 128 0 10 1280110199
0 4 3 1 2 255 -2147483648 1 1 12 2982431859
0 2 -1 127 1 255 -2147483648 1 0 0 4054843914
2 3 1 0 2 0 3 1 127 7 1993977284
0 4 -1 1 1 255 2 0 127 7 1090823436
2 3 0 1 0 0 3 1 0 0 4211446043
2 0 0 1 1 255 4 0 1 2 1840033666
0 4 -2147483648 127 0 255 3 0 1 13 1049340141
2 4 0 1 1 0 2 128 0 9 4048806165
2 4 1 127 1 1 -1 128 0 14 1866699839
1 0 -1 127 2 255 -1 1 1 5 3896729826
2 0 0 1 0 1 2 1 127 8 3084587998
1 0 3 1 1 0 4 1 0 9 2772311829
1 3 -1 0 2 0 5 1 127 3 4134498196
0 1 3 127 0 1 5 0 1 11 3471718611
1 3 0 1 0 1 2 0 127 3 819093184
1 4 3 127 1 1 -1 0 127 2 3910242109
1 1 3 127 2 255 3 1 1 4 1419962310
0 0 0 127 2 255 4 128 0 11 1088188332
1 4 1 1 2 255 -2147483648 1 0 11 4245197962
0 3 -2147483648 127 0 255 2 1 1 9 773874031
1 1 3 0 2 255 4 128 127 13 2748576358
0 2 -1 0 2 1 5 1 1 8 805918963
2 2 1 0 2 0 -1 1 1 5 2368466205
1 3 1 127 0 1 2 128 1 5 3504403709
0 4 1 127 0 255 2 128 0 10 3009651445
0 4 3 0 0 1 5 0 1 4 2259158355
2 1 -2147483648 0 0 1 5 128 127 9 604667485
2 1 3 1 0 0 2 0 1 10 3340045498
2 2 3 127 1 255 -1 0 127 9 720528631
1 0 1 0 0 1 5 0 127 13 893621078
2 1 0 127 2 1 5 0 127 5 2864650820
2 2 3 0 2 0 2 128 127 14 4269179388
1 1 1 0 1 255 5 0 0 15 1369640871
2 3 -2147483648 1 1 255 5 0 0 9 2363047567
2 0 0 1 2 0 2 1 1 7 563722475
1 3 -2147483648 0 1 255 4 1 127 9 2679206537
0 2 -1 0 0 0 5 128 127 6 183124376
0 1 0 0 0 0 -1 0 127 9 966057030
2 3 1 127 0 255 2 1 127 5 929178201
1 2 0 1 1 1 5 0 1 2 729696093
2 1 0 127 2 0 5 0 0 11 3033855804
0 0 -2147483648 1 2 255 2 128 1 1 3426641789
1 4 1 127 0 1 -2147483648 128 0 15 4292990429
1 1 0 1 1 255 3 0 127 2 178293121
1 0 1 127 1 255 2 1 127 4 2907542445
0 0 0 0 0 255 -1 128 1 2 3074717469
0 0 0 127 1 255 5 128 127 15 436995011
2 3 -1 0 1 1 4 128 0 13 2339416478
2 0 3 127 0 1 -2147483648 0 127 13 1458278043
2 1 -2147483648 0 1 1 4 128 0 0 1027264747
0 3 0 0 0 0 2 0 1 2 1556643590
0 1 -1 127 1 1 5 1 127 12 2293995423
1 3 0 0 2 255 4 128 127 8 1682766975
0 0 1 1 1 255 3 128 0 4 1460156066
2 0 3 0 1 1 2 1 1 3 1301374266
2 1 -1 0 1 255 4 128 1 15 715357588
2 0 0 127 0 255 3 128 1 13 181971535
2 0 3 1 0 0 -2147483648 1 0 8 3751081170
0 1 3 1 0 1 4 128 1 0 146012198
1 2 -1 0 0 1 4 1 1 10 2383061079
1 1 1 127 0 255 -2147483648 0 1 14 721274658
1 2 3 0 0 0 2 0 0 2 1247372991
1 1 0 127 1 255 -2147483648 0 0 13 1611708244
2 4 1 127 1 1 2 0 1 1 1096555187
0 1 -1 127 0 0 3 0 127 11 4281060544
2 0 1 127 2 1 2 128 127 9 936393898
2 1 0 127 0 255 -1 0 0 13 4289009127
0 4 0 127 0 0 -2147483648 0 0 13 4081607180
0 0 1 0 0 1 -1 128 1 14 4207722710
1 2 0 0 0 255 3 128 1 4 3273289477
2 2 3 0 1 0 3 128 1 11 2172186319
1 1 -1 0 1 1 -2147483648 1 0 9 890850200
2 4 -1 0 2 0 -1 0 1 15 669100392
0 3 3 127 0 0 2 128 1 15 2199288125
1 2 -2147483648 0 0 255 2 1 0 5 1850660353
0 2 3 127 0 0 2 128 0 8 3843972553
1 2 3 0 2 255 4 1 0 5 1918365244
2 3 1 0 2 0 4 0 127 9 1633336438
1 2 0 127 2 0 2 1 127 8 2730328689
1 2 -2147483648 0 0 0 -2147483648 128 127 14 1537882719
1 3 -1 127 1 1 -2147483648 1 127 1 330781050
1 1 -2147483648 0 1 0 -2147483648 128 1 2 291496462
0 0 -1 127 2 1 2 0 0 9 3402289400
0 0 0 1 0 255 4 128 0 3 3429482534
0 1 1 127 2 1 3 0 0 1 2868541573
0 3 0 0 0 0 4 1 127 4 3089103035
2 0 1 127 1 255 4 1 0 10 3241229260
1 3 3 1 0 1 2 0 1 11 3669829469
2 0 1 1 2 0 2 0 127 15 1315434567
0 0 1 127 2 0 -2147483648 128 1 3 2009557682
1 4 -2147483648 0 2 1 3 128 1 15 1598527912
1 3 -1 0 0 255 -1 128 0 1 4062108357
0 3 3 0 2 0 3 128 1 10 3077655243
0 2 -2147483648 0 0 255 2 0 127 13 1190165683
0 2 0 1 1 0 2 1 0 9 2474947390
0 1 0 127 0 0 -1 1 1 12 2648799302
2 1 3 1 2 1 3 1 1 5 1366635685
0 4 1 1 0 1 -1 0 0 1 1012368273
1 1 0 127 2 255 5 1 0 4 1160242707
1 3 -2147483648 0 2 0 -1 1 127 13 3596636292
1 0 3 1 1 1 -1 128 127 6 1776057645
0 0 -1 127 1 255 -2147483648 1 127 7 1691756336
2 0 0 127 2 0 -1 0 0 5 1056543742
1 4 1 127 0 1 3 1 1 15 4247892331
1 0 3 0 0 1 4 0 0 3 3273381141
1 1 -1 0 0 1 2 1 127 1 3955632906
2 1 0 127 1 255 -2147483648 1 0 8 554687843
2 0 -1 0 0 255 -2147483648 1 0 3 366222843
1 0 1 1 1 255 -1 128 1 14 1881332046
2 4 -1 1 1 255 -2147483648 0 127 14 1787670865
1 3 0 127 2 1 4 1 127 11 855015815
0 0 -2147483648 1 1 0 5 0 0 14 2677849307
2 1 3 0 1 1 5 0 0 6 1076641700
0 3 0 0 2 1 2 0 0 0 3856640194
0 0 0 1 1 0 4 0 0 8 3841504552
0 4 -2147483648 1 1 255 5 1 1 2 492112257
0 1 0 1 0 1 -1 128 127 8 3112698867
2 2 -1 1 2 255 -2147483648 0 1 1 3491561810
2 2 0 1 2 0 -2147483648 0 1 11 1862034220
0 2 -1 0 0 0 -2147483648 1 1 14 4181678627
2 2 0 1 1 255 3 0 1 11 3274874541
0 2 3 127 1 255 5 0 127 12 640015022
1 0 -1 127 0 1 -2147483648 0 0 8 3419355297
1 3 -2147483648 0 2 0 -1 1 127 12 2415754331
0 0 3 1 0 1 5 1 0 4 2641909547
2 3 -1 1 0 0 -1 0 1 5 1418094661
2 2 -1 127 0 255 3 0 1 8 1941592078
2 2 1 1 1 1 3 1 127 2 1872053848
0 4 1 127 0 255 -2147483648 1 1 14 993515496
2 4 -2147483648 1 2 0 3 0 127 13 823921144
1 0 0 0 0 0 4 0 0 10 348818300
0 4 3 127 0 255 5 1 1 15 3116525660
0 2 -1 0 1 255 3 1 127 11 1059714314
1 2 -1 127 2 1 -1 1 1 11 515074330
2 4 -1 1 0 0 -2147483648 128 1 13 627237452
1 1 -1 127 0 1 5 1 1 3 1572498195
2 4 -1 1 0 0 2 128 1 9 2382035675
0 3 3 1 0 0 -1 128 1 11 2376125568
0 3 3 127 0 255 2 0 1 11 2052527715
2 2 3 0 1 1 4 128 127 7 1687276382
1 1 1 127 1 255 -1 128 127 1 4238291791
2 2 -1 127 2 0 2 128 0 9 3324325651
2 1 0 127 0 0 -1 0 0 13 1495160779
2 1 -1 127 1 255 2 0 1 6 226504717
0 1 0 1 1 0 4 1 127 7 3532080021
2 2 0 127 1 255 -2147483648 0 0 11 2479494691
1 4 0 127 2 255 4 1 1 3 2202239638
2 2 -2147483648 127 0 0 -1 0 127 11 1399167663
1 4 -2147483648 0 1 1 5 128 0 15 1072816963
0 0 1 0 0 255 4 128 1 9 2181701197
1 4 0 127 2 1 5 1 1 0 130181490
2 2 1 0 0 255 -2147483648 128 0 2 1476103498
2 4 -1 0 1 1 3 128 127 4 2526950930
0 0 1 0 0 255 4 0 0 1 3952442656
2 2 3 0 2 0 4 0 0 5 2294846195
1 0 1 1 1 255 3 1 127 12 3692001892
2 1 3 0 2 1 -2147483648 1 1 3 695761565
1 1 0 127 2 0 -1 1 1 9 718051909
0 4 3 0 1 0 3 128 0 7 2204106912
2 0 3 0 0 255 2 1 1 1 1119815499
2 0 3 0 0 0 5 128 0 2 3570697171
1 1 -2147483648 1 2 1 4 0 127 7 2987993361
0 2 -2147483648 127 1 1 4 1 0 12 2278497802
0 4 1 127 2 255 5 0 127 5 1298660181
1 1 3 0 1 255 3 128 0 12 1749250837
2 4 0 127 1 255 5 1 1 1 1573348705
1 4 -1 127 2 255 4 128 0 7 1913874152
2 1 0 1 1 1 -2147483648 1 1 4 1356524801
1 2 -1 0 2 255 4 0 1 14 2738643403
1 2 1 0 0 1 5 1 127 8 1544529340
1 4 -1 127 2 1 3 0 127 3 1023653516
2 3 3 0 2 255 5 0 1 6 407016468
2 4 3 0 0 1 4 128 0 11 3726759055
1 2 -2147483648 1 0 1 -1 128 0 3 227782574
2 0 -1 127 2 1 -2147483648 128 0 15 1136878615
2 3 0 0 2 255 4 0 0 12 873546654
1 0 -2147483648 0 2 255 -2147483648 0 1 14 2457479267
0 3 -2147483648 127 1 255 -2147483648 128 127 13 1104700372
0 4 1 0 0 255 4 0 0 6 1712616225
1 0 1 0 1 1 -2147483648 128 127 4 3161491337
2 2 -2147483648 0 1 255 4 0 1 5 3199867735
2 1 1 1 1 0 5 128 127 15 397761855
0 2 1 0 2 1 2 0 0 14 3627607239
0 1 -2147483648 1 0 1 -1 128 0 15 3257688994
1 0 0 0 2 1 -1 128 127 8 2713619537
0 0 -1 0 1 0 -1 1 1 9 2149843724
0 1 1 1 0 0 5 0 1 6 1480012968
2 3 -1 1 0 1 -2147483648 128 1 4 1555062919
0 2 3 0 1 1 -2147483648 1 1 10 1227943481
1 3 1 127 2 255 5 0 1 6 2789044700
0 2 0 1 1 255 3 0 0 2 4070994210
2 2 -2147483648 127 0 0 3 1 1 8 2639907789
1 2 0 1 2 0 -2147483648 0 1 13 2667859054
2 1 -1 1 2 255 -1 0 127 13 3735859136
2 1 3 0 1 255 4 0 1 7 3985855683
1 0 -2147483648 127 1 1 2 128 1 0 969660481
0 3 3 0 2 0 3 0 0 1 1605487066
1 4 1 127 1 1 2 128 1 1 3467400463
1 1 0 0 0 0 4 1 1 11 1918263266
1 2 3 127 1 1 4 1 1 4 4274853556
2 3 0 1 1 255 5 0 1 6 4172892841
1 4 -1 127 0 1 -1 0 127 7 2995868924
2 2 -1 0 2 1 2 128 127 9 2499894092
1 3 3 1 0 0 2 128 0 10 3240370441
2 2 1 1 2 1 2 1 1 4 2979222250
0 0 0 127 2 255 4 1 0 12 3671906940
2 2 3 0 0 255 2 0 127 2 3341874836
2 3 1 0 1 255 -2147483648 0 1 15 1728986088
1 3 -2147483648 1 0 0 3 1 1 11 2326296045
2 2 3 0 0 255 4 128 127 14 602080318
1 2 3 0 0 1 2 128 0 7 3251692027
0 0 -1 0 2 0 2 1 1 7 2661187567
0 3 0 0 2 1 5 0 127 10 755033995
2 0 -1 127 0 1 2 0 0 3 2780786284
0 1 1 0 2 1 -1 1 0 1 3942919593
1 3 3 0 0 1 3 128 1 2 2785735100
2 0 -2147483648 0 1 255 -1 0 1 2 3309404453
0 0 1 1 2 0 5 0 127 13 3410707067
1 0 0 127 2 255 4 128 0 8 4232029633
2 4 3 0 1 0 3 128 127 3 2283125876
0 4 3 1 0 0 5 1 127 8 4242509542
1 2 1 0 2 0 -1 128 1 0 3290631722
0 4 -2147483648 127 1 0 2 0 127 1 3588576342
1 0 1 1 2 0 2 1 1 6 3474843927
1 0 0 1 0 255 4 0 1 5 2399510704
2 3 -1 127 2 0 5 1 1 10 424416817
0 3 1 0 2 1 -1 128 1 10 3963620264
0 2 -2147483648 127 0 1 2 0 0 5 1505329585
0 1 -2147483648 0 1 255 3 1 127 0 4148990208
2 1 3 127 2 0 3 0 127 14 2373826239
1 4 0 1 0 1 2 0 0 12 165914809
2 3 -2147483648 1 2 1 2 128 0 7 841585903
1 2 3 127 0 0 -1 0 0 6 800583690
0 2 -2147483648 127 0 0 5 1 1 14 3977610232
2 4 0 1 2 1 5 1 127 8 2865580591
1 1 1 0 1 255 -1 1 0 14 1992137504
2 3 -1 1 2 1 -1 128 0 15 942026864
1 4 1 1 1 255 3 1 0 13 3073157918
2 1 0 127 1 0 3 128 127 7 1431375304
0 1 1 1 2 0 2 0 1 13 3114053710
0 3 -2147483648 0 1 0 2 1 127 9 2359699116
1 2 -2147483648 127 0 0 -1 0 1 10 4000407598
2 2 1 0 0 0 2 1 1 12 367960788
0 2 0 127 2 1 3 0 127 6 69099046
0 1 -1 127 0 0 4 0 1 12 3066909789
0 3 3 127 1 0 -2147483648 0 127 0 1597754431
1 4 -1 0 1 1 2 0 1 4 542526894
0 0 0 0 0 1 2 1 0 11 385347295
2 1 -2147483648 127 2 255 -1 0 1 12 2644789402
1 2 -1 127 1 255 4 0 1 11 907971032
1 1 -2147483648 1 0 1 -1 1 0 4 3486045007
2 4 3 0 1 1 -2147483648 0 0 5 845322241
1 4 3 1 0 0 -1 1 127 6 2156083952
1 3 -2147483648 0 1 0 5 0 0 2 974770233
2 2 1 0 1 1 5 1 127 10 1653756400
0 4 -2147483648 127 2 255 -2147483648 0 127 15 4263462177
0 0 1 0 2 1 5 128 0 10 1923941527
2 1 1 1 0 255 -1 1 0 6 4060514401
