--------- beginning of main
I/libprocessgroup( 7985): Created cgroup /sys/fs/cgroup/apps/uid_10235/pid_7985
I/Zygote  ( 7985): Process 7985 created for com.example.dh2
I/com.example.dh2( 7985): Late-enabling -Xcheck:jni
I/com.example.dh2( 7985): Using generational CollectorTypeCMC GC.
W/com.example.dh2( 7985): Unexpected CPU variant for x86: x86_64.
W/com.example.dh2( 7985): Known variants: atom, sandybridge, silvermont, goldmont, goldmont-plus, goldmont-without-sha-xsaves, tremont, kabylake, alderlake, pantherlake, default
D/nativeloader( 7985): Load libframework-connectivity-tiramisu-jni.so using APEX ns com_android_tethering for caller /apex/com.android.tethering/javalib/framework-connectivity-t.jar: ok
D/CompatChangeReporter( 7985): Compat change id reported: 333566037; UID 10235; state: ENABLED
D/nativeloader( 7985): Configuring clns-9 for other apk /data/app/~~wzGa2oyetUIO0qd5OpTNTg==/com.example.dh2-C39bSrN_aIFuG0rIpd0H1g==/base.apk. target_sdk_version=37, uses_libraries=, library_path=/data/app/~~wzGa2oyetUIO0qd5OpTNTg==/com.example.dh2-C39bSrN_aIFuG0rIpd0H1g==/lib/x86_64:/data/app/~~wzGa2oyetUIO0qd5OpTNTg==/com.example.dh2-C39bSrN_aIFuG0rIpd0H1g==/base.apk!/lib/x86_64, permitted_path=/data:/mnt/expand:/data/user/0/com.example.dh2
V/GraphicsEnvironment( 7985): Currently set values for:
V/GraphicsEnvironment( 7985):   angle_gl_driver_selection_pkgs=[]
V/GraphicsEnvironment( 7985):   angle_gl_driver_selection_values=[]
V/GraphicsEnvironment( 7985): com.example.dh2 is not listed in per-application setting
V/GraphicsEnvironment( 7985): No special selections for ANGLE, returning default driver choice
V/GraphicsEnvironment( 7985): Neither updatable production driver nor prerelease driver is supported.
D/CompatChangeReporter( 7985): Compat change id reported: 407952621; UID 10235; state: ENABLED
D/CompatChangeReporter( 7985): Compat change id reported: 419020719; UID 10235; state: ENABLED
D/CompatChangeReporter( 7985): Compat change id reported: 458413887; UID 10235; state: ENABLED
--------- beginning of system
I/DisplayManager( 7985): Choreographer implicitly registered for the refresh rate.
D/DesktopExperienceFlags( 7985): Toggle override initialized to: false
I/GFXSTREAM( 7985): [eglDisplay.cpp(297)] Opening libGLESv1_CM_emulation.so
I/GFXSTREAM( 7985): [eglDisplay.cpp(297)] Opening libGLESv2_emulation.so
W/libc    ( 7985): Access denied finding property "vendor.mesa.virtgpu.kumquat"
W/HWUI    ( 7985): Failed to choose config with EGL_SWAP_BEHAVIOR_PRESERVED, retrying without...
W/HWUI    ( 7985): Failed to initialize 101010-2 format, error = EGL_SUCCESS
D/nativeloader( 7985): Load /data/app/~~wzGa2oyetUIO0qd5OpTNTg==/com.example.dh2-C39bSrN_aIFuG0rIpd0H1g==/base.apk!/lib/x86_64/libdh2_native.so using class loader ns clns-9 (caller=/data/app/~~wzGa2oyetUIO0qd5OpTNTg==/com.example.dh2-C39bSrN_aIFuG0rIpd0H1g==/base.apk!classes3.dex): ok
D/CompatChangeReporter( 7985): Compat change id reported: 418924588; UID 10235; state: ENABLED
W/HWUI    ( 7985): Unknown dataspace 0
D/InsetsController( 7985): Setting requestedVisibleTypes to 496 (was 503)
W/libc    ( 7985): Access denied finding property "vendor.mesa.virtgpu.kumquat"
D/WindowOnBackDispatcher( 7985): setTopOnBackInvokedCallback (unwrapped): android.app.Activity$$ExternalSyntheticLambda0@8e269f6
D/VRI[MainActivity]( 7985): WindowInsets changed: 2400x1080 mandatorySystemGestures:[0,63,0,84] 
I/HWUI    ( 7985): Using FreeType backend (prop=Auto)
I/Surface ( 7985): Creating surface for consumer unnamed-7985-0 with slotExpansion=1 for 64 slots
I/Surface ( 7985): Creating surface for consumer VRI[MainActivity]#0(BLAST Consumer)0 with slotExpansion=1 for 64 slots
I/Surface ( 7985): Creating surface for consumer unnamed-7985-1 with slotExpansion=1 for 64 slots
I/Surface ( 7985): Creating surface for consumer 6238864 SurfaceView[com.example.dh2/com.example.dh2.MainActivity]#1(BLAST Consumer)1 with slotExpansion=1 for 64 slots
W/libc    ( 7985): Access denied finding property "vendor.mesa.virtgpu.kumquat"
I/DH2Native( 7985): Authored UI shader GPU contract PASS | programs 2 | cases 8 | max byte error 1
I/DH2Native( 7985): Renderer: Android Emulator OpenGL ES Translator (NVIDIA GeForce RTX 4070 SUPER/PCIe/SSE2)
I/DH2Native( 7985): GLES: OpenGL ES 3.1 (4.5.0 NVIDIA 616.56)
I/DH2Native( 7985): Enemy AI configured | automatic melee 0
I/DH2Native( 7985): Original cache mounted | files 6833 | archive bytes 433189197 | external storage 0
I/DH2Native( 7985): Owned script cache ready | scripts 219 | bytes 900493 | faeries 16 | retained 0 | actual APK cache
I/DH2Native( 7985): Effects native backing | sets 276 | character rows 3 | footsteps 7 | dictionary 284 | consumed 12700 12755 12953 | snapshot 000079cc89c1ee90 | modules 000079cc49ce0fd0 | retained 0 | source cache owned | FX factory pending
I/DH2Native( 7985): Class tables ready | classes 260 | bytes 34224 | cached base snapshots
I/DH2Native( 7985): AI tables ready | configs 76 | factions 16 | automatic melee 0 | pursuit and full FSM pending
I/DH2Native( 7985): Property rules ready | defaults row 0 | types row 1 | properties 224 | supplied sheets only
I/DH2Native( 7985): Animation tables ready | sequences 785 | characters 80 | clip paths 1447 | bytes 72812
I/DH2Native( 7985): Actor initialization ready | records 11 | sources 3 | DACT SHA be44bd6d160973bf70a0cab61399a14d8bea6a7eade41790594cf6b781a04cca | sidecar SHA 20ae8c16a179c7e626b9d25356779031f71a2f46e304ae62e7f22b2ff1310efe | independently hashed bytes
I/DH2Native( 7985): Player attack track ready | clip 1111 | tracks 81 | unbound 0 | attack_mainhand ms -1
I/DH2Native( 7985): Player attack track ready | clip 1063 | tracks 29 | unbound 0 | attack_mainhand ms -1
I/DH2Native( 7985): Player attack track ready | clip 1040 | tracks 23 | unbound 0 | attack_mainhand ms -1
I/DH2Native( 7985): Player attack track ready | clip 1041 | tracks 24 | unbound 0 | attack_mainhand ms -1
I/DH2Native( 7985): Player attack track ready | clip 1126 | tracks 25 | unbound 0 | attack_mainhand ms -1
I/DH2Native( 7985): Player attack track ready | clip 1114 | tracks 27 | unbound 0 | attack_mainhand ms -1
I/DH2Native( 7985): Player attack track ready | clip 968 | tracks 25 | unbound 0 | attack_mainhand ms -1
I/DH2Native( 7985): Player attack track ready | clip 956 | tracks 25 | unbound 0 | attack_mainhand ms 333
I/DH2Native( 7985): Player attack track ready | clip 964 | tracks 25 | unbound 0 | attack_mainhand ms -1
I/DH2Native( 7985): Player attack track ready | clip 970 | tracks 25 | unbound 0 | attack_mainhand ms -1
I/DH2Native( 7985): Player attack track ready | clip 959 | tracks 25 | unbound 0 | attack_mainhand ms 899
I/DH2Native( 7985): Player attack track ready | clip 965 | tracks 25 | unbound 0 | attack_mainhand ms -1
I/DH2Native( 7985): Player attack track ready | clip 972 | tracks 25 | unbound 0 | attack_mainhand ms -1
I/DH2Native( 7985): Player attack track ready | clip 962 | tracks 25 | unbound 0 | attack_mainhand ms 1533
I/DH2Native( 7985): Player attack track ready | clip 966 | tracks 25 | unbound 0 | attack_mainhand ms -1
I/DH2Native( 7985): Player attack track ready | clip 967 | tracks 26 | unbound 0 | attack_mainhand ms -1
I/DH2Native( 7985): Player attack track ready | clip 955 | tracks 26 | unbound 0 | attack_mainhand ms 300
I/DH2Native( 7985): Player attack track ready | clip 957 | tracks 27 | unbound 0 | attack_mainhand ms -1
I/DH2Native( 7985): Player attack track ready | clip 969 | tracks 26 | unbound 0 | attack_mainhand ms -1
I/DH2Native( 7985): Player attack track ready | clip 958 | tracks 26 | unbound 0 | attack_mainhand ms 899
I/DH2Native( 7985): Player attack track ready | clip 960 | tracks 27 | unbound 0 | attack_mainhand ms -1
I/DH2Native( 7985): Player attack track ready | clip 971 | tracks 26 | unbound 0 | attack_mainhand ms -1
I/DH2Native( 7985): Player attack track ready | clip 961 | tracks 26 | unbound 0 | attack_mainhand ms 1500
I/DH2Native( 7985): Player attack track ready | clip 963 | tracks 26 | unbound 0 | attack_mainhand ms -1
I/DH2Native( 7985): Player attack track ready | clip 1025 | tracks 25 | unbound 0 | attack_mainhand ms -1
I/DH2Native( 7985): Player attack track ready | clip 1074 | tracks 27 | unbound 0 | attack_mainhand ms -1
I/DH2Native( 7985): Player attack track ready | clip 1110 | tracks 25 | unbound 0 | attack_mainhand ms -1
I/DH2Native( 7985): Player attack track ready | clip 1071 | tracks 25 | unbound 0 | attack_mainhand ms -1
I/DH2Native( 7985): Player attack track ready | clip 1076 | tracks 29 | unbound 0 | attack_mainhand ms -1
I/DH2Native( 7985): Player attack track ready | clip 1109 | tracks 28 | unbound 0 | attack_mainhand ms -1
I/DH2Native( 7985): Player attack track ready | clip 1026 | tracks 30 | unbound 0 | attack_mainhand ms -1
I/DH2Native( 7985): Player attack track ready | clip 1029 | tracks 28 | unbound 0 | attack_mainhand ms -1
I/DH2Native( 7985): Player attack track ready | clip 1030 | tracks 27 | unbound 0 | attack_mainhand ms -1
I/DH2Native( 7985): Player attack track ready | clip 1031 | tracks 27 | unbound 0 | attack_mainhand ms -1
I/DH2Native( 7985): Player attack track ready | clip 1032 | tracks 27 | unbound 0 | attack_mainhand ms -1
I/DH2Native( 7985): Player attack track ready | clip 991 | tracks 27 | unbound 0 | attack_mainhand ms -1
I/DH2Native( 7985): Player attack track ready | clip 996 | tracks 27 | unbound 0 | attack_mainhand ms -1
I/DH2Native( 7985): Player death track ready | clip 1023 | tracks 27 | unbound 0 | attack_mainhand ms -1
I/DH2Native( 7985): Player attack track ready | clip 992 | tracks 26 | unbound 0 | attack_mainhand ms -1
I/DH2Native( 7985): Player attack track ready | clip 1028 | tracks 29 | unbound 0 | attack_mainhand ms -1
I/DH2Native( 7985): Player attack track ready | clip 1027 | tracks 26 | unbound 0 | attack_mainhand ms -1
I/DH2Native( 7985): Player attack track ready | clip 1091 | tracks 26 | unbound 0 | attack_mainhand ms -1
I/DH2Native( 7985): Player attack track ready | clip 1093 | tracks 26 | unbound 0 | attack_mainhand ms -1
I/DH2Native( 7985): Player attack track ready | clip 1043 | tracks 26 | unbound 0 | attack_mainhand ms -1
I/DH2Native( 7985): Player attack track ready | clip 994 | tracks 26 | unbound 0 | attack_mainhand ms -1
I/DH2Native( 7985): Player attack track ready | clip 1044 | tracks 25 | unbound 0 | attack_mainhand ms -1
I/DH2Native( 7985): Player attack track ready | clip 1096 | tracks 14 | unbound 0 | attack_mainhand ms -1
I/DH2Native( 7985): Player attack track ready | clip 1103 | tracks 26 | unbound 0 | attack_mainhand ms -1
I/DH2Native( 7985): Player attack track ready | clip 1107 | tracks 25 | unbound 0 | attack_mainhand ms -1
I/DH2Native( 7985): Player attack track ready | clip 1104 | tracks 27 | unbound 0 | attack_mainhand ms -1
I/DH2Native( 7985): Player attack track ready | clip 1108 | tracks 27 | unbound 0 | attack_mainhand ms -1
I/DH2Native( 7985): Player attack track ready | clip 1101 | tracks 26 | unbound 0 | attack_mainhand ms -1
I/DH2Native( 7985): Player attack track ready | clip 1105 | tracks 25 | unbound 0 | attack_mainhand ms -1
I/DH2Native( 7985): Player attack track ready | clip 1100 | tracks 26 | unbound 0 | attack_mainhand ms -1
I/DH2Native( 7985): Player attack track ready | clip 1097 | tracks 25 | unbound 0 | attack_mainhand ms -1
I/DH2Native( 7985): Player attack track ready | clip 1234 | tracks 25 | unbound 0 | attack_mainhand ms -1
I/DH2Native( 7985): Player attack track ready | clip 1239 | tracks 25 | unbound 0 | attack_mainhand ms -1
I/DH2Native( 7985): Player attack track ready | clip 1238 | tracks 25 | unbound 0 | attack_mainhand ms -1
I/DH2Native( 7985): Player attack track ready | clip 1035 | tracks 23 | unbound 0 | attack_mainhand ms -1
I/DH2Native( 7985): Player attack track ready | clip 1036 | tracks 23 | unbound 0 | attack_mainhand ms -1
I/DH2Native( 7985): Player attack track ready | clip 986 | tracks 25 | unbound 0 | attack_mainhand ms -1
I/DH2Native( 7985): Player attack track ready | clip 974 | tracks 25 | unbound 0 | attack_mainhand ms -1
I/DH2Native( 7985): Player attack track ready | clip 976 | tracks 25 | unbound 0 | attack_mainhand ms -1
I/DH2Native( 7985): Player attack track ready | clip 988 | tracks 25 | unbound 0 | attack_mainhand ms -1
I/DH2Native( 7985): Player attack track ready | clip 978 | tracks 25 | unbound 0 | attack_mainhand ms -1
I/DH2Native( 7985): Player attack track ready | clip 980 | tracks 25 | unbound 0 | attack_mainhand ms -1
I/DH2Native( 7985): Player attack track ready | clip 990 | tracks 25 | unbound 0 | attack_mainhand ms -1
I/DH2Native( 7985): Player attack track ready | clip 984 | tracks 25 | unbound 0 | attack_mainhand ms -1
I/DH2Native( 7985): Player attack track ready | clip 985 | tracks 26 | unbound 0 | attack_mainhand ms -1
I/DH2Native( 7985): Player attack track ready | clip 973 | tracks 25 | unbound 0 | attack_mainhand ms 333
I/DH2Native( 7985): Player attack track ready | clip 975 | tracks 25 | unbound 0 | attack_mainhand ms -1
I/DH2Native( 7985): Player attack track ready | clip 987 | tracks 25 | unbound 0 | attack_mainhand ms -1
I/DH2Native( 7985): Player attack track ready | clip 977 | tracks 25 | unbound 0 | attack_mainhand ms 1066
I/DH2Native( 7985): Player attack track ready | clip 979 | tracks 25 | unbound 0 | attack_mainhand ms -1
I/DH2Native( 7985): Player attack track ready | clip 989 | tracks 25 | unbound 0 | attack_mainhand ms -1
I/DH2Native( 7985): Player attack track ready | clip 981 | tracks 25 | unbound 0 | attack_mainhand ms 1799
I/DH2Native( 7985): Player attack track ready | clip 983 | tracks 25 | unbound 0 | attack_mainhand ms -1
I/DH2Native( 7985): Player attack track ready | clip 1233 | tracks 24 | unbound 0 | attack_mainhand ms -1
I/DH2Native( 7985): Player attack track ready | clip 1037 | tracks 23 | unbound 0 | attack_mainhand ms -1
I/DH2Native( 7985): Player attack track ready | clip 1038 | tracks 23 | unbound 0 | attack_mainhand ms -1
I/DH2Native( 7985): Player attack track ready | clip 1016 | tracks 23 | unbound 0 | attack_mainhand ms -1
I/DH2Native( 7985): Player attack track ready | clip 1000 | tracks 25 | unbound 0 | attack_mainhand ms 333
I/DH2Native( 7985): Player attack track ready | clip 1011 | tracks 27 | unbound 0 | attack_mainhand ms -1
I/DH2Native( 7985): Player attack track ready | clip 1018 | tracks 25 | unbound 0 | attack_mainhand ms -1
I/DH2Native( 7985): Player attack track ready | clip 1003 | tracks 27 | unbound 0 | attack_mainhand ms -1
I/DH2Native( 7985): Player attack track ready | clip 1012 | tracks 25 | unbound 0 | attack_mainhand ms -1
I/DH2Native( 7985): Player attack track ready | clip 1020 | tracks 25 | unbound 0 | attack_mainhand ms -1
I/DH2Native( 7985): Player attack track ready | clip 1006 | tracks 25 | unbound 0 | attack_mainhand ms 1566
I/DH2Native( 7985): Player attack track ready | clip 1013 | tracks 25 | unbound 0 | attack_mainhand ms -1
I/DH2Native( 7985): Player attack track ready | clip 1022 | tracks 25 | unbound 0 | attack_mainhand ms -1
I/DH2Native( 7985): Player attack track ready | clip 1009 | tracks 25 | unbound 0 | attack_mainhand ms -1
I/DH2Native( 7985): Player attack track ready | clip 1014 | tracks 25 | unbound 0 | attack_mainhand ms -1
I/DH2Native( 7985): Player attack track ready | clip 1015 | tracks 25 | unbound 0 | attack_mainhand ms -1
I/DH2Native( 7985): Player attack track ready | clip 999 | tracks 25 | unbound 0 | attack_mainhand ms 400
I/DH2Native( 7985): Player attack track ready | clip 1001 | tracks 25 | unbound 0 | attack_mainhand ms -1
I/DH2Native( 7985): Player attack track ready | clip 1017 | tracks 25 | unbound 0 | attack_mainhand ms -1
I/DH2Native( 7985): Player attack track ready | clip 1002 | tracks 25 | unbound 0 | attack_mainhand ms 866
I/DH2Native( 7985): Player attack track ready | clip 1004 | tracks 25 | unbound 0 | attack_mainhand ms -1
I/DH2Native( 7985): Player attack track ready | clip 1019 | tracks 25 | unbound 0 | attack_mainhand ms -1
I/DH2Native( 7985): Player attack track ready | clip 1005 | tracks 25 | unbound 0 | attack_mainhand ms 1500
I/DH2Native( 7985): Player attack track ready | clip 1007 | tracks 25 | unbound 0 | attack_mainhand ms -1
I/DH2Native( 7985): Player attack track ready | clip 1021 | tracks 25 | unbound 0 | attack_mainhand ms -1
I/DH2Native( 7985): Player attack track ready | clip 1008 | tracks 25 | unbound 0 | attack_mainhand ms 2266
I/DH2Native( 7985): Player attack track ready | clip 1010 | tracks 25 | unbound 0 | attack_mainhand ms -1
I/DH2Native( 7985): Player attack track ready | clip 1147 | tracks 27 | unbound 2 | attack_mainhand ms -1
I/DH2Native( 7985): Player attack track ready | clip 1133 | tracks 27 | unbound 2 | attack_mainhand ms 1633
I/DH2Native( 7985): Player attack track ready | clip 1146 | tracks 25 | unbound 2 | attack_mainhand ms -1
I/DH2Native( 7985): Player attack track ready | clip 1218 | tracks 27 | unbound 0 | attack_mainhand ms -1
I/DH2Native( 7985): Player attack track ready | clip 1039 | tracks 25 | unbound 0 | attack_mainhand ms -1
I/DH2Native( 7985): Player attack track ready | clip 1077 | tracks 18 | unbound 0 | attack_mainhand ms -1
I/DH2Native( 7985): Player attack track ready | clip 1078 | tracks 18 | unbound 0 | attack_mainhand ms -1
I/DH2Native( 7985): Player attack track ready | clip 1079 | tracks 20 | unbound 0 | attack_mainhand ms -1
I/DH2Native( 7985): Player attack track ready | clip 1143 | tracks 24 | unbound 0 | attack_mainhand ms -1
I/DH2Native( 7985): Player attack track ready | clip 1138 | tracks 0 | unbound 0 | attack_mainhand ms -1
I/DH2Native( 7985): Player attack track ready | clip 1136 | tracks 24 | unbound 0 | attack_mainhand ms -1
I/DH2Native( 7985): Player attack track ready | clip 1137 | tracks 24 | unbound 0 | attack_mainhand ms -1
I/DH2Native( 7985): Base class snapshot | _prim_tmp_cultist01 | character Crypt_Skeleton | class 18 | level raw 256 | Max_HP raw 12160 | Max_MP raw 5632 | checksum 41ae0e800682474e | cached only
I/DH2Native( 7985): Resolved properties | _prim_tmp_cultist01 | character Crypt_Skeleton | HP raw -1 | Max_HP raw 12160 | MP raw -1 | Max_MP raw 5632 | checksum 41ae0e800682474e | supplied sheets only
I/DH2Native( 7985): Combat result probe | _prim_tmp_cultist01 | character Crypt_Skeleton | amount 2030 | dot element -1 | dot duration 0 | dot amount 0 | HP leech 0 | MP leech 0 | outcomes 0 | mask 2271925 | category -1 | element -1 | seed 11805120 | calls 9 | validation only
I/DH2Native( 7985): Health probe | _prim_tmp_cultist01 | character Crypt_Skeleton | damage 256 | add -256 | before -1 | after 0 | kill 1 | armed 1 | cue 0 | lifecycle 3 | dead skip 0 | validation only
I/DH2Native( 7985): Health probe | _prim_tmp_cultist01 | character Crypt_Skeleton | damage 16384 | add -16384 | before -1 | after 0 | kill 1 | armed 1 | cue 0 | lifecycle 3 | dead skip 0 | validation only
I/DH2Native( 7985): Original idle selected | skeleton.bdae | table 62 | sequence 596 | step 0 | clip 1194 | skeleton_idle_01.bdae | speed 1.0000 | actor _prim_tmp_cultist01
I/DH2Native( 7985): Actor event track ready | skeleton.bdae | clip 1178 | groups 1 | attack_mainhand ms 100
I/DH2Native( 7985): Actor event track ready | skeleton.bdae | clip 1179 | groups 0 | attack_mainhand ms -1
I/DH2Native( 7985): Actor event track ready | skeleton.bdae | clip 1180 | groups 1 | attack_mainhand ms 100
I/DH2Native( 7985): Actor event track ready | skeleton.bdae | clip 1181 | groups 0 | attack_mainhand ms -1
I/DH2Native( 7985): Actor event track ready | skeleton.bdae | clip 1185 | groups 0 | attack_mainhand ms -1
I/DH2Native( 7985): Actor event track ready | skeleton.bdae | clip 1194 | groups 0 | attack_mainhand ms -1
I/DH2Native( 7985): Actor event track ready | skeleton.bdae | clip 1195 | groups 0 | attack_mainhand ms -1
I/DH2Native( 7985): Actor event track ready | skeleton.bdae | clip 1197 | groups 0 | attack_mainhand ms -1
I/DH2Native( 7985): Actor event track ready | skeleton.bdae | clip 1198 | groups 0 | attack_mainhand ms -1
I/DH2Native( 7985): Actor event track ready | skeleton.bdae | clip 1204 | groups 0 | attack_mainhand ms -1
I/DH2Native( 7985): Actor clip bank ready | skeleton.bdae | clips 10 | independent instance clocks
I/DH2Native( 7985): Object resource skeleton.bdae | primitives 1 | tracks 23 | unbound 3 | unsupported 0 | removed helpers 2
I/DH2Native( 7985): Base class snapshot | _prim_tmp_cultist03 | character Crypt_Skeleton | class 18 | level raw 256 | Max_HP raw 12160 | Max_MP raw 5632 | checksum 41ae0e800682474e | cached only
I/DH2Native( 7985): Resolved properties | _prim_tmp_cultist03 | character Crypt_Skeleton | HP raw -1 | Max_HP raw 12160 | MP raw -1 | Max_MP raw 5632 | checksum 41ae0e800682474e | supplied sheets only
I/DH2Native( 7985): Combat result probe | _prim_tmp_cultist03 | character Crypt_Skeleton | amount 2030 | dot element -1 | dot duration 0 | dot amount 0 | HP leech 0 | MP leech 0 | outcomes 0 | mask 2271925 | category -1 | element -1 | seed 11805120 | calls 9 | validation only
I/DH2Native( 7985): Health probe | _prim_tmp_cultist03 | character Crypt_Skeleton | damage 256 | add -256 | before -1 | after 0 | kill 1 | armed 1 | cue 0 | lifecycle 3 | dead skip 0 | validation only
I/DH2Native( 7985): Health probe | _prim_tmp_cultist03 | character Crypt_Skeleton | damage 16384 | add -16384 | before -1 | after 0 | kill 1 | armed 1 | cue 0 | lifecycle 3 | dead skip 0 | validation only
I/DH2Native( 7985): Original idle selected | skeleton.bdae | table 62 | sequence 596 | step 1 | clip 1195 | skeleton_idle_02.bdae | speed 1.0000 | actor _prim_tmp_cultist03
I/DH2Native( 7985): Base class snapshot | _prim_tmp_cultist05 | character CryptSlime | class 18 | level raw 256 | Max_HP raw 12160 | Max_MP raw 5632 | checksum e0cad1d302226d0f | cached only
I/DH2Native( 7985): Resolved properties | _prim_tmp_cultist05 | character CryptSlime | HP raw -1 | Max_HP raw 12160 | MP raw -1 | Max_MP raw 5632 | checksum e0cad1d302226d0f | supplied sheets only
I/DH2Native( 7985): Combat result probe | _prim_tmp_cultist05 | character CryptSlime | amount 2036 | dot element -1 | dot duration 0 | dot amount 0 | HP leech 0 | MP leech 0 | outcomes 0 | mask 2271925 | category -1 | element -1 | seed 3406292 | calls 9 | validation only
I/DH2Native( 7985): Health probe | _prim_tmp_cultist05 | character CryptSlime | damage 256 | add -256 | before -1 | after 0 | kill 1 | armed 1 | cue 0 | lifecycle 3 | dead skip 0 | validation only
I/DH2Native( 7985): Health probe | _prim_tmp_cultist05 | character CryptSlime | damage 16384 | add -16384 | before -1 | after 0 | kill 1 | armed 1 | cue 0 | lifecycle 3 | dead skip 0 | validation only
I/DH2Native( 7985): Original idle selected | slime_green_v2.bdae | table 64 | sequence 613 | step 5 | clip 1259 | slime_idle_02.bdae | speed 1.0000 | actor _prim_tmp_cultist05
I/DH2Native( 7985): Actor event track ready | slime_green_v2.bdae | clip 1246 | groups 1 | attack_mainhand ms 266
I/DH2Native( 7985): Actor event track ready | slime_green_v2.bdae | clip 1247 | groups 0 | attack_mainhand ms -1
I/DH2Native( 7985): Actor event track ready | slime_green_v2.bdae | clip 1248 | groups 1 | attack_mainhand ms 300
I/DH2Native( 7985): Actor event track ready | slime_green_v2.bdae | clip 1249 | groups 0 | attack_mainhand ms -1
I/DH2Native( 7985): Actor event track ready | slime_green_v2.bdae | clip 1251 | groups 0 | attack_mainhand ms -1
I/DH2Native( 7985): Actor event track ready | slime_green_v2.bdae | clip 1258 | groups 0 | attack_mainhand ms -1
I/DH2Native( 7985): Actor event track ready | slime_green_v2.bdae | clip 1259 | groups 0 | attack_mainhand ms -1
I/DH2Native( 7985): Actor event track ready | slime_green_v2.bdae | clip 1261 | groups 0 | attack_mainhand ms -1
I/DH2Native( 7985): Actor event track ready | slime_green_v2.bdae | clip 1262 | groups 0 | attack_mainhand ms -1
I/DH2Native( 7985): Actor event track ready | slime_green_v2.bdae | clip 1268 | groups 0 | attack_mainhand ms -1
I/DH2Native( 7985): Actor clip bank ready | slime_green_v2.bdae | clips 10 | independent instance clocks
I/DH2Native( 7985): Object resource slime_green_v2.bdae | primitives 2 | tracks 12 | unbound 0 | unsupported 0 | removed helpers 0
I/DH2Native( 7985): Base class snapshot | _prim_tmp_cultist06 | character CryptSlime | class 18 | level raw 256 | Max_HP raw 12160 | Max_MP raw 5632 | checksum e0cad1d302226d0f | cached only
I/DH2Native( 7985): Resolved properties | _prim_tmp_cultist06 | character CryptSlime | HP raw -1 | Max_HP raw 12160 | MP raw -1 | Max_MP raw 5632 | checksum e0cad1d302226d0f | supplied sheets only
I/DH2Native( 7985): Combat result probe | _prim_tmp_cultist06 | character CryptSlime | amount 2036 | dot element -1 | dot duration 0 | dot amount 0 | HP leech 0 | MP leech 0 | outcomes 0 | mask 2271925 | category -1 | element -1 | seed 3406292 | calls 9 | validation only
I/DH2Native( 7985): Health probe | _prim_tmp_cultist06 | character CryptSlime | damage 256 | add -256 | before -1 | after 0 | kill 1 | armed 1 | cue 0 | lifecycle 3 | dead skip 0 | validation only
I/DH2Native( 7985): Health probe | _prim_tmp_cultist06 | character CryptSlime | damage 16384 | add -16384 | before -1 | after 0 | kill 1 | armed 1 | cue 0 | lifecycle 3 | dead skip 0 | validation only
I/DH2Native( 7985): Original idle selected | slime_green_v2.bdae | table 64 | sequence 613 | step 5 | clip 1259 | slime_idle_02.bdae | speed 1.0000 | actor _prim_tmp_cultist06
I/DH2Native( 7985): Base class snapshot | _prim_tmp_cultist07 | character Crypt_Skeleton | class 18 | level raw 256 | Max_HP raw 12160 | Max_MP raw 5632 | checksum 41ae0e800682474e | cached only
I/DH2Native( 7985): Resolved properties | _prim_tmp_cultist07 | character Crypt_Skeleton | HP raw -1 | Max_HP raw 12160 | MP raw -1 | Max_MP raw 5632 | checksum 41ae0e800682474e | supplied sheets only
I/DH2Native( 7985): Combat result probe | _prim_tmp_cultist07 | character Crypt_Skeleton | amount 2030 | dot element -1 | dot duration 0 | dot amount 0 | HP leech 0 | MP leech 0 | outcomes 0 | mask 2271925 | category -1 | element -1 | seed 11805120 | calls 9 | validation only
I/DH2Native( 7985): Health probe | _prim_tmp_cultist07 | character Crypt_Skeleton | damage 256 | add -256 | before -1 | after 0 | kill 1 | armed 1 | cue 0 | lifecycle 3 | dead skip 0 | validation only
I/DH2Native( 7985): Health probe | _prim_tmp_cultist07 | character Crypt_Skeleton | damage 16384 | add -16384 | before -1 | after 0 | kill 1 | armed 1 | cue 0 | lifecycle 3 | dead skip 0 | validation only
I/DH2Native( 7985): Original idle selected | skeleton.bdae | table 62 | sequence 596 | step 0 | clip 1194 | skeleton_idle_01.bdae | speed 1.0000 | actor _prim_tmp_cultist07
I/DH2Native( 7985): Base class snapshot | _prim_tmp_cultist08 | character Crypt_Skeleton | class 18 | level raw 256 | Max_HP raw 12160 | Max_MP raw 5632 | checksum 41ae0e800682474e | cached only
I/DH2Native( 7985): Resolved properties | _prim_tmp_cultist08 | character Crypt_Skeleton | HP raw -1 | Max_HP raw 12160 | MP raw -1 | Max_MP raw 5632 | checksum 41ae0e800682474e | supplied sheets only
I/DH2Native( 7985): Combat result probe | _prim_tmp_cultist08 | character Crypt_Skeleton | amount 2030 | dot element -1 | dot duration 0 | dot amount 0 | HP leech 0 | MP leech 0 | outcomes 0 | mask 2271925 | category -1 | element -1 | seed 11805120 | calls 9 | validation only
I/DH2Native( 7985): Health probe | _prim_tmp_cultist08 | character Crypt_Skeleton | damage 256 | add -256 | before -1 | after 0 | kill 1 | armed 1 | cue 0 | lifecycle 3 | dead skip 0 | validation only
I/DH2Native( 7985): Health probe | _prim_tmp_cultist08 | character Crypt_Skeleton | damage 16384 | add -16384 | before -1 | after 0 | kill 1 | armed 1 | cue 0 | lifecycle 3 | dead skip 0 | validation only
I/DH2Native( 7985): Original idle selected | skeleton.bdae | table 62 | sequence 596 | step 1 | clip 1195 | skeleton_idle_02.bdae | speed 1.0000 | actor _prim_tmp_cultist08
E/SurfaceSyncGroup( 7985): Failed to receive transaction ready in 1000ms. Marking SurfaceSyncGroup(wmsSync-VRI[MainActivity]#1) as ready
E/SurfaceSyncGroup( 7985): Failed to receive transaction ready in 1000ms. Marking SurfaceSyncGroup(VRI[MainActivity]#2) as ready
E/SurfaceSyncGroup( 7985): Failed to receive transaction ready in 1000ms. Marking SurfaceSyncGroup(SurfaceView[com.example.dh2/com.example.dh2.MainActivity]#0) as ready
I/DH2Native( 7985): Object resource crypt_candles2_small.bdae | primitives 3 | tracks 5 | unbound 0 | unsupported 0 | removed helpers 1
D/InsetsController( 7985): hide(ime())
I/ImeTracker( 7985): com.example.dh2:42e4bb0a: onCancelled at PHASE_CLIENT_ALREADY_HIDDEN
I/com.example.dh2( 7985): Compiler allocated 5239KB to compile void android.view.ViewRootImpl.performTraversals(long)
I/DH2Native( 7985): Object resource crypt_candlestand_big.bdae | primitives 4 | tracks 3 | unbound 0 | unsupported 0 | removed helpers 2
I/DH2Native( 7985): Object resource crypt_candlestand.bdae | primitives 4 | tracks 7 | unbound 0 | unsupported 0 | removed helpers 2
I/DH2Native( 7985): Object resource crypt_candle2.bdae | primitives 3 | tracks 3 | unbound 0 | unsupported 0 | removed helpers 1
I/DH2Native( 7985): Object resource crypt_candle1_small.bdae | primitives 3 | tracks 3 | unbound 0 | unsupported 0 | removed helpers 1
I/DH2Native( 7985): Object resource crypt_candles.bdae | primitives 3 | tracks 7 | unbound 0 | unsupported 0 | removed helpers 1
I/DH2Native( 7985): Object resource swamp_caveentrance_effect.bdae | primitives 1 | tracks 0 | unbound 0 | unsupported 3 | removed helpers 0
I/DH2Native( 7985): Object resource crypt_candle_big.bdae | primitives 3 | tracks 3 | unbound 0 | unsupported 0 | removed helpers 1
I/DH2Native( 7985): Base class snapshot | _prim_Monster | character CryptSlime | class 18 | level raw 256 | Max_HP raw 12160 | Max_MP raw 5632 | checksum e0cad1d302226d0f | cached only
I/DH2Native( 7985): Resolved properties | _prim_Monster | character CryptSlime | HP raw -1 | Max_HP raw 12160 | MP raw -1 | Max_MP raw 5632 | checksum e0cad1d302226d0f | supplied sheets only
I/DH2Native( 7985): Combat result probe | _prim_Monster | character CryptSlime | amount 2036 | dot element -1 | dot duration 0 | dot amount 0 | HP leech 0 | MP leech 0 | outcomes 0 | mask 2271925 | category -1 | element -1 | seed 3406292 | calls 9 | validation only
I/DH2Native( 7985): Health probe | _prim_Monster | character CryptSlime | damage 256 | add -256 | before -1 | after 0 | kill 1 | armed 1 | cue 0 | lifecycle 3 | dead skip 0 | validation only
I/DH2Native( 7985): Health probe | _prim_Monster | character CryptSlime | damage 16384 | add -16384 | before -1 | after 0 | kill 1 | armed 1 | cue 0 | lifecycle 3 | dead skip 0 | validation only
I/DH2Native( 7985): Original idle selected | slime_green_v2.bdae | table 64 | sequence 613 | step 1 | clip 1258 | slime_idle.bdae | speed 1.0000 | actor _prim_Monster
I/DH2Native( 7985): Base class snapshot | _prim_Monster02 | character CryptSlime_RE | class 18 | level raw 256 | Max_HP raw 12160 | Max_MP raw 5632 | checksum eb471073d49b2c44 | cached only
I/DH2Native( 7985): Resolved properties | _prim_Monster02 | character CryptSlime_RE | HP raw -1 | Max_HP raw 12160 | MP raw -1 | Max_MP raw 5632 | checksum eb471073d49b2c44 | supplied sheets only
I/DH2Native( 7985): Combat result probe | _prim_Monster02 | character CryptSlime_RE | amount 2135 | dot element -1 | dot duration 0 | dot amount 0 | HP leech 0 | MP leech 0 | outcomes 0 | mask 2271925 | category -1 | element -1 | seed 7440849 | calls 9 | validation only
I/DH2Native( 7985): Health probe | _prim_Monster02 | character CryptSlime_RE | damage 256 | add -256 | before -1 | after 0 | kill 1 | armed 1 | cue 0 | lifecycle 3 | dead skip 0 | validation only
I/DH2Native( 7985): Health probe | _prim_Monster02 | character CryptSlime_RE | damage 16384 | add -16384 | before -1 | after 0 | kill 1 | armed 1 | cue 0 | lifecycle 3 | dead skip 0 | validation only
I/DH2Native( 7985): Original idle selected | slime_green_v2.bdae | table 64 | sequence 613 | step 0 | clip 1258 | slime_idle.bdae | speed 1.0000 | actor _prim_Monster02
I/DH2Native( 7985): Base class snapshot | _prim_Monster05 | character CryptSlime | class 18 | level raw 256 | Max_HP raw 12160 | Max_MP raw 5632 | checksum e0cad1d302226d0f | cached only
I/DH2Native( 7985): Resolved properties | _prim_Monster05 | character CryptSlime | HP raw -1 | Max_HP raw 12160 | MP raw -1 | Max_MP raw 5632 | checksum e0cad1d302226d0f | supplied sheets only
I/DH2Native( 7985): Combat result probe | _prim_Monster05 | character CryptSlime | amount 2036 | dot element -1 | dot duration 0 | dot amount 0 | HP leech 0 | MP leech 0 | outcomes 0 | mask 2271925 | category -1 | element -1 | seed 3406292 | calls 9 | validation only
I/DH2Native( 7985): Health probe | _prim_Monster05 | character CryptSlime | damage 256 | add -256 | before -1 | after 0 | kill 1 | armed 1 | cue 0 | lifecycle 3 | dead skip 0 | validation only
I/DH2Native( 7985): Health probe | _prim_Monster05 | character CryptSlime | damage 16384 | add -16384 | before -1 | after 0 | kill 1 | armed 1 | cue 0 | lifecycle 3 | dead skip 0 | validation only
I/DH2Native( 7985): Original idle selected | slime_green_v2.bdae | table 64 | sequence 613 | step 4 | clip 1258 | slime_idle.bdae | speed 1.0000 | actor _prim_Monster05
I/DH2Native( 7985): Object resource crypt_candle1.bdae | primitives 3 | tracks 3 | unbound 0 | unsupported 0 | removed helpers 1
I/DH2Native( 7985): Base class snapshot | _prim_Monster_Ghost05 | character Crypt_Ghost | class 18 | level raw 256 | Max_HP raw 12160 | Max_MP raw 5632 | checksum 37563d932af809fb | cached only
I/DH2Native( 7985): Resolved properties | _prim_Monster_Ghost05 | character Crypt_Ghost | HP raw -1 | Max_HP raw 12160 | MP raw -1 | Max_MP raw 5632 | checksum 37563d932af809fb | supplied sheets only
I/DH2Native( 7985): Combat result probe | _prim_Monster_Ghost05 | character Crypt_Ghost | amount 2263 | dot element -1 | dot duration 0 | dot amount 0 | HP leech 0 | MP leech 0 | outcomes 0 | mask 2271925 | category -1 | element -1 | seed 3474079 | calls 9 | validation only
I/DH2Native( 7985): Health probe | _prim_Monster_Ghost05 | character Crypt_Ghost | damage 256 | add -256 | before -1 | after 0 | kill 1 | armed 1 | cue 0 | lifecycle 3 | dead skip 0 | validation only
I/DH2Native( 7985): Health probe | _prim_Monster_Ghost05 | character Crypt_Ghost | damage 16384 | add -16384 | before -1 | after 0 | kill 1 | armed 1 | cue 0 | lifecycle 3 | dead skip 0 | validation only
I/DH2Native( 7985): Original idle selected | ghost.bdae | table 24 | sequence 210 | step 0 | clip 706 | ghost_idle_01.bdae | speed 1.3000 | actor _prim_Monster_Ghost05
I/DH2Native( 7985): Actor event track ready | ghost.bdae | clip 697 | groups 1 | attack_mainhand ms 999
I/DH2Native( 7985): Actor event track ready | ghost.bdae | clip 700 | groups 0 | attack_mainhand ms -1
I/DH2Native( 7985): Actor event track ready | ghost.bdae | clip 706 | groups 0 | attack_mainhand ms -1
I/DH2Native( 7985): Actor event track ready | ghost.bdae | clip 707 | groups 0 | attack_mainhand ms -1
I/DH2Native( 7985): Actor event track ready | ghost.bdae | clip 710 | groups 0 | attack_mainhand ms -1
I/DH2Native( 7985): Actor event track ready | ghost.bdae | clip 717 | groups 0 | attack_mainhand ms -1
I/DH2Native( 7985): Actor clip bank ready | ghost.bdae | clips 6 | independent instance clocks
I/DH2Native( 7985): Object resource ghost.bdae | primitives 2 | tracks 24 | unbound 0 | unsupported 0 | removed helpers 2
I/DH2Native( 7985): Base class snapshot | _prim_Monster_Ghost06 | character Crypt_Ghost | class 18 | level raw 256 | Max_HP raw 12160 | Max_MP raw 5632 | checksum 37563d932af809fb | cached only
I/DH2Native( 7985): Resolved properties | _prim_Monster_Ghost06 | character Crypt_Ghost | HP raw -1 | Max_HP raw 12160 | MP raw -1 | Max_MP raw 5632 | checksum 37563d932af809fb | supplied sheets only
I/DH2Native( 7985): Combat result probe | _prim_Monster_Ghost06 | character Crypt_Ghost | amount 2263 | dot element -1 | dot duration 0 | dot amount 0 | HP leech 0 | MP leech 0 | outcomes 0 | mask 2271925 | category -1 | element -1 | seed 3474079 | calls 9 | validation only
I/DH2Native( 7985): Health probe | _prim_Monster_Ghost06 | character Crypt_Ghost | damage 256 | add -256 | before -1 | after 0 | kill 1 | armed 1 | cue 0 | lifecycle 3 | dead skip 0 | validation only
I/DH2Native( 7985): Health probe | _prim_Monster_Ghost06 | character Crypt_Ghost | damage 16384 | add -16384 | before -1 | after 0 | kill 1 | armed 1 | cue 0 | lifecycle 3 | dead skip 0 | validation only
I/DH2Native( 7985): Original idle selected | ghost.bdae | table 24 | sequence 210 | step 0 | clip 706 | ghost_idle_01.bdae | speed 1.3000 | actor _prim_Monster_Ghost06
I/DH2Native( 7985): 3D upload OK | 4 draws | 586 triangles | 2 textures
I/DH2Native( 7985): 29 animation tracks | 0 skipped | Preview lighting. Drag to orbit. | nodes 35 | skipped nongeometry instances 1 | skin draws 4 | segments 2
I/DH2Native( 7985): Persistent game design ready | host cached level 1 | level row 23 | difficulty 0 | authored levels 51 | development Crypt selection
I/DH2Native( 7985): Design settings ready | rows 1 | Default index 0 | fields 43 | EnemySpottedAggro bits 41200000 | records consumed 176 | names consumed 15 | retained 0 | backing 000079cdb9c09300 | owned cache data
I/DH2Native( 7985): Debug switches file | opened 0 | errno 2 | app-private directory
I/DH2Native( 7985): Spawn vitals | _prim_tmp_cultist01 | character Crypt_Skeleton | HP raw 25600 | Max_HP raw 25600 | MP raw 23552 | Max_MP raw 23552 | first HP add raw 1 | first MP add raw 1 | second HP add raw 0 | second MP add raw 0 | checksum f2fe28291ff60a19 | passes 2
I/DH2Native( 7985): Monster native backing | _prim_tmp_cultist01 | character Crypt_Skeleton | resources 23 | occurrences 44 | template 1203 | CPU instance 000079cd99d2d700 | retained 0 | preset 3 | authored state 0 | CPU playback prepared | live FSM pending
I/DH2Native( 7985): Scene script object | _prim_tmp_cultist01 | identity 0000000100000002 | CharAI 000079cd49c36888 | retained 0 | target 0000000000000000 | source GetID and HasTarget verified
I/DH2Native( 7985): Monster script session | _prim_tmp_cultist01 | character Crypt_Skeleton | identity 0000000100000002 | session 000079cd49c3a4e8 | retained 0 | files 2 | step 7 | flags 183c | level raw 2048 | HP 25600 25600 | MP 23552 23552 | saved -1234.43005 497.979004 | flee 1 | buff 48 | timers 51 3000 52 1000 | registrations 170 | unavailable 136
I/DH2Native( 7985): Spawn vitals | _prim_tmp_cultist03 | character Crypt_Skeleton | HP raw 25600 | Max_HP raw 25600 | MP raw 23552 | Max_MP raw 23552 | first HP add raw 1 | first MP add raw 1 | second HP add raw 0 | second MP add raw 0 | checksum f2fe28291ff60a19 | passes 2
I/DH2Native( 7985): Monster native backing | _prim_tmp_cultist03 | character Crypt_Skeleton | resources 23 | occurrences 44 | template 1203 | CPU instance 000079cd99d2b030 | retained 0 | preset 3 | authored state 0 | CPU playback prepared | live FSM pending
I/DH2Native( 7985): Scene script object | _prim_tmp_cultist03 | identity 0000000100000003 | CharAI 000079cd49c38388 | retained 0 | target 0000000000000000 | source GetID and HasTarget verified
I/DH2Native( 7985): Monster script session | _prim_tmp_cultist03 | character Crypt_Skeleton | identity 0000000100000003 | session 000079cd49c3c6a8 | retained 0 | files 2 | step 7 | flags 183c | level raw 2048 | HP 25600 25600 | MP 23552 23552 | saved 821.286987 -1452.16003 | flee 1 | buff 48 | timers 51 3000 52 1000 | registrations 170 | unavailable 136
I/DH2Native( 7985): Spawn vitals | _prim_tmp_cultist07 | character Crypt_Skeleton | HP raw 25600 | Max_HP raw 25600 | MP raw 23552 | Max_MP raw 23552 | first HP add raw 1 | first MP add raw 1 | second HP add raw 0 | second MP add raw 0 | checksum f2fe28291ff60a19 | passes 2
I/DH2Native( 7985): Monster native backing | _prim_tmp_cultist07 | character Crypt_Skeleton | resources 23 | occurrences 44 | template 1203 | CPU instance 000079cd99d2a340 | retained 0 | preset 3 | authored state 0 | CPU playback prepared | live FSM pending
I/DH2Native( 7985): Scene script object | _prim_tmp_cultist07 | identity 0000000100000006 | CharAI 000079cd49c37608 | retained 0 | target 0000000000000000 | source GetID and HasTarget verified
I/DH2Native( 7985): Monster script session | _prim_tmp_cultist07 | character Crypt_Skeleton | identity 0000000100000006 | session 000079cd49c3eaa8 | retained 0 | files 2 | step 7 | flags 183c | level raw 2048 | HP 25600 25600 | MP 23552 23552 | saved -1234.43005 -369.638 | flee 1 | buff 48 | timers 51 3000 52 1000 | registrations 170 | unavailable 136
I/DH2Native( 7985): Spawn vitals | _prim_tmp_cultist08 | character Crypt_Skeleton | HP raw 25600 | Max_HP raw 25600 | MP raw 23552 | Max_MP raw 23552 | first HP add raw 1 | first MP add raw 1 | second HP add raw 0 | second MP add raw 0 | checksum f2fe28291ff60a19 | passes 2
I/DH2Native( 7985): Monster native backing | _prim_tmp_cultist08 | character Crypt_Skeleton | resources 23 | occurrences 44 | template 1203 | CPU instance 000079cd99d273d0 | retained 0 | preset 3 | authored state 0 | CPU playback prepared | live FSM pending
I/DH2Native( 7985): Scene script object | _prim_tmp_cultist08 | identity 0000000100000007 | CharAI 000079cd49c37f08 | retained 0 | target 0000000000000000 | source GetID and HasTarget verified
I/DH2Native( 7985): Monster script session | _prim_tmp_cultist08 | character Crypt_Skeleton | identity 0000000100000007 | session 000079cd49c3e1a8 | retained 0 | files 2 | step 7 | flags 183c | level raw 2048 | HP 25600 25600 | MP 23552 23552 | saved 821.286987 -651.690979 | flee 1 | buff 48 | timers 51 3000 52 1000 | registrations 170 | unavailable 136
I/DH2Native( 7985): Spawn vitals | _prim_tmp_cultist05 | character CryptSlime | HP raw 25600 | Max_HP raw 25600 | MP raw 23552 | Max_MP raw 23552 | first HP add raw 1 | first MP add raw 1 | second HP add raw 0 | second MP add raw 0 | checksum 2f1545cf06b9a334 | passes 2
I/DH2Native( 7985): Monster native backing | _prim_tmp_cultist05 | character CryptSlime | resources 23 | occurrences 37 | template 1267 | CPU instance 000079cd99d2b480 | retained 0 | preset 3 | authored state 0 | CPU playback prepared | live FSM pending
I/DH2Native( 7985): Scene script object | _prim_tmp_cultist05 | identity 0000000100000004 | CharAI 000079cd49c397c8 | retained 0 | target 0000000000000000 | source GetID and HasTarget verified
I/DH2Native( 7985): Monster script session | _prim_tmp_cultist05 | character CryptSlime | identity 0000000100000004 | session 000079cd49c434e8 | retained 0 | files 2 | step 7 | flags 183c | level raw 2048 | HP 25600 25600 | MP 23552 23552 | saved 168.604996 1606.04004 | flee 1 | buff 48 | timers 51 3000 52 1000 | registrations 170 | unavailable 136
I/DH2Native( 7985): Spawn vitals | _prim_tmp_cultist06 | character CryptSlime | HP raw 25600 | Max_HP raw 25600 | MP raw 23552 | Max_MP raw 23552 | first HP add raw 1 | first MP add raw 1 | second HP add raw 0 | second MP add raw 0 | checksum 2f1545cf06b9a334 | passes 2
I/DH2Native( 7985): Monster native backing | _prim_tmp_cultist06 | character CryptSlime | resources 23 | occurrences 37 | template 1267 | CPU instance 000079cd99d33a30 | retained 0 | preset 3 | authored state 0 | CPU playback prepared | live FSM pending
I/DH2Native( 7985): Scene script object | _prim_tmp_cultist06 | identity 0000000100000005 | CharAI 000079cd49c38b68 | retained 0 | target 0000000000000000 | source GetID and HasTarget verified
I/DH2Native( 7985): Monster script session | _prim_tmp_cultist06 | character CryptSlime | identity 0000000100000005 | session 000079cd49c44388 | retained 0 | files 2 | step 7 | flags 183c | level raw 2048 | HP 25600 25600 | MP 23552 23552 | saved -200.063004 1659.26001 | flee 1 | buff 48 | timers 51 3000 52 1000 | registrations 170 | unavailable 136
I/DH2Native( 7985): Spawn vitals | _prim_Monster | character CryptSlime | HP raw 25600 | Max_HP raw 25600 | MP raw 23552 | Max_MP raw 23552 | first HP add raw 1 | first MP add raw 1 | second HP add raw 0 | second MP add raw 0 | checksum 2f1545cf06b9a334 | passes 2
I/DH2Native( 7985): Monster native backing | _prim_Monster | character CryptSlime | resources 23 | occurrences 37 | template 1267 | CPU instance 000079cd99d2dfa0 | retained 0 | preset 3 | authored state 1 | CPU playback prepared | live FSM pending
I/DH2Native( 7985): Scene script object | _prim_Monster | identity 0000000100000027 | CharAI 000079cd49c3bbc8 | retained 0 | target 0000000000000000 | source GetID and HasTarget verified
I/DH2Native( 7985): Monster script session | _prim_Monster | character CryptSlime | identity 0000000100000027 | session 000079cd49c41688 | retained 0 | files 2 | step 7 | flags 183c | level raw 2048 | HP 25600 25600 | MP 23552 23552 | saved -6020 10130 | flee 1 | buff 48 | timers 51 3000 52 1000 | registrations 170 | unavailable 136
I/DH2Native( 7985): Spawn vitals | _prim_Monster02 | character CryptSlime_RE | HP raw 25600 | Max_HP raw 25600 | MP raw 23552 | Max_MP raw 23552 | first HP add raw 1 | first MP add raw 1 | second HP add raw 0 | second MP add raw 0 | checksum 0992678aa7c656e7 | passes 2
I/DH2Native( 7985): Monster native backing | _prim_Monster02 | character CryptSlime_RE | resources 23 | occurrences 37 | template 1267 | CPU instance 000079cd99d317b0 | retained 0 | preset 3 | authored state 1 | CPU playback prepared | live FSM pending
I/DH2Native( 7985): Scene script object | _prim_Monster02 | identity 0000000100000028 | CharAI 000079cd49c3d5a8 | retained 0 | target 0000000000000000 | source GetID and HasTarget verified
I/DH2Native( 7985): Monster script session | _prim_Monster02 | character CryptSlime_RE | identity 0000000100000028 | session 000079cd49c45e88 | retained 0 | files 2 | step 7 | flags 183c | level raw 2048 | HP 25600 25600 | MP 23552 23552 | saved -5800 8430 | flee 1 | buff 48 | timers 51 3000 52 1000 | registrations 170 | unavailable 136
I/DH2Native( 7985): Spawn vitals | _prim_Monster05 | character CryptSlime | HP raw 25600 | Max_HP raw 25600 | MP raw 23552 | Max_MP raw 23552 | first HP add raw 1 | first MP add raw 1 | second HP add raw 0 | second MP add raw 0 | checksum 2f1545cf06b9a334 | passes 2
I/DH2Native( 7985): Monster native backing | _prim_Monster05 | character CryptSlime | resources 23 | occurrences 37 | template 1267 | CPU instance 000079cd99d2ec90 | retained 0 | preset 3 | authored state 1 | CPU playback prepared | live FSM pending
I/DH2Native( 7985): Scene script object | _prim_Monster05 | identity 0000000100000029 | CharAI 000079cd49c3b1a8 | retained 0 | target 0000000000000000 | source GetID and HasTarget verified
I/DH2Native( 7985): Monster script session | _prim_Monster05 | character CryptSlime | identity 0000000100000029 | session 000079cd49c46548 | retained 0 | files 2 | step 7 | flags 183c | level raw 2048 | HP 25600 25600 | MP 23552 23552 | saved -5630 10130 | flee 1 | buff 48 | timers 51 3000 52 1000 | registrations 170 | unavailable 136
I/DH2Native( 7985): Spawn vitals | _prim_Monster_Ghost05 | character Crypt_Ghost | HP raw 25600 | Max_HP raw 25600 | MP raw 23552 | Max_MP raw 23552 | first HP add raw 1 | first MP add raw 1 | second HP add raw 0 | second MP add raw 0 | checksum 47a75571fd5fb8b8 | passes 2
I/DH2Native( 7985): Monster native backing | _prim_Monster_Ghost05 | character Crypt_Ghost | resources 18 | occurrences 28 | template 716 | CPU instance 000079cd99d2fdd0 | retained 0 | preset 3 | authored state 1 | CPU playback prepared | live FSM pending
I/DH2Native( 7985): Scene script object | _prim_Monster_Ghost05 | identity 000000010000004e | CharAI 000079cd49c3cca8 | retained 0 | target 0000000000000000 | source GetID and HasTarget verified
I/DH2Native( 7985): Monster script session | _prim_Monster_Ghost05 | character Crypt_Ghost | identity 000000010000004e | session 000079cd49c48828 | retained 0 | files 2 | step 7 | flags 183c | level raw 2048 | HP 25600 25600 | MP 23552 23552 | saved 161.587997 20228.0508 | flee 1 | buff 48 | timers 51 3000 52 1000 | registrations 170 | unavailable 136
I/DH2Native( 7985): Spawn vitals | _prim_Monster_Ghost06 | character Crypt_Ghost | HP raw 25600 | Max_HP raw 25600 | MP raw 23552 | Max_MP raw 23552 | first HP add raw 1 | first MP add raw 1 | second HP add raw 0 | second MP add raw 0 | checksum 47a75571fd5fb8b8 | passes 2
I/DH2Native( 7985): Monster native backing | _prim_Monster_Ghost06 | character Crypt_Ghost | resources 18 | occurrences 28 | template 716 | CPU instance 000079cd99d35410 | retained 0 | preset 3 | authored state 1 | CPU playback prepared | live FSM pending
I/DH2Native( 7985): Scene script object | _prim_Monster_Ghost06 | identity 000000010000004f | CharAI 000079cd49c3d6c8 | retained 0 | target 0000000000000000 | source GetID and HasTarget verified
I/DH2Native( 7985): Monster script session | _prim_Monster_Ghost06 | character Crypt_Ghost | identity 000000010000004f | session 000079cd49c49908 | retained 0 | files 2 | step 7 | flags 183c | level raw 2048 | HP 25600 25600 | MP 23552 23552 | saved -316.752014 20312.0195 | flee 1 | buff 48 | timers 51 3000 52 1000 | registrations 170 | unavailable 136
I/DH2Native( 7985): Monster scripts ready | initialized 11 | retained 0 | live original Init | full AI frame pending
I/DH2Native( 7985): Player properties | KnightPlayerBase | HP 42265 | MP 6976 | checksum 80406e3d6a338f9d | attempts 0 | attacking 0
I/DH2Native( 7985): Original cache mounted | files 6833 | archive bytes 433189197 | external storage 0
I/DH2Native( 7985): Equipped GPU graph rebuilt | parts 5 | draws 5 | textures 3 | live source snapshot
I/DH2Native( 7985): Native player equipment connected | identity 0000000100000001 | items 5 | potions 5 | selected 0 | retained 0 | property backing 000079ccb9cb4a68 | RNG calls 5
I/DH2Native( 7985): Native inventory item | index 0 | ID 1079 | quantity 1 | name Ceremonial Garb | slots 0 -1
I/DH2Native( 7985): Native inventory item | index 1 | ID 1073 | quantity 1 | name Ceremonial Boots | slots 3 -1
I/DH2Native( 7985): Native inventory item | index 2 | ID 1076 | quantity 1 | name Ceremonial Gloves | slots 4 -1
I/DH2Native( 7985): Native inventory item | index 3 | ID 664 | quantity 1 | name Useless Blade | slots 1 -1
I/DH2Native( 7985): Native inventory item | index 4 | ID 925 | quantity 5 | name Potion | slots -1 -1
I/DH2Native( 7985): Prince blended bank ready | resources 116 | occurrences 158 | targets 83 | template 1111 | engine 0 | game clip 1111
I/DH2Native( 7985): Blended character event | event 0x24 | clip 1111 | slot 0 | phase 5 | lag 0
I/DH2Native( 7985): Blended character event | event 0x26 | clip 1111 | slot 0 | phase 5 | lag 0
I/DH2Native( 7985): Character animation selected | state 3 | flags 2380 | sequence 262 | clip 1040 | actor state service
I/DH2Native( 7985): Character state event | state 3 | event 1d | prior -1 | flags 2380
I/DH2Native( 7985): Player source state | previous -1 | current 3 | event 0x0 | flags 2380 | root 262 | clip 1040 | position -2227.7700 1220.9301 842.3644 | Step 0
I/DH2Native( 7985): Native actor ready | genuine bodies 83 | decor colliders 82 | radius 113.699707 | source bounds -2341.47 1190.17 -2114.07 1251.69 | flags 2380 | scene then Step then actor
I/DH2Native( 7985): Original trophy manager retained | catalog 69 | same player SkillAI owner | unlock notification/save services required
I/DH2Native( 7985): Source NPC animation selected | _prim_tmp_cultist01 | sequence 596 | clip 1194 | same retained FSM/CPU actor
I/DH2Native( 7985): Original NPC level state | _prim_tmp_cultist01 | current 3 | flags 2380 | clip 1194 | same World/ScriptSession/FSM/HP
I/DH2Native( 7985): Source NPC animation selected | _prim_tmp_cultist03 | sequence 596 | clip 1194 | same retained FSM/CPU actor
I/DH2Native( 7985): Original NPC level state | _prim_tmp_cultist03 | current 3 | flags 2380 | clip 1194 | same World/ScriptSession/FSM/HP
I/DH2Native( 7985): Source NPC animation selected | _prim_tmp_cultist07 | sequence 596 | clip 1195 | same retained FSM/CPU actor
I/DH2Native( 7985): Original NPC level state | _prim_tmp_cultist07 | current 3 | flags 2380 | clip 1195 | same World/ScriptSession/FSM/HP
I/DH2Native( 7985): Source NPC animation selected | _prim_tmp_cultist08 | sequence 596 | clip 1194 | same retained FSM/CPU actor
I/DH2Native( 7985): Original NPC level state | _prim_tmp_cultist08 | current 3 | flags 2380 | clip 1194 | same World/ScriptSession/FSM/HP
I/DH2Native( 7985): Source NPC animation selected | _prim_tmp_cultist05 | sequence 613 | clip 1259 | same retained FSM/CPU actor
I/DH2Native( 7985): Original NPC level state | _prim_tmp_cultist05 | current 3 | flags 2380 | clip 1259 | same World/ScriptSession/FSM/HP
I/DH2Native( 7985): Source NPC animation selected | _prim_tmp_cultist06 | sequence 613 | clip 1258 | same retained FSM/CPU actor
I/DH2Native( 7985): Original NPC level state | _prim_tmp_cultist06 | current 3 | flags 2380 | clip 1258 | same World/ScriptSession/FSM/HP
I/DH2Native( 7985): Source NPC animation selected | _prim_Monster | sequence 613 | clip 1258 | same retained FSM/CPU actor
I/DH2Native( 7985): Original NPC level state | _prim_Monster | current 3 | flags 2380 | clip 1258 | same World/ScriptSession/FSM/HP
I/DH2Native( 7985): Source NPC animation selected | _prim_Monster02 | sequence 613 | clip 1258 | same retained FSM/CPU actor
I/DH2Native( 7985): Original NPC level state | _prim_Monster02 | current 3 | flags 2380 | clip 1258 | same World/ScriptSession/FSM/HP
I/DH2Native( 7985): Source NPC animation selected | _prim_Monster05 | sequence 613 | clip 1258 | same retained FSM/CPU actor
I/DH2Native( 7985): Original NPC level state | _prim_Monster05 | current 3 | flags 2380 | clip 1258 | same World/ScriptSession/FSM/HP
I/DH2Native( 7985): Source NPC animation selected | _prim_Monster_Ghost05 | sequence 210 | clip 706 | same retained FSM/CPU actor
I/DH2Native( 7985): Original NPC level state | _prim_Monster_Ghost05 | current 3 | flags 2380 | clip 706 | same World/ScriptSession/FSM/HP
I/DH2Native( 7985): Source NPC animation selected | _prim_Monster_Ghost06 | sequence 210 | clip 706 | same retained FSM/CPU actor
I/DH2Native( 7985): Original NPC level state | _prim_Monster_Ghost06 | current 3 | flags 2380 | clip 706 | same World/ScriptSession/FSM/HP
I/DH2Native( 7985): Original Level LoadCharStates complete | NPCs 11 | authored preset | no synthetic interaction flags
I/DH2Native( 7985): Retained player SkillV6 ready | character 0000000100000001 | skills 16 | spells 5 | saved rows 16 | buffs 1 | same Gear props/life/Save | source level0/empty slots
I/DH2Native( 7985): Original initial skill slots | ready 1 | row0 level 1 | slot0 0 | unspent 0 | 
I/DH2Native( 7985): Player script object | identity 0000000100000001 | CharAI 000079cd49c37068 | retained 0 | properties 000079ccb9cb4a68 | life 000079cc49c2e7a8 | HP 42265 | dead 0 | checksum 29d563865a0ca55b | position -2227.77002 1220.93005 842.36438 | shared gameplay backing verified
I/DH2Native( 7985): Scene position methods | _prim_tmp_cultist01 | identity 0000000100000002 | position -1234.43005 497.979004 596.723022 | player identity 0000000100000001 | player position -2227.77002 1220.93005 842.36438 | retained 0 | original object GetPosition verified
I/DH2Native( 7985): Scene position methods | _prim_tmp_cultist03 | identity 0000000100000003 | position 821.286987 -1452.16003 -356.072998 | player identity 0000000100000001 | player position -2227.77002 1220.93005 842.36438 | retained 0 | original object GetPosition verified
I/DH2Native( 7985): Scene position methods | _prim_tmp_cultist07 | identity 0000000100000006 | position -1234.43005 -369.638 198.436996 | player identity 0000000100000001 | player position -2227.77002 1220.93005 842.36438 | retained 0 | original object GetPosition verified
I/DH2Native( 7985): Scene position methods | _prim_tmp_cultist08 | identity 0000000100000007 | position 821.286987 -651.690979 -356.072998 | player identity 0000000100000001 | player position -2227.77002 1220.93005 842.36438 | retained 0 | original object GetPosition verified
I/DH2Native( 7985): Scene position methods | _prim_tmp_cultist05 | identity 0000000100000004 | position 168.604996 1606.04004 36.4949989 | player identity 0000000100000001 | player position -2227.77002 1220.93005 842.36438 | retained 0 | original object GetPosition verified
I/DH2Native( 7985): Scene position methods | _prim_tmp_cultist06 | identity 0000000100000005 | position -200.063004 1659.26001 36.4949989 | player identity 0000000100000001 | player position -2227.77002 1220.93005 842.36438 | retained 0 | original object GetPosition verified
I/DH2Native( 7985): Scene position methods | _prim_Monster | identity 0000000100000027 | position -6020 10130 800 | player identity 0000000100000001 | player position -2227.77002 1220.93005 842.36438 | retained 0 | original object GetPosition verified
I/DH2Native( 7985): Scene position methods | _prim_Monster02 | identity 0000000100000028 | position -5800 8430 450 | player identity 0000000100000001 | player position -2227.77002 1220.93005 842.36438 | retained 0 | original object GetPosition verified
I/DH2Native( 7985): Scene position methods | _prim_Monster05 | identity 0000000100000029 | position -5630 10130 800 | player identity 0000000100000001 | player position -2227.77002 1220.93005 842.36438 | retained 0 | original object GetPosition verified
I/DH2Native( 7985): Scene position methods | _prim_Monster_Ghost05 | identity 000000010000004e | position 161.587997 20228.0508 607.5 | player identity 0000000100000001 | player position -2227.77002 1220.93005 842.36438 | retained 0 | original object GetPosition verified
I/DH2Native( 7985): Scene position methods | _prim_Monster_Ghost06 | identity 000000010000004f | position -316.752014 20312.0195 607.5 | player identity 0000000100000001 | player position -2227.77002 1220.93005 842.36438 | retained 0 | original object GetPosition verified
I/DH2Native( 7985): Objects ready | monsters 11 | decors 84 | resources 12 | instance draws 291 | triangles 6103 | character records 448 | model entries 116 | original monster Init
I/DH2Native( 7985): Native floors ready | records 8 | graph nodes 335 | graph edges 838 | selector collision controls height
I/DH2Native( 7985): Native floor links ready | neighbour relations 14 | validation references 998 | graph-node search ready
I/DH2Native( 7985): Native graph route probe | floor pairs 64 | successful 64 | segments 1598 | state 5454073390c7d916 | endpoints and movement pending
I/DH2Native( 7985): Native world route probe | floor pairs 64 | successful 64 | direct 0 | graph 64 | segments 2086 | state 3a3ab2a724cc383b | smoothing and movement pending
I/DH2Native( 7985): Native FindPath probe | floor pairs 64 | successful 64 | owned 64 | segments 2086 | state 9356b419cae2bc57 | position controller pending
I/DH2Native( 7985): Native floor motion probe | floor pairs 64 | position valid 64 | accepted 64 | direction valid 64 | state d60ad48039cc85c6 | controller and dynamic obstacles pending
I/DH2Native( 7985): Native obstacle registry probe | floor pairs 64 | accepted 64 | registered 64 | relocated 56 | state 22a98dfc4102db51 | forces and controller pending
I/DH2Native( 7985): Native avoidance probe | floors 8 | force contributions 16 | adjusted 8 | turn limited 8 | state 09d1d79d2612c945 | actor producers and controller pending
I/DH2Native( 7985): Native actor producer probe | floors 8 | registered 8 | physical radius updates 8 | state 30c1f3ac1bf81145 | physical construction and controller pending
I/DH2Native( 7985): Native heading control | player movement and melee facing use recovered source | UpdatePath rotation subobjects and genuine physics active
I/DH2Native( 7985): World ready | rooms 8 | visual draws 101 | navigation triangles 314 | idle tracks 23 | walk tracks 27 | position -2227.7700 1220.9301 842.3644
I/DH2Native( 7985): Prince blended inspection | frozen 0 | scene 0 | Step 0 | actor 0 | clip 1040 | ms 0 | body -22.2777 12.2093 | pose 5f96fe6e2b6d998d
I/DH2Native( 7985): worlds/crypt01.dwld: Crypt | 8 rooms | 11 monsters | 84 scenery objects
I/DH2Native( 7985): 20940 triangles. Drag the movement control to walk.
I/DH2Native( 7985): Original player status HUD connected to world
I/DH2Native( 7985): Surface resized to 2400 x 1080
I/DH2Native( 7985): Character external service pending | service 19 | state 3
I/DH2Native( 7985): Native actor frame | scene 1 | Step 1 | actor 1 | source phase 5 | clip 1040 | ms 0 | replays 0 | body -22.2777 12.2093 | contacts 0 0 | state 3 | body present 1 | timeline scale 1
I/DH2Native( 7985): Model frame submitted at 2400 x 1080
I/DH2Native( 7985): Original cache mounted | files 6833 | archive bytes 433189197 | external storage 0
I/DH2Native( 7985): Original cache verified | uri data/scripts/skills/prince_mage_staffmaster.luac | bytes 1429 | sha256 b61c7b5a0d7039d0384f0b84aef66a7f460721fd7736882a7b1a9607eca0f84b
I/DH2Native( 7985): Original cache verified | uri data/sounds/sfx_menu_select.wav | bytes 10784 | sha256 8afb7665dec542af18f914295adb0ea7ecfb498ba5973d573d755ae485e6799d
I/DH2Native( 7985): Original cache verified | uri data/3d/completelevels/dh2_testing/dh2_testing_floormap.bdae | bytes 4400 | sha256 a46d743c562e9ee082912971a04b028972f80f9e702338fadf49657ec64a82df
I/DH2Native( 7985): Original cache verified | uri data/pydata/loot_table_pyarray.bin | bytes 284104 | sha256 4dd85c8656d60c38a0c651e999fd18a1ed4d936f7cfdfcec52a1dfb4b568847f
I/DH2Native( 7985): Original cache verified | uri data/menus/loadanims_i9000.swf | bytes 1456 | sha256 1089ccb7f77e4da014d47326a9cbe0bb6150b1439ebb04693154d997d678d2a3
I/DH2Native( 7985): Original cache verified | uri .nomedia | bytes 0 | sha256 e3b0c44298fc1c149afbf4c8996fb92427ae41e4649b934ca495991b7852b855
I/DH2Native( 7985): Original UI export delivered | name menus/iPhone_Table_DH2.tga | uri data/3d/textures/iphone_table_dh2.tga | texture 256 256
I/DH2Native( 7985): Original UI export delivered | name menus/MenusGraphics_droid.tga | uri data/3d/textures/menusgraphics_droid.tga | texture 1024 1024
I/DH2Native( 7985): Original UI font resolved | name Fontin SmallCaps | uri data/Fontin SmallCaps.ttf | bytes 79836
W/DH2Native( 7985): Original SWF core diagnostic: can't find target com.gameloft.components.ui
W/DH2Native( 7985): Original SWF core diagnostic: can't find target com.gameloft.components.ui
W/DH2Native( 7985): Original SWF core diagnostic: error in call_function: 'NativeIsMultiplayerEnabled' is not a function
I/DH2Native( 7985): Original SWF core diagnostic: IS false
W/DH2Native( 7985): Original SWF core diagnostic: error in call_function: 'NativeLoadSettings' is not a function
I/DH2Native( 7985): Original UI export delivered | name map_top.tga | uri data/3d/textures/map_top.tga | texture 512 512
I/DH2Native( 7985): Original UI export delivered | name map_bottom.tga | uri data/3d/textures/map_bottom.tga | texture 1024 1024
I/DH2Native( 7985): Original UI font resolved | name Fontin SmallCaps | uri data/Fontin SmallCaps.ttf | bytes 79836
I/DH2Native( 7985): Original UI font resolved | name Arial | uri data/wqy-zenhei.ttf | bytes 10773492
I/DH2Native( 7985): Original UI font resolved | name Fontin SmallCaps | uri data/Fontin SmallCaps.ttf | bytes 79836
I/DH2Native( 7985): Original UI packed glyph decoded | code 80 | size 12 | mode 1 | width 5 | rows 8 | pitch 1 | grays 256
I/DH2Native( 7985): Original UI packed glyph decoded | code 76 | size 12 | mode 1 | width 5 | rows 8 | pitch 1 | grays 256
I/DH2Native( 7985): Original UI packed glyph decoded | code 65 | size 12 | mode 1 | width 7 | rows 8 | pitch 1 | grays 256
I/DH2Native( 7985): Original UI packed glyph decoded | code 89 | size 12 | mode 1 | width 5 | rows 8 | pitch 1 | grays 256
I/DH2Native( 7985): Original UI packed glyph decoded | code 73 | size 12 | mode 1 | width 3 | rows 8 | pitch 1 | grays 256
I/DH2Native( 7985): Original UI packed glyph decoded | code 83 | size 12 | mode 1 | width 5 | rows 8 | pitch 1 | grays 256
I/DH2Native( 7985): Original UI packed glyph decoded | code 84 | size 12 | mode 1 | width 7 | rows 8 | pitch 1 | grays 256
I/DH2Native( 7985): Original SWF core diagnostic: ControllerFlash
W/DH2Native( 7985): Original SWF core diagnostic: can't find target com.gameloft.components.ui
W/DH2Native( 7985): Original SWF core diagnostic: can't find target com.gameloft.components.ui
W/DH2Native( 7985): Original SWF core diagnostic: can't find target com.gameloft.dungeonhunter.menus.HUD
W/DH2Native( 7985): Original SWF core diagnostic: can't find target com.gameloft.components.ui
W/DH2Native( 7985): Original SWF core diagnostic: can't find target as.hud
W/DH2Native( 7985): Original SWF core diagnostic: can't find target com.gameloft.components.ui
W/DH2Native( 7985): Original SWF core diagnostic: can't find target as.hud
W/DH2Native( 7985): Original SWF core diagnostic: can't find target as.hud
W/DH2Native( 7985): Original SWF core diagnostic: can't find target as.hud
W/DH2Native( 7985): Original SWF core diagnostic: can't find target com.gameloft.dungeonhunter.menus.HUD
W/DH2Native( 7985): Original SWF core diagnostic: can't find target com.gameloft.input
W/DH2Native( 7985): Original SWF core diagnostic: can't find target com.gameloft.components.ui
I/DH2Native( 7985): Original SWF core diagnostic: _root.btn_PauseBlocker._visible is: false
I/DH2Native( 7985): Original SWF core diagnostic: _root.btn_TravelBlocker._visible is: false
I/DH2Native( 7985): Original UI string delivered | symbol GAMEPLAYMENUS_FASTTRAVEL | found 1 | text World Map
I/DH2Native( 7985): Original SWF core diagnostic: NUMBER IS: 5
I/DH2Native( 7985): Connected enemy HUD | world 0x79cd49c4fad0 | target 0x0 | visible 0 | name  | level  | HP frame 0 | retained original SWF
I/DH2Native( 7985): Connected player HUD submitted | viewport 2400 1080 | character 0x79cb36ec17d8 | HP 42265 42265 | MP 6976 6976 | XP 0 25600 | frames 99 99 0 99 99 | dirty 11 | retained movie 0x79cc49de6550 | original timeline and viewport
I/DH2Native( 7985): Original cache mounted | files 6833 | archive bytes 433189197 | external storage 0
I/DH2Native( 7985): Blended character event | event 0x28 | clip 1040 | slot 1 | phase 1 | lag 499
I/DH2Native( 7985): Blended character event | event 0x27 | clip 1040 | slot 1 | phase 4 | lag 0
I/DH2Native( 7985): Blended character event | event 0x25 | clip 1040 | slot 1 | phase 4 | lag 0
I/DH2Native( 7985): Blended character event | event 0x23 | clip 1040 | slot 1 | phase 4 | lag 0
I/DH2Native( 7985): Blended character event | event 0x24 | clip 1040 | slot 1 | phase 5 | lag 0
I/DH2Native( 7985): Blended character event | event 0x26 | clip 1040 | slot 1 | phase 5 | lag 0
I/DH2Native( 7985): Actor clip completed | _prim_tmp_cultist05 | state Idle | completions 1 | active 1 | next clip 1258 | layers 1
I/DH2Native( 7985): Actor clip completed | _prim_tmp_cultist06 | state Idle | completions 1 | active 1 | next clip 1258 | layers 1
I/DH2Native( 7985): Actor clip completed | _prim_Monster | state Idle | completions 1 | active 1 | next clip 1258 | layers 1
I/DH2Native( 7985): Actor clip completed | _prim_Monster02 | state Idle | completions 1 | active 1 | next clip 1258 | layers 1
I/DH2Native( 7985): Actor clip completed | _prim_Monster05 | state Idle | completions 1 | active 1 | next clip 1258 | layers 1
I/DH2Native( 7985): Blended character event | event 0x28 | clip 1040 | slot 0 | phase 1 | lag 31
V/DH2Native( 7985): Native transition profile | phase 7 | state 3 | event c354
V/DH2Native( 7985): Native transition profile | phase 8 | state 3 | event c354
I/DH2Native( 7985): Blended character event | event 0x24 | clip 1040 | slot 0 | phase 5 | lag 0
I/DH2Native( 7985): Blended character event | event 0x26 | clip 1040 | slot 0 | phase 5 | lag 0
I/DH2Native( 7985): Source attack animator | begin 1 | status 1 | phase 0 | index 0 | continued 0 | last 0 | finisher 0 | target 0000000000000000 | same AI/FSM/playback
I/DH2Native( 7985): Blended character event | event 0x24 | clip 1040 | slot 0 | phase 5 | lag 0
I/DH2Native( 7985): Blended character event | event 0x26 | clip 1040 | slot 0 | phase 5 | lag 0
I/DH2Native( 7985): Source attack animator | begin 1 | status 1 | phase 1 | index 0 | continued 0 | last 1 | finisher 0 | target 0000000000000000 | same AI/FSM/playback
I/DH2Native( 7985): Character animation selected | state 5 | flags 2341 | sequence 243 | clip 967 | actor state service
I/DH2Native( 7985): Character external service pending | service 16 | state 5
I/DH2Native( 7985): Character state event | state 5 | event 1d | prior 3 | flags 2341
I/DH2Native( 7985): Player source state | previous 3 | current 5 | event 0xc354 | flags 2341 | root 243 | clip 967 | position -2227.7700 1220.9301 842.3644 | Step 25
I/DH2Native( 7985): Original player attack command | request 0 | target 0 | last 0 | state 5 | root 243 | clip 967 | same World/Gear/Target/FSM
I/DH2Native( 7985): Player input | Attacking
D/ProfileInstaller( 7985): Installing profile for com.example.dh2
I/DH2Native( 7985): Actor clip completed | _prim_tmp_cultist05 | state Idle | completions 2 | active 1 | next clip 1258 | layers 1
I/DH2Native( 7985): Actor clip completed | _prim_tmp_cultist06 | state Idle | completions 2 | active 1 | next clip 1259 | layers 1
I/DH2Native( 7985): Actor clip completed | _prim_Monster | state Idle | completions 2 | active 1 | next clip 1258 | layers 1
I/DH2Native( 7985): Actor clip completed | _prim_Monster02 | state Idle | completions 2 | active 1 | next clip 1258 | layers 1
I/DH2Native( 7985): Actor clip completed | _prim_Monster05 | state Idle | completions 2 | active 1 | next clip 1258 | layers 1
I/DH2Native( 7985): Blended character event | event 0x27 | clip 967 | slot 1 | phase 4 | lag 0
I/DH2Native( 7985): Source attack animator | begin 0 | status 1 | phase 1 | index 0 | continued 0 | last 1 | finisher 0 | target 0000000000000000 | same AI/FSM/playback
I/DH2Native( 7985): Blended character event | event 0x23 | clip 967 | slot 1 | phase 4 | lag 0
I/DH2Native( 7985): Blended character event | event 0x26 | clip 967 | slot 1 | phase 5 | lag 0
I/DH2Native( 7985): Source attack animator | begin 1 | status 1 | phase 1 | index 0 | continued 0 | last 0 | finisher 0 | target 0000000000000000 | same AI/FSM/playback
I/DH2Native( 7985): Blended character event | event 0x28 | clip 955 | slot 0 | phase 1 | lag 4
I/DH2Native( 7985): Player animation event | clip 955 | name attack_mainhand | sequence 0 | attack step 0 | kind 1 | lag 4 | scene before Step | Step 34 | position -2227.7700 1220.9301 842.3644
I/DH2Native( 7985): Blended character event | event 0x27 | clip 955 | slot 0 | phase 4 | lag 0
I/DH2Native( 7985): Source attack animator | begin 0 | status 1 | phase 1 | index 0 | continued 0 | last 0 | finisher 0 | target 0000000000000000 | same AI/FSM/playback
I/DH2Native( 7985): Blended character event | event 0x25 | clip 955 | slot 0 | phase 4 | lag 0
I/DH2Native( 7985): Blended character event | event 0x27 | clip 955 | slot 0 | phase 4 | lag 0
I/DH2Native( 7985): Source attack animator | begin 0 | status 1 | phase 0 | index 0 | continued 0 | last 0 | finisher 0 | target 0000000000000000 | same AI/FSM/playback
I/DH2Native( 7985): Blended character event | event 0x22 | clip 955 | slot 0 | phase 3 | lag 0
I/DH2Native( 7985): Character sequence closed | state 5 | event 0x22 | clip 955 | Step 43 | post Step animator | position -2227.7700 1220.9301 842.3644
V/DH2Native( 7985): Native transition profile | phase 7 | state 5 | event 22
V/DH2Native( 7985): Native transition profile | phase 8 | state 5 | event 22
I/DH2Native( 7985): Character animation selected | state 3 | flags 2380 | sequence 262 | clip 955 | actor state service
I/DH2Native( 7985): Character state event | state 3 | event 1d | prior 5 | flags 2380
I/DH2Native( 7985): Player source state | previous 5 | current 3 | event 0x22 | flags 2380 | root 262 | clip 955 | position -2227.7700 1220.9301 842.3644 | Step 43
I/DH2Native( 7985): Blended character event | event 0x24 | clip 955 | slot 0 | phase 5 | lag 0
I/DH2Native( 7985): Blended character event | event 0x26 | clip 955 | slot 0 | phase 5 | lag 0
V/DH2Native( 7985): Native transition profile | phase 7 | state 3 | event c351
V/DH2Native( 7985): Native transition profile | phase 8 | state 3 | event c351
I/DH2Native( 7985): Blended character event | event 0x24 | clip 1040 | slot 1 | phase 5 | lag 0
I/DH2Native( 7985): Blended character event | event 0x26 | clip 1040 | slot 1 | phase 5 | lag 0
I/DH2Native( 7985): Character animation selected | state 4 | flags 23c1 | sequence 271 | clip 1114 | actor state service
I/DH2Native( 7985): Locomotion clip: Run | original selected clip 1114 | timeline speed 1.29999995 | authored restart
I/DH2Native( 7985): Character state event | state 4 | event 1d | prior 3 | flags 23c1
I/DH2Native( 7985): Player source state | previous 3 | current 4 | event 0xc351 | flags 23c1 | root 271 | clip 1114 | position -2227.7700 1220.9301 842.3644 | Step 59
I/DH2Native( 7985): Blended character event | event 0x28 | clip 1040 | slot 1 | phase 1 | lag 28
I/DH2Native( 7985): Player position -2223.9382 1099.0426 842.3644 | moved 5 | blocked 2
I/DH2Native( 7985): Player facing | angle 0 | native updates 7
I/DH2Native( 7985): Blended character event | event 0x28 | clip 1114 | slot 0 | phase 1 | lag 36
I/DH2Native( 7985): Original player animation event delivered | name step_left | lag 36 | Lua status 0 | same Script/World/Scene/PFFloor
I/DH2Native( 7985): Character state event | state 4 | event 3f | prior 0 | flags 23c1
V/DH2Native( 7985): Native transition profile | phase 7 | state 4 | event 3f
V/DH2Native( 7985): Native transition profile | phase 8 | state 4 | event 3f
I/DH2Native( 7985): Blended character event | event 0x24 | clip 1114 | slot 0 | phase 5 | lag 0
I/DH2Native( 7985): Blended character event | event 0x26 | clip 1114 | slot 0 | phase 5 | lag 0
I/DH2Native( 7985): Character animation selected | state 3 | flags 2380 | sequence 262 | clip 1040 | actor state service
I/DH2Native( 7985): Character state event | state 3 | event 1d | prior 4 | flags 2380
I/DH2Native( 7985): Player source state | previous 4 | current 3 | event 0x3f | flags 2380 | root 262 | clip 1040 | position -2223.9382 1099.0426 842.3644 | Step 66
I/DH2Native( 7985): Actor clip completed | _prim_tmp_cultist05 | state Idle | completions 3 | active 1 | next clip 1258 | layers 1
I/DH2Native( 7985): Actor clip completed | _prim_tmp_cultist06 | state Idle | completions 3 | active 1 | next clip 1259 | layers 1
I/DH2Native( 7985): Actor clip completed | _prim_Monster | state Idle | completions 3 | active 1 | next clip 1258 | layers 1
I/DH2Native( 7985): Actor clip completed | _prim_Monster02 | state Idle | completions 3 | active 1 | next clip 1258 | layers 1
I/DH2Native( 7985): Actor clip completed | _prim_Monster05 | state Idle | completions 3 | active 1 | next clip 1258 | layers 1
I/DH2Native( 7985): Blended character event | event 0x28 | clip 1040 | slot 1 | phase 1 | lag 30
I/DH2Native( 7985): Player position -2223.9382 1099.0426 842.3644 | moved 5 | blocked 2
I/DH2Native( 7985): Player facing | angle 0 | native updates 7
I/DH2Native( 7985): Player position -2223.9382 1099.0426 842.3644 | moved 5 | blocked 2
I/DH2Native( 7985): Player facing | angle 0 | native updates 7
I/DH2Native( 7985): Actor clip completed | _prim_Monster_Ghost05 | state Idle | completions 1 | active 1 | next clip 706 | layers 1
I/DH2Native( 7985): Actor clip completed | _prim_Monster_Ghost06 | state Idle | completions 1 | active 1 | next clip 706 | layers 1
I/DH2Native( 7985): Blended character event | event 0x27 | clip 1040 | slot 1 | phase 4 | lag 0
I/DH2Native( 7985): Blended character event | event 0x25 | clip 1040 | slot 1 | phase 4 | lag 0
I/DH2Native( 7985): Blended character event | event 0x23 | clip 1040 | slot 1 | phase 4 | lag 0
I/DH2Native( 7985): Blended character event | event 0x24 | clip 1040 | slot 1 | phase 5 | lag 0
I/DH2Native( 7985): Blended character event | event 0x26 | clip 1040 | slot 1 | phase 5 | lag 0
V/DH2Native( 7985): Native transition profile | phase 7 | state 3 | event c351
V/DH2Native( 7985): Native transition profile | phase 8 | state 3 | event c351
I/DH2Native( 7985): Blended character event | event 0x24 | clip 1041 | slot 0 | phase 5 | lag 0
I/DH2Native( 7985): Blended character event | event 0x26 | clip 1041 | slot 0 | phase 5 | lag 0
I/DH2Native( 7985): Character animation selected | state 4 | flags 23c1 | sequence 271 | clip 1114 | actor state service
I/DH2Native( 7985): Locomotion clip: Run | original selected clip 1114 | timeline speed 1.29999995 | authored restart
I/DH2Native( 7985): Character state event | state 4 | event 1d | prior 3 | flags 23c1
I/DH2Native( 7985): Player source state | previous 3 | current 4 | event 0xc351 | flags 23c1 | root 271 | clip 1114 | position -2223.9382 1099.0426 842.3644 | Step 106
I/DH2Native( 7985): Blended character event | event 0x28 | clip 1114 | slot 1 | phase 1 | lag 33
I/DH2Native( 7985): Original player animation event delivered | name step_left | lag 33 | Lua status 0 | same Script/World/Scene/PFFloor
I/DH2Native( 7985): Native actor frame | scene 5354 | Step 120 | actor 120 | source phase 5 | clip 1114 | ms 540 | replays 8 | body -22.1879 7.45294 | contacts 0 0 | state 4 | body present 1 | timeline scale 1.29999995
I/DH2Native( 7985): Actor clip completed | _prim_tmp_cultist05 | state Idle | completions 4 | active 1 | next clip 1258 | layers 1
I/DH2Native( 7985): Actor clip completed | _prim_tmp_cultist06 | state Idle | completions 4 | active 1 | next clip 1258 | layers 1
I/DH2Native( 7985): Actor clip completed | _prim_Monster | state Idle | completions 4 | active 1 | next clip 1258 | layers 1
I/DH2Native( 7985): Actor clip completed | _prim_Monster02 | state Idle | completions 4 | active 1 | next clip 1258 | layers 1
I/DH2Native( 7985): Actor clip completed | _prim_Monster05 | state Idle | completions 4 | active 1 | next clip 1259 | layers 1
I/DH2Native( 7985): Blended character event | event 0x28 | clip 1114 | slot 1 | phase 1 | lag 26
I/DH2Native( 7985): Original player animation event delivered | name step_right | lag 26 | Lua status 0 | same Script/World/Scene/PFFloor
I/DH2Native( 7985): Player position -2221.5681 657.3981 702.6853 | moved 21 | blocked 4
I/DH2Native( 7985): Player facing | angle 0 | native updates 25
I/DH2Native( 7985): Character state event | state 4 | event 3f | prior 0 | flags 23c1
V/DH2Native( 7985): Native transition profile | phase 7 | state 4 | event 3f
V/DH2Native( 7985): Native transition profile | phase 8 | state 4 | event 3f
I/DH2Native( 7985): Blended character event | event 0x24 | clip 1114 | slot 1 | phase 5 | lag 0
I/DH2Native( 7985): Blended character event | event 0x26 | clip 1114 | slot 1 | phase 5 | lag 0
I/DH2Native( 7985): Character animation selected | state 3 | flags 2380 | sequence 262 | clip 1040 | actor state service
I/DH2Native( 7985): Character state event | state 3 | event 1d | prior 4 | flags 2380
I/DH2Native( 7985): Player source state | previous 4 | current 3 | event 0x3f | flags 2380 | root 262 | clip 1040 | position -2221.5681 657.3981 702.6853 | Step 124
I/DH2Native( 7985): Player position -2221.5681 657.3981 702.6853 | moved 21 | blocked 4
I/DH2Native( 7985): Player facing | angle 0 | native updates 25
I/DH2Native( 7985): Blended character event | event 0x28 | clip 1040 | slot 0 | phase 1 | lag 22
I/DH2Native( 7985): Actor clip completed | _prim_tmp_cultist03 | state Idle | completions 1 | active 1 | next clip 1195 | layers 1
I/DH2Native( 7985): Actor clip completed | _prim_tmp_cultist08 | state Idle | completions 1 | active 1 | next clip 1195 | layers 1
I/DH2Native( 7985): Player position -2221.5681 657.3981 702.6853 | moved 21 | blocked 4
I/DH2Native( 7985): Player facing | angle 0 | native updates 25
I/DH2Native( 7985): Blended character event | event 0x27 | clip 1040 | slot 0 | phase 4 | lag 0
I/DH2Native( 7985): Blended character event | event 0x25 | clip 1040 | slot 0 | phase 4 | lag 0
I/DH2Native( 7985): Blended character event | event 0x23 | clip 1040 | slot 0 | phase 4 | lag 0
I/DH2Native( 7985): Blended character event | event 0x24 | clip 1040 | slot 0 | phase 5 | lag 0
I/DH2Native( 7985): Blended character event | event 0x26 | clip 1040 | slot 0 | phase 5 | lag 0
V/DH2Native( 7985): Native transition profile | phase 7 | state 3 | event c351
V/DH2Native( 7985): Native transition profile | phase 8 | state 3 | event c351
I/DH2Native( 7985): Blended character event | event 0x24 | clip 1040 | slot 1 | phase 5 | lag 0
I/DH2Native( 7985): Blended character event | event 0x26 | clip 1040 | slot 1 | phase 5 | lag 0
I/DH2Native( 7985): Character animation selected | state 4 | flags 23c1 | sequence 271 | clip 1114 | actor state service
I/DH2Native( 7985): Locomotion clip: Run | original selected clip 1114 | timeline speed 1.29999995 | authored restart
I/DH2Native( 7985): Character state event | state 4 | event 1d | prior 3 | flags 23c1
I/DH2Native( 7985): Player source state | previous 3 | current 4 | event 0xc351 | flags 23c1 | root 271 | clip 1114 | position -2221.5681 657.3981 702.6853 | Step 164
I/DH2Native( 7985): Actor clip completed | _prim_tmp_cultist05 | state Idle | completions 5 | active 1 | next clip 1258 | layers 1
I/DH2Native( 7985): Actor clip completed | _prim_tmp_cultist06 | state Idle | completions 5 | active 1 | next clip 1258 | layers 1
I/DH2Native( 7985): Actor clip completed | _prim_Monster | state Idle | completions 5 | active 1 | next clip 1258 | layers 1
I/DH2Native( 7985): Actor clip completed | _prim_Monster02 | state Idle | completions 5 | active 1 | next clip 1258 | layers 1
I/DH2Native( 7985): Actor clip completed | _prim_Monster05 | state Idle | completions 5 | active 1 | next clip 1259 | layers 1
I/DH2Native( 7985): Blended character event | event 0x28 | clip 1114 | slot 0 | phase 1 | lag 34
I/DH2Native( 7985): Original player animation event delivered | name step_left | lag 34 | Lua status 0 | same Script/World/Scene/PFFloor
I/DH2Native( 7985): Blended character event | event 0x28 | clip 1114 | slot 0 | phase 1 | lag 18
I/DH2Native( 7985): Original player animation event delivered | name step_right | lag 18 | Lua status 0 | same Script/World/Scene/PFFloor
I/DH2Native( 7985): Player position -2220.5923 174.4829 458.8672 | moved 40 | blocked 6
I/DH2Native( 7985): Player facing | angle 0 | native updates 46
I/DH2Native( 7985): Character state event | state 4 | event 3f | prior 0 | flags 23c1
V/DH2Native( 7985): Native transition profile | phase 7 | state 4 | event 3f
V/DH2Native( 7985): Native transition profile | phase 8 | state 4 | event 3f
I/DH2Native( 7985): Blended character event | event 0x24 | clip 1114 | slot 0 | phase 5 | lag 0
I/DH2Native( 7985): Blended character event | event 0x26 | clip 1114 | slot 0 | phase 5 | lag 0
I/DH2Native( 7985): Character animation selected | state 3 | flags 2380 | sequence 262 | clip 1040 | actor state service
I/DH2Native( 7985): Character state event | state 3 | event 1d | prior 4 | flags 2380
I/DH2Native( 7985): Player source state | previous 4 | current 3 | event 0x3f | flags 2380 | root 262 | clip 1040 | position -2220.5923 174.4829 458.8672 | Step 185
I/DH2Native( 7985): Player position -2220.5923 174.4829 458.8672 | moved 40 | blocked 6
I/DH2Native( 7985): Player facing | angle 0 | native updates 46
I/DH2Native( 7985): Blended character event | event 0x28 | clip 1040 | slot 1 | phase 1 | lag 20
I/DH2Native( 7985): Player position -2220.5923 174.4829 458.8672 | moved 40 | blocked 6
I/DH2Native( 7985): Player facing | angle 0 | native updates 46
I/DH2Native( 7985): Actor clip completed | _prim_tmp_cultist05 | state Idle | completions 6 | active 1 | next clip 1258 | layers 1
I/DH2Native( 7985): Actor clip completed | _prim_tmp_cultist06 | state Idle | completions 6 | active 1 | next clip 1258 | layers 1
I/DH2Native( 7985): Actor clip completed | _prim_Monster | state Idle | completions 6 | active 1 | next clip 1258 | layers 1
I/DH2Native( 7985): Actor clip completed | _prim_Monster02 | state Idle | completions 6 | active 1 | next clip 1258 | layers 1
I/DH2Native( 7985): Actor clip completed | _prim_Monster05 | state Idle | completions 6 | active 1 | next clip 1258 | layers 1
V/DH2Native( 7985): Native transition profile | phase 7 | state 3 | event c351
V/DH2Native( 7985): Native transition profile | phase 8 | state 3 | event c351
I/DH2Native( 7985): Blended character event | event 0x24 | clip 1040 | slot 1 | phase 5 | lag 0
I/DH2Native( 7985): Blended character event | event 0x26 | clip 1040 | slot 1 | phase 5 | lag 0
I/DH2Native( 7985): Character animation selected | state 4 | flags 23c1 | sequence 271 | clip 1114 | actor state service
I/DH2Native( 7985): Locomotion clip: Run | original selected clip 1114 | timeline speed 1.29999995 | authored restart
I/DH2Native( 7985): Character state event | state 4 | event 1d | prior 3 | flags 23c1
I/DH2Native( 7985): Player source state | previous 3 | current 4 | event 0xc351 | flags 23c1 | root 271 | clip 1114 | position -2220.5923 174.4829 458.8672 | Step 222
I/DH2Native( 7985): Blended character event | event 0x28 | clip 1114 | slot 0 | phase 1 | lag 25
I/DH2Native( 7985): Original player animation event delivered | name step_left | lag 25 | Lua status 0 | same Script/World/Scene/PFFloor
I/DH2Native( 7985): Blended character event | event 0x28 | clip 1114 | slot 0 | phase 1 | lag 39
I/DH2Native( 7985): Original player animation event delivered | name step_right | lag 39 | Lua status 0 | same Script/World/Scene/PFFloor
I/DH2Native( 7985): Native actor frame | scene 8806 | Step 240 | actor 240 | source phase 5 | clip 1114 | ms 639 | replays 13 | body -22.177 -2.41512 | contacts 0 0 | state 4 | body present 1 | timeline scale 1.29999995
I/DH2Native( 7985): Player position -2219.5557 -299.4855 219.5664 | moved 59 | blocked 8
I/DH2Native( 7985): Player facing | angle 0 | native updates 67
I/DH2Native( 7985): Character state event | state 4 | event 3f | prior 0 | flags 23c1
V/DH2Native( 7985): Native transition profile | phase 7 | state 4 | event 3f
V/DH2Native( 7985): Native transition profile | phase 8 | state 4 | event 3f
I/DH2Native( 7985): Blended character event | event 0x24 | clip 1114 | slot 0 | phase 5 | lag 0
I/DH2Native( 7985): Blended character event | event 0x26 | clip 1114 | slot 0 | phase 5 | lag 0
I/DH2Native( 7985): Character animation selected | state 3 | flags 2380 | sequence 262 | clip 1040 | actor state service
I/DH2Native( 7985): Character state event | state 3 | event 1d | prior 4 | flags 2380
I/DH2Native( 7985): Player source state | previous 4 | current 3 | event 0x3f | flags 2380 | root 262 | clip 1040 | position -2219.5557 -299.4855 219.5664 | Step 243
I/DH2Native( 7985): Actor clip completed | _prim_Monster_Ghost05 | state Idle | completions 2 | active 1 | next clip 706 | layers 1
I/DH2Native( 7985): Actor clip completed | _prim_Monster_Ghost06 | state Idle | completions 2 | active 1 | next clip 706 | layers 1
I/DH2Native( 7985): Actor clip completed | _prim_tmp_cultist01 | state Idle | completions 1 | active 1 | next clip 1194 | layers 1
I/DH2Native( 7985): Actor clip completed | _prim_tmp_cultist07 | state Idle | completions 1 | active 1 | next clip 1194 | layers 1
I/DH2Native( 7985): Actor clip completed | _prim_tmp_cultist05 | state Idle | completions 7 | active 1 | next clip 1258 | layers 1
I/DH2Native( 7985): Actor clip completed | _prim_tmp_cultist06 | state Idle | completions 7 | active 1 | next clip 1258 | layers 1
I/DH2Native( 7985): Actor clip completed | _prim_Monster | state Idle | completions 7 | active 1 | next clip 1258 | layers 1
I/DH2Native( 7985): Actor clip completed | _prim_Monster02 | state Idle | completions 7 | active 1 | next clip 1258 | layers 1
I/DH2Native( 7985): Actor clip completed | _prim_Monster05 | state Idle | completions 7 | active 1 | next clip 1259 | layers 1
I/DH2Native( 7985): Player position -2219.5557 -299.4855 219.5664 | moved 59 | blocked 8
I/DH2Native( 7985): Player facing | angle 0 | native updates 67
I/DH2Native( 7985): Blended character event | event 0x28 | clip 1040 | slot 1 | phase 1 | lag 27
I/DH2Native( 7985): Player position -2219.5557 -299.4855 219.5664 | moved 59 | blocked 8
I/DH2Native( 7985): Player facing | angle 0 | native updates 67
I/DH2Native( 7985): Blended character event | event 0x27 | clip 1040 | slot 1 | phase 4 | lag 0
I/DH2Native( 7985): Blended character event | event 0x25 | clip 1040 | slot 1 | phase 4 | lag 0
I/DH2Native( 7985): Blended character event | event 0x23 | clip 1040 | slot 1 | phase 4 | lag 0
I/DH2Native( 7985): Blended character event | event 0x24 | clip 1040 | slot 1 | phase 5 | lag 0
I/DH2Native( 7985): Blended character event | event 0x26 | clip 1040 | slot 1 | phase 5 | lag 0
V/DH2Native( 7985): Native transition profile | phase 7 | state 3 | event c351
V/DH2Native( 7985): Native transition profile | phase 8 | state 3 | event c351
I/DH2Native( 7985): Blended character event | event 0x24 | clip 1040 | slot 0 | phase 5 | lag 0
I/DH2Native( 7985): Blended character event | event 0x26 | clip 1040 | slot 0 | phase 5 | lag 0
I/DH2Native( 7985): Character animation selected | state 4 | flags 23c1 | sequence 271 | clip 1114 | actor state service
I/DH2Native( 7985): Locomotion clip: Run | original selected clip 1114 | timeline speed 1.29999995 | authored restart
I/DH2Native( 7985): Character state event | state 4 | event 1d | prior 3 | flags 23c1
I/DH2Native( 7985): Player source state | previous 3 | current 4 | event 0xc351 | flags 23c1 | root 271 | clip 1114 | position -2219.5557 -299.4855 219.5664 | Step 284
I/DH2Native( 7985): Blended character event | event 0x28 | clip 1114 | slot 1 | phase 1 | lag 30
I/DH2Native( 7985): Original player animation event delivered | name step_left | lag 30 | Lua status 0 | same Script/World/Scene/PFFloor
I/DH2Native( 7985): Blended character event | event 0x28 | clip 1114 | slot 1 | phase 1 | lag 79
I/DH2Native( 7985): Original player animation event delivered | name step_right | lag 79 | Lua status 0 | same Script/World/Scene/PFFloor
I/DH2Native( 7985): Player position -2217.3577 -747.8887 41.7078 | moved 76 | blocked 10
I/DH2Native( 7985): Player facing | angle 0 | native updates 86
I/DH2Native( 7985): Character state event | state 4 | event 3f | prior 0 | flags 23c1
V/DH2Native( 7985): Native transition profile | phase 7 | state 4 | event 3f
V/DH2Native( 7985): Native transition profile | phase 8 | state 4 | event 3f
I/DH2Native( 7985): Blended character event | event 0x24 | clip 1114 | slot 1 | phase 5 | lag 0
I/DH2Native( 7985): Blended character event | event 0x26 | clip 1114 | slot 1 | phase 5 | lag 0
I/DH2Native( 7985): Character animation selected | state 3 | flags 2380 | sequence 262 | clip 1040 | actor state service
I/DH2Native( 7985): Character state event | state 3 | event 1d | prior 4 | flags 2380
I/DH2Native( 7985): Player source state | previous 4 | current 3 | event 0x3f | flags 2380 | root 262 | clip 1040 | position -2217.3577 -747.8887 41.7078 | Step 303
I/DH2Native( 7985): Actor clip completed | _prim_tmp_cultist05 | state Idle | completions 8 | active 1 | next clip 1259 | layers 1
I/DH2Native( 7985): Actor clip completed | _prim_tmp_cultist06 | state Idle | completions 8 | active 1 | next clip 1259 | layers 1
I/DH2Native( 7985): Actor clip completed | _prim_Monster | state Idle | completions 8 | active 1 | next clip 1258 | layers 1
I/DH2Native( 7985): Actor clip completed | _prim_Monster02 | state Idle | completions 8 | active 1 | next clip 1259 | layers 1
I/DH2Native( 7985): Actor clip completed | _prim_Monster05 | state Idle | completions 8 | active 1 | next clip 1259 | layers 1
I/DH2Native( 7985): Blended character event | event 0x28 | clip 1040 | slot 0 | phase 1 | lag 2
I/DH2Native( 7985): Player position -2217.3577 -747.8887 41.7078 | moved 76 | blocked 10
I/DH2Native( 7985): Player facing | angle 0 | native updates 86
I/DH2Native( 7985): Player position -2217.3577 -747.8887 41.7078 | moved 76 | blocked 10
I/DH2Native( 7985): Player facing | angle 0 | native updates 86
I/DH2Native( 7985): Blended character event | event 0x27 | clip 1040 | slot 0 | phase 4 | lag 0
I/DH2Native( 7985): Blended character event | event 0x25 | clip 1040 | slot 0 | phase 4 | lag 0
I/DH2Native( 7985): Blended character event | event 0x23 | clip 1040 | slot 0 | phase 4 | lag 0
I/DH2Native( 7985): Blended character event | event 0x24 | clip 1040 | slot 0 | phase 5 | lag 0
I/DH2Native( 7985): Blended character event | event 0x26 | clip 1040 | slot 0 | phase 5 | lag 0
V/DH2Native( 7985): Native transition profile | phase 7 | state 3 | event c351
V/DH2Native( 7985): Native transition profile | phase 8 | state 3 | event c351
I/DH2Native( 7985): Blended character event | event 0x24 | clip 1040 | slot 1 | phase 5 | lag 0
I/DH2Native( 7985): Blended character event | event 0x26 | clip 1040 | slot 1 | phase 5 | lag 0
I/DH2Native( 7985): Character animation selected | state 4 | flags 23c1 | sequence 271 | clip 1114 | actor state service
I/DH2Native( 7985): Locomotion clip: Run | original selected clip 1114 | timeline speed 1.29999995 | authored restart
I/DH2Native( 7985): Character state event | state 4 | event 1d | prior 3 | flags 23c1
I/DH2Native( 7985): Player source state | previous 3 | current 4 | event 0xc351 | flags 23c1 | root 271 | clip 1114 | position -2217.3577 -747.8887 41.7078 | Step 340
I/DH2Native( 7985): Player position -2213.4741 -871.4195 41.7079 | moved 80 | blocked 12
I/DH2Native( 7985): Player facing | angle 0 | native updates 92
I/DH2Native( 7985): Blended character event | event 0x28 | clip 1114 | slot 0 | phase 1 | lag 49
I/DH2Native( 7985): Original player animation event delivered | name step_left | lag 49 | Lua status 0 | same Script/World/Scene/PFFloor
I/DH2Native( 7985): Character state event | state 4 | event 3f | prior 0 | flags 23c1
V/DH2Native( 7985): Native transition profile | phase 7 | state 4 | event 3f
V/DH2Native( 7985): Native transition profile | phase 8 | state 4 | event 3f
I/DH2Native( 7985): Blended character event | event 0x24 | clip 1114 | slot 0 | phase 5 | lag 0
I/DH2Native( 7985): Blended character event | event 0x26 | clip 1114 | slot 0 | phase 5 | lag 0
I/DH2Native( 7985): Character animation selected | state 3 | flags 2380 | sequence 262 | clip 1040 | actor state service
I/DH2Native( 7985): Character state event | state 3 | event 1d | prior 4 | flags 2380
I/DH2Native( 7985): Player source state | previous 4 | current 3 | event 0x3f | flags 2380 | root 262 | clip 1040 | position -2213.4741 -871.4195 41.7079 | Step 346
I/DH2Native( 7985): Actor clip completed | _prim_tmp_cultist05 | state Idle | completions 9 | active 1 | next clip 1258 | layers 1
I/DH2Native( 7985): Actor clip completed | _prim_tmp_cultist06 | state Idle | completions 9 | active 1 | next clip 1258 | layers 1
I/DH2Native( 7985): Actor clip completed | _prim_Monster | state Idle | completions 9 | active 1 | next clip 1258 | layers 1
I/DH2Native( 7985): Actor clip completed | _prim_Monster02 | state Idle | completions 9 | active 1 | next clip 1258 | layers 1
I/DH2Native( 7985): Actor clip completed | _prim_Monster05 | state Idle | completions 9 | active 1 | next clip 1258 | layers 1
I/DH2Native( 7985): Actor clip completed | _prim_tmp_cultist03 | state Idle | completions 2 | active 1 | next clip 1195 | layers 1
I/DH2Native( 7985): Actor clip completed | _prim_tmp_cultist08 | state Idle | completions 2 | active 1 | next clip 1195 | layers 1
I/DH2Native( 7985): Native actor frame | scene 12413 | Step 360 | actor 360 | source phase 5 | clip 1040 | ms 428 | replays 20 | body -22.1347 -8.71419 | contacts 0 0 | state 3 | body present 1 | timeline scale 1
I/DH2Native( 7985): Blended character event | event 0x28 | clip 1040 | slot 1 | phase 1 | lag 17
I/DH2Native( 7985): Player position -2213.4741 -871.4195 41.7079 | moved 80 | blocked 12
I/DH2Native( 7985): Player facing | angle 0 | native updates 92
I/DH2Native( 7985): Player position -2213.4741 -871.4195 41.7079 | moved 80 | blocked 12
I/DH2Native( 7985): Player facing | angle 0 | native updates 92
I/DH2Native( 7985): Blended character event | event 0x27 | clip 1040 | slot 1 | phase 4 | lag 0
I/DH2Native( 7985): Blended character event | event 0x25 | clip 1040 | slot 1 | phase 4 | lag 0
I/DH2Native( 7985): Blended character event | event 0x23 | clip 1040 | slot 1 | phase 4 | lag 0
I/DH2Native( 7985): Blended character event | event 0x24 | clip 1040 | slot 1 | phase 5 | lag 0
I/DH2Native( 7985): Blended character event | event 0x26 | clip 1040 | slot 1 | phase 5 | lag 0
V/DH2Native( 7985): Native transition profile | phase 7 | state 3 | event c351
V/DH2Native( 7985): Native transition profile | phase 8 | state 3 | event c351
I/DH2Native( 7985): Blended character event | event 0x24 | clip 1040 | slot 0 | phase 5 | lag 0
I/DH2Native( 7985): Blended character event | event 0x26 | clip 1040 | slot 0 | phase 5 | lag 0
I/DH2Native( 7985): Character animation selected | state 4 | flags 23c1 | sequence 280 | clip 1126 | actor state service
I/DH2Native( 7985): Locomotion clip: Walk | original selected clip 1126 | timeline speed 1.29999995 | authored restart
I/DH2Native( 7985): Character state event | state 4 | event 1d | prior 3 | flags 23c1
I/DH2Native( 7985): Player source state | previous 3 | current 4 | event 0xc351 | flags 23c1 | root 280 | clip 1126 | position -2213.4741 -871.4195 41.7079 | Step 385
I/DH2Native( 7985): Player position -2213.4741 -909.3013 41.7079 | moved 85 | blocked 14
I/DH2Native( 7985): Player facing | angle 0 | native updates 99
I/DH2Native( 7985): Character state event | state 4 | event 3f | prior 0 | flags 23c1
V/DH2Native( 7985): Native transition profile | phase 7 | state 4 | event 3f
V/DH2Native( 7985): Native transition profile | phase 8 | state 4 | event 3f
I/DH2Native( 7985): Blended character event | event 0x24 | clip 1126 | slot 1 | phase 5 | lag 0
I/DH2Native( 7985): Blended character event | event 0x26 | clip 1126 | slot 1 | phase 5 | lag 0
I/DH2Native( 7985): Character animation selected | state 3 | flags 2380 | sequence 262 | clip 1040 | actor state service
I/DH2Native( 7985): Character state event | state 3 | event 1d | prior 4 | flags 2380
I/DH2Native( 7985): Player source state | previous 4 | current 3 | event 0x3f | flags 2380 | root 262 | clip 1040 | position -2213.4741 -909.3013 41.7079 | Step 392
I/DH2Native( 7985): Actor clip completed | _prim_tmp_cultist05 | state Idle | completions 10 | active 1 | next clip 1258 | layers 1
I/DH2Native( 7985): Actor clip completed | _prim_tmp_cultist06 | state Idle | completions 10 | active 1 | next clip 1259 | layers 1
I/DH2Native( 7985): Actor clip completed | _prim_Monster | state Idle | completions 10 | active 1 | next clip 1258 | layers 1
I/DH2Native( 7985): Actor clip completed | _prim_Monster02 | state Idle | completions 10 | active 1 | next clip 1258 | layers 1
I/DH2Native( 7985): Actor clip completed | _prim_Monster05 | state Idle | completions 10 | active 1 | next clip 1259 | layers 1
I/DH2Native( 7985): Blended character event | event 0x28 | clip 1040 | slot 0 | phase 1 | lag 4
I/DH2Native( 7985): Actor clip completed | _prim_Monster_Ghost05 | state Idle | completions 3 | active 1 | next clip 706 | layers 1
I/DH2Native( 7985): Actor clip completed | _prim_Monster_Ghost06 | state Idle | completions 3 | active 1 | next clip 706 | layers 1
I/DH2Native( 7985): Player position -2213.4741 -909.3013 41.7079 | moved 85 | blocked 14
I/DH2Native( 7985): Player facing | angle 0 | native updates 99
I/DH2Native( 7985): Player position -2213.4741 -909.3013 41.7079 | moved 85 | blocked 14
I/DH2Native( 7985): Player facing | angle 0 | native updates 99
I/DH2Native( 7985): Blended character event | event 0x27 | clip 1040 | slot 0 | phase 4 | lag 0
I/DH2Native( 7985): Blended character event | event 0x25 | clip 1040 | slot 0 | phase 4 | lag 0
I/DH2Native( 7985): Blended character event | event 0x23 | clip 1040 | slot 0 | phase 4 | lag 0
I/DH2Native( 7985): Blended character event | event 0x24 | clip 1040 | slot 0 | phase 5 | lag 0
I/DH2Native( 7985): Blended character event | event 0x26 | clip 1040 | slot 0 | phase 5 | lag 0
V/DH2Native( 7985): Native transition profile | phase 7 | state 3 | event c351
V/DH2Native( 7985): Native transition profile | phase 8 | state 3 | event c351
I/DH2Native( 7985): Blended character event | event 0x24 | clip 1041 | slot 1 | phase 5 | lag 0
I/DH2Native( 7985): Blended character event | event 0x26 | clip 1041 | slot 1 | phase 5 | lag 0
I/DH2Native( 7985): Character animation selected | state 4 | flags 23c1 | sequence 280 | clip 1126 | actor state service
I/DH2Native( 7985): Locomotion clip: Walk | original selected clip 1126 | timeline speed 1.29999995 | authored restart
I/DH2Native( 7985): Character state event | state 4 | event 1d | prior 3 | flags 23c1
I/DH2Native( 7985): Player source state | previous 3 | current 4 | event 0xc351 | flags 23c1 | root 280 | clip 1126 | position -2213.4741 -909.3013 41.7079 | Step 429
I/DH2Native( 7985): Actor clip completed | _prim_tmp_cultist05 | state Idle | completions 11 | active 1 | next clip 1258 | layers 1
I/DH2Native( 7985): Actor clip completed | _prim_tmp_cultist06 | state Idle | completions 11 | active 1 | next clip 1258 | layers 1
I/DH2Native( 7985): Actor clip completed | _prim_Monster | state Idle | completions 11 | active 1 | next clip 1258 | layers 1
I/DH2Native( 7985): Actor clip completed | _prim_Monster02 | state Idle | completions 11 | active 1 | next clip 1258 | layers 1
I/DH2Native( 7985): Actor clip completed | _prim_Monster05 | state Idle | completions 11 | active 1 | next clip 1258 | layers 1
I/DH2Native( 7985): Player position -2213.4741 -976.1820 41.7081 | moved 94 | blocked 16
I/DH2Native( 7985): Player facing | angle 0 | native updates 110
I/DH2Native( 7985): Character state event | state 4 | event 3f | prior 0 | flags 23c1
V/DH2Native( 7985): Native transition profile | phase 7 | state 4 | event 3f
V/DH2Native( 7985): Native transition profile | phase 8 | state 4 | event 3f
I/DH2Native( 7985): Blended character event | event 0x24 | clip 1126 | slot 0 | phase 5 | lag 0
I/DH2Native( 7985): Blended character event | event 0x26 | clip 1126 | slot 0 | phase 5 | lag 0
I/DH2Native( 7985): Character animation selected | state 3 | flags 2380 | sequence 262 | clip 1040 | actor state service
I/DH2Native( 7985): Character state event | state 3 | event 1d | prior 4 | flags 2380
I/DH2Native( 7985): Player source state | previous 4 | current 3 | event 0x3f | flags 2380 | root 262 | clip 1040 | position -2213.4741 -976.1820 41.7081 | Step 440
I/DH2Native( 7985): Player position -2213.4741 -976.1820 41.7081 | moved 94 | blocked 16
I/DH2Native( 7985): Player facing | angle 0 | native updates 110
I/DH2Native( 7985): Blended character event | event 0x28 | clip 1040 | slot 1 | phase 1 | lag 9
I/DH2Native( 7985): Player position -2213.4741 -976.1820 41.7081 | moved 94 | blocked 16
I/DH2Native( 7985): Player facing | angle 0 | native updates 110
I/DH2Native( 7985): Blended character event | event 0x27 | clip 1040 | slot 1 | phase 4 | lag 0
I/DH2Native( 7985): Blended character event | event 0x25 | clip 1040 | slot 1 | phase 4 | lag 0
I/DH2Native( 7985): Blended character event | event 0x23 | clip 1040 | slot 1 | phase 4 | lag 0
I/DH2Native( 7985): Blended character event | event 0x24 | clip 1040 | slot 1 | phase 5 | lag 0
I/DH2Native( 7985): Blended character event | event 0x26 | clip 1040 | slot 1 | phase 5 | lag 0
I/DH2Native( 7985): Native actor frame | scene 15888 | Step 480 | actor 480 | source phase 5 | clip 1040 | ms 51 | replays 27 | body -22.1347 -9.76182 | contacts 0 0 | state 3 | body present 1 | timeline scale 1
I/DH2Native( 7985): Actor clip completed | _prim_tmp_cultist05 | state Idle | completions 12 | active 1 | next clip 1258 | layers 1
I/DH2Native( 7985): Actor clip completed | _prim_tmp_cultist06 | state Idle | completions 12 | active 1 | next clip 1258 | layers 1
I/DH2Native( 7985): Actor clip completed | _prim_Monster | state Idle | completions 12 | active 1 | next clip 1258 | layers 1
I/DH2Native( 7985): Actor clip completed | _prim_Monster02 | state Idle | completions 12 | active 1 | next clip 1258 | layers 1
I/DH2Native( 7985): Actor clip completed | _prim_Monster05 | state Idle | completions 12 | active 1 | next clip 1258 | layers 1
V/DH2Native( 7985): Native transition profile | phase 7 | state 3 | event c351
V/DH2Native( 7985): Native transition profile | phase 8 | state 3 | event c351
I/DH2Native( 7985): Blended character event | event 0x24 | clip 1040 | slot 0 | phase 5 | lag 0
I/DH2Native( 7985): Blended character event | event 0x26 | clip 1040 | slot 0 | phase 5 | lag 0
I/DH2Native( 7985): Character animation selected | state 4 | flags 23c1 | sequence 271 | clip 1114 | actor state service
I/DH2Native( 7985): Locomotion clip: Run | original selected clip 1114 | timeline speed 1.29999995 | authored restart
I/DH2Native( 7985): Character state event | state 4 | event 1d | prior 3 | flags 23c1
I/DH2Native( 7985): Player source state | previous 3 | current 4 | event 0xc351 | flags 23c1 | root 271 | clip 1114 | position -2213.4741 -976.1820 41.7081 | Step 488
I/DH2Native( 7985): Player position -2120.3208 -998.4611 41.7081 | moved 98 | blocked 18
I/DH2Native( 7985): Player facing | angle 1.57079637 | native updates 116
I/DH2Native( 7985): Blended character event | event 0x28 | clip 1114 | slot 1 | phase 1 | lag 10
I/DH2Native( 7985): Original player animation event delivered | name step_left | lag 10 | Lua status 0 | same Script/World/Scene/PFFloor
I/DH2Native( 7985): Character state event | state 4 | event 3f | prior 0 | flags 23c1
V/DH2Native( 7985): Native transition profile | phase 7 | state 4 | event 3f
V/DH2Native( 7985): Native transition profile | phase 8 | state 4 | event 3f
I/DH2Native( 7985): Blended character event | event 0x24 | clip 1114 | slot 1 | phase 5 | lag 0
I/DH2Native( 7985): Blended character event | event 0x26 | clip 1114 | slot 1 | phase 5 | lag 0
I/DH2Native( 7985): Character animation selected | state 3 | flags 2380 | sequence 262 | clip 1040 | actor state service
I/DH2Native( 7985): Character state event | state 3 | event 1d | prior 4 | flags 2380
I/DH2Native( 7985): Player source state | previous 4 | current 3 | event 0x3f | flags 2380 | root 262 | clip 1040 | position -2120.3208 -998.4611 41.7081 | Step 494
I/DH2Native( 7985): Blended character event | event 0x28 | clip 1040 | slot 0 | phase 1 | lag 20
I/DH2Native( 7985): Player position -2120.3208 -998.4611 41.7081 | moved 98 | blocked 18
I/DH2Native( 7985): Player facing | angle 1.57079637 | native updates 116
I/DH2Native( 7985): Player position -2120.3208 -998.4611 41.7081 | moved 98 | blocked 18
I/DH2Native( 7985): Player facing | angle 1.57079637 | native updates 116
I/DH2Native( 7985): Blended character event | event 0x27 | clip 1040 | slot 0 | phase 4 | lag 0
I/DH2Native( 7985): Blended character event | event 0x25 | clip 1040 | slot 0 | phase 4 | lag 0
I/DH2Native( 7985): Blended character event | event 0x23 | clip 1040 | slot 0 | phase 4 | lag 0
I/DH2Native( 7985): Blended character event | event 0x24 | clip 1040 | slot 0 | phase 5 | lag 0
I/DH2Native( 7985): Blended character event | event 0x26 | clip 1040 | slot 0 | phase 5 | lag 0
I/DH2Native( 7985): Actor clip completed | _prim_tmp_cultist05 | state Idle | completions 13 | active 1 | next clip 1259 | layers 1
I/DH2Native( 7985): Actor clip completed | _prim_tmp_cultist06 | state Idle | completions 13 | active 1 | next clip 1259 | layers 1
I/DH2Native( 7985): Actor clip completed | _prim_Monster | state Idle | completions 13 | active 1 | next clip 1258 | layers 1
I/DH2Native( 7985): Actor clip completed | _prim_Monster02 | state Idle | completions 13 | active 1 | next clip 1258 | layers 1
I/DH2Native( 7985): Actor clip completed | _prim_Monster05 | state Idle | completions 13 | active 1 | next clip 1258 | layers 1
V/DH2Native( 7985): Native transition profile | phase 7 | state 3 | event c351
V/DH2Native( 7985): Native transition profile | phase 8 | state 3 | event c351
I/DH2Native( 7985): Blended character event | event 0x24 | clip 1041 | slot 1 | phase 5 | lag 0
I/DH2Native( 7985): Blended character event | event 0x26 | clip 1041 | slot 1 | phase 5 | lag 0
I/DH2Native( 7985): Character animation selected | state 4 | flags 23c1 | sequence 271 | clip 1114 | actor state service
I/DH2Native( 7985): Locomotion clip: Run | original selected clip 1114 | timeline speed 1.29999995 | authored restart
I/DH2Native( 7985): Character state event | state 4 | event 1d | prior 3 | flags 23c1
I/DH2Native( 7985): Player source state | previous 3 | current 4 | event 0xc351 | flags 23c1 | root 271 | clip 1114 | position -2120.3208 -998.4611 41.7081 | Step 531
I/DH2Native( 7985): Blended character event | event 0x28 | clip 1114 | slot 0 | phase 1 | lag 34
I/DH2Native( 7985): Original player animation event delivered | name step_left | lag 34 | Lua status 0 | same Script/World/Scene/PFFloor
I/DH2Native( 7985): Blended character event | event 0x28 | clip 1114 | slot 0 | phase 1 | lag 38
I/DH2Native( 7985): Original player animation event delivered | name step_right | lag 38 | Lua status 0 | same Script/World/Scene/PFFloor
I/DH2Native( 7985): Player position -1644.6749 -997.0729 41.7079 | moved 116 | blocked 20
I/DH2Native( 7985): Player facing | angle 1.57079637 | native updates 136
I/DH2Native( 7985): Character state event | state 4 | event 3f | prior 0 | flags 23c1
V/DH2Native( 7985): Native transition profile | phase 7 | state 4 | event 3f
V/DH2Native( 7985): Native transition profile | phase 8 | state 4 | event 3f
I/DH2Native( 7985): Blended character event | event 0x24 | clip 1114 | slot 0 | phase 5 | lag 0
I/DH2Native( 7985): Blended character event | event 0x26 | clip 1114 | slot 0 | phase 5 | lag 0
I/DH2Native( 7985): Character animation selected | state 3 | flags 2380 | sequence 262 | clip 1040 | actor state service
I/DH2Native( 7985): Character state event | state 3 | event 1d | prior 4 | flags 2380
I/DH2Native( 7985): Player source state | previous 4 | current 3 | event 0x3f | flags 2380 | root 262 | clip 1040 | position -1644.6749 -997.0729 41.7079 | Step 551
I/DH2Native( 7985): Actor clip completed | _prim_tmp_cultist03 | state Idle | completions 3 | active 1 | next clip 1195 | layers 1
I/DH2Native( 7985): Actor clip completed | _prim_tmp_cultist08 | state Idle | completions 3 | active 1 | next clip 1195 | layers 1
I/DH2Native( 7985): Actor clip completed | _prim_Monster_Ghost05 | state Idle | completions 4 | active 1 | next clip 706 | layers 1
I/DH2Native( 7985): Actor clip completed | _prim_Monster_Ghost06 | state Idle | completions 4 | active 1 | next clip 706 | layers 1
I/DH2Native( 7985): Player position -1644.6749 -997.0729 41.7079 | moved 116 | blocked 20
I/DH2Native( 7985): Player facing | angle 1.57079637 | native updates 136
I/DH2Native( 7985): Blended character event | event 0x28 | clip 1040 | slot 1 | phase 1 | lag 16
I/DH2Native( 7985): Player position -1644.6749 -997.0729 41.7079 | moved 116 | blocked 20
I/DH2Native( 7985): Player facing | angle 1.57079637 | native updates 136
I/DH2Native( 7985): Actor clip completed | _prim_tmp_cultist01 | state Idle | completions 2 | active 1 | next clip 1194 | layers 1
I/DH2Native( 7985): Actor clip completed | _prim_tmp_cultist07 | state Idle | completions 2 | active 1 | next clip 1194 | layers 1
I/DH2Native( 7985): Actor clip completed | _prim_tmp_cultist05 | state Idle | completions 14 | active 1 | next clip 1258 | layers 1
I/DH2Native( 7985): Actor clip completed | _prim_tmp_cultist06 | state Idle | completions 14 | active 1 | next clip 1259 | layers 1
I/DH2Native( 7985): Actor clip completed | _prim_Monster | state Idle | completions 14 | active 1 | next clip 1258 | layers 1
I/DH2Native( 7985): Actor clip completed | _prim_Monster02 | state Idle | completions 14 | active 1 | next clip 1258 | layers 1
I/DH2Native( 7985): Actor clip completed | _prim_Monster05 | state Idle | completions 14 | active 1 | next clip 1258 | layers 1
I/DH2Native( 7985): Blended character event | event 0x27 | clip 1040 | slot 1 | phase 4 | lag 0
I/DH2Native( 7985): Blended character event | event 0x25 | clip 1040 | slot 1 | phase 4 | lag 0
I/DH2Native( 7985): Blended character event | event 0x23 | clip 1040 | slot 1 | phase 4 | lag 0
I/DH2Native( 7985): Blended character event | event 0x24 | clip 1040 | slot 1 | phase 5 | lag 0
I/DH2Native( 7985): Blended character event | event 0x26 | clip 1040 | slot 1 | phase 5 | lag 0
V/DH2Native( 7985): Native transition profile | phase 7 | state 3 | event c351
V/DH2Native( 7985): Native transition profile | phase 8 | state 3 | event c351
I/DH2Native( 7985): Blended character event | event 0x24 | clip 1041 | slot 0 | phase 5 | lag 0
I/DH2Native( 7985): Blended character event | event 0x26 | clip 1041 | slot 0 | phase 5 | lag 0
I/DH2Native( 7985): Character animation selected | state 4 | flags 23c1 | sequence 271 | clip 1114 | actor state service
I/DH2Native( 7985): Locomotion clip: Run | original selected clip 1114 | timeline speed 1.29999995 | authored restart
I/DH2Native( 7985): Character state event | state 4 | event 1d | prior 3 | flags 23c1
I/DH2Native( 7985): Player source state | previous 3 | current 4 | event 0xc351 | flags 23c1 | root 271 | clip 1114 | position -1644.6749 -997.0729 41.7079 | Step 591
I/DH2Native( 7985): Blended character event | event 0x28 | clip 1114 | slot 1 | phase 1 | lag 17
I/DH2Native( 7985): Original player animation event delivered | name step_left | lag 17 | Lua status 0 | same Script/World/Scene/PFFloor
I/DH2Native( 7985): Player position -1509.3464 -992.8143 41.7079 | moved 122 | blocked 22
I/DH2Native( 7985): Player facing | angle 1.57079637 | native updates 144
I/DH2Native( 7985): Character state event | state 4 | event 3f | prior 0 | flags 23c1
V/DH2Native( 7985): Native transition profile | phase 7 | state 4 | event 3f
V/DH2Native( 7985): Native transition profile | phase 8 | state 4 | event 3f
I/DH2Native( 7985): Blended character event | event 0x24 | clip 1114 | slot 1 | phase 5 | lag 0
I/DH2Native( 7985): Blended character event | event 0x26 | clip 1114 | slot 1 | phase 5 | lag 0
I/DH2Native( 7985): Character animation selected | state 3 | flags 2380 | sequence 262 | clip 1041 | actor state service
I/DH2Native( 7985): Character state event | state 3 | event 1d | prior 4 | flags 2380
I/DH2Native( 7985): Player source state | previous 4 | current 3 | event 0x3f | flags 2380 | root 262 | clip 1041 | position -1509.3464 -992.8143 41.7079 | Step 599
I/DH2Native( 7985): Native actor frame | scene 19401 | Step 600 | actor 600 | source phase 5 | clip 1041 | ms 42 | replays 35 | body -15.0935 -9.92814 | contacts 0 0 | state 3 | body present 1 | timeline scale 1
I/DH2Native( 7985): Player position -1509.3464 -992.8143 41.7079 | moved 122 | blocked 22
I/DH2Native( 7985): Player facing | angle 1.57079637 | native updates 144
I/DH2Native( 7985): Actor clip completed | _prim_tmp_cultist05 | state Idle | completions 15 | active 1 | next clip 1258 | layers 1
I/DH2Native( 7985): Actor clip completed | _prim_tmp_cultist06 | state Idle | completions 15 | active 1 | next clip 1258 | layers 1
I/DH2Native( 7985): Actor clip completed | _prim_Monster | state Idle | completions 15 | active 1 | next clip 1259 | layers 1
I/DH2Native( 7985): Actor clip completed | _prim_Monster02 | state Idle | completions 15 | active 1 | next clip 1258 | layers 1
I/DH2Native( 7985): Actor clip completed | _prim_Monster05 | state Idle | completions 15 | active 1 | next clip 1258 | layers 1
I/DH2Native( 7985): Player position -1509.3464 -992.8143 41.7079 | moved 122 | blocked 22
I/DH2Native( 7985): Player facing | angle 1.57079637 | native updates 144
V/DH2Native( 7985): Native transition profile | phase 7 | state 3 | event c351
V/DH2Native( 7985): Native transition profile | phase 8 | state 3 | event c351
I/DH2Native( 7985): Blended character event | event 0x24 | clip 1041 | slot 0 | phase 5 | lag 0
I/DH2Native( 7985): Blended character event | event 0x26 | clip 1041 | slot 0 | phase 5 | lag 0
I/DH2Native( 7985): Character animation selected | state 4 | flags 23c1 | sequence 280 | clip 1126 | actor state service
I/DH2Native( 7985): Locomotion clip: Walk | original selected clip 1126 | timeline speed 1.29999995 | authored restart
I/DH2Native( 7985): Character state event | state 4 | event 1d | prior 3 | flags 23c1
I/DH2Native( 7985): Player source state | previous 3 | current 4 | event 0xc351 | flags 23c1 | root 280 | clip 1126 | position -1509.3464 -992.8143 41.7079 | Step 639
I/DH2Native( 7985): Player position -1499.8289 -992.8143 41.7079 | moved 123 | blocked 24
I/DH2Native( 7985): Player facing | angle 1.57079637 | native updates 147
I/DH2Native( 7985): Character state event | state 4 | event 3f | prior 0 | flags 23c1
V/DH2Native( 7985): Native transition profile | phase 7 | state 4 | event 3f
V/DH2Native( 7985): Native transition profile | phase 8 | state 4 | event 3f
I/DH2Native( 7985): Blended character event | event 0x24 | clip 1126 | slot 1 | phase 5 | lag 0
I/DH2Native( 7985): Blended character event | event 0x26 | clip 1126 | slot 1 | phase 5 | lag 0
I/DH2Native( 7985): Character animation selected | state 3 | flags 2380 | sequence 262 | clip 1040 | actor state service
I/DH2Native( 7985): Character state event | state 3 | event 1d | prior 4 | flags 2380
I/DH2Native( 7985): Player source state | previous 4 | current 3 | event 0x3f | flags 2380 | root 262 | clip 1040 | position -1499.8289 -992.8143 41.7079 | Step 642
I/DH2Native( 7985): Blended character event | event 0x28 | clip 1040 | slot 0 | phase 1 | lag 12
I/DH2Native( 7985): Actor clip completed | _prim_tmp_cultist05 | state Idle | completions 16 | active 1 | next clip 1258 | layers 1
I/DH2Native( 7985): Actor clip completed | _prim_tmp_cultist06 | state Idle | completions 16 | active 1 | next clip 1258 | layers 1
I/DH2Native( 7985): Actor clip completed | _prim_Monster | state Idle | completions 16 | active 1 | next clip 1259 | layers 1
I/DH2Native( 7985): Actor clip completed | _prim_Monster02 | state Idle | completions 16 | active 1 | next clip 1258 | layers 1
I/DH2Native( 7985): Actor clip completed | _prim_Monster05 | state Idle | completions 16 | active 1 | next clip 1258 | layers 1
I/DH2Native( 7985): Player position -1499.8289 -992.8143 41.7079 | moved 123 | blocked 24
I/DH2Native( 7985): Player facing | angle 1.57079637 | native updates 147
I/DH2Native( 7985): Player position -1499.8289 -992.8143 41.7079 | moved 123 | blocked 24
I/DH2Native( 7985): Player facing | angle 1.57079637 | native updates 147
I/DH2Native( 7985): Blended character event | event 0x27 | clip 1040 | slot 0 | phase 4 | lag 0
I/DH2Native( 7985): Blended character event | event 0x25 | clip 1040 | slot 0 | phase 4 | lag 0
I/DH2Native( 7985): Blended character event | event 0x23 | clip 1040 | slot 0 | phase 4 | lag 0
I/DH2Native( 7985): Blended character event | event 0x24 | clip 1040 | slot 0 | phase 5 | lag 0
I/DH2Native( 7985): Blended character event | event 0x26 | clip 1040 | slot 0 | phase 5 | lag 0
V/DH2Native( 7985): Native transition profile | phase 7 | state 3 | event c351
V/DH2Native( 7985): Native transition profile | phase 8 | state 3 | event c351
I/DH2Native( 7985): Blended character event | event 0x24 | clip 1040 | slot 1 | phase 5 | lag 0
I/DH2Native( 7985): Blended character event | event 0x26 | clip 1040 | slot 1 | phase 5 | lag 0
I/DH2Native( 7985): Character animation selected | state 4 | flags 23c1 | sequence 280 | clip 1126 | actor state service
I/DH2Native( 7985): Locomotion clip: Walk | original selected clip 1126 | timeline speed 1.29999995 | authored restart
I/DH2Native( 7985): Character state event | state 4 | event 1d | prior 3 | flags 23c1
I/DH2Native( 7985): Player source state | previous 3 | current 4 | event 0xc351 | flags 23c1 | root 280 | clip 1126 | position -1499.8289 -992.8143 41.7079 | Step 681
I/DH2Native( 7985): Blended character event | event 0x28 | clip 1126 | slot 0 | phase 1 | lag 20
I/DH2Native( 7985): Original player animation event delivered | name step_left | lag 20 | Lua status 0 | same Script/World/Scene/PFFloor
I/DH2Native( 7985): Player position -1351.1949 -992.8143 41.7081 | moved 141 | blocked 26
I/DH2Native( 7985): Player facing | angle 1.57079637 | native updates 167
I/DH2Native( 7985): Character state event | state 4 | event 3f | prior 0 | flags 23c1
V/DH2Native( 7985): Native transition profile | phase 7 | state 4 | event 3f
V/DH2Native( 7985): Native transition profile | phase 8 | state 4 | event 3f
I/DH2Native( 7985): Blended character event | event 0x24 | clip 1126 | slot 0 | phase 5 | lag 0
I/DH2Native( 7985): Blended character event | event 0x26 | clip 1126 | slot 0 | phase 5 | lag 0
I/DH2Native( 7985): Character animation selected | state 3 | flags 2380 | sequence 262 | clip 1040 | actor state service
I/DH2Native( 7985): Character state event | state 3 | event 1d | prior 4 | flags 2380
I/DH2Native( 7985): Player source state | previous 4 | current 3 | event 0x3f | flags 2380 | root 262 | clip 1040 | position -1351.1949 -992.8143 41.7081 | Step 701
I/DH2Native( 7985): Actor clip completed | _prim_tmp_cultist05 | state Idle | completions 17 | active 1 | next clip 1258 | layers 1
I/DH2Native( 7985): Actor clip completed | _prim_tmp_cultist06 | state Idle | completions 17 | active 1 | next clip 1259 | layers 1
I/DH2Native( 7985): Actor clip completed | _prim_Monster | state Idle | completions 17 | active 1 | next clip 1258 | layers 1
I/DH2Native( 7985): Actor clip completed | _prim_Monster02 | state Idle | completions 17 | active 1 | next clip 1258 | layers 1
I/DH2Native( 7985): Actor clip completed | _prim_Monster05 | state Idle | completions 17 | active 1 | next clip 1258 | layers 1
I/DH2Native( 7985): Blended character event | event 0x28 | clip 1040 | slot 1 | phase 1 | lag 10
I/DH2Native( 7985): Native actor frame | scene 23069 | Step 720 | actor 720 | source phase 5 | clip 1040 | ms 577 | replays 40 | body -13.5119 -9.92814 | contacts 0 0 | state 3 | body present 1 | timeline scale 1
I/DH2Native( 7985): Actor clip completed | _prim_Monster_Ghost05 | state Idle | completions 5 | active 1 | next clip 706 | layers 1
I/DH2Native( 7985): Actor clip completed | _prim_Monster_Ghost06 | state Idle | completions 5 | active 1 | next clip 706 | layers 1
I/DH2Native( 7985): Player position -1351.1949 -992.8143 41.7081 | moved 141 | blocked 26
I/DH2Native( 7985): Player facing | angle 1.57079637 | native updates 167
I/DH2Native( 7985): Player position -1351.1949 -992.8143 41.7081 | moved 141 | blocked 26
I/DH2Native( 7985): Player facing | angle 1.57079637 | native updates 167
I/DH2Native( 7985): Blended character event | event 0x27 | clip 1040 | slot 1 | phase 4 | lag 0
I/DH2Native( 7985): Blended character event | event 0x25 | clip 1040 | slot 1 | phase 4 | lag 0
I/DH2Native( 7985): Blended character event | event 0x23 | clip 1040 | slot 1 | phase 4 | lag 0
I/DH2Native( 7985): Blended character event | event 0x24 | clip 1040 | slot 1 | phase 5 | lag 0
I/DH2Native( 7985): Blended character event | event 0x26 | clip 1040 | slot 1 | phase 5 | lag 0
V/DH2Native( 7985): Native transition profile | phase 7 | state 3 | event c351
V/DH2Native( 7985): Native transition profile | phase 8 | state 3 | event c351
I/DH2Native( 7985): Blended character event | event 0x24 | clip 1040 | slot 0 | phase 5 | lag 0
I/DH2Native( 7985): Blended character event | event 0x26 | clip 1040 | slot 0 | phase 5 | lag 0
I/DH2Native( 7985): Character animation selected | state 4 | flags 23c1 | sequence 280 | clip 1126 | actor state service
I/DH2Native( 7985): Locomotion clip: Walk | original selected clip 1126 | timeline speed 1.29999995 | authored restart
I/DH2Native( 7985): Character state event | state 4 | event 1d | prior 3 | flags 23c1
I/DH2Native( 7985): Player source state | previous 3 | current 4 | event 0xc351 | flags 23c1 | root 280 | clip 1126 | position -1351.1949 -992.8143 41.7081 | Step 741
I/DH2Native( 7985): Player position -1347.5271 -989.3699 41.7081 | moved 142 | blocked 28
I/DH2Native( 7985): Player facing | angle 2.70176983 | native updates 170
I/DH2Native( 7985): Character state event | state 4 | event 3f | prior 0 | flags 23c1
V/DH2Native( 7985): Native transition profile | phase 7 | state 4 | event 3f
V/DH2Native( 7985): Native transition profile | phase 8 | state 4 | event 3f
I/DH2Native( 7985): Blended character event | event 0x24 | clip 1126 | slot 1 | phase 5 | lag 0
I/DH2Native( 7985): Blended character event | event 0x26 | clip 1126 | slot 1 | phase 5 | lag 0
I/DH2Native( 7985): Character animation selected | state 3 | flags 2380 | sequence 262 | clip 1040 | actor state service
I/DH2Native( 7985): Character state event | state 3 | event 1d | prior 4 | flags 2380
I/DH2Native( 7985): Player source state | previous 4 | current 3 | event 0x3f | flags 2380 | root 262 | clip 1040 | position -1347.5271 -989.3699 41.7081 | Step 744
I/DH2Native( 7985): Actor clip completed | _prim_tmp_cultist05 | state Idle | completions 18 | active 1 | next clip 1258 | layers 1
I/DH2Native( 7985): Actor clip completed | _prim_tmp_cultist06 | state Idle | completions 18 | active 1 | next clip 1259 | layers 1
I/DH2Native( 7985): Actor clip completed | _prim_Monster | state Idle | completions 18 | active 1 | next clip 1258 | layers 1
I/DH2Native( 7985): Actor clip completed | _prim_Monster02 | state Idle | completions 18 | active 1 | next clip 1259 | layers 1
I/DH2Native( 7985): Actor clip completed | _prim_Monster05 | state Idle | completions 18 | active 1 | next clip 1258 | layers 1
I/DH2Native( 7985): Blended character event | event 0x28 | clip 1040 | slot 0 | phase 1 | lag 4
I/DH2Native( 7985): Actor clip completed | _prim_tmp_cultist03 | state Idle | completions 4 | active 1 | next clip 1194 | layers 1
I/DH2Native( 7985): Actor clip completed | _prim_tmp_cultist08 | state Idle | completions 4 | active 1 | next clip 1195 | layers 1
I/DH2Native( 7985): Player position -1347.5271 -989.3699 41.7081 | moved 142 | blocked 28
I/DH2Native( 7985): Player facing | angle 4.71238899 | native updates 170
I/DH2Native( 7985): Player position -1347.5271 -989.3699 41.7081 | moved 142 | blocked 28
I/DH2Native( 7985): Player facing | angle 4.71238899 | native updates 170
I/DH2Native( 7985): Blended character event | event 0x27 | clip 1040 | slot 0 | phase 4 | lag 0
I/DH2Native( 7985): Blended character event | event 0x25 | clip 1040 | slot 0 | phase 4 | lag 0
I/DH2Native( 7985): Blended character event | event 0x23 | clip 1040 | slot 0 | phase 4 | lag 0
I/DH2Native( 7985): Blended character event | event 0x24 | clip 1040 | slot 0 | phase 5 | lag 0
I/DH2Native( 7985): Blended character event | event 0x26 | clip 1040 | slot 0 | phase 5 | lag 0
V/DH2Native( 7985): Native transition profile | phase 7 | state 3 | event c351
V/DH2Native( 7985): Native transition profile | phase 8 | state 3 | event c351
I/DH2Native( 7985): Blended character event | event 0x24 | clip 1040 | slot 1 | phase 5 | lag 0
I/DH2Native( 7985): Blended character event | event 0x26 | clip 1040 | slot 1 | phase 5 | lag 0
I/DH2Native( 7985): Character animation selected | state 4 | flags 23c1 | sequence 280 | clip 1126 | actor state service
I/DH2Native( 7985): Locomotion clip: Walk | original selected clip 1126 | timeline speed 1.29999995 | authored restart
I/DH2Native( 7985): Character state event | state 4 | event 1d | prior 3 | flags 23c1
I/DH2Native( 7985): Player source state | previous 3 | current 4 | event 0xc351 | flags 23c1 | root 280 | clip 1126 | position -1347.5271 -989.3699 41.7081 | Step 785
I/DH2Native( 7985): Actor clip completed | _prim_tmp_cultist05 | state Idle | completions 19 | active 1 | next clip 1259 | layers 1
I/DH2Native( 7985): Actor clip completed | _prim_tmp_cultist06 | state Idle | completions 19 | active 1 | next clip 1258 | layers 1
I/DH2Native( 7985): Actor clip completed | _prim_Monster | state Idle | completions 19 | active 1 | next clip 1258 | layers 1
I/DH2Native( 7985): Actor clip completed | _prim_Monster02 | state Idle | completions 19 | active 1 | next clip 1258 | layers 1
I/DH2Native( 7985): Actor clip completed | _prim_Monster05 | state Idle | completions 19 | active 1 | next clip 1258 | layers 1
I/DH2Native( 7985): Blended character event | event 0x28 | clip 1126 | slot 0 | phase 1 | lag 36
I/DH2Native( 7985): Original player animation event delivered | name step_left | lag 36 | Lua status 0 | same Script/World/Scene/PFFloor
I/DH2Native( 7985): Player position -1496.2711 -989.3699 41.7081 | moved 160 | blocked 30
I/DH2Native( 7985): Player facing | angle 4.71238899 | native updates 190
I/DH2Native( 7985): Character state event | state 4 | event 3f | prior 0 | flags 23c1
V/DH2Native( 7985): Native transition profile | phase 7 | state 4 | event 3f
V/DH2Native( 7985): Native transition profile | phase 8 | state 4 | event 3f
I/DH2Native( 7985): Blended character event | event 0x24 | clip 1126 | slot 0 | phase 5 | lag 0
I/DH2Native( 7985): Blended character event | event 0x26 | clip 1126 | slot 0 | phase 5 | lag 0
I/DH2Native( 7985): Character animation selected | state 3 | flags 2380 | sequence 262 | clip 1040 | actor state service
I/DH2Native( 7985): Character state event | state 3 | event 1d | prior 4 | flags 2380
I/DH2Native( 7985): Player source state | previous 4 | current 3 | event 0x3f | flags 2380 | root 262 | clip 1040 | position -1496.2711 -989.3699 41.7081 | Step 805
I/DH2Native( 7985): Blended character event | event 0x28 | clip 1040 | slot 1 | phase 1 | lag 9
I/DH2Native( 7985): Player position -1496.2711 -989.3699 41.7081 | moved 160 | blocked 30
I/DH2Native( 7985): Player facing | angle 4.71238899 | native updates 190
I/DH2Native( 7985): Player position -1496.2711 -989.3699 41.7081 | moved 160 | blocked 30
I/DH2Native( 7985): Player facing | angle 4.71238899 | native updates 190
I/DH2Native( 7985): Native actor frame | scene 26615 | Step 840 | actor 840 | source phase 5 | clip 1040 | ms 1031 | replays 46 | body -14.9627 -9.8937 | contacts 0 0 | state 3 | body present 1 | timeline scale 1
I/DH2Native( 7985): Blended character event | event 0x27 | clip 1040 | slot 1 | phase 4 | lag 0
I/DH2Native( 7985): Blended character event | event 0x25 | clip 1040 | slot 1 | phase 4 | lag 0
I/DH2Native( 7985): Blended character event | event 0x23 | clip 1040 | slot 1 | phase 4 | lag 0
I/DH2Native( 7985): Blended character event | event 0x24 | clip 1040 | slot 1 | phase 5 | lag 0
I/DH2Native( 7985): Blended character event | event 0x26 | clip 1040 | slot 1 | phase 5 | lag 0
I/DH2Native( 7985): Actor clip completed | _prim_tmp_cultist05 | state Idle | completions 20 | active 1 | next clip 1258 | layers 1
I/DH2Native( 7985): Actor clip completed | _prim_tmp_cultist06 | state Idle | completions 20 | active 1 | next clip 1258 | layers 1
I/DH2Native( 7985): Actor clip completed | _prim_Monster | state Idle | completions 20 | active 1 | next clip 1258 | layers 1
I/DH2Native( 7985): Actor clip completed | _prim_Monster02 | state Idle | completions 20 | active 1 | next clip 1258 | layers 1
I/DH2Native( 7985): Actor clip completed | _prim_Monster05 | state Idle | completions 20 | active 1 | next clip 1258 | layers 1
V/DH2Native( 7985): Native transition profile | phase 7 | state 3 | event c351
V/DH2Native( 7985): Native transition profile | phase 8 | state 3 | event c351
I/DH2Native( 7985): Blended character event | event 0x24 | clip 1040 | slot 0 | phase 5 | lag 0
I/DH2Native( 7985): Blended character event | event 0x26 | clip 1040 | slot 0 | phase 5 | lag 0
I/DH2Native( 7985): Character animation selected | state 4 | flags 23c1 | sequence 280 | clip 1126 | actor state service
I/DH2Native( 7985): Locomotion clip: Walk | original selected clip 1126 | timeline speed 1.29999995 | authored restart
I/DH2Native( 7985): Character state event | state 4 | event 1d | prior 3 | flags 23c1
I/DH2Native( 7985): Player source state | previous 3 | current 4 | event 0xc351 | flags 23c1 | root 280 | clip 1126 | position -1496.2711 -989.3699 41.7081 | Step 845
I/DH2Native( 7985): Player position -1472.3719 -952.0673 41.7079 | moved 168 | blocked 32
I/DH2Native( 7985): Player facing | angle 1.57079637 | native updates 200
I/DH2Native( 7985): Character state event | state 4 | event 3f | prior 0 | flags 23c1
V/DH2Native( 7985): Native transition profile | phase 7 | state 4 | event 3f
V/DH2Native( 7985): Native transition profile | phase 8 | state 4 | event 3f
I/DH2Native( 7985): Blended character event | event 0x24 | clip 1126 | slot 1 | phase 5 | lag 0
I/DH2Native( 7985): Blended character event | event 0x26 | clip 1126 | slot 1 | phase 5 | lag 0
I/DH2Native( 7985): Character animation selected | state 3 | flags 2380 | sequence 262 | clip 1040 | actor state service
I/DH2Native( 7985): Character state event | state 3 | event 1d | prior 4 | flags 2380
I/DH2Native( 7985): Player source state | previous 4 | current 3 | event 0x3f | flags 2380 | root 262 | clip 1040 | position -1472.3719 -952.0673 41.7079 | Step 855
I/DH2Native( 7985): Blended character event | event 0x28 | clip 1040 | slot 0 | phase 1 | lag 21
I/DH2Native( 7985): Player position -1472.3719 -952.0673 41.7079 | moved 168 | blocked 32
I/DH2Native( 7985): Player facing | angle 1.57079637 | native updates 200
I/DH2Native( 7985): Player position -1472.3719 -952.0673 41.7079 | moved 168 | blocked 32
I/DH2Native( 7985): Player facing | angle 1.57079637 | native updates 200
I/DH2Native( 7985): Actor clip completed | _prim_Monster_Ghost05 | state Idle | completions 6 | active 1 | next clip 706 | layers 1
I/DH2Native( 7985): Actor clip completed | _prim_Monster_Ghost06 | state Idle | completions 6 | active 1 | next clip 706 | layers 1
I/DH2Native( 7985): Actor clip completed | _prim_tmp_cultist01 | state Idle | completions 3 | active 1 | next clip 1195 | layers 1
I/DH2Native( 7985): Actor clip completed | _prim_tmp_cultist07 | state Idle | completions 3 | active 1 | next clip 1194 | layers 1
I/DH2Native( 7985): Actor clip completed | _prim_tmp_cultist05 | state Idle | completions 21 | active 1 | next clip 1258 | layers 1
I/DH2Native( 7985): Actor clip completed | _prim_tmp_cultist06 | state Idle | completions 21 | active 1 | next clip 1258 | layers 1
I/DH2Native( 7985): Actor clip completed | _prim_Monster | state Idle | completions 21 | active 1 | next clip 1258 | layers 1
I/DH2Native( 7985): Actor clip completed | _prim_Monster02 | state Idle | completions 21 | active 1 | next clip 1258 | layers 1
I/DH2Native( 7985): Actor clip completed | _prim_Monster05 | state Idle | completions 21 | active 1 | next clip 1258 | layers 1
I/DH2Native( 7985): Blended character event | event 0x27 | clip 1040 | slot 0 | phase 4 | lag 0
I/DH2Native( 7985): Blended character event | event 0x25 | clip 1040 | slot 0 | phase 4 | lag 0
I/DH2Native( 7985): Blended character event | event 0x23 | clip 1040 | slot 0 | phase 4 | lag 0
I/DH2Native( 7985): Blended character event | event 0x24 | clip 1040 | slot 0 | phase 5 | lag 0
I/DH2Native( 7985): Blended character event | event 0x26 | clip 1040 | slot 0 | phase 5 | lag 0
V/DH2Native( 7985): Native transition profile | phase 7 | state 3 | event c351
V/DH2Native( 7985): Native transition profile | phase 8 | state 3 | event c351
I/DH2Native( 7985): Blended character event | event 0x24 | clip 1040 | slot 1 | phase 5 | lag 0
I/DH2Native( 7985): Blended character event | event 0x26 | clip 1040 | slot 1 | phase 5 | lag 0
I/DH2Native( 7985): Character animation selected | state 4 | flags 23c1 | sequence 280 | clip 1126 | actor state service
I/DH2Native( 7985): Locomotion clip: Walk | original selected clip 1126 | timeline speed 1.29999995 | authored restart
I/DH2Native( 7985): Character state event | state 4 | event 1d | prior 3 | flags 23c1
I/DH2Native( 7985): Player source state | previous 3 | current 4 | event 0xc351 | flags 23c1 | root 280 | clip 1126 | position -1472.3719 -952.0673 41.7079 | Step 895
I/DH2Native( 7985): Blended character event | event 0x28 | clip 1126 | slot 0 | phase 1 | lag 24
I/DH2Native( 7985): Original player animation event delivered | name step_left | lag 24 | Lua status 0 | same Script/World/Scene/PFFloor
I/DH2Native( 7985): Player position -1323.7317 -952.0673 41.7079 | moved 187 | blocked 34
I/DH2Native( 7985): Player facing | angle 1.57079637 | native updates 221
I/DH2Native( 7985): Character state event | state 4 | event 3f | prior 0 | flags 23c1
V/DH2Native( 7985): Native transition profile | phase 7 | state 4 | event 3f
V/DH2Native( 7985): Native transition profile | phase 8 | state 4 | event 3f
I/DH2Native( 7985): Blended character event | event 0x24 | clip 1126 | slot 0 | phase 5 | lag 0
I/DH2Native( 7985): Blended character event | event 0x26 | clip 1126 | slot 0 | phase 5 | lag 0
I/DH2Native( 7985): Character animation selected | state 3 | flags 2380 | sequence 262 | clip 1040 | actor state service
I/DH2Native( 7985): Character state event | state 3 | event 1d | prior 4 | flags 2380
I/DH2Native( 7985): Player source state | previous 4 | current 3 | event 0x3f | flags 2380 | root 262 | clip 1040 | position -1323.7317 -952.0673 41.7079 | Step 916
I/DH2Native( 7985): Actor clip completed | _prim_tmp_cultist05 | state Idle | completions 22 | active 1 | next clip 1258 | layers 1
I/DH2Native( 7985): Actor clip completed | _prim_tmp_cultist06 | state Idle | completions 22 | active 1 | next clip 1258 | layers 1
I/DH2Native( 7985): Actor clip completed | _prim_Monster | state Idle | completions 22 | active 1 | next clip 1259 | layers 1
I/DH2Native( 7985): Actor clip completed | _prim_Monster02 | state Idle | completions 22 | active 1 | next clip 1258 | layers 1
I/DH2Native( 7985): Actor clip completed | _prim_Monster05 | state Idle | completions 22 | active 1 | next clip 1258 | layers 1
I/DH2Native( 7985): Blended character event | event 0x28 | clip 1040 | slot 1 | phase 1 | lag 25
I/DH2Native( 7985): Player position -1323.7317 -952.0673 41.7079 | moved 187 | blocked 34
I/DH2Native( 7985): Player facing | angle 1.57079637 | native updates 221
I/DH2Native( 7985): Player position -1323.7317 -952.0673 41.7079 | moved 187 | blocked 34
I/DH2Native( 7985): Player facing | angle 1.57079637 | native updates 221
I/DH2Native( 7985): Blended character event | event 0x27 | clip 1040 | slot 1 | phase 4 | lag 0
I/DH2Native( 7985): Blended character event | event 0x25 | clip 1040 | slot 1 | phase 4 | lag 0
I/DH2Native( 7985): Blended character event | event 0x23 | clip 1040 | slot 1 | phase 4 | lag 0
I/DH2Native( 7985): Blended character event | event 0x24 | clip 1040 | slot 1 | phase 5 | lag 0
I/DH2Native( 7985): Blended character event | event 0x26 | clip 1040 | slot 1 | phase 5 | lag 0
V/DH2Native( 7985): Native transition profile | phase 7 | state 3 | event c351
V/DH2Native( 7985): Native transition profile | phase 8 | state 3 | event c351
I/DH2Native( 7985): Blended character event | event 0x24 | clip 1040 | slot 0 | phase 5 | lag 0
I/DH2Native( 7985): Blended character event | event 0x26 | clip 1040 | slot 0 | phase 5 | lag 0
I/DH2Native( 7985): Character animation selected | state 4 | flags 23c1 | sequence 280 | clip 1126 | actor state service
I/DH2Native( 7985): Locomotion clip: Walk | original selected clip 1126 | timeline speed 1.29999995 | authored restart
I/DH2Native( 7985): Character state event | state 4 | event 1d | prior 3 | flags 23c1
I/DH2Native( 7985): Player source state | previous 3 | current 4 | event 0xc351 | flags 23c1 | root 280 | clip 1126 | position -1323.7317 -952.0673 41.7079 | Step 957
I/DH2Native( 7985): Native actor frame | scene 30109 | Step 960 | actor 960 | source phase 5 | clip 1126 | ms 83 | replays 54 | body -13.1664 -9.40081 | contacts 0 0 | state 4 | body present 1 | timeline scale 1.29999995
I/DH2Native( 7985): Player position -1320.7422 -923.3083 41.7079 | moved 191 | blocked 36
I/DH2Native( 7985): Player facing | angle 3.98353958 | native updates 227
I/DH2Native( 7985): Character state event | state 4 | event 3f | prior 0 | flags 23c1
V/DH2Native( 7985): Native transition profile | phase 7 | state 4 | event 3f
V/DH2Native( 7985): Native transition profile | phase 8 | state 4 | event 3f
I/DH2Native( 7985): Blended character event | event 0x24 | clip 1126 | slot 1 | phase 5 | lag 0
I/DH2Native( 7985): Blended character event | event 0x26 | clip 1126 | slot 1 | phase 5 | lag 0
I/DH2Native( 7985): Character animation selected | state 3 | flags 2380 | sequence 262 | clip 1040 | actor state service
I/DH2Native( 7985): Character state event | state 3 | event 1d | prior 4 | flags 2380
I/DH2Native( 7985): Player source state | previous 4 | current 3 | event 0x3f | flags 2380 | root 262 | clip 1040 | position -1320.7422 -923.3083 41.7079 | Step 963
I/DH2Native( 7985): Actor clip completed | _prim_tmp_cultist08 | state Idle | completions 5 | active 1 | next clip 1194 | layers 1
I/DH2Native( 7985): Actor clip completed | _prim_tmp_cultist05 | state Idle | completions 23 | active 1 | next clip 1258 | layers 1
I/DH2Native( 7985): Actor clip completed | _prim_tmp_cultist06 | state Idle | completions 23 | active 1 | next clip 1258 | layers 1
I/DH2Native( 7985): Actor clip completed | _prim_Monster | state Idle | completions 23 | active 1 | next clip 1259 | layers 1
I/DH2Native( 7985): Actor clip completed | _prim_Monster02 | state Idle | completions 23 | active 1 | next clip 1258 | layers 1
I/DH2Native( 7985): Actor clip completed | _prim_Monster05 | state Idle | completions 23 | active 1 | next clip 1258 | layers 1
I/DH2Native( 7985): Blended character event | event 0x28 | clip 1040 | slot 0 | phase 1 | lag 22
I/DH2Native( 7985): Player position -1320.7422 -923.3083 41.7079 | moved 191 | blocked 36
I/DH2Native( 7985): Player facing | angle 4.71238899 | native updates 227
I/DH2Native( 7985): Player position -1320.7422 -923.3083 41.7079 | moved 191 | blocked 36
I/DH2Native( 7985): Player facing | angle 4.71238899 | native updates 227
I/DH2Native( 7985): Blended character event | event 0x27 | clip 1040 | slot 0 | phase 4 | lag 0
I/DH2Native( 7985): Blended character event | event 0x25 | clip 1040 | slot 0 | phase 4 | lag 0
I/DH2Native( 7985): Blended character event | event 0x23 | clip 1040 | slot 0 | phase 4 | lag 0
I/DH2Native( 7985): Blended character event | event 0x24 | clip 1040 | slot 0 | phase 5 | lag 0
I/DH2Native( 7985): Blended character event | event 0x26 | clip 1040 | slot 0 | phase 5 | lag 0
V/DH2Native( 7985): Native transition profile | phase 7 | state 3 | event c351
V/DH2Native( 7985): Native transition profile | phase 8 | state 3 | event c351
I/DH2Native( 7985): Blended character event | event 0x24 | clip 1040 | slot 1 | phase 5 | lag 0
I/DH2Native( 7985): Blended character event | event 0x26 | clip 1040 | slot 1 | phase 5 | lag 0
I/DH2Native( 7985): Character animation selected | state 4 | flags 23c1 | sequence 280 | clip 1126 | actor state service
I/DH2Native( 7985): Locomotion clip: Walk | original selected clip 1126 | timeline speed 1.29999995 | authored restart
I/DH2Native( 7985): Character state event | state 4 | event 1d | prior 3 | flags 23c1
I/DH2Native( 7985): Player source state | previous 3 | current 4 | event 0xc351 | flags 23c1 | root 280 | clip 1126 | position -1320.7422 -923.3083 41.7079 | Step 1002
I/DH2Native( 7985): Blended character event | event 0x28 | clip 1126 | slot 0 | phase 1 | lag 8
I/DH2Native( 7985): Original player animation event delivered | name step_left | lag 8 | Lua status 0 | same Script/World/Scene/PFFloor
I/DH2Native( 7985): Player position -1466.2479 -923.3083 41.7079 | moved 211 | blocked 38
I/DH2Native( 7985): Player facing | angle 4.71238899 | native updates 249
I/DH2Native( 7985): Character state event | state 4 | event 3f | prior 0 | flags 23c1
V/DH2Native( 7985): Native transition profile | phase 7 | state 4 | event 3f
V/DH2Native( 7985): Native transition profile | phase 8 | state 4 | event 3f
I/DH2Native( 7985): Blended character event | event 0x24 | clip 1126 | slot 0 | phase 5 | lag 0
I/DH2Native( 7985): Blended character event | event 0x26 | clip 1126 | slot 0 | phase 5 | lag 0
I/DH2Native( 7985): Character animation selected | state 3 | flags 2380 | sequence 262 | clip 1040 | actor state service
I/DH2Native( 7985): Character state event | state 3 | event 1d | prior 4 | flags 2380
I/DH2Native( 7985): Player source state | previous 4 | current 3 | event 0x3f | flags 2380 | root 262 | clip 1040 | position -1466.2479 -923.3083 41.7079 | Step 1024
I/DH2Native( 7985): Actor clip completed | _prim_tmp_cultist05 | state Idle | completions 24 | active 1 | next clip 1258 | layers 1
I/DH2Native( 7985): Actor clip completed | _prim_tmp_cultist06 | state Idle | completions 24 | active 1 | next clip 1259 | layers 1
I/DH2Native( 7985): Actor clip completed | _prim_Monster | state Idle | completions 24 | active 1 | next clip 1259 | layers 1
I/DH2Native( 7985): Actor clip completed | _prim_Monster02 | state Idle | completions 24 | active 1 | next clip 1258 | layers 1
I/DH2Native( 7985): Actor clip completed | _prim_Monster05 | state Idle | completions 24 | active 1 | next clip 1258 | layers 1
I/DH2Native( 7985): Actor clip completed | _prim_Monster_Ghost05 | state Idle | completions 7 | active 1 | next clip 706 | layers 1
I/DH2Native( 7985): Actor clip completed | _prim_Monster_Ghost06 | state Idle | completions 7 | active 1 | next clip 706 | layers 1
I/DH2Native( 7985): Blended character event | event 0x28 | clip 1040 | slot 1 | phase 1 | lag 19
I/DH2Native( 7985): Player position -1466.2479 -923.3083 41.7079 | moved 211 | blocked 38
I/DH2Native( 7985): Player facing | angle 4.71238899 | native updates 249
I/DH2Native( 7985): Player position -1466.2479 -923.3083 41.7079 | moved 211 | blocked 38
I/DH2Native( 7985): Player facing | angle 4.71238899 | native updates 249
I/DH2Native( 7985): Blended character event | event 0x27 | clip 1040 | slot 1 | phase 4 | lag 0
I/DH2Native( 7985): Blended character event | event 0x25 | clip 1040 | slot 1 | phase 4 | lag 0
I/DH2Native( 7985): Blended character event | event 0x23 | clip 1040 | slot 1 | phase 4 | lag 0
I/DH2Native( 7985): Blended character event | event 0x24 | clip 1040 | slot 1 | phase 5 | lag 0
I/DH2Native( 7985): Blended character event | event 0x26 | clip 1040 | slot 1 | phase 5 | lag 0
V/DH2Native( 7985): Native transition profile | phase 7 | state 3 | event c351
V/DH2Native( 7985): Native transition profile | phase 8 | state 3 | event c351
I/DH2Native( 7985): Blended character event | event 0x24 | clip 1041 | slot 0 | phase 5 | lag 0
I/DH2Native( 7985): Blended character event | event 0x26 | clip 1041 | slot 0 | phase 5 | lag 0
I/DH2Native( 7985): Character animation selected | state 4 | flags 23c1 | sequence 280 | clip 1126 | actor state service
I/DH2Native( 7985): Locomotion clip: Walk | original selected clip 1126 | timeline speed 1.29999995 | authored restart
I/DH2Native( 7985): Character state event | state 4 | event 1d | prior 3 | flags 23c1
I/DH2Native( 7985): Player source state | previous 3 | current 4 | event 0xc351 | flags 23c1 | root 280 | clip 1126 | position -1466.2479 -923.3083 41.7079 | Step 1067
I/DH2Native( 7985): Actor clip completed | _prim_tmp_cultist05 | state Idle | completions 25 | active 1 | next clip 1258 | layers 1
I/DH2Native( 7985): Actor clip completed | _prim_tmp_cultist06 | state Idle | completions 25 | active 1 | next clip 1258 | layers 1
I/DH2Native( 7985): Actor clip completed | _prim_Monster | state Idle | completions 25 | active 1 | next clip 1259 | layers 1
I/DH2Native( 7985): Actor clip completed | _prim_Monster02 | state Idle | completions 25 | active 1 | next clip 1258 | layers 1
I/DH2Native( 7985): Actor clip completed | _prim_Monster05 | state Idle | completions 25 | active 1 | next clip 1258 | layers 1
I/DH2Native( 7985): Player position -1469.9067 -891.1917 41.7079 | moved 216 | blocked 40
I/DH2Native( 7985): Player facing | angle 2.19911456 | native updates 256
I/DH2Native( 7985): Character state event | state 4 | event 3f | prior 0 | flags 23c1
V/DH2Native( 7985): Native transition profile | phase 7 | state 4 | event 3f
V/DH2Native( 7985): Native transition profile | phase 8 | state 4 | event 3f
I/DH2Native( 7985): Blended character event | event 0x24 | clip 1126 | slot 1 | phase 5 | lag 0
I/DH2Native( 7985): Blended character event | event 0x26 | clip 1126 | slot 1 | phase 5 | lag 0
I/DH2Native( 7985): Character animation selected | state 3 | flags 2380 | sequence 262 | clip 1041 | actor state service
I/DH2Native( 7985): Character state event | state 3 | event 1d | prior 4 | flags 2380
I/DH2Native( 7985): Player source state | previous 4 | current 3 | event 0x3f | flags 2380 | root 262 | clip 1041 | position -1469.9067 -891.1917 41.7079 | Step 1074
I/DH2Native( 7985): Native actor frame | scene 33589 | Step 1080 | actor 1080 | source phase 5 | clip 1041 | ms 213 | replays 61 | body -14.6991 -8.91192 | contacts 0 0 | state 3 | body present 1 | timeline scale 1
I/DH2Native( 7985): Actor clip completed | _prim_tmp_cultist03 | state Idle | completions 5 | active 1 | next clip 1194 | layers 1
I/DH2Native( 7985): Player position -1469.9067 -891.1917 41.7079 | moved 216 | blocked 40
I/DH2Native( 7985): Player facing | angle 1.57079637 | native updates 256
I/DH2Native( 7985): Player position -1469.9067 -891.1917 41.7079 | moved 216 | blocked 40
I/DH2Native( 7985): Player facing | angle 1.57079637 | native updates 256
I/DH2Native( 7985): Actor clip completed | _prim_tmp_cultist01 | state Idle | completions 4 | active 1 | next clip 1195 | layers 1
V/DH2Native( 7985): Native transition profile | phase 7 | state 3 | event c351
V/DH2Native( 7985): Native transition profile | phase 8 | state 3 | event c351
I/DH2Native( 7985): Blended character event | event 0x24 | clip 1041 | slot 0 | phase 5 | lag 0
I/DH2Native( 7985): Blended character event | event 0x26 | clip 1041 | slot 0 | phase 5 | lag 0
I/DH2Native( 7985): Character animation selected | state 4 | flags 23c1 | sequence 280 | clip 1126 | actor state service
I/DH2Native( 7985): Locomotion clip: Walk | original selected clip 1126 | timeline speed 1.29999995 | authored restart
I/DH2Native( 7985): Character state event | state 4 | event 1d | prior 3 | flags 23c1
I/DH2Native( 7985): Player source state | previous 3 | current 4 | event 0xc351 | flags 23c1 | root 280 | clip 1126 | position -1469.9067 -891.1917 41.7079 | Step 1115
I/DH2Native( 7985): Actor clip completed | _prim_tmp_cultist05 | state Idle | completions 26 | active 1 | next clip 1258 | layers 1
I/DH2Native( 7985): Actor clip completed | _prim_tmp_cultist06 | state Idle | completions 26 | active 1 | next clip 1258 | layers 1
I/DH2Native( 7985): Actor clip completed | _prim_Monster | state Idle | completions 26 | active 1 | next clip 1258 | layers 1
I/DH2Native( 7985): Actor clip completed | _prim_Monster02 | state Idle | completions 26 | active 1 | next clip 1259 | layers 1
I/DH2Native( 7985): Actor clip completed | _prim_Monster05 | state Idle | completions 26 | active 1 | next clip 1259 | layers 1
I/DH2Native( 7985): Blended character event | event 0x28 | clip 1126 | slot 1 | phase 1 | lag 6
I/DH2Native( 7985): Original player animation event delivered | name step_left | lag 6 | Lua status 0 | same Script/World/Scene/PFFloor
I/DH2Native( 7985): Player position -1317.9857 -891.1917 41.7079 | moved 236 | blocked 42
I/DH2Native( 7985): Player facing | angle 1.57079637 | native updates 278
I/DH2Native( 7985): Character state event | state 4 | event 3f | prior 0 | flags 23c1
V/DH2Native( 7985): Native transition profile | phase 7 | state 4 | event 3f
V/DH2Native( 7985): Native transition profile | phase 8 | state 4 | event 3f
I/DH2Native( 7985): Blended character event | event 0x24 | clip 1126 | slot 1 | phase 5 | lag 0
I/DH2Native( 7985): Blended character event | event 0x26 | clip 1126 | slot 1 | phase 5 | lag 0
I/DH2Native( 7985): Character animation selected | state 3 | flags 2380 | sequence 262 | clip 1041 | actor state service
I/DH2Native( 7985): Character state event | state 3 | event 1d | prior 4 | flags 2380
I/DH2Native( 7985): Player source state | previous 4 | current 3 | event 0x3f | flags 2380 | root 262 | clip 1041 | position -1317.9857 -891.1917 41.7079 | Step 1137
I/DH2Native( 7985): Player position -1317.9857 -891.1917 41.7079 | moved 236 | blocked 42
I/DH2Native( 7985): Player facing | angle 1.57079637 | native updates 278
I/DH2Native( 7985): Player position -1317.9857 -891.1917 41.7079 | moved 236 | blocked 42
I/DH2Native( 7985): Player facing | angle 1.57079637 | native updates 278
I/DH2Native( 7985): Actor clip completed | _prim_tmp_cultist05 | state Idle | completions 27 | active 1 | next clip 1258 | layers 1
I/DH2Native( 7985): Actor clip completed | _prim_tmp_cultist06 | state Idle | completions 27 | active 1 | next clip 1258 | layers 1
I/DH2Native( 7985): Actor clip completed | _prim_Monster | state Idle | completions 27 | active 1 | next clip 1259 | layers 1
I/DH2Native( 7985): Actor clip completed | _prim_Monster02 | state Idle | completions 27 | active 1 | next clip 1258 | layers 1
I/DH2Native( 7985): Actor clip completed | _prim_Monster05 | state Idle | completions 27 | active 1 | next clip 1258 | layers 1
V/DH2Native( 7985): Native transition profile | phase 7 | state 3 | event c351
V/DH2Native( 7985): Native transition profile | phase 8 | state 3 | event c351
I/DH2Native( 7985): Blended character event | event 0x24 | clip 1041 | slot 0 | phase 5 | lag 0
I/DH2Native( 7985): Blended character event | event 0x26 | clip 1041 | slot 0 | phase 5 | lag 0
I/DH2Native( 7985): Character animation selected | state 4 | flags 23c1 | sequence 280 | clip 1126 | actor state service
I/DH2Native( 7985): Locomotion clip: Walk | original selected clip 1126 | timeline speed 1.29999995 | authored restart
I/DH2Native( 7985): Character state event | state 4 | event 1d | prior 3 | flags 23c1
I/DH2Native( 7985): Player source state | previous 3 | current 4 | event 0xc351 | flags 23c1 | root 280 | clip 1126 | position -1317.9857 -891.1917 41.7079 | Step 1179
I/DH2Native( 7985): Player position -1312.3236 -862.3604 41.7079 | moved 240 | blocked 44
I/DH2Native( 7985): Player facing | angle 3.90814161 | native updates 284
I/DH2Native( 7985): Character state event | state 4 | event 3f | prior 0 | flags 23c1
V/DH2Native( 7985): Native transition profile | phase 7 | state 4 | event 3f
V/DH2Native( 7985): Native transition profile | phase 8 | state 4 | event 3f
I/DH2Native( 7985): Blended character event | event 0x24 | clip 1126 | slot 1 | phase 5 | lag 0
I/DH2Native( 7985): Blended character event | event 0x26 | clip 1126 | slot 1 | phase 5 | lag 0
I/DH2Native( 7985): Character animation selected | state 3 | flags 2380 | sequence 262 | clip 1041 | actor state service
I/DH2Native( 7985): Character state event | state 3 | event 1d | prior 4 | flags 2380
I/DH2Native( 7985): Player source state | previous 4 | current 3 | event 0x3f | flags 2380 | root 262 | clip 1041 | position -1312.3236 -862.3604 41.7079 | Step 1185
I/DH2Native( 7985): Actor clip completed | _prim_Monster_Ghost05 | state Idle | completions 8 | active 1 | next clip 706 | layers 1
I/DH2Native( 7985): Actor clip completed | _prim_Monster_Ghost06 | state Idle | completions 8 | active 1 | next clip 706 | layers 1
I/DH2Native( 7985): Native actor frame | scene 36989 | Step 1200 | actor 1200 | source phase 5 | clip 1041 | ms 434 | replays 65 | body -13.1232 -8.6236 | contacts 0 0 | state 3 | body present 1 | timeline scale 1
I/DH2Native( 7985): Player position -1312.3236 -862.3604 41.7079 | moved 240 | blocked 44
I/DH2Native( 7985): Player facing | angle 4.71238899 | native updates 284
I/DH2Native( 7985): Player position -1312.3236 -862.3604 41.7079 | moved 240 | blocked 44
I/DH2Native( 7985): Player facing | angle 4.71238899 | native updates 284
I/DH2Native( 7985): Actor clip completed | _prim_tmp_cultist07 | state Idle | completions 4 | active 1 | next clip 1195 | layers 1
I/DH2Native( 7985): Actor clip completed | _prim_tmp_cultist05 | state Idle | completions 28 | active 1 | next clip 1258 | layers 1
I/DH2Native( 7985): Actor clip completed | _prim_tmp_cultist06 | state Idle | completions 28 | active 1 | next clip 1259 | layers 1
I/DH2Native( 7985): Actor clip completed | _prim_Monster | state Idle | completions 28 | active 1 | next clip 1258 | layers 1
I/DH2Native( 7985): Actor clip completed | _prim_Monster02 | state Idle | completions 28 | active 1 | next clip 1258 | layers 1
I/DH2Native( 7985): Actor clip completed | _prim_Monster05 | state Idle | completions 28 | active 1 | next clip 1258 | layers 1
V/DH2Native( 7985): Native transition profile | phase 7 | state 3 | event c351
V/DH2Native( 7985): Native transition profile | phase 8 | state 3 | event c351
I/DH2Native( 7985): Blended character event | event 0x24 | clip 1041 | slot 0 | phase 5 | lag 0
I/DH2Native( 7985): Blended character event | event 0x26 | clip 1041 | slot 0 | phase 5 | lag 0
I/DH2Native( 7985): Character animation selected | state 4 | flags 23c1 | sequence 280 | clip 1126 | actor state service
I/DH2Native( 7985): Locomotion clip: Walk | original selected clip 1126 | timeline speed 1.29999995 | authored restart
I/DH2Native( 7985): Character state event | state 4 | event 1d | prior 3 | flags 23c1
I/DH2Native( 7985): Player source state | previous 3 | current 4 | event 0xc351 | flags 23c1 | root 280 | clip 1126 | position -1312.3236 -862.3604 41.7079 | Step 1227
I/DH2Native( 7985): Blended character event | event 0x28 | clip 1126 | slot 1 | phase 1 | lag 28
I/DH2Native( 7985): Original player animation event delivered | name step_left | lag 28 | Lua status 0 | same Script/World/Scene/PFFloor
I/DH2Native( 7985): Player position -1455.5216 -862.3604 41.7079 | moved 258 | blocked 46
I/DH2Native( 7985): Player facing | angle 4.71238899 | native updates 304
I/DH2Native( 7985): Character state event | state 4 | event 3f | prior 0 | flags 23c1
V/DH2Native( 7985): Native transition profile | phase 7 | state 4 | event 3f
V/DH2Native( 7985): Native transition profile | phase 8 | state 4 | event 3f
I/DH2Native( 7985): Blended character event | event 0x24 | clip 1126 | slot 1 | phase 5 | lag 0
I/DH2Native( 7985): Blended character event | event 0x26 | clip 1126 | slot 1 | phase 5 | lag 0
I/DH2Native( 7985): Character animation selected | state 3 | flags 2380 | sequence 262 | clip 1040 | actor state service
I/DH2Native( 7985): Character state event | state 3 | event 1d | prior 4 | flags 2380
I/DH2Native( 7985): Player source state | previous 4 | current 3 | event 0x3f | flags 2380 | root 262 | clip 1040 | position -1455.5216 -862.3604 41.7079 | Step 1247
I/DH2Native( 7985): Actor clip completed | _prim_tmp_cultist05 | state Idle | completions 29 | active 1 | next clip 1258 | layers 1
I/DH2Native( 7985): Actor clip completed | _prim_tmp_cultist06 | state Idle | completions 29 | active 1 | next clip 1259 | layers 1
I/DH2Native( 7985): Actor clip completed | _prim_Monster | state Idle | completions 29 | active 1 | next clip 1258 | layers 1
I/DH2Native( 7985): Actor clip completed | _prim_Monster02 | state Idle | completions 29 | active 1 | next clip 1258 | layers 1
I/DH2Native( 7985): Actor clip completed | _prim_Monster05 | state Idle | completions 29 | active 1 | next clip 1258 | layers 1
I/DH2Native( 7985): Blended character event | event 0x28 | clip 1040 | slot 0 | phase 1 | lag 28
I/DH2Native( 7985): Player position -1455.5216 -862.3604 41.7079 | moved 258 | blocked 46
I/DH2Native( 7985): Player facing | angle 4.71238899 | native updates 304
I/DH2Native( 7985): Player position -1455.5216 -862.3604 41.7079 | moved 258 | blocked 46
I/DH2Native( 7985): Player facing | angle 4.71238899 | native updates 304
I/DH2Native( 7985): Blended character event | event 0x27 | clip 1040 | slot 0 | phase 4 | lag 0
I/DH2Native( 7985): Blended character event | event 0x25 | clip 1040 | slot 0 | phase 4 | lag 0
I/DH2Native( 7985): Blended character event | event 0x23 | clip 1040 | slot 0 | phase 4 | lag 0
I/DH2Native( 7985): Blended character event | event 0x24 | clip 1040 | slot 0 | phase 5 | lag 0
I/DH2Native( 7985): Blended character event | event 0x26 | clip 1040 | slot 0 | phase 5 | lag 0
V/DH2Native( 7985): Native transition profile | phase 7 | state 3 | event c351
V/DH2Native( 7985): Native transition profile | phase 8 | state 3 | event c351
I/DH2Native( 7985): Blended character event | event 0x24 | clip 1040 | slot 1 | phase 5 | lag 0
I/DH2Native( 7985): Blended character event | event 0x26 | clip 1040 | slot 1 | phase 5 | lag 0
I/DH2Native( 7985): Character animation selected | state 4 | flags 23c1 | sequence 280 | clip 1126 | actor state service
I/DH2Native( 7985): Locomotion clip: Walk | original selected clip 1126 | timeline speed 1.29999995 | authored restart
I/DH2Native( 7985): Character state event | state 4 | event 1d | prior 3 | flags 23c1
I/DH2Native( 7985): Player source state | previous 3 | current 4 | event 0xc351 | flags 23c1 | root 280 | clip 1126 | position -1455.5216 -862.3604 41.7079 | Step 1288
I/DH2Native( 7985): Player position -1456.8688 -831.6106 41.7079 | moved 263 | blocked 48
I/DH2Native( 7985): Player facing | angle 2.19911456 | native updates 311
I/DH2Native( 7985): Character state event | state 4 | event 3f | prior 0 | flags 23c1
V/DH2Native( 7985): Native transition profile | phase 7 | state 4 | event 3f
V/DH2Native( 7985): Native transition profile | phase 8 | state 4 | event 3f
I/DH2Native( 7985): Blended character event | event 0x24 | clip 1126 | slot 0 | phase 5 | lag 0
I/DH2Native( 7985): Blended character event | event 0x26 | clip 1126 | slot 0 | phase 5 | lag 0
I/DH2Native( 7985): Character animation selected | state 3 | flags 2380 | sequence 262 | clip 1040 | actor state service
I/DH2Native( 7985): Character state event | state 3 | event 1d | prior 4 | flags 2380
I/DH2Native( 7985): Player source state | previous 4 | current 3 | event 0x3f | flags 2380 | root 262 | clip 1040 | position -1456.8688 -831.6106 41.7079 | Step 1295
I/DH2Native( 7985): Actor clip completed | _prim_tmp_cultist08 | state Idle | completions 6 | active 1 | next clip 1195 | layers 1
I/DH2Native( 7985): Actor clip completed | _prim_tmp_cultist05 | state Idle | completions 30 | active 1 | next clip 1259 | layers 1
I/DH2Native( 7985): Actor clip completed | _prim_tmp_cultist06 | state Idle | completions 30 | active 1 | next clip 1259 | layers 1
I/DH2Native( 7985): Actor clip completed | _prim_Monster | state Idle | completions 30 | active 1 | next clip 1258 | layers 1
I/DH2Native( 7985): Actor clip completed | _prim_Monster02 | state Idle | completions 30 | active 1 | next clip 1258 | layers 1
I/DH2Native( 7985): Actor clip completed | _prim_Monster05 | state Idle | completions 30 | active 1 | next clip 1259 | layers 1
I/DH2Native( 7985): Blended character event | event 0x28 | clip 1040 | slot 1 | phase 1 | lag 4
I/DH2Native( 7985): Actor clip completed | _prim_tmp_cultist01 | state Idle | completions 5 | active 1 | next clip 1194 | layers 1
I/DH2Native( 7985): Player position -1456.8688 -831.6106 41.7079 | moved 263 | blocked 48
I/DH2Native( 7985): Player facing | angle 1.57079637 | native updates 311
I/DH2Native( 7985): Player position -1456.8688 -831.6106 41.7079 | moved 263 | blocked 48
I/DH2Native( 7985): Player facing | angle 1.57079637 | native updates 311
I/DH2Native( 7985): Native actor frame | scene 40350 | Step 1320 | actor 1320 | source phase 5 | clip 1040 | ms 705 | replays 70 | body -14.5687 -8.31611 | contacts 0 0 | state 3 | body present 1 | timeline scale 1
I/DH2Native( 7985): Blended character event | event 0x27 | clip 1040 | slot 1 | phase 4 | lag 0
I/DH2Native( 7985): Blended character event | event 0x25 | clip 1040 | slot 1 | phase 4 | lag 0
I/DH2Native( 7985): Blended character event | event 0x23 | clip 1040 | slot 1 | phase 4 | lag 0
I/DH2Native( 7985): Blended character event | event 0x24 | clip 1040 | slot 1 | phase 5 | lag 0
I/DH2Native( 7985): Blended character event | event 0x26 | clip 1040 | slot 1 | phase 5 | lag 0
V/DH2Native( 7985): Native transition profile | phase 7 | state 3 | event c351
V/DH2Native( 7985): Native transition profile | phase 8 | state 3 | event c351
I/DH2Native( 7985): Blended character event | event 0x24 | clip 1040 | slot 0 | phase 5 | lag 0
I/DH2Native( 7985): Blended character event | event 0x26 | clip 1040 | slot 0 | phase 5 | lag 0
I/DH2Native( 7985): Character animation selected | state 4 | flags 23c1 | sequence 280 | clip 1126 | actor state service
I/DH2Native( 7985): Locomotion clip: Walk | original selected clip 1126 | timeline speed 1.29999995 | authored restart
I/DH2Native( 7985): Character state event | state 4 | event 1d | prior 3 | flags 23c1
I/DH2Native( 7985): Player source state | previous 3 | current 4 | event 0xc351 | flags 23c1 | root 280 | clip 1126 | position -1456.8688 -831.6106 41.7079 | Step 1333
I/DH2Native( 7985): Blended character event | event 0x28 | clip 1126 | slot 1 | phase 1 | lag 23
I/DH2Native( 7985): Original player animation event delivered | name step_left | lag 23 | Lua status 0 | same Script/World/Scene/PFFloor
I/DH2Native( 7985): Actor clip completed | _prim_tmp_cultist05 | state Idle | completions 31 | active 1 | next clip 1258 | layers 1
I/DH2Native( 7985): Actor clip completed | _prim_tmp_cultist06 | state Idle | completions 31 | active 1 | next clip 1259 | layers 1
I/DH2Native( 7985): Actor clip completed | _prim_Monster | state Idle | completions 31 | active 1 | next clip 1258 | layers 1
I/DH2Native( 7985): Actor clip completed | _prim_Monster02 | state Idle | completions 31 | active 1 | next clip 1258 | layers 1
I/DH2Native( 7985): Actor clip completed | _prim_Monster05 | state Idle | completions 31 | active 1 | next clip 1258 | layers 1
I/DH2Native( 7985): Player position -1312.1329 -831.6106 41.7078 | moved 282 | blocked 50
I/DH2Native( 7985): Player facing | angle 1.57079637 | native updates 332
I/DH2Native( 7985): Character state event | state 4 | event 3f | prior 0 | flags 23c1
V/DH2Native( 7985): Native transition profile | phase 7 | state 4 | event 3f
V/DH2Native( 7985): Native transition profile | phase 8 | state 4 | event 3f
I/DH2Native( 7985): Blended character event | event 0x24 | clip 1126 | slot 1 | phase 5 | lag 0
I/DH2Native( 7985): Blended character event | event 0x26 | clip 1126 | slot 1 | phase 5 | lag 0
I/DH2Native( 7985): Character animation selected | state 3 | flags 2380 | sequence 262 | clip 1041 | actor state service
I/DH2Native( 7985): Character state event | state 3 | event 1d | prior 4 | flags 2380
I/DH2Native( 7985): Player source state | previous 4 | current 3 | event 0x3f | flags 2380 | root 262 | clip 1041 | position -1312.1329 -831.6106 41.7078 | Step 1354
I/DH2Native( 7985): Actor clip completed | _prim_Monster_Ghost05 | state Idle | completions 9 | active 1 | next clip 706 | layers 1
I/DH2Native( 7985): Actor clip completed | _prim_Monster_Ghost06 | state Idle | completions 9 | active 1 | next clip 706 | layers 1
I/DH2Native( 7985): Player position -1312.1329 -831.6106 41.7078 | moved 282 | blocked 50
I/DH2Native( 7985): Player facing | angle 1.57079637 | native updates 332
I/DH2Native( 7985): Player position -1312.1329 -831.6106 41.7078 | moved 282 | blocked 50
I/DH2Native( 7985): Player facing | angle 1.57079637 | native updates 332
V/DH2Native( 7985): Native transition profile | phase 7 | state 3 | event c351
V/DH2Native( 7985): Native transition profile | phase 8 | state 3 | event c351
I/DH2Native( 7985): Blended character event | event 0x24 | clip 1041 | slot 0 | phase 5 | lag 0
I/DH2Native( 7985): Blended character event | event 0x26 | clip 1041 | slot 0 | phase 5 | lag 0
I/DH2Native( 7985): Character animation selected | state 4 | flags 23c1 | sequence 280 | clip 1126 | actor state service
I/DH2Native( 7985): Locomotion clip: Walk | original selected clip 1126 | timeline speed 1.29999995 | authored restart
I/DH2Native( 7985): Character state event | state 4 | event 1d | prior 3 | flags 23c1
I/DH2Native( 7985): Player source state | previous 3 | current 4 | event 0xc351 | flags 23c1 | root 280 | clip 1126 | position -1312.1329 -831.6106 41.7078 | Step 1397
I/DH2Native( 7985): Actor clip completed | _prim_tmp_cultist05 | state Idle | completions 32 | active 1 | next clip 1258 | layers 1
I/DH2Native( 7985): Actor clip completed | _prim_tmp_cultist06 | state Idle | completions 32 | active 1 | next clip 1258 | layers 1
I/DH2Native( 7985): Actor clip completed | _prim_Monster | state Idle | completions 32 | active 1 | next clip 1259 | layers 1
I/DH2Native( 7985): Actor clip completed | _prim_Monster02 | state Idle | completions 32 | active 1 | next clip 1259 | layers 1
I/DH2Native( 7985): Actor clip completed | _prim_Monster05 | state Idle | completions 32 | active 1 | next clip 1258 | layers 1
I/DH2Native( 7985): Player position -1311.8867 -798.3527 41.7078 | moved 288 | blocked 52
I/DH2Native( 7985): Player facing | angle 4.20973444 | native updates 340
I/DH2Native( 7985): Character state event | state 4 | event 3f | prior 0 | flags 23c1
V/DH2Native( 7985): Native transition profile | phase 7 | state 4 | event 3f
V/DH2Native( 7985): Native transition profile | phase 8 | state 4 | event 3f
I/DH2Native( 7985): Blended character event | event 0x24 | clip 1126 | slot 1 | phase 5 | lag 0
I/DH2Native( 7985): Blended character event | event 0x26 | clip 1126 | slot 1 | phase 5 | lag 0
I/DH2Native( 7985): Character animation selected | state 3 | flags 2380 | sequence 262 | clip 1040 | actor state service
I/DH2Native( 7985): Character state event | state 3 | event 1d | prior 4 | flags 2380
I/DH2Native( 7985): Player source state | previous 4 | current 3 | event 0x3f | flags 2380 | root 262 | clip 1040 | position -1311.8867 -798.3527 41.7078 | Step 1405
I/DH2Native( 7985): Actor clip completed | _prim_tmp_cultist03 | state Idle | completions 6 | active 1 | next clip 1195 | layers 1
I/DH2Native( 7985): Blended character event | event 0x28 | clip 1040 | slot 0 | phase 1 | lag 8
I/DH2Native( 7985): Actor clip completed | _prim_tmp_cultist07 | state Idle | completions 5 | active 1 | next clip 1194 | layers 1
I/DH2Native( 7985): Player position -1311.8867 -798.3527 41.7078 | moved 288 | blocked 52
I/DH2Native( 7985): Player facing | angle 4.71238899 | native updates 340
I/DH2Native( 7985): Player position -1311.8867 -798.3527 41.7078 | moved 288 | blocked 52
I/DH2Native( 7985): Player facing | angle 4.71238899 | native updates 340
I/DH2Native( 7985): Native actor frame | scene 43829 | Step 1440 | actor 1440 | source phase 5 | clip 1040 | ms 991 | replays 75 | body -13.1189 -7.98353 | contacts 0 0 | state 3 | body present 1 | timeline scale 1
I/DH2Native( 7985): Blended character event | event 0x27 | clip 1040 | slot 0 | phase 4 | lag 0
I/DH2Native( 7985): Blended character event | event 0x25 | clip 1040 | slot 0 | phase 4 | lag 0
I/DH2Native( 7985): Blended character event | event 0x23 | clip 1040 | slot 0 | phase 4 | lag 0
I/DH2Native( 7985): Blended character event | event 0x24 | clip 1040 | slot 0 | phase 5 | lag 0
I/DH2Native( 7985): Blended character event | event 0x26 | clip 1040 | slot 0 | phase 5 | lag 0
V/DH2Native( 7985): Native transition profile | phase 7 | state 3 | event c351
V/DH2Native( 7985): Native transition profile | phase 8 | state 3 | event c351
I/DH2Native( 7985): Blended character event | event 0x24 | clip 1040 | slot 1 | phase 5 | lag 0
I/DH2Native( 7985): Blended character event | event 0x26 | clip 1040 | slot 1 | phase 5 | lag 0
I/DH2Native( 7985): Character animation selected | state 4 | flags 23c1 | sequence 280 | clip 1126 | actor state service
I/DH2Native( 7985): Locomotion clip: Walk | original selected clip 1126 | timeline speed 1.29999995 | authored restart
I/DH2Native( 7985): Character state event | state 4 | event 1d | prior 3 | flags 23c1
I/DH2Native( 7985): Player source state | previous 3 | current 4 | event 0xc351 | flags 23c1 | root 280 | clip 1126 | position -1311.8867 -798.3527 41.7078 | Step 1447
I/DH2Native( 7985): Actor clip completed | _prim_tmp_cultist05 | state Idle | completions 33 | active 1 | next clip 1258 | layers 1
I/DH2Native( 7985): Actor clip completed | _prim_tmp_cultist06 | state Idle | completions 33 | active 1 | next clip 1258 | layers 1
I/DH2Native( 7985): Actor clip completed | _prim_Monster | state Idle | completions 33 | active 1 | next clip 1258 | layers 1
I/DH2Native( 7985): Actor clip completed | _prim_Monster02 | state Idle | completions 33 | active 1 | next clip 1258 | layers 1
I/DH2Native( 7985): Actor clip completed | _prim_Monster05 | state Idle | completions 33 | active 1 | next clip 1258 | layers 1
I/DH2Native( 7985): Blended character event | event 0x28 | clip 1126 | slot 0 | phase 1 | lag 28
I/DH2Native( 7985): Original player animation event delivered | name step_left | lag 28 | Lua status 0 | same Script/World/Scene/PFFloor
I/DH2Native( 7985): Player position -1455.9286 -798.3527 41.7078 | moved 308 | blocked 54
I/DH2Native( 7985): Player facing | angle 4.71238899 | native updates 362
I/DH2Native( 7985): Character state event | state 4 | event 3f | prior 0 | flags 23c1
V/DH2Native( 7985): Native transition profile | phase 7 | state 4 | event 3f
V/DH2Native( 7985): Native transition profile | phase 8 | state 4 | event 3f
I/DH2Native( 7985): Blended character event | event 0x24 | clip 1126 | slot 0 | phase 5 | lag 0
I/DH2Native( 7985): Blended character event | event 0x26 | clip 1126 | slot 0 | phase 5 | lag 0
I/DH2Native( 7985): Character animation selected | state 3 | flags 2380 | sequence 262 | clip 1040 | actor state service
I/DH2Native( 7985): Character state event | state 3 | event 1d | prior 4 | flags 2380
I/DH2Native( 7985): Player source state | previous 4 | current 3 | event 0x3f | flags 2380 | root 262 | clip 1040 | position -1455.9286 -798.3527 41.7078 | Step 1469
I/DH2Native( 7985): Blended character event | event 0x28 | clip 1040 | slot 1 | phase 1 | lag 13
I/DH2Native( 7985): Player position -1455.9286 -798.3527 41.7078 | moved 308 | blocked 54
I/DH2Native( 7985): Player facing | angle 4.71238899 | native updates 362
I/DH2Native( 7985): Player position -1455.9286 -798.3527 41.7078 | moved 308 | blocked 54
I/DH2Native( 7985): Player facing | angle 4.71238899 | native updates 362
I/DH2Native( 7985): Actor clip completed | _prim_tmp_cultist05 | state Idle | completions 34 | active 1 | next clip 1259 | layers 1
I/DH2Native( 7985): Actor clip completed | _prim_tmp_cultist06 | state Idle | completions 34 | active 1 | next clip 1258 | layers 1
I/DH2Native( 7985): Actor clip completed | _prim_Monster | state Idle | completions 34 | active 1 | next clip 1258 | layers 1
I/DH2Native( 7985): Actor clip completed | _prim_Monster02 | state Idle | completions 34 | active 1 | next clip 1259 | layers 1
I/DH2Native( 7985): Actor clip completed | _prim_Monster05 | state Idle | completions 34 | active 1 | next clip 1258 | layers 1
I/DH2Native( 7985): Blended character event | event 0x27 | clip 1040 | slot 1 | phase 4 | lag 0
I/DH2Native( 7985): Blended character event | event 0x25 | clip 1040 | slot 1 | phase 4 | lag 0
I/DH2Native( 7985): Blended character event | event 0x23 | clip 1040 | slot 1 | phase 4 | lag 0
I/DH2Native( 7985): Blended character event | event 0x24 | clip 1040 | slot 1 | phase 5 | lag 0
I/DH2Native( 7985): Blended character event | event 0x26 | clip 1040 | slot 1 | phase 5 | lag 0
V/DH2Native( 7985): Native transition profile | phase 7 | state 3 | event c351
V/DH2Native( 7985): Native transition profile | phase 8 | state 3 | event c351
I/DH2Native( 7985): Blended character event | event 0x24 | clip 1040 | slot 0 | phase 5 | lag 0
I/DH2Native( 7985): Blended character event | event 0x26 | clip 1040 | slot 0 | phase 5 | lag 0
I/DH2Native( 7985): Character animation selected | state 4 | flags 23c1 | sequence 280 | clip 1126 | actor state service
I/DH2Native( 7985): Locomotion clip: Walk | original selected clip 1126 | timeline speed 1.29999995 | authored restart
I/DH2Native( 7985): Character state event | state 4 | event 1d | prior 3 | flags 23c1
I/DH2Native( 7985): Player source state | previous 3 | current 4 | event 0xc351 | flags 23c1 | root 280 | clip 1126 | position -1455.9286 -798.3527 41.7078 | Step 1510
I/DH2Native( 7985): Player position -1461.8562 -771.5930 41.7078 | moved 312 | blocked 56
I/DH2Native( 7985): Player facing | angle 2.46300864 | native updates 368
I/DH2Native( 7985): Character state event | state 4 | event 3f | prior 0 | flags 23c1
V/DH2Native( 7985): Native transition profile | phase 7 | state 4 | event 3f
V/DH2Native( 7985): Native transition profile | phase 8 | state 4 | event 3f
I/DH2Native( 7985): Blended character event | event 0x24 | clip 1126 | slot 1 | phase 5 | lag 0
I/DH2Native( 7985): Blended character event | event 0x26 | clip 1126 | slot 1 | phase 5 | lag 0
I/DH2Native( 7985): Character animation selected | state 3 | flags 2380 | sequence 262 | clip 1041 | actor state service
I/DH2Native( 7985): Character state event | state 3 | event 1d | prior 4 | flags 2380
I/DH2Native( 7985): Player source state | previous 4 | current 3 | event 0x3f | flags 2380 | root 262 | clip 1041 | position -1461.8562 -771.5930 41.7078 | Step 1516
I/DH2Native( 7985): Actor clip completed | _prim_tmp_cultist08 | state Idle | completions 7 | active 1 | next clip 1195 | layers 1
I/DH2Native( 7985): Actor clip completed | _prim_Monster_Ghost05 | state Idle | completions 10 | active 1 | next clip 706 | layers 1
I/DH2Native( 7985): Actor clip completed | _prim_Monster_Ghost06 | state Idle | completions 10 | active 1 | next clip 706 | layers 1
I/DH2Native( 7985): Player position -1461.8562 -771.5930 41.7078 | moved 312 | blocked 56
I/DH2Native( 7985): Player facing | angle 1.57079637 | native updates 368
I/DH2Native( 7985): Player position -1461.8562 -771.5930 41.7078 | moved 312 | blocked 56
I/DH2Native( 7985): Player facing | angle 1.57079637 | native updates 368
I/DH2Native( 7985): Actor clip completed | _prim_tmp_cultist05 | state Idle | completions 35 | active 1 | next clip 1258 | layers 1
I/DH2Native( 7985): Actor clip completed | _prim_tmp_cultist06 | state Idle | completions 35 | active 1 | next clip 1258 | layers 1
I/DH2Native( 7985): Actor clip completed | _prim_Monster | state Idle | completions 35 | active 1 | next clip 1258 | layers 1
I/DH2Native( 7985): Actor clip completed | _prim_Monster02 | state Idle | completions 35 | active 1 | next clip 1258 | layers 1
I/DH2Native( 7985): Actor clip completed | _prim_Monster05 | state Idle | completions 35 | active 1 | next clip 1258 | layers 1
V/DH2Native( 7985): Native transition profile | phase 7 | state 3 | event c351
V/DH2Native( 7985): Native transition profile | phase 8 | state 3 | event c351
I/DH2Native( 7985): Blended character event | event 0x24 | clip 1041 | slot 0 | phase 5 | lag 0
I/DH2Native( 7985): Blended character event | event 0x26 | clip 1041 | slot 0 | phase 5 | lag 0
I/DH2Native( 7985): Character animation selected | state 4 | flags 23c1 | sequence 280 | clip 1126 | actor state service
I/DH2Native( 7985): Locomotion clip: Walk | original selected clip 1126 | timeline speed 1.29999995 | authored restart
I/DH2Native( 7985): Character state event | state 4 | event 1d | prior 3 | flags 23c1
I/DH2Native( 7985): Player source state | previous 3 | current 4 | event 0xc351 | flags 23c1 | root 280 | clip 1126 | position -1461.8562 -771.5930 41.7078 | Step 1558
I/DH2Native( 7985): Native actor frame | scene 47143 | Step 1560 | actor 1560 | source phase 5 | clip 1126 | ms 46 | replays 82 | body -14.5749 -7.71593 | contacts 0 0 | state 4 | body present 1 | timeline scale 1.29999995
I/DH2Native( 7985): Blended character event | event 0x28 | clip 1126 | slot 1 | phase 1 | lag 6
I/DH2Native( 7985): Original player animation event delivered | name step_left | lag 6 | Lua status 0 | same Script/World/Scene/PFFloor
I/DH2Native( 7985): Player position -1311.8323 -771.5930 41.7078 | moved 331 | blocked 58
I/DH2Native( 7985): Player facing | angle 1.57079637 | native updates 389
I/DH2Native( 7985): Character state event | state 4 | event 3f | prior 0 | flags 23c1
V/DH2Native( 7985): Native transition profile | phase 7 | state 4 | event 3f
V/DH2Native( 7985): Native transition profile | phase 8 | state 4 | event 3f
I/DH2Native( 7985): Blended character event | event 0x24 | clip 1126 | slot 1 | phase 5 | lag 0
I/DH2Native( 7985): Blended character event | event 0x26 | clip 1126 | slot 1 | phase 5 | lag 0
I/DH2Native( 7985): Character animation selected | state 3 | flags 2380 | sequence 262 | clip 1040 | actor state service
I/DH2Native( 7985): Character state event | state 3 | event 1d | prior 4 | flags 2380
I/DH2Native( 7985): Player source state | previous 4 | current 3 | event 0x3f | flags 2380 | root 262 | clip 1040 | position -1311.8323 -771.5930 41.7078 | Step 1579
I/DH2Native( 7985): Actor clip completed | _prim_tmp_cultist05 | state Idle | completions 36 | active 1 | next clip 1259 | layers 1
I/DH2Native( 7985): Actor clip completed | _prim_tmp_cultist06 | state Idle | completions 36 | active 1 | next clip 1258 | layers 1
I/DH2Native( 7985): Actor clip completed | _prim_Monster | state Idle | completions 36 | active 1 | next clip 1258 | layers 1
I/DH2Native( 7985): Actor clip completed | _prim_Monster02 | state Idle | completions 36 | active 1 | next clip 1258 | layers 1
I/DH2Native( 7985): Actor clip completed | _prim_Monster05 | state Idle | completions 36 | active 1 | next clip 1258 | layers 1
I/DH2Native( 7985): Player position -1311.8323 -771.5930 41.7078 | moved 331 | blocked 58
I/DH2Native( 7985): Player facing | angle 1.57079637 | native updates 389
I/DH2Native( 7985): Blended character event | event 0x28 | clip 1040 | slot 0 | phase 1 | lag 23
I/DH2Native( 7985): Player position -1311.8323 -771.5930 41.7078 | moved 331 | blocked 58
I/DH2Native( 7985): Player facing | angle 1.57079637 | native updates 389
I/DH2Native( 7985): Blended character event | event 0x27 | clip 1040 | slot 0 | phase 4 | lag 0
I/DH2Native( 7985): Blended character event | event 0x25 | clip 1040 | slot 0 | phase 4 | lag 0
I/DH2Native( 7985): Blended character event | event 0x23 | clip 1040 | slot 0 | phase 4 | lag 0
I/DH2Native( 7985): Blended character event | event 0x24 | clip 1040 | slot 0 | phase 5 | lag 0
I/DH2Native( 7985): Blended character event | event 0x26 | clip 1040 | slot 0 | phase 5 | lag 0
V/DH2Native( 7985): Native transition profile | phase 7 | state 3 | event c351
V/DH2Native( 7985): Native transition profile | phase 8 | state 3 | event c351
I/DH2Native( 7985): Blended character event | event 0x24 | clip 1040 | slot 1 | phase 5 | lag 0
I/DH2Native( 7985): Blended character event | event 0x26 | clip 1040 | slot 1 | phase 5 | lag 0
I/DH2Native( 7985): Character animation selected | state 4 | flags 23c1 | sequence 280 | clip 1126 | actor state service
I/DH2Native( 7985): Locomotion clip: Walk | original selected clip 1126 | timeline speed 1.29999995 | authored restart
I/DH2Native( 7985): Character state event | state 4 | event 1d | prior 3 | flags 23c1
I/DH2Native( 7985): Player source state | previous 3 | current 4 | event 0xc351 | flags 23c1 | root 280 | clip 1126 | position -1311.8323 -771.5930 41.7078 | Step 1620
I/DH2Native( 7985): Player position -1314.8738 -738.7547 41.7078 | moved 337 | blocked 60
I/DH2Native( 7985): Player facing | angle 4.28513288 | native updates 397
I/DH2Native( 7985): Character state event | state 4 | event 3f | prior 0 | flags 23c1
V/DH2Native( 7985): Native transition profile | phase 7 | state 4 | event 3f
V/DH2Native( 7985): Native transition profile | phase 8 | state 4 | event 3f
I/DH2Native( 7985): Blended character event | event 0x24 | clip 1126 | slot 0 | phase 5 | lag 0
I/DH2Native( 7985): Blended character event | event 0x26 | clip 1126 | slot 0 | phase 5 | lag 0
I/DH2Native( 7985): Character animation selected | state 3 | flags 2380 | sequence 262 | clip 1040 | actor state service
I/DH2Native( 7985): Character state event | state 3 | event 1d | prior 4 | flags 2380
I/DH2Native( 7985): Player source state | previous 4 | current 3 | event 0x3f | flags 2380 | root 262 | clip 1040 | position -1314.8738 -738.7547 41.7078 | Step 1628
I/DH2Native( 7985): Actor clip completed | _prim_tmp_cultist03 | state Idle | completions 7 | active 1 | next clip 1194 | layers 1
I/DH2Native( 7985): Actor clip completed | _prim_tmp_cultist05 | state Idle | completions 37 | active 1 | next clip 1258 | layers 1
I/DH2Native( 7985): Actor clip completed | _prim_tmp_cultist06 | state Idle | completions 37 | active 1 | next clip 1258 | layers 1
I/DH2Native( 7985): Actor clip completed | _prim_Monster | state Idle | completions 37 | active 1 | next clip 1258 | layers 1
I/DH2Native( 7985): Actor clip completed | _prim_Monster02 | state Idle | completions 37 | active 1 | next clip 1258 | layers 1
I/DH2Native( 7985): Actor clip completed | _prim_Monster05 | state Idle | completions 37 | active 1 | next clip 1258 | layers 1
I/DH2Native( 7985): Actor clip completed | _prim_tmp_cultist01 | state Idle | completions 6 | active 1 | next clip 1195 | layers 1
I/DH2Native( 7985): Blended character event | event 0x28 | clip 1040 | slot 1 | phase 1 | lag 22
I/DH2Native( 7985): Player position -1314.8738 -738.7547 41.7078 | moved 337 | blocked 60
I/DH2Native( 7985): Player facing | angle 4.71238899 | native updates 397
I/DH2Native( 7985): Player position -1314.8738 -738.7547 41.7078 | moved 337 | blocked 60
I/DH2Native( 7985): Player facing | angle 4.71238899 | native updates 397
I/DH2Native( 7985): Blended character event | event 0x27 | clip 1040 | slot 1 | phase 4 | lag 0
I/DH2Native( 7985): Blended character event | event 0x25 | clip 1040 | slot 1 | phase 4 | lag 0
I/DH2Native( 7985): Blended character event | event 0x23 | clip 1040 | slot 1 | phase 4 | lag 0
I/DH2Native( 7985): Blended character event | event 0x24 | clip 1040 | slot 1 | phase 5 | lag 0
I/DH2Native( 7985): Blended character event | event 0x26 | clip 1040 | slot 1 | phase 5 | lag 0
V/DH2Native( 7985): Native transition profile | phase 7 | state 3 | event c351
V/DH2Native( 7985): Native transition profile | phase 8 | state 3 | event c351
I/DH2Native( 7985): Blended character event | event 0x24 | clip 1040 | slot 0 | phase 5 | lag 0
I/DH2Native( 7985): Blended character event | event 0x26 | clip 1040 | slot 0 | phase 5 | lag 0
I/DH2Native( 7985): Character animation selected | state 4 | flags 23c1 | sequence 280 | clip 1126 | actor state service
I/DH2Native( 7985): Locomotion clip: Walk | original selected clip 1126 | timeline speed 1.29999995 | authored restart
I/DH2Native( 7985): Character state event | state 4 | event 1d | prior 3 | flags 23c1
I/DH2Native( 7985): Player source state | previous 3 | current 4 | event 0xc351 | flags 23c1 | root 280 | clip 1126 | position -1314.8738 -738.7547 41.7078 | Step 1671
I/DH2Native( 7985): Native actor frame | scene 50548 | Step 1680 | actor 1680 | source phase 5 | clip 1126 | ms 347 | replays 88 | body -13.844 -7.38755 | contacts 0 0 | state 4 | body present 1 | timeline scale 1.29999995
I/DH2Native( 7985): Blended character event | event 0x28 | clip 1126 | slot 1 | phase 1 | lag 23
I/DH2Native( 7985): Original player animation event delivered | name step_left | lag 23 | Lua status 0 | same Script/World/Scene/PFFloor
I/DH2Native( 7985): Actor clip completed | _prim_tmp_cultist05 | state Idle | completions 38 | active 1 | next clip 1259 | layers 1
I/DH2Native( 7985): Actor clip completed | _prim_tmp_cultist06 | state Idle | completions 38 | active 1 | next clip 1258 | layers 1
I/DH2Native( 7985): Actor clip completed | _prim_Monster | state Idle | completions 38 | active 1 | next clip 1258 | layers 1
I/DH2Native( 7985): Actor clip completed | _prim_Monster02 | state Idle | completions 38 | active 1 | next clip 1258 | layers 1
I/DH2Native( 7985): Actor clip completed | _prim_Monster05 | state Idle | completions 38 | active 1 | next clip 1258 | layers 1
I/DH2Native( 7985): Actor clip completed | _prim_Monster_Ghost05 | state Idle | completions 11 | active 1 | next clip 706 | layers 1
I/DH2Native( 7985): Actor clip completed | _prim_Monster_Ghost06 | state Idle | completions 11 | active 1 | next clip 706 | layers 1
I/DH2Native( 7985): Player position -1460.7515 -738.7547 41.7078 | moved 353 | blocked 62
I/DH2Native( 7985): Player facing | angle 4.71238899 | native updates 415
I/DH2Native( 7985): Character state event | state 4 | event 3f | prior 0 | flags 23c1
V/DH2Native( 7985): Native transition profile | phase 7 | state 4 | event 3f
V/DH2Native( 7985): Native transition profile | phase 8 | state 4 | event 3f
I/DH2Native( 7985): Blended character event | event 0x24 | clip 1126 | slot 1 | phase 5 | lag 0
I/DH2Native( 7985): Blended character event | event 0x26 | clip 1126 | slot 1 | phase 5 | lag 0
I/DH2Native( 7985): Character animation selected | state 3 | flags 2380 | sequence 262 | clip 1040 | actor state service
I/DH2Native( 7985): Character state event | state 3 | event 1d | prior 4 | flags 2380
I/DH2Native( 7985): Player source state | previous 4 | current 3 | event 0x3f | flags 2380 | root 262 | clip 1040 | position -1460.7515 -738.7547 41.7078 | Step 1689
I/DH2Native( 7985): Blended character event | event 0x28 | clip 1040 | slot 0 | phase 1 | lag 4
I/DH2Native( 7985): Player position -1460.7515 -738.7547 41.7078 | moved 353 | blocked 62
I/DH2Native( 7985): Player facing | angle 4.71238899 | native updates 415
I/DH2Native( 7985): Player position -1460.7515 -738.7547 41.7078 | moved 353 | blocked 62
I/DH2Native( 7985): Player facing | angle 4.71238899 | native updates 415
I/DH2Native( 7985): Blended character event | event 0x27 | clip 1040 | slot 0 | phase 4 | lag 0
I/DH2Native( 7985): Blended character event | event 0x25 | clip 1040 | slot 0 | phase 4 | lag 0
I/DH2Native( 7985): Blended character event | event 0x23 | clip 1040 | slot 0 | phase 4 | lag 0
I/DH2Native( 7985): Blended character event | event 0x24 | clip 1040 | slot 0 | phase 5 | lag 0
I/DH2Native( 7985): Blended character event | event 0x26 | clip 1040 | slot 0 | phase 5 | lag 0
V/DH2Native( 7985): Native transition profile | phase 7 | state 3 | event c351
V/DH2Native( 7985): Native transition profile | phase 8 | state 3 | event c351
I/DH2Native( 7985): Blended character event | event 0x24 | clip 1040 | slot 1 | phase 5 | lag 0
I/DH2Native( 7985): Blended character event | event 0x26 | clip 1040 | slot 1 | phase 5 | lag 0
I/DH2Native( 7985): Character animation selected | state 4 | flags 23c1 | sequence 280 | clip 1126 | actor state service
I/DH2Native( 7985): Locomotion clip: Walk | original selected clip 1126 | timeline speed 1.29999995 | authored restart
I/DH2Native( 7985): Character state event | state 4 | event 1d | prior 3 | flags 23c1
I/DH2Native( 7985): Player source state | previous 3 | current 4 | event 0xc351 | flags 23c1 | root 280 | clip 1126 | position -1460.7515 -738.7547 41.7078 | Step 1731
I/DH2Native( 7985): Actor clip completed | _prim_tmp_cultist05 | state Idle | completions 39 | active 1 | next clip 1258 | layers 1
I/DH2Native( 7985): Actor clip completed | _prim_tmp_cultist06 | state Idle | completions 39 | active 1 | next clip 1258 | layers 1
I/DH2Native( 7985): Actor clip completed | _prim_Monster | state Idle | completions 39 | active 1 | next clip 1259 | layers 1
I/DH2Native( 7985): Actor clip completed | _prim_Monster02 | state Idle | completions 39 | active 1 | next clip 1258 | layers 1
I/DH2Native( 7985): Actor clip completed | _prim_Monster05 | state Idle | completions 39 | active 1 | next clip 1259 | layers 1
I/DH2Native( 7985): Actor clip completed | _prim_tmp_cultist08 | state Idle | completions 8 | active 1 | next clip 1194 | layers 1
I/DH2Native( 7985): Player position -1461.6851 -708.6838 41.7078 | moved 358 | blocked 64
I/DH2Native( 7985): Player facing | angle 2.21168089 | native updates 422
I/DH2Native( 7985): Character state event | state 4 | event 3f | prior 0 | flags 23c1
V/DH2Native( 7985): Native transition profile | phase 7 | state 4 | event 3f
V/DH2Native( 7985): Native transition profile | phase 8 | state 4 | event 3f
I/DH2Native( 7985): Blended character event | event 0x24 | clip 1126 | slot 0 | phase 5 | lag 0
I/DH2Native( 7985): Blended character event | event 0x26 | clip 1126 | slot 0 | phase 5 | lag 0
I/DH2Native( 7985): Character animation selected | state 3 | flags 2380 | sequence 262 | clip 1040 | actor state service
I/DH2Native( 7985): Character state event | state 3 | event 1d | prior 4 | flags 2380
I/DH2Native( 7985): Player source state | previous 4 | current 3 | event 0x3f | flags 2380 | root 262 | clip 1040 | position -1461.6851 -708.6838 41.7078 | Step 1738
I/DH2Native( 7985): Blended character event | event 0x28 | clip 1040 | slot 1 | phase 1 | lag 12
I/DH2Native( 7985): Actor clip completed | _prim_tmp_cultist07 | state Idle | completions 6 | active 1 | next clip 1195 | layers 1
I/DH2Native( 7985): Player position -1461.6851 -708.6838 41.7078 | moved 358 | blocked 64
I/DH2Native( 7985): Player facing | angle 1.57079637 | native updates 422
I/DH2Native( 7985): Player position -1461.6851 -708.6838 41.7078 | moved 358 | blocked 64
I/DH2Native( 7985): Player facing | angle 1.57079637 | native updates 422
I/DH2Native( 7985): Blended character event | event 0x27 | clip 1040 | slot 1 | phase 4 | lag 0
I/DH2Native( 7985): Blended character event | event 0x25 | clip 1040 | slot 1 | phase 4 | lag 0
I/DH2Native( 7985): Blended character event | event 0x23 | clip 1040 | slot 1 | phase 4 | lag 0
I/DH2Native( 7985): Blended character event | event 0x24 | clip 1040 | slot 1 | phase 5 | lag 0
I/DH2Native( 7985): Blended character event | event 0x26 | clip 1040 | slot 1 | phase 5 | lag 0
I/DH2Native( 7985): Actor clip completed | _prim_tmp_cultist05 | state Idle | completions 40 | active 1 | next clip 1259 | layers 1
I/DH2Native( 7985): Actor clip completed | _prim_tmp_cultist06 | state Idle | completions 40 | active 1 | next clip 1258 | layers 1
I/DH2Native( 7985): Actor clip completed | _prim_Monster | state Idle | completions 40 | active 1 | next clip 1258 | layers 1
I/DH2Native( 7985): Actor clip completed | _prim_Monster02 | state Idle | completions 40 | active 1 | next clip 1258 | layers 1
I/DH2Native( 7985): Actor clip completed | _prim_Monster05 | state Idle | completions 40 | active 1 | next clip 1258 | layers 1
V/DH2Native( 7985): Native transition profile | phase 7 | state 3 | event c351
V/DH2Native( 7985): Native transition profile | phase 8 | state 3 | event c351
I/DH2Native( 7985): Blended character event | event 0x24 | clip 1040 | slot 0 | phase 5 | lag 0
I/DH2Native( 7985): Blended character event | event 0x26 | clip 1040 | slot 0 | phase 5 | lag 0
I/DH2Native( 7985): Character animation selected | state 4 | flags 23c1 | sequence 280 | clip 1126 | actor state service
I/DH2Native( 7985): Locomotion clip: Walk | original selected clip 1126 | timeline speed 1.29999995 | authored restart
I/DH2Native( 7985): Character state event | state 4 | event 1d | prior 3 | flags 23c1
I/DH2Native( 7985): Player source state | previous 3 | current 4 | event 0xc351 | flags 23c1 | root 280 | clip 1126 | position -1461.6851 -708.6838 41.7078 | Step 1779
I/DH2Native( 7985): Blended character event | event 0x28 | clip 1126 | slot 1 | phase 1 | lag 2
I/DH2Native( 7985): Original player animation event delivered | name step_left | lag 2 | Lua status 0 | same Script/World/Scene/PFFloor
I/DH2Native( 7985): Player position -1327.8055 -708.6838 41.7078 | moved 371 | blocked 66
I/DH2Native( 7985): Player facing | angle 1.57079637 | native updates 437
I/DH2Native( 7985): Character state event | state 4 | event 3f | prior 0 | flags 23c1
V/DH2Native( 7985): Native transition profile | phase 7 | state 4 | event 3f
V/DH2Native( 7985): Native transition profile | phase 8 | state 4 | event 3f
I/DH2Native( 7985): Blended character event | event 0x24 | clip 1126 | slot 1 | phase 5 | lag 0
I/DH2Native( 7985): Blended character event | event 0x26 | clip 1126 | slot 1 | phase 5 | lag 0
I/DH2Native( 7985): Character animation selected | state 3 | flags 2380 | sequence 262 | clip 1040 | actor state service
I/DH2Native( 7985): Character state event | state 3 | event 1d | prior 4 | flags 2380
I/DH2Native( 7985): Player source state | previous 4 | current 3 | event 0x3f | flags 2380 | root 262 | clip 1040 | position -1327.8055 -708.6838 41.7078 | Step 1794
I/DH2Native( 7985): Native actor frame | scene 54225 | Step 1800 | actor 1800 | source phase 5 | clip 1040 | ms 182 | replays 95 | body -13.2781 -7.08684 | contacts 0 0 | state 3 | body present 1 | timeline scale 1
I/DH2Native( 7985): Blended character event | event 0x28 | clip 1040 | slot 0 | phase 1 | lag 18
I/DH2Native( 7985): Actor clip completed | _prim_tmp_cultist05 | state Idle | completions 41 | active 1 | next clip 1258 | layers 1
I/DH2Native( 7985): Actor clip completed | _prim_tmp_cultist06 | state Idle | completions 41 | active 1 | next clip 1258 | layers 1
I/DH2Native( 7985): Actor clip completed | _prim_Monster | state Idle | completions 41 | active 1 | next clip 1258 | layers 1
I/DH2Native( 7985): Actor clip completed | _prim_Monster02 | state Idle | completions 41 | active 1 | next clip 1258 | layers 1
I/DH2Native( 7985): Actor clip completed | _prim_Monster05 | state Idle | completions 41 | active 1 | next clip 1258 | layers 1
I/DH2Native( 7985): Player position -1327.8055 -708.6838 41.7078 | moved 371 | blocked 66
I/DH2Native( 7985): Player facing | angle 1.57079637 | native updates 437
I/DH2Native( 7985): Player position -1327.8055 -708.6838 41.7078 | moved 371 | blocked 66
I/DH2Native( 7985): Player facing | angle 1.57079637 | native updates 437
I/DH2Native( 7985): Blended character event | event 0x27 | clip 1040 | slot 0 | phase 4 | lag 0
I/DH2Native( 7985): Blended character event | event 0x25 | clip 1040 | slot 0 | phase 4 | lag 0
I/DH2Native( 7985): Blended character event | event 0x23 | clip 1040 | slot 0 | phase 4 | lag 0
I/DH2Native( 7985): Blended character event | event 0x24 | clip 1040 | slot 0 | phase 5 | lag 0
I/DH2Native( 7985): Blended character event | event 0x26 | clip 1040 | slot 0 | phase 5 | lag 0
V/DH2Native( 7985): Native transition profile | phase 7 | state 3 | event c351
V/DH2Native( 7985): Native transition profile | phase 8 | state 3 | event c351
I/DH2Native( 7985): Blended character event | event 0x24 | clip 1040 | slot 1 | phase 5 | lag 0
I/DH2Native( 7985): Blended character event | event 0x26 | clip 1040 | slot 1 | phase 5 | lag 0
I/DH2Native( 7985): Character animation selected | state 4 | flags 23c1 | sequence 280 | clip 1126 | actor state service
I/DH2Native( 7985): Locomotion clip: Walk | original selected clip 1126 | timeline speed 1.29999995 | authored restart
I/DH2Native( 7985): Character state event | state 4 | event 1d | prior 3 | flags 23c1
I/DH2Native( 7985): Player source state | previous 3 | current 4 | event 0xc351 | flags 23c1 | root 280 | clip 1126 | position -1327.8055 -708.6838 41.7078 | Step 1836
I/DH2Native( 7985): Actor clip completed | _prim_Monster_Ghost05 | state Idle | completions 12 | active 1 | next clip 706 | layers 1
I/DH2Native( 7985): Actor clip completed | _prim_Monster_Ghost06 | state Idle | completions 12 | active 1 | next clip 706 | layers 1
I/DH2Native( 7985): Player position -1327.0770 -677.2061 41.7077 | moved 376 | blocked 68
I/DH2Native( 7985): Player facing | angle 4.13433599 | native updates 444
I/DH2Native( 7985): Character state event | state 4 | event 3f | prior 0 | flags 23c1
V/DH2Native( 7985): Native transition profile | phase 7 | state 4 | event 3f
V/DH2Native( 7985): Native transition profile | phase 8 | state 4 | event 3f
I/DH2Native( 7985): Blended character event | event 0x24 | clip 1126 | slot 0 | phase 5 | lag 0
I/DH2Native( 7985): Blended character event | event 0x26 | clip 1126 | slot 0 | phase 5 | lag 0
I/DH2Native( 7985): Character animation selected | state 3 | flags 2380 | sequence 262 | clip 1040 | actor state service
I/DH2Native( 7985): Character state event | state 3 | event 1d | prior 4 | flags 2380
I/DH2Native( 7985): Player source state | previous 4 | current 3 | event 0x3f | flags 2380 | root 262 | clip 1040 | position -1327.0770 -677.2061 41.7077 | Step 1843
I/DH2Native( 7985): Actor clip completed | _prim_tmp_cultist01 | state Idle | completions 7 | active 1 | next clip 1194 | layers 1
I/DH2Native( 7985): Blended character event | event 0x28 | clip 1040 | slot 1 | phase 1 | lag 11
I/DH2Native( 7985): Actor clip completed | _prim_tmp_cultist05 | state Idle | completions 42 | active 1 | next clip 1258 | layers 1
I/DH2Native( 7985): Actor clip completed | _prim_tmp_cultist06 | state Idle | completions 42 | active 1 | next clip 1258 | layers 1
I/DH2Native( 7985): Actor clip completed | _prim_Monster | state Idle | completions 42 | active 1 | next clip 1258 | layers 1
I/DH2Native( 7985): Actor clip completed | _prim_Monster02 | state Idle | completions 42 | active 1 | next clip 1258 | layers 1
I/DH2Native( 7985): Actor clip completed | _prim_Monster05 | state Idle | completions 42 | active 1 | next clip 1258 | layers 1
I/DH2Native( 7985): Player position -1327.0770 -677.2061 41.7077 | moved 376 | blocked 68
I/DH2Native( 7985): Player facing | angle 4.71238899 | native updates 444
I/DH2Native( 7985): Player position -1327.0770 -677.2061 41.7077 | moved 376 | blocked 68
I/DH2Native( 7985): Player facing | angle 4.71238899 | native updates 444
I/DH2Native( 7985): Blended character event | event 0x27 | clip 1040 | slot 1 | phase 4 | lag 0
I/DH2Native( 7985): Blended character event | event 0x25 | clip 1040 | slot 1 | phase 4 | lag 0
I/DH2Native( 7985): Blended character event | event 0x23 | clip 1040 | slot 1 | phase 4 | lag 0
I/DH2Native( 7985): Blended character event | event 0x24 | clip 1040 | slot 1 | phase 5 | lag 0
I/DH2Native( 7985): Blended character event | event 0x26 | clip 1040 | slot 1 | phase 5 | lag 0
V/DH2Native( 7985): Native transition profile | phase 7 | state 3 | event c351
V/DH2Native( 7985): Native transition profile | phase 8 | state 3 | event c351
I/DH2Native( 7985): Blended character event | event 0x24 | clip 1040 | slot 0 | phase 5 | lag 0
I/DH2Native( 7985): Blended character event | event 0x26 | clip 1040 | slot 0 | phase 5 | lag 0
I/DH2Native( 7985): Character animation selected | state 4 | flags 23c1 | sequence 280 | clip 1126 | actor state service
I/DH2Native( 7985): Locomotion clip: Walk | original selected clip 1126 | timeline speed 1.29999995 | authored restart
I/DH2Native( 7985): Character state event | state 4 | event 1d | prior 3 | flags 23c1
I/DH2Native( 7985): Player source state | previous 3 | current 4 | event 0xc351 | flags 23c1 | root 280 | clip 1126 | position -1327.0770 -677.2061 41.7077 | Step 1885
I/DH2Native( 7985): Blended character event | event 0x28 | clip 1126 | slot 1 | phase 1 | lag 2
I/DH2Native( 7985): Original player animation event delivered | name step_left | lag 2 | Lua status 0 | same Script/World/Scene/PFFloor
I/DH2Native( 7985): Player position -1466.7601 -677.2061 41.7077 | moved 395 | blocked 70
I/DH2Native( 7985): Player facing | angle 4.71238899 | native updates 465
I/DH2Native( 7985): Character state event | state 4 | event 3f | prior 0 | flags 23c1
V/DH2Native( 7985): Native transition profile | phase 7 | state 4 | event 3f
V/DH2Native( 7985): Native transition profile | phase 8 | state 4 | event 3f
I/DH2Native( 7985): Blended character event | event 0x24 | clip 1126 | slot 1 | phase 5 | lag 0
I/DH2Native( 7985): Blended character event | event 0x26 | clip 1126 | slot 1 | phase 5 | lag 0
I/DH2Native( 7985): Character animation selected | state 3 | flags 2380 | sequence 262 | clip 1040 | actor state service
I/DH2Native( 7985): Character state event | state 3 | event 1d | prior 4 | flags 2380
I/DH2Native( 7985): Player source state | previous 4 | current 3 | event 0x3f | flags 2380 | root 262 | clip 1040 | position -1466.7601 -677.2061 41.7077 | Step 1906
I/DH2Native( 7985): Actor clip completed | _prim_tmp_cultist05 | state Idle | completions 43 | active 1 | next clip 1258 | layers 1
I/DH2Native( 7985): Actor clip completed | _prim_tmp_cultist06 | state Idle | completions 43 | active 1 | next clip 1259 | layers 1
I/DH2Native( 7985): Actor clip completed | _prim_Monster | state Idle | completions 43 | active 1 | next clip 1258 | layers 1
I/DH2Native( 7985): Actor clip completed | _prim_Monster02 | state Idle | completions 43 | active 1 | next clip 1258 | layers 1
I/DH2Native( 7985): Actor clip completed | _prim_Monster05 | state Idle | completions 43 | active 1 | next clip 1258 | layers 1
I/DH2Native( 7985): Native actor frame | scene 57688 | Step 1920 | actor 1920 | source phase 5 | clip 1040 | ms 435 | replays 101 | body -14.6676 -6.77206 | contacts 0 0 | state 3 | body present 1 | timeline scale 1
I/DH2Native( 7985): Blended character event | event 0x28 | clip 1040 | slot 0 | phase 1 | lag 7
I/DH2Native( 7985): Player position -1466.7601 -677.2061 41.7077 | moved 395 | blocked 70
I/DH2Native( 7985): Player facing | angle 4.71238899 | native updates 465
I/DH2Native( 7985): Player position -1466.7601 -677.2061 41.7077 | moved 395 | blocked 70
I/DH2Native( 7985): Player facing | angle 4.71238899 | native updates 465
I/DH2Native( 7985): Blended character event | event 0x27 | clip 1040 | slot 0 | phase 4 | lag 0
I/DH2Native( 7985): Blended character event | event 0x25 | clip 1040 | slot 0 | phase 4 | lag 0
I/DH2Native( 7985): Blended character event | event 0x23 | clip 1040 | slot 0 | phase 4 | lag 0
I/DH2Native( 7985): Blended character event | event 0x24 | clip 1040 | slot 0 | phase 5 | lag 0
I/DH2Native( 7985): Blended character event | event 0x26 | clip 1040 | slot 0 | phase 5 | lag 0
V/DH2Native( 7985): Native transition profile | phase 7 | state 3 | event c351
V/DH2Native( 7985): Native transition profile | phase 8 | state 3 | event c351
I/DH2Native( 7985): Blended character event | event 0x24 | clip 1040 | slot 1 | phase 5 | lag 0
I/DH2Native( 7985): Blended character event | event 0x26 | clip 1040 | slot 1 | phase 5 | lag 0
I/DH2Native( 7985): Character animation selected | state 4 | flags 23c1 | sequence 280 | clip 1126 | actor state service
I/DH2Native( 7985): Locomotion clip: Walk | original selected clip 1126 | timeline speed 1.29999995 | authored restart
I/DH2Native( 7985): Character state event | state 4 | event 1d | prior 3 | flags 23c1
I/DH2Native( 7985): Player source state | previous 3 | current 4 | event 0xc351 | flags 23c1 | root 280 | clip 1126 | position -1466.7601 -677.2061 41.7077 | Step 1948
I/DH2Native( 7985): Actor clip completed | _prim_tmp_cultist03 | state Idle | completions 8 | active 1 | next clip 1195 | layers 1
I/DH2Native( 7985): Actor clip completed | _prim_tmp_cultist05 | state Idle | completions 44 | active 1 | next clip 1258 | layers 1
I/DH2Native( 7985): Actor clip completed | _prim_tmp_cultist06 | state Idle | completions 44 | active 1 | next clip 1258 | layers 1
I/DH2Native( 7985): Actor clip completed | _prim_Monster | state Idle | completions 44 | active 1 | next clip 1258 | layers 1
I/DH2Native( 7985): Actor clip completed | _prim_Monster02 | state Idle | completions 44 | active 1 | next clip 1259 | layers 1
I/DH2Native( 7985): Actor clip completed | _prim_Monster05 | state Idle | completions 44 | active 1 | next clip 1258 | layers 1
I/DH2Native( 7985): Player position -1465.0658 -643.8853 52.7512 | moved 401 | blocked 72
I/DH2Native( 7985): Player facing | angle 2.03575158 | native updates 473
I/DH2Native( 7985): Character state event | state 4 | event 3f | prior 0 | flags 23c1
V/DH2Native( 7985): Native transition profile | phase 7 | state 4 | event 3f
V/DH2Native( 7985): Native transition profile | phase 8 | state 4 | event 3f
I/DH2Native( 7985): Blended character event | event 0x24 | clip 1126 | slot 0 | phase 5 | lag 0
I/DH2Native( 7985): Blended character event | event 0x26 | clip 1126 | slot 0 | phase 5 | lag 0
I/DH2Native( 7985): Character animation selected | state 3 | flags 2380 | sequence 262 | clip 1040 | actor state service
I/DH2Native( 7985): Character state event | state 3 | event 1d | prior 4 | flags 2380
I/DH2Native( 7985): Player source state | previous 4 | current 3 | event 0x3f | flags 2380 | root 262 | clip 1040 | position -1465.0658 -643.8853 52.7512 | Step 1956
I/DH2Native( 7985): Actor clip completed | _prim_tmp_cultist07 | state Idle | completions 7 | active 1 | next clip 1194 | layers 1
I/DH2Native( 7985): Blended character event | event 0x28 | clip 1040 | slot 1 | phase 1 | lag 15
I/DH2Native( 7985): Player position -1465.0658 -643.8853 52.7512 | moved 401 | blocked 72
I/DH2Native( 7985): Player facing | angle 1.57079637 | native updates 473
I/DH2Native( 7985): Player position -1465.0658 -643.8853 52.7512 | moved 401 | blocked 72
I/DH2Native( 7985): Player facing | angle 1.57079637 | native updates 473
I/DH2Native( 7985): Blended character event | event 0x27 | clip 1040 | slot 1 | phase 4 | lag 0
I/DH2Native( 7985): Blended character event | event 0x25 | clip 1040 | slot 1 | phase 4 | lag 0
I/DH2Native( 7985): Blended character event | event 0x23 | clip 1040 | slot 1 | phase 4 | lag 0
I/DH2Native( 7985): Blended character event | event 0x24 | clip 1040 | slot 1 | phase 5 | lag 0
I/DH2Native( 7985): Blended character event | event 0x26 | clip 1040 | slot 1 | phase 5 | lag 0
V/DH2Native( 7985): Native transition profile | phase 7 | state 3 | event c351
V/DH2Native( 7985): Native transition profile | phase 8 | state 3 | event c351
I/DH2Native( 7985): Blended character event | event 0x24 | clip 1040 | slot 0 | phase 5 | lag 0
I/DH2Native( 7985): Blended character event | event 0x26 | clip 1040 | slot 0 | phase 5 | lag 0
I/DH2Native( 7985): Character animation selected | state 4 | flags 23c1 | sequence 280 | clip 1126 | actor state service
I/DH2Native( 7985): Locomotion clip: Walk | original selected clip 1126 | timeline speed 1.29999995 | authored restart
I/DH2Native( 7985): Character state event | state 4 | event 1d | prior 3 | flags 23c1
I/DH2Native( 7985): Player source state | previous 3 | current 4 | event 0xc351 | flags 23c1 | root 280 | clip 1126 | position -1465.0658 -643.8853 52.7512 | Step 2000
I/DH2Native( 7985): Actor clip completed | _prim_tmp_cultist05 | state Idle | completions 45 | active 1 | next clip 1258 | layers 1
I/DH2Native( 7985): Actor clip completed | _prim_tmp_cultist06 | state Idle | completions 45 | active 1 | next clip 1258 | layers 1
I/DH2Native( 7985): Actor clip completed | _prim_Monster | state Idle | completions 45 | active 1 | next clip 1259 | layers 1
I/DH2Native( 7985): Actor clip completed | _prim_Monster02 | state Idle | completions 45 | active 1 | next clip 1258 | layers 1
I/DH2Native( 7985): Actor clip completed | _prim_Monster05 | state Idle | completions 45 | active 1 | next clip 1258 | layers 1
I/DH2Native( 7985): Actor clip completed | _prim_Monster_Ghost05 | state Idle | completions 13 | active 1 | next clip 706 | layers 1
I/DH2Native( 7985): Actor clip completed | _prim_Monster_Ghost06 | state Idle | completions 13 | active 1 | next clip 706 | layers 1
I/DH2Native( 7985): Blended character event | event 0x28 | clip 1126 | slot 1 | phase 1 | lag 23
I/DH2Native( 7985): Original player animation event delivered | name step_left | lag 23 | Lua status 0 | same Script/World/Scene/PFFloor
I/DH2Native( 7985): Player position -1317.7494 -643.8853 57.2990 | moved 421 | blocked 74
I/DH2Native( 7985): Player facing | angle 1.57079637 | native updates 495
I/DH2Native( 7985): Character state event | state 4 | event 3f | prior 0 | flags 23c1
V/DH2Native( 7985): Native transition profile | phase 7 | state 4 | event 3f
V/DH2Native( 7985): Native transition profile | phase 8 | state 4 | event 3f
I/DH2Native( 7985): Blended character event | event 0x24 | clip 1126 | slot 1 | phase 5 | lag 0
I/DH2Native( 7985): Blended character event | event 0x26 | clip 1126 | slot 1 | phase 5 | lag 0
I/DH2Native( 7985): Character animation selected | state 3 | flags 2380 | sequence 262 | clip 1040 | actor state service
I/DH2Native( 7985): Character state event | state 3 | event 1d | prior 4 | flags 2380
I/DH2Native( 7985): Player source state | previous 4 | current 3 | event 0x3f | flags 2380 | root 262 | clip 1040 | position -1317.7494 -643.8853 57.2990 | Step 2022
I/DH2Native( 7985): Blended character event | event 0x28 | clip 1040 | slot 0 | phase 1 | lag 12
I/DH2Native( 7985): Native actor frame | scene 61085 | Step 2040 | actor 2040 | source phase 5 | clip 1040 | ms 579 | replays 107 | body -13.1775 -6.43885 | contacts 0 0 | state 3 | body present 1 | timeline scale 1
I/DH2Native( 7985): Player position -1317.7494 -643.8853 57.2990 | moved 421 | blocked 74
I/DH2Native( 7985): Player facing | angle 1.57079637 | native updates 495
I/DH2Native( 7985): Player position -1317.7494 -643.8853 57.2990 | moved 421 | blocked 74
I/DH2Native( 7985): Player facing | angle 1.57079637 | native updates 495
I/DH2Native( 7985): Actor clip completed | _prim_tmp_cultist05 | state Idle | completions 46 | active 1 | next clip 1258 | layers 1
I/DH2Native( 7985): Actor clip completed | _prim_tmp_cultist06 | state Idle | completions 46 | active 1 | next clip 1258 | layers 1
I/DH2Native( 7985): Actor clip completed | _prim_Monster | state Idle | completions 46 | active 1 | next clip 1258 | layers 1
I/DH2Native( 7985): Actor clip completed | _prim_Monster02 | state Idle | completions 46 | active 1 | next clip 1258 | layers 1
I/DH2Native( 7985): Actor clip completed | _prim_Monster05 | state Idle | completions 46 | active 1 | next clip 1258 | layers 1
I/DH2Native( 7985): Actor clip completed | _prim_tmp_cultist08 | state Idle | completions 9 | active 1 | next clip 1194 | layers 1
I/DH2Native( 7985): Blended character event | event 0x27 | clip 1040 | slot 0 | phase 4 | lag 0
I/DH2Native( 7985): Blended character event | event 0x25 | clip 1040 | slot 0 | phase 4 | lag 0
I/DH2Native( 7985): Blended character event | event 0x23 | clip 1040 | slot 0 | phase 4 | lag 0
I/DH2Native( 7985): Blended character event | event 0x24 | clip 1040 | slot 0 | phase 5 | lag 0
I/DH2Native( 7985): Blended character event | event 0x26 | clip 1040 | slot 0 | phase 5 | lag 0
V/DH2Native( 7985): Native transition profile | phase 7 | state 3 | event c351
V/DH2Native( 7985): Native transition profile | phase 8 | state 3 | event c351
I/DH2Native( 7985): Blended character event | event 0x24 | clip 1040 | slot 1 | phase 5 | lag 0
I/DH2Native( 7985): Blended character event | event 0x26 | clip 1040 | slot 1 | phase 5 | lag 0
I/DH2Native( 7985): Character animation selected | state 4 | flags 23c1 | sequence 280 | clip 1126 | actor state service
I/DH2Native( 7985): Locomotion clip: Walk | original selected clip 1126 | timeline speed 1.29999995 | authored restart
I/DH2Native( 7985): Character state event | state 4 | event 1d | prior 3 | flags 23c1
I/DH2Native( 7985): Player source state | previous 3 | current 4 | event 0xc351 | flags 23c1 | root 280 | clip 1126 | position -1317.7494 -643.8853 57.2990 | Step 2064
I/DH2Native( 7985): Player position -1322.4564 -608.3449 75.0975 | moved 427 | blocked 76
I/DH2Native( 7985): Player facing | angle 4.44849586 | native updates 503
I/DH2Native( 7985): Character state event | state 4 | event 3f | prior 0 | flags 23c1
V/DH2Native( 7985): Native transition profile | phase 7 | state 4 | event 3f
V/DH2Native( 7985): Native transition profile | phase 8 | state 4 | event 3f
I/DH2Native( 7985): Blended character event | event 0x24 | clip 1126 | slot 0 | phase 5 | lag 0
I/DH2Native( 7985): Blended character event | event 0x26 | clip 1126 | slot 0 | phase 5 | lag 0
I/DH2Native( 7985): Character animation selected | state 3 | flags 2380 | sequence 262 | clip 1040 | actor state service
I/DH2Native( 7985): Character state event | state 3 | event 1d | prior 4 | flags 2380
I/DH2Native( 7985): Player source state | previous 4 | current 3 | event 0x3f | flags 2380 | root 262 | clip 1040 | position -1322.4564 -608.3449 75.0975 | Step 2072
I/DH2Native( 7985): Blended character event | event 0x28 | clip 1040 | slot 1 | phase 1 | lag 25
I/DH2Native( 7985): Player position -1322.4564 -608.3449 75.0975 | moved 427 | blocked 76
I/DH2Native( 7985): Player facing | angle 4.71238899 | native updates 503
I/DH2Native( 7985): Player position -1322.4564 -608.3449 75.0975 | moved 427 | blocked 76
I/DH2Native( 7985): Player facing | angle 4.71238899 | native updates 503
I/DH2Native( 7985): Actor clip completed | _prim_tmp_cultist05 | state Idle | completions 47 | active 1 | next clip 1258 | layers 1
I/DH2Native( 7985): Actor clip completed | _prim_tmp_cultist06 | state Idle | completions 47 | active 1 | next clip 1258 | layers 1
I/DH2Native( 7985): Actor clip completed | _prim_Monster | state Idle | completions 47 | active 1 | next clip 1258 | layers 1
I/DH2Native( 7985): Actor clip completed | _prim_Monster02 | state Idle | completions 47 | active 1 | next clip 1258 | layers 1
I/DH2Native( 7985): Actor clip completed | _prim_Monster05 | state Idle | completions 47 | active 1 | next clip 1258 | layers 1
I/DH2Native( 7985): Blended character event | event 0x27 | clip 1040 | slot 1 | phase 4 | lag 0
I/DH2Native( 7985): Blended character event | event 0x25 | clip 1040 | slot 1 | phase 4 | lag 0
I/DH2Native( 7985): Blended character event | event 0x23 | clip 1040 | slot 1 | phase 4 | lag 0
I/DH2Native( 7985): Blended character event | event 0x24 | clip 1040 | slot 1 | phase 5 | lag 0
I/DH2Native( 7985): Blended character event | event 0x26 | clip 1040 | slot 1 | phase 5 | lag 0
V/DH2Native( 7985): Native transition profile | phase 7 | state 3 | event c351
V/DH2Native( 7985): Native transition profile | phase 8 | state 3 | event c351
I/DH2Native( 7985): Blended character event | event 0x24 | clip 1040 | slot 0 | phase 5 | lag 0
I/DH2Native( 7985): Blended character event | event 0x26 | clip 1040 | slot 0 | phase 5 | lag 0
I/DH2Native( 7985): Character animation selected | state 4 | flags 23c1 | sequence 280 | clip 1126 | actor state service
I/DH2Native( 7985): Locomotion clip: Walk | original selected clip 1126 | timeline speed 1.29999995 | authored restart
I/DH2Native( 7985): Character state event | state 4 | event 1d | prior 3 | flags 23c1
I/DH2Native( 7985): Player source state | previous 3 | current 4 | event 0xc351 | flags 23c1 | root 280 | clip 1126 | position -1322.4564 -608.3449 75.0975 | Step 2116
I/DH2Native( 7985): Blended character event | event 0x28 | clip 1126 | slot 1 | phase 1 | lag 11
I/DH2Native( 7985): Original player animation event delivered | name step_left | lag 11 | Lua status 0 | same Script/World/Scene/PFFloor
I/DH2Native( 7985): Player position -1475.3712 -608.3449 70.3769 | moved 448 | blocked 78
I/DH2Native( 7985): Player facing | angle 4.71238899 | native updates 526
I/DH2Native( 7985): Character state event | state 4 | event 3f | prior 0 | flags 23c1
V/DH2Native( 7985): Native transition profile | phase 7 | state 4 | event 3f
V/DH2Native( 7985): Native transition profile | phase 8 | state 4 | event 3f
I/DH2Native( 7985): Blended character event | event 0x24 | clip 1126 | slot 1 | phase 5 | lag 0
I/DH2Native( 7985): Blended character event | event 0x26 | clip 1126 | slot 1 | phase 5 | lag 0
I/DH2Native( 7985): Character animation selected | state 3 | flags 2380 | sequence 262 | clip 1040 | actor state service
I/DH2Native( 7985): Character state event | state 3 | event 1d | prior 4 | flags 2380
I/DH2Native( 7985): Player source state | previous 4 | current 3 | event 0x3f | flags 2380 | root 262 | clip 1040 | position -1475.3712 -608.3449 70.3769 | Step 2139
I/DH2Native( 7985): Actor clip completed | _prim_tmp_cultist05 | state Idle | completions 48 | active 1 | next clip 1258 | layers 1
I/DH2Native( 7985): Actor clip completed | _prim_tmp_cultist06 | state Idle | completions 48 | active 1 | next clip 1258 | layers 1
I/DH2Native( 7985): Actor clip completed | _prim_Monster | state Idle | completions 48 | active 1 | next clip 1258 | layers 1
I/DH2Native( 7985): Actor clip completed | _prim_Monster02 | state Idle | completions 48 | active 1 | next clip 1258 | layers 1
I/DH2Native( 7985): Actor clip completed | _prim_Monster05 | state Idle | completions 48 | active 1 | next clip 1259 | layers 1
I/DH2Native( 7985): Blended character event | event 0x28 | clip 1040 | slot 0 | phase 1 | lag 11
I/DH2Native( 7985): Native actor frame | scene 64376 | Step 2160 | actor 2160 | source phase 5 | clip 1040 | ms 604 | replays 113 | body -14.7537 -6.08345 | contacts 0 0 | state 3 | body present 1 | timeline scale 1
I/DH2Native( 7985): Player position -1475.3712 -608.3449 70.3769 | moved 448 | blocked 78
I/DH2Native( 7985): Player facing | angle 4.71238899 | native updates 526
I/DH2Native( 7985): Player position -1475.3712 -608.3449 70.3769 | moved 448 | blocked 78
I/DH2Native( 7985): Player facing | angle 4.71238899 | native updates 526
I/DH2Native( 7985): Actor clip completed | _prim_tmp_cultist03 | state Idle | completions 9 | active 1 | next clip 1194 | layers 1
I/DH2Native( 7985): Actor clip completed | _prim_Monster_Ghost05 | state Idle | completions 14 | active 1 | next clip 706 | layers 1
I/DH2Native( 7985): Actor clip completed | _prim_Monster_Ghost06 | state Idle | completions 14 | active 1 | next clip 706 | layers 1
I/DH2Native( 7985): Blended character event | event 0x27 | clip 1040 | slot 0 | phase 4 | lag 0
I/DH2Native( 7985): Blended character event | event 0x25 | clip 1040 | slot 0 | phase 4 | lag 0
I/DH2Native( 7985): Blended character event | event 0x23 | clip 1040 | slot 0 | phase 4 | lag 0
I/DH2Native( 7985): Blended character event | event 0x24 | clip 1040 | slot 0 | phase 5 | lag 0
I/DH2Native( 7985): Blended character event | event 0x26 | clip 1040 | slot 0 | phase 5 | lag 0
V/DH2Native( 7985): Native transition profile | phase 7 | state 3 | event c351
V/DH2Native( 7985): Native transition profile | phase 8 | state 3 | event c351
I/DH2Native( 7985): Blended character event | event 0x24 | clip 1040 | slot 1 | phase 5 | lag 0
I/DH2Native( 7985): Blended character event | event 0x26 | clip 1040 | slot 1 | phase 5 | lag 0
I/DH2Native( 7985): Character animation selected | state 4 | flags 23c1 | sequence 280 | clip 1126 | actor state service
I/DH2Native( 7985): Locomotion clip: Walk | original selected clip 1126 | timeline speed 1.29999995 | authored restart
I/DH2Native( 7985): Character state event | state 4 | event 1d | prior 3 | flags 23c1
I/DH2Native( 7985): Player source state | previous 3 | current 4 | event 0xc351 | flags 23c1 | root 280 | clip 1126 | position -1475.3712 -608.3449 70.3769 | Step 2182
I/DH2Native( 7985): Actor clip completed | _prim_tmp_cultist01 | state Idle | completions 8 | active 1 | next clip 1194 | layers 1
I/DH2Native( 7985): Player position -1474.2211 -575.5900 86.9500 | moved 454 | blocked 80
I/DH2Native( 7985): Player facing | angle 2.06088448 | native updates 534
I/DH2Native( 7985): Character state event | state 4 | event 3f | prior 0 | flags 23c1
V/DH2Native( 7985): Native transition profile | phase 7 | state 4 | event 3f
V/DH2Native( 7985): Native transition profile | phase 8 | state 4 | event 3f
I/DH2Native( 7985): Blended character event | event 0x24 | clip 1126 | slot 0 | phase 5 | lag 0
I/DH2Native( 7985): Blended character event | event 0x26 | clip 1126 | slot 0 | phase 5 | lag 0
I/DH2Native( 7985): Character animation selected | state 3 | flags 2380 | sequence 262 | clip 1040 | actor state service
I/DH2Native( 7985): Character state event | state 3 | event 1d | prior 4 | flags 2380
I/DH2Native( 7985): Player source state | previous 4 | current 3 | event 0x3f | flags 2380 | root 262 | clip 1040 | position -1474.2211 -575.5900 86.9500 | Step 2190
I/DH2Native( 7985): Actor clip completed | _prim_tmp_cultist05 | state Idle | completions 49 | active 1 | next clip 1258 | layers 1
I/DH2Native( 7985): Actor clip completed | _prim_tmp_cultist06 | state Idle | completions 49 | active 1 | next clip 1258 | layers 1
I/DH2Native( 7985): Actor clip completed | _prim_Monster | state Idle | completions 49 | active 1 | next clip 1258 | layers 1
I/DH2Native( 7985): Actor clip completed | _prim_Monster02 | state Idle | completions 49 | active 1 | next clip 1259 | layers 1
I/DH2Native( 7985): Actor clip completed | _prim_Monster05 | state Idle | completions 49 | active 1 | next clip 1258 | layers 1
I/DH2Native( 7985): Blended character event | event 0x28 | clip 1040 | slot 1 | phase 1 | lag 21
I/DH2Native( 7985): Player position -1474.2211 -575.5900 86.9500 | moved 454 | blocked 80
I/DH2Native( 7985): Player facing | angle 1.57079637 | native updates 534
I/DH2Native( 7985): Player position -1474.2211 -575.5900 86.9500 | moved 454 | blocked 80
I/DH2Native( 7985): Player facing | angle 1.57079637 | native updates 534
I/DH2Native( 7985): Blended character event | event 0x27 | clip 1040 | slot 1 | phase 4 | lag 0
I/DH2Native( 7985): Blended character event | event 0x25 | clip 1040 | slot 1 | phase 4 | lag 0
I/DH2Native( 7985): Blended character event | event 0x23 | clip 1040 | slot 1 | phase 4 | lag 0
I/DH2Native( 7985): Blended character event | event 0x24 | clip 1040 | slot 1 | phase 5 | lag 0
I/DH2Native( 7985): Blended character event | event 0x26 | clip 1040 | slot 1 | phase 5 | lag 0
V/DH2Native( 7985): Native transition profile | phase 7 | state 3 | event c351
V/DH2Native( 7985): Native transition profile | phase 8 | state 3 | event c351
I/DH2Native( 7985): Blended character event | event 0x24 | clip 1040 | slot 0 | phase 5 | lag 0
I/DH2Native( 7985): Blended character event | event 0x26 | clip 1040 | slot 0 | phase 5 | lag 0
I/DH2Native( 7985): Character animation selected | state 4 | flags 23c1 | sequence 280 | clip 1126 | actor state service
I/DH2Native( 7985): Locomotion clip: Walk | original selected clip 1126 | timeline speed 1.29999995 | authored restart
I/DH2Native( 7985): Character state event | state 4 | event 1d | prior 3 | flags 23c1
I/DH2Native( 7985): Player source state | previous 3 | current 4 | event 0xc351 | flags 23c1 | root 280 | clip 1126 | position -1474.2211 -575.5900 86.9500 | Step 2233
I/DH2Native( 7985): Actor clip completed | _prim_tmp_cultist05 | state Idle | completions 50 | active 1 | next clip 1258 | layers 1
I/DH2Native( 7985): Actor clip completed | _prim_tmp_cultist06 | state Idle | completions 50 | active 1 | next clip 1258 | layers 1
I/DH2Native( 7985): Actor clip completed | _prim_Monster | state Idle | completions 50 | active 1 | next clip 1258 | layers 1
I/DH2Native( 7985): Actor clip completed | _prim_Monster02 | state Idle | completions 50 | active 1 | next clip 1259 | layers 1
I/DH2Native( 7985): Actor clip completed | _prim_Monster05 | state Idle | completions 50 | active 1 | next clip 1258 | layers 1
I/DH2Native( 7985): Blended character event | event 0x28 | clip 1126 | slot 1 | phase 1 | lag 20
I/DH2Native( 7985): Original player animation event delivered | name step_left | lag 20 | Lua status 0 | same Script/World/Scene/PFFloor
I/DH2Native( 7985): Player position -1323.6854 -575.5900 91.5972 | moved 474 | blocked 82
I/DH2Native( 7985): Player facing | angle 1.57079637 | native updates 556
I/DH2Native( 7985): Character state event | state 4 | event 3f | prior 0 | flags 23c1
V/DH2Native( 7985): Native transition profile | phase 7 | state 4 | event 3f
V/DH2Native( 7985): Native transition profile | phase 8 | state 4 | event 3f
I/DH2Native( 7985): Blended character event | event 0x24 | clip 1126 | slot 1 | phase 5 | lag 0
I/DH2Native( 7985): Blended character event | event 0x26 | clip 1126 | slot 1 | phase 5 | lag 0
I/DH2Native( 7985): Character animation selected | state 3 | flags 2380 | sequence 262 | clip 1040 | actor state service
I/DH2Native( 7985): Character state event | state 3 | event 1d | prior 4 | flags 2380
I/DH2Native( 7985): Player source state | previous 4 | current 3 | event 0x3f | flags 2380 | root 262 | clip 1040 | position -1323.6854 -575.5900 91.5972 | Step 2255
I/DH2Native( 7985): Blended character event | event 0x28 | clip 1040 | slot 0 | phase 1 | lag 10
I/DH2Native( 7985): Player position -1323.6854 -575.5900 91.5972 | moved 474 | blocked 82
I/DH2Native( 7985): Player facing | angle 1.57079637 | native updates 556
I/DH2Native( 7985): Native actor frame | scene 67695 | Step 2280 | actor 2280 | source phase 5 | clip 1040 | ms 717 | replays 119 | body -13.2369 -5.7559 | contacts 0 0 | state 3 | body present 1 | timeline scale 1
I/DH2Native( 7985): Player position -1323.6854 -575.5900 91.5972 | moved 474 | blocked 82
I/DH2Native( 7985): Player facing | angle 1.57079637 | native updates 556
I/DH2Native( 7985): Actor clip completed | _prim_tmp_cultist05 | state Idle | completions 51 | active 1 | next clip 1258 | layers 1
I/DH2Native( 7985): Actor clip completed | _prim_tmp_cultist06 | state Idle | completions 51 | active 1 | next clip 1258 | layers 1
I/DH2Native( 7985): Actor clip completed | _prim_Monster | state Idle | completions 51 | active 1 | next clip 1258 | layers 1
I/DH2Native( 7985): Actor clip completed | _prim_Monster02 | state Idle | completions 51 | active 1 | next clip 1258 | layers 1
I/DH2Native( 7985): Actor clip completed | _prim_Monster05 | state Idle | completions 51 | active 1 | next clip 1258 | layers 1
I/DH2Native( 7985): Blended character event | event 0x27 | clip 1040 | slot 0 | phase 4 | lag 0
I/DH2Native( 7985): Blended character event | event 0x25 | clip 1040 | slot 0 | phase 4 | lag 0
I/DH2Native( 7985): Blended character event | event 0x23 | clip 1040 | slot 0 | phase 4 | lag 0
I/DH2Native( 7985): Blended character event | event 0x24 | clip 1040 | slot 0 | phase 5 | lag 0
I/DH2Native( 7985): Blended character event | event 0x26 | clip 1040 | slot 0 | phase 5 | lag 0
I/DH2Native( 7985): Actor clip completed | _prim_tmp_cultist07 | state Idle | completions 8 | active 1 | next clip 1195 | layers 1
V/DH2Native( 7985): Native transition profile | phase 7 | state 3 | event c351
V/DH2Native( 7985): Native transition profile | phase 8 | state 3 | event c351
I/DH2Native( 7985): Blended character event | event 0x24 | clip 1041 | slot 1 | phase 5 | lag 0
I/DH2Native( 7985): Blended character event | event 0x26 | clip 1041 | slot 1 | phase 5 | lag 0
I/DH2Native( 7985): Character animation selected | state 4 | flags 23c1 | sequence 280 | clip 1126 | actor state service
I/DH2Native( 7985): Locomotion clip: Walk | original selected clip 1126 | timeline speed 1.29999995 | authored restart
I/DH2Native( 7985): Character state event | state 4 | event 1d | prior 3 | flags 23c1
I/DH2Native( 7985): Player source state | previous 3 | current 4 | event 0xc351 | flags 23c1 | root 280 | clip 1126 | position -1323.6854 -575.5900 91.5972 | Step 2297
I/DH2Native( 7985): Player position -1322.1038 -545.1756 107.0020 | moved 477 | blocked 84
I/DH2Native( 7985): Player facing | angle 4.12176991 | native updates 561
I/DH2Native( 7985): Character state event | state 4 | event 3f | prior 0 | flags 23c1
V/DH2Native( 7985): Native transition profile | phase 7 | state 4 | event 3f
V/DH2Native( 7985): Native transition profile | phase 8 | state 4 | event 3f
I/DH2Native( 7985): Blended character event | event 0x24 | clip 1126 | slot 0 | phase 5 | lag 0
I/DH2Native( 7985): Blended character event | event 0x26 | clip 1126 | slot 0 | phase 5 | lag 0
I/DH2Native( 7985): Character animation selected | state 3 | flags 2380 | sequence 262 | clip 1040 | actor state service
I/DH2Native( 7985): Character state event | state 3 | event 1d | prior 4 | flags 2380
I/DH2Native( 7985): Player source state | previous 4 | current 3 | event 0x3f | flags 2380 | root 262 | clip 1040 | position -1322.1038 -545.1756 107.0020 | Step 2302
I/DH2Native( 7985): Blended character event | event 0x28 | clip 1040 | slot 1 | phase 1 | lag 2
I/DH2Native( 7985): Player position -1322.1038 -545.1756 107.0020 | moved 477 | blocked 84
I/DH2Native( 7985): Player facing | angle 4.71238899 | native updates 561
I/DH2Native( 7985): Actor clip completed | _prim_Monster_Ghost05 | state Idle | completions 15 | active 1 | next clip 706 | layers 1
I/DH2Native( 7985): Actor clip completed | _prim_Monster_Ghost06 | state Idle | completions 15 | active 1 | next clip 706 | layers 1
I/DH2Native( 7985): Player position -1322.1038 -545.1756 107.0020 | moved 477 | blocked 84
I/DH2Native( 7985): Player facing | angle 4.71238899 | native updates 561
I/DH2Native( 7985): Actor clip completed | _prim_tmp_cultist05 | state Idle | completions 52 | active 1 | next clip 1258 | layers 1
I/DH2Native( 7985): Actor clip completed | _prim_tmp_cultist06 | state Idle | completions 52 | active 1 | next clip 1258 | layers 1
I/DH2Native( 7985): Actor clip completed | _prim_Monster | state Idle | completions 52 | active 1 | next clip 1258 | layers 1
I/DH2Native( 7985): Actor clip completed | _prim_Monster02 | state Idle | completions 52 | active 1 | next clip 1258 | layers 1
I/DH2Native( 7985): Actor clip completed | _prim_Monster05 | state Idle | completions 52 | active 1 | next clip 1258 | layers 1
I/DH2Native( 7985): Blended character event | event 0x27 | clip 1040 | slot 1 | phase 4 | lag 0
I/DH2Native( 7985): Blended character event | event 0x25 | clip 1040 | slot 1 | phase 4 | lag 0
I/DH2Native( 7985): Blended character event | event 0x23 | clip 1040 | slot 1 | phase 4 | lag 0
I/DH2Native( 7985): Blended character event | event 0x24 | clip 1040 | slot 1 | phase 5 | lag 0
I/DH2Native( 7985): Blended character event | event 0x26 | clip 1040 | slot 1 | phase 5 | lag 0
V/DH2Native( 7985): Native transition profile | phase 7 | state 3 | event c351
V/DH2Native( 7985): Native transition profile | phase 8 | state 3 | event c351
I/DH2Native( 7985): Blended character event | event 0x24 | clip 1041 | slot 0 | phase 5 | lag 0
I/DH2Native( 7985): Blended character event | event 0x26 | clip 1041 | slot 0 | phase 5 | lag 0
I/DH2Native( 7985): Character animation selected | state 4 | flags 23c1 | sequence 280 | clip 1126 | actor state service
I/DH2Native( 7985): Locomotion clip: Walk | original selected clip 1126 | timeline speed 1.29999995 | authored restart
I/DH2Native( 7985): Character state event | state 4 | event 1d | prior 3 | flags 23c1
I/DH2Native( 7985): Player source state | previous 3 | current 4 | event 0xc351 | flags 23c1 | root 280 | clip 1126 | position -1322.1038 -545.1756 107.0020 | Step 2344
I/DH2Native( 7985): Blended character event | event 0x28 | clip 1126 | slot 1 | phase 1 | lag 24
I/DH2Native( 7985): Original player animation event delivered | name step_left | lag 24 | Lua status 0 | same Script/World/Scene/PFFloor
I/DH2Native( 7985): Player position -1469.5531 -545.1756 102.4500 | moved 496 | blocked 86
I/DH2Native( 7985): Player facing | angle 4.71238899 | native updates 582
I/DH2Native( 7985): Character state event | state 4 | event 3f | prior 0 | flags 23c1
V/DH2Native( 7985): Native transition profile | phase 7 | state 4 | event 3f
V/DH2Native( 7985): Native transition profile | phase 8 | state 4 | event 3f
I/DH2Native( 7985): Blended character event | event 0x24 | clip 1126 | slot 1 | phase 5 | lag 0
I/DH2Native( 7985): Blended character event | event 0x26 | clip 1126 | slot 1 | phase 5 | lag 0
I/DH2Native( 7985): Character animation selected | state 3 | flags 2380 | sequence 262 | clip 1040 | actor state service
I/DH2Native( 7985): Character state event | state 3 | event 1d | prior 4 | flags 2380
I/DH2Native( 7985): Player source state | previous 4 | current 3 | event 0x3f | flags 2380 | root 262 | clip 1040 | position -1469.5531 -545.1756 102.4500 | Step 2365
I/DH2Native( 7985): Actor clip completed | _prim_tmp_cultist05 | state Idle | completions 53 | active 1 | next clip 1258 | layers 1
I/DH2Native( 7985): Actor clip completed | _prim_tmp_cultist06 | state Idle | completions 53 | active 1 | next clip 1258 | layers 1
I/DH2Native( 7985): Actor clip completed | _prim_Monster | state Idle | completions 53 | active 1 | next clip 1258 | layers 1
I/DH2Native( 7985): Actor clip completed | _prim_Monster02 | state Idle | completions 53 | active 1 | next clip 1258 | layers 1
I/DH2Native( 7985): Actor clip completed | _prim_Monster05 | state Idle | completions 53 | active 1 | next clip 1258 | layers 1
I/DH2Native( 7985): Actor clip completed | _prim_tmp_cultist08 | state Idle | completions 10 | active 1 | next clip 1194 | layers 1
I/DH2Native( 7985): Blended character event | event 0x28 | clip 1040 | slot 0 | phase 1 | lag 16
I/DH2Native( 7985): Player position -1469.5531 -545.1756 102.4500 | moved 496 | blocked 86
I/DH2Native( 7985): Player facing | angle 4.71238899 | native updates 582
I/DH2Native( 7985): Player position -1469.5531 -545.1756 102.4500 | moved 496 | blocked 86
I/DH2Native( 7985): Player facing | angle 4.71238899 | native updates 582
I/DH2Native( 7985): Blended character event | event 0x27 | clip 1040 | slot 0 | phase 4 | lag 0
I/DH2Native( 7985): Blended character event | event 0x25 | clip 1040 | slot 0 | phase 4 | lag 0
I/DH2Native( 7985): Blended character event | event 0x23 | clip 1040 | slot 0 | phase 4 | lag 0
I/DH2Native( 7985): Blended character event | event 0x24 | clip 1040 | slot 0 | phase 5 | lag 0
I/DH2Native( 7985): Blended character event | event 0x26 | clip 1040 | slot 0 | phase 5 | lag 0
I/DH2Native( 7985): Native actor frame | scene 71600 | Step 2400 | actor 2400 | source phase 5 | clip 1040 | ms 0 | replays 126 | body -14.6955 -5.45176 | contacts 0 0 | state 3 | body present 1 | timeline scale 1
V/DH2Native( 7985): Native transition profile | phase 7 | state 3 | event c351
V/DH2Native( 7985): Native transition profile | phase 8 | state 3 | event c351
I/DH2Native( 7985): Blended character event | event 0x24 | clip 1040 | slot 1 | phase 5 | lag 0
I/DH2Native( 7985): Blended character event | event 0x26 | clip 1040 | slot 1 | phase 5 | lag 0
I/DH2Native( 7985): Character animation selected | state 4 | flags 23c1 | sequence 280 | clip 1126 | actor state service
I/DH2Native( 7985): Locomotion clip: Walk | original selected clip 1126 | timeline speed 1.29999995 | authored restart
I/DH2Native( 7985): Character state event | state 4 | event 1d | prior 3 | flags 23c1
I/DH2Native( 7985): Player source state | previous 3 | current 4 | event 0xc351 | flags 23c1 | root 280 | clip 1126 | position -1469.5531 -545.1756 102.4500 | Step 2406
I/DH2Native( 7985): Player position -1463.3702 -509.5637 120.6208 | moved 502 | blocked 88
I/DH2Native( 7985): Player facing | angle 1.78442454 | native updates 590
I/DH2Native( 7985): Character state event | state 4 | event 3f | prior 0 | flags 23c1
V/DH2Native( 7985): Native transition profile | phase 7 | state 4 | event 3f
V/DH2Native( 7985): Native transition profile | phase 8 | state 4 | event 3f
I/DH2Native( 7985): Blended character event | event 0x24 | clip 1126 | slot 0 | phase 5 | lag 0
I/DH2Native( 7985): Blended character event | event 0x26 | clip 1126 | slot 0 | phase 5 | lag 0
I/DH2Native( 7985): Character animation selected | state 3 | flags 2380 | sequence 262 | clip 1041 | actor state service
I/DH2Native( 7985): Character state event | state 3 | event 1d | prior 4 | flags 2380
I/DH2Native( 7985): Player source state | previous 4 | current 3 | event 0x3f | flags 2380 | root 262 | clip 1041 | position -1463.3702 -509.5637 120.6208 | Step 2414
I/DH2Native( 7985): Actor clip completed | _prim_tmp_cultist05 | state Idle | completions 54 | active 1 | next clip 1258 | layers 1
I/DH2Native( 7985): Actor clip completed | _prim_tmp_cultist06 | state Idle | completions 54 | active 1 | next clip 1258 | layers 1
I/DH2Native( 7985): Actor clip completed | _prim_Monster | state Idle | completions 54 | active 1 | next clip 1258 | layers 1
I/DH2Native( 7985): Actor clip completed | _prim_Monster02 | state Idle | completions 54 | active 1 | next clip 1259 | layers 1
I/DH2Native( 7985): Actor clip completed | _prim_Monster05 | state Idle | completions 54 | active 1 | next clip 1258 | layers 1
I/DH2Native( 7985): Player position -1463.3702 -509.5637 120.6208 | moved 502 | blocked 88
I/DH2Native( 7985): Player facing | angle 1.57079637 | native updates 590
I/DH2Native( 7985): Player position -1463.3702 -509.5637 120.6208 | moved 502 | blocked 88
I/DH2Native( 7985): Player facing | angle 1.57079637 | native updates 590
V/DH2Native( 7985): Native transition profile | phase 7 | state 3 | event c351
V/DH2Native( 7985): Native transition profile | phase 8 | state 3 | event c351
I/DH2Native( 7985): Blended character event | event 0x24 | clip 1041 | slot 1 | phase 5 | lag 0
I/DH2Native( 7985): Blended character event | event 0x26 | clip 1041 | slot 1 | phase 5 | lag 0
I/DH2Native( 7985): Character animation selected | state 4 | flags 23c1 | sequence 280 | clip 1126 | actor state service
I/DH2Native( 7985): Locomotion clip: Walk | original selected clip 1126 | timeline speed 1.29999995 | authored restart
I/DH2Native( 7985): Character state event | state 4 | event 1d | prior 3 | flags 23c1
I/DH2Native( 7985): Player source state | previous 3 | current 4 | event 0xc351 | flags 23c1 | root 280 | clip 1126 | position -1463.3702 -509.5637 120.6208 | Step 2457
I/DH2Native( 7985): Actor clip completed | _prim_tmp_cultist05 | state Idle | completions 55 | active 1 | next clip 1258 | layers 1
I/DH2Native( 7985): Actor clip completed | _prim_tmp_cultist06 | state Idle | completions 55 | active 1 | next clip 1258 | layers 1
I/DH2Native( 7985): Actor clip completed | _prim_Monster | state Idle | completions 55 | active 1 | next clip 1258 | layers 1
I/DH2Native( 7985): Actor clip completed | _prim_Monster02 | state Idle | completions 55 | active 1 | next clip 1258 | layers 1
I/DH2Native( 7985): Actor clip completed | _prim_Monster05 | state Idle | completions 55 | active 1 | next clip 1258 | layers 1
I/DH2Native( 7985): Blended character event | event 0x28 | clip 1126 | slot 0 | phase 1 | lag 21
I/DH2Native( 7985): Original player animation event delivered | name step_left | lag 21 | Lua status 0 | same Script/World/Scene/PFFloor
I/DH2Native( 7985): Actor clip completed | _prim_Monster_Ghost05 | state Idle | completions 16 | active 1 | next clip 706 | layers 1
I/DH2Native( 7985): Actor clip completed | _prim_Monster_Ghost06 | state Idle | completions 16 | active 1 | next clip 706 | layers 1
I/DH2Native( 7985): Player position -1320.6436 -509.5637 125.0270 | moved 520 | blocked 90
I/DH2Native( 7985): Player facing | angle 1.57079637 | native updates 610
I/DH2Native( 7985): Character state event | state 4 | event 3f | prior 0 | flags 23c1
V/DH2Native( 7985): Native transition profile | phase 7 | state 4 | event 3f
V/DH2Native( 7985): Native transition profile | phase 8 | state 4 | event 3f
I/DH2Native( 7985): Blended character event | event 0x24 | clip 1126 | slot 0 | phase 5 | lag 0
I/DH2Native( 7985): Blended character event | event 0x26 | clip 1126 | slot 0 | phase 5 | lag 0
I/DH2Native( 7985): Character animation selected | state 3 | flags 2380 | sequence 262 | clip 1040 | actor state service
I/DH2Native( 7985): Character state event | state 3 | event 1d | prior 4 | flags 2380
I/DH2Native( 7985): Player source state | previous 4 | current 3 | event 0x3f | flags 2380 | root 262 | clip 1040 | position -1320.6436 -509.5637 125.0270 | Step 2477
I/DH2Native( 7985): Actor clip completed | _prim_tmp_cultist03 | state Idle | completions 10 | active 1 | next clip 1195 | layers 1
I/DH2Native( 7985): Actor clip completed | _prim_tmp_cultist01 | state Idle | completions 9 | active 1 | next clip 1194 | layers 1
I/DH2Native( 7985): Actor clip completed | _prim_tmp_cultist07 | state Idle | completions 9 | active 1 | next clip 1194 | layers 1
I/DH2Native( 7985): Blended character event | event 0x28 | clip 1040 | slot 1 | phase 1 | lag 26
I/DH2Native( 7985): Player position -1320.6436 -509.5637 125.0270 | moved 520 | blocked 90
I/DH2Native( 7985): Player facing | angle 1.57079637 | native updates 610
I/DH2Native( 7985): Actor clip completed | _prim_tmp_cultist05 | state Idle | completions 56 | active 1 | next clip 1258 | layers 1
I/DH2Native( 7985): Actor clip completed | _prim_tmp_cultist06 | state Idle | completions 56 | active 1 | next clip 1259 | layers 1
I/DH2Native( 7985): Actor clip completed | _prim_Monster | state Idle | completions 56 | active 1 | next clip 1258 | layers 1
I/DH2Native( 7985): Actor clip completed | _prim_Monster02 | state Idle | completions 56 | active 1 | next clip 1258 | layers 1
I/DH2Native( 7985): Actor clip completed | _prim_Monster05 | state Idle | completions 56 | active 1 | next clip 1258 | layers 1
I/DH2Native( 7985): Player position -1320.6436 -509.5637 125.0270 | moved 520 | blocked 90
I/DH2Native( 7985): Player facing | angle 1.57079637 | native updates 610
I/DH2Native( 7985): Blended character event | event 0x27 | clip 1040 | slot 1 | phase 4 | lag 0
I/DH2Native( 7985): Blended character event | event 0x25 | clip 1040 | slot 1 | phase 4 | lag 0
I/DH2Native( 7985): Blended character event | event 0x23 | clip 1040 | slot 1 | phase 4 | lag 0
I/DH2Native( 7985): Blended character event | event 0x24 | clip 1040 | slot 1 | phase 5 | lag 0
I/DH2Native( 7985): Blended character event | event 0x26 | clip 1040 | slot 1 | phase 5 | lag 0
I/DH2Native( 7985): Native actor frame | scene 75253 | Step 2520 | actor 2520 | source phase 5 | clip 1040 | ms 238 | replays 131 | body -13.2064 -5.09564 | contacts 0 0 | state 3 | body present 1 | timeline scale 1
V/DH2Native( 7985): Native transition profile | phase 7 | state 3 | event c351
V/DH2Native( 7985): Native transition profile | phase 8 | state 3 | event c351
I/DH2Native( 7985): Blended character event | event 0x24 | clip 1040 | slot 0 | phase 5 | lag 0
I/DH2Native( 7985): Blended character event | event 0x26 | clip 1040 | slot 0 | phase 5 | lag 0
I/DH2Native( 7985): Character animation selected | state 4 | flags 23c1 | sequence 280 | clip 1126 | actor state service
I/DH2Native( 7985): Locomotion clip: Walk | original selected clip 1126 | timeline speed 1.29999995 | authored restart
I/DH2Native( 7985): Character state event | state 4 | event 1d | prior 3 | flags 23c1
I/DH2Native( 7985): Player source state | previous 3 | current 4 | event 0xc351 | flags 23c1 | root 280 | clip 1126 | position -1320.6436 -509.5637 125.0270 | Step 2522
I/DH2Native( 7985): Player position -1323.6422 -477.3009 141.2235 | moved 525 | blocked 92
I/DH2Native( 7985): Player facing | angle 4.27256632 | native updates 617
I/DH2Native( 7985): Character state event | state 4 | event 3f | prior 0 | flags 23c1
V/DH2Native( 7985): Native transition profile | phase 7 | state 4 | event 3f
V/DH2Native( 7985): Native transition profile | phase 8 | state 4 | event 3f
I/DH2Native( 7985): Blended character event | event 0x24 | clip 1126 | slot 1 | phase 5 | lag 0
I/DH2Native( 7985): Blended character event | event 0x26 | clip 1126 | slot 1 | phase 5 | lag 0
I/DH2Native( 7985): Character animation selected | state 3 | flags 2380 | sequence 262 | clip 1040 | actor state service
I/DH2Native( 7985): Character state event | state 3 | event 1d | prior 4 | flags 2380
I/DH2Native( 7985): Player source state | previous 4 | current 3 | event 0x3f | flags 2380 | root 262 | clip 1040 | position -1323.6422 -477.3009 141.2235 | Step 2529
I/DH2Native( 7985): Actor clip completed | _prim_tmp_cultist05 | state Idle | completions 57 | active 1 | next clip 1258 | layers 1
I/DH2Native( 7985): Actor clip completed | _prim_tmp_cultist06 | state Idle | completions 57 | active 1 | next clip 1259 | layers 1
I/DH2Native( 7985): Actor clip completed | _prim_Monster | state Idle | completions 57 | active 1 | next clip 1258 | layers 1
I/DH2Native( 7985): Actor clip completed | _prim_Monster02 | state Idle | completions 57 | active 1 | next clip 1258 | layers 1
I/DH2Native( 7985): Actor clip completed | _prim_Monster05 | state Idle | completions 57 | active 1 | next clip 1258 | layers 1
I/DH2Native( 7985): Blended character event | event 0x28 | clip 1040 | slot 0 | phase 1 | lag 24
I/DH2Native( 7985): Player position -1323.6422 -477.3009 141.2235 | moved 525 | blocked 92
I/DH2Native( 7985): Player facing | angle 4.71238899 | native updates 617
I/DH2Native( 7985): Player position -1323.6422 -477.3009 141.2235 | moved 525 | blocked 92
I/DH2Native( 7985): Player facing | angle 4.71238899 | native updates 617
I/DH2Native( 7985): Blended character event | event 0x27 | clip 1040 | slot 0 | phase 4 | lag 0
I/DH2Native( 7985): Blended character event | event 0x25 | clip 1040 | slot 0 | phase 4 | lag 0
I/DH2Native( 7985): Blended character event | event 0x23 | clip 1040 | slot 0 | phase 4 | lag 0
I/DH2Native( 7985): Blended character event | event 0x24 | clip 1040 | slot 0 | phase 5 | lag 0
I/DH2Native( 7985): Blended character event | event 0x26 | clip 1040 | slot 0 | phase 5 | lag 0
V/DH2Native( 7985): Native transition profile | phase 7 | state 3 | event c351
V/DH2Native( 7985): Native transition profile | phase 8 | state 3 | event c351
I/DH2Native( 7985): Blended character event | event 0x24 | clip 1040 | slot 1 | phase 5 | lag 0
I/DH2Native( 7985): Blended character event | event 0x26 | clip 1040 | slot 1 | phase 5 | lag 0
I/DH2Native( 7985): Character animation selected | state 4 | flags 23c1 | sequence 280 | clip 1126 | actor state service
I/DH2Native( 7985): Locomotion clip: Walk | original selected clip 1126 | timeline speed 1.29999995 | authored restart
I/DH2Native( 7985): Character state event | state 4 | event 1d | prior 3 | flags 23c1
I/DH2Native( 7985): Player source state | previous 3 | current 4 | event 0xc351 | flags 23c1 | root 280 | clip 1126 | position -1323.6422 -477.3009 141.2235 | Step 2571
I/DH2Native( 7985): Blended character event | event 0x28 | clip 1126 | slot 0 | phase 1 | lag 46
I/DH2Native( 7985): Original player animation event delivered | name step_left | lag 46 | Lua status 0 | same Script/World/Scene/PFFloor
I/DH2Native( 7985): Actor clip completed | _prim_tmp_cultist05 | state Idle | completions 58 | active 1 | next clip 1258 | layers 1
I/DH2Native( 7985): Actor clip completed | _prim_tmp_cultist06 | state Idle | completions 58 | active 1 | next clip 1258 | layers 1
I/DH2Native( 7985): Actor clip completed | _prim_Monster | state Idle | completions 58 | active 1 | next clip 1258 | layers 1
I/DH2Native( 7985): Actor clip completed | _prim_Monster02 | state Idle | completions 58 | active 1 | next clip 1258 | layers 1
I/DH2Native( 7985): Actor clip completed | _prim_Monster05 | state Idle | completions 58 | active 1 | next clip 1258 | layers 1
I/DH2Native( 7985): Player position -1464.9116 -477.3009 136.8623 | moved 542 | blocked 94
I/DH2Native( 7985): Player facing | angle 4.71238899 | native updates 636
I/DH2Native( 7985): Character state event | state 4 | event 3f | prior 0 | flags 23c1
V/DH2Native( 7985): Native transition profile | phase 7 | state 4 | event 3f
V/DH2Native( 7985): Native transition profile | phase 8 | state 4 | event 3f
I/DH2Native( 7985): Blended character event | event 0x24 | clip 1126 | slot 0 | phase 5 | lag 0
I/DH2Native( 7985): Blended character event | event 0x26 | clip 1126 | slot 0 | phase 5 | lag 0
I/DH2Native( 7985): Character animation selected | state 3 | flags 2380 | sequence 262 | clip 1040 | actor state service
I/DH2Native( 7985): Character state event | state 3 | event 1d | prior 4 | flags 2380
I/DH2Native( 7985): Player source state | previous 4 | current 3 | event 0x3f | flags 2380 | root 262 | clip 1040 | position -1464.9116 -477.3009 136.8623 | Step 2590
I/DH2Native( 7985): Blended character event | event 0x28 | clip 1040 | slot 1 | phase 1 | lag 27
I/DH2Native( 7985): Player position -1464.9116 -477.3009 136.8623 | moved 542 | blocked 94
I/DH2Native( 7985): Player facing | angle 4.71238899 | native updates 636
I/DH2Native( 7985): Player position -1464.9116 -477.3009 136.8623 | moved 542 | blocked 94
I/DH2Native( 7985): Player facing | angle 4.71238899 | native updates 636
I/DH2Native( 7985): Actor clip completed | _prim_Monster_Ghost05 | state Idle | completions 17 | active 1 | next clip 706 | layers 1
I/DH2Native( 7985): Actor clip completed | _prim_Monster_Ghost06 | state Idle | completions 17 | active 1 | next clip 706 | layers 1
I/DH2Native( 7985): Blended character event | event 0x27 | clip 1040 | slot 1 | phase 4 | lag 0
I/DH2Native( 7985): Blended character event | event 0x25 | clip 1040 | slot 1 | phase 4 | lag 0
I/DH2Native( 7985): Blended character event | event 0x23 | clip 1040 | slot 1 | phase 4 | lag 0
I/DH2Native( 7985): Blended character event | event 0x24 | clip 1040 | slot 1 | phase 5 | lag 0
I/DH2Native( 7985): Blended character event | event 0x26 | clip 1040 | slot 1 | phase 5 | lag 0
V/DH2Native( 7985): Native transition profile | phase 7 | state 3 | event c351
V/DH2Native( 7985): Native transition profile | phase 8 | state 3 | event c351
I/DH2Native( 7985): Blended character event | event 0x24 | clip 1040 | slot 0 | phase 5 | lag 0
I/DH2Native( 7985): Blended character event | event 0x26 | clip 1040 | slot 0 | phase 5 | lag 0
I/DH2Native( 7985): Character animation selected | state 4 | flags 23c1 | sequence 280 | clip 1126 | actor state service
I/DH2Native( 7985): Locomotion clip: Walk | original selected clip 1126 | timeline speed 1.29999995 | authored restart
I/DH2Native( 7985): Character state event | state 4 | event 1d | prior 3 | flags 23c1
I/DH2Native( 7985): Player source state | previous 3 | current 4 | event 0xc351 | flags 23c1 | root 280 | clip 1126 | position -1464.9116 -477.3009 136.8623 | Step 2634
I/DH2Native( 7985): Actor clip completed | _prim_tmp_cultist05 | state Idle | completions 59 | active 1 | next clip 1259 | layers 1
I/DH2Native( 7985): Actor clip completed | _prim_tmp_cultist06 | state Idle | completions 59 | active 1 | next clip 1259 | layers 1
I/DH2Native( 7985): Actor clip completed | _prim_Monster | state Idle | completions 59 | active 1 | next clip 1258 | layers 1
I/DH2Native( 7985): Actor clip completed | _prim_Monster02 | state Idle | completions 59 | active 1 | next clip 1258 | layers 1
I/DH2Native( 7985): Actor clip completed | _prim_Monster05 | state Idle | completions 59 | active 1 | next clip 1258 | layers 1
I/DH2Native( 7985): Native actor frame | scene 78789 | Step 2640 | actor 2640 | source phase 5 | clip 1126 | ms 176 | replays 138 | body -14.672 -4.47914 | contacts 0 0 | state 4 | body present 1 | timeline scale 1.29999995
I/DH2Native( 7985): Player position -1454.3527 -440.2773 155.8811 | moved 549 | blocked 96
I/DH2Native( 7985): Player facing | angle 1.58336282 | native updates 645
I/DH2Native( 7985): Character state event | state 4 | event 3f | prior 0 | flags 23c1
V/DH2Native( 7985): Native transition profile | phase 7 | state 4 | event 3f
V/DH2Native( 7985): Native transition profile | phase 8 | state 4 | event 3f
I/DH2Native( 7985): Blended character event | event 0x24 | clip 1126 | slot 1 | phase 5 | lag 0
I/DH2Native( 7985): Blended character event | event 0x26 | clip 1126 | slot 1 | phase 5 | lag 0
I/DH2Native( 7985): Character animation selected | state 3 | flags 2380 | sequence 262 | clip 1040 | actor state service
I/DH2Native( 7985): Character state event | state 3 | event 1d | prior 4 | flags 2380
I/DH2Native( 7985): Player source state | previous 4 | current 3 | event 0x3f | flags 2380 | root 262 | clip 1040 | position -1454.3527 -440.2773 155.8811 | Step 2643
I/DH2Native( 7985): Blended character event | event 0x28 | clip 1040 | slot 0 | phase 1 | lag 8
I/DH2Native( 7985): Player position -1454.3527 -440.2773 155.8811 | moved 549 | blocked 96
I/DH2Native( 7985): Player facing | angle 1.57079637 | native updates 645
I/DH2Native( 7985): Player position -1454.3527 -440.2773 155.8811 | moved 549 | blocked 96
I/DH2Native( 7985): Player facing | angle 1.57079637 | native updates 645
I/DH2Native( 7985): Blended character event | event 0x27 | clip 1040 | slot 0 | phase 4 | lag 0
I/DH2Native( 7985): Blended character event | event 0x25 | clip 1040 | slot 0 | phase 4 | lag 0
I/DH2Native( 7985): Blended character event | event 0x23 | clip 1040 | slot 0 | phase 4 | lag 0
I/DH2Native( 7985): Blended character event | event 0x24 | clip 1040 | slot 0 | phase 5 | lag 0
I/DH2Native( 7985): Blended character event | event 0x26 | clip 1040 | slot 0 | phase 5 | lag 0
I/DH2Native( 7985): Actor clip completed | _prim_tmp_cultist05 | state Idle | completions 60 | active 1 | next clip 1258 | layers 1
I/DH2Native( 7985): Actor clip completed | _prim_tmp_cultist06 | state Idle | completions 60 | active 1 | next clip 1258 | layers 1
I/DH2Native( 7985): Actor clip completed | _prim_Monster | state Idle | completions 60 | active 1 | next clip 1258 | layers 1
I/DH2Native( 7985): Actor clip completed | _prim_Monster02 | state Idle | completions 60 | active 1 | next clip 1258 | layers 1
I/DH2Native( 7985): Actor clip completed | _prim_Monster05 | state Idle | completions 60 | active 1 | next clip 1258 | layers 1
I/DH2Native( 7985): Actor clip completed | _prim_tmp_cultist03 | state Idle | completions 11 | active 1 | next clip 1195 | layers 1
I/DH2Native( 7985): Actor clip completed | _prim_tmp_cultist08 | state Idle | completions 11 | active 1 | next clip 1194 | layers 1
V/DH2Native( 7985): Native transition profile | phase 7 | state 3 | event c351
V/DH2Native( 7985): Native transition profile | phase 8 | state 3 | event c351
I/DH2Native( 7985): Blended character event | event 0x24 | clip 1040 | slot 1 | phase 5 | lag 0
I/DH2Native( 7985): Blended character event | event 0x26 | clip 1040 | slot 1 | phase 5 | lag 0
I/DH2Native( 7985): Character animation selected | state 4 | flags 23c1 | sequence 280 | clip 1126 | actor state service
I/DH2Native( 7985): Locomotion clip: Walk | original selected clip 1126 | timeline speed 1.29999995 | authored restart
I/DH2Native( 7985): Character state event | state 4 | event 1d | prior 3 | flags 23c1
I/DH2Native( 7985): Player source state | previous 3 | current 4 | event 0xc351 | flags 23c1 | root 280 | clip 1126 | position -1454.3527 -440.2773 155.8811 | Step 2686
I/DH2Native( 7985): Blended character event | event 0x28 | clip 1126 | slot 0 | phase 1 | lag 33
I/DH2Native( 7985): Original player animation event delivered | name step_left | lag 33 | Lua status 0 | same Script/World/Scene/PFFloor
I/DH2Native( 7985): Player position -1306.3405 -440.2773 160.4503 | moved 565 | blocked 98
I/DH2Native( 7985): Player facing | angle 1.57079637 | native updates 663
I/DH2Native( 7985): Character state event | state 4 | event 3f | prior 0 | flags 23c1
V/DH2Native( 7985): Native transition profile | phase 7 | state 4 | event 3f
V/DH2Native( 7985): Native transition profile | phase 8 | state 4 | event 3f
I/DH2Native( 7985): Blended character event | event 0x24 | clip 1126 | slot 0 | phase 5 | lag 0
I/DH2Native( 7985): Blended character event | event 0x26 | clip 1126 | slot 0 | phase 5 | lag 0
I/DH2Native( 7985): Character animation selected | state 3 | flags 2380 | sequence 262 | clip 1040 | actor state service
I/DH2Native( 7985): Character state event | state 3 | event 1d | prior 4 | flags 2380
I/DH2Native( 7985): Player source state | previous 4 | current 3 | event 0x3f | flags 2380 | root 262 | clip 1040 | position -1306.3405 -440.2773 160.4503 | Step 2704
I/DH2Native( 7985): Blended character event | event 0x28 | clip 1040 | slot 1 | phase 1 | lag 28
I/DH2Native( 7985): Actor clip completed | _prim_tmp_cultist05 | state Idle | completions 61 | active 1 | next clip 1259 | layers 1
I/DH2Native( 7985): Actor clip completed | _prim_tmp_cultist06 | state Idle | completions 61 | active 1 | next clip 1259 | layers 1
I/DH2Native( 7985): Actor clip completed | _prim_Monster | state Idle | completions 61 | active 1 | next clip 1258 | layers 1
I/DH2Native( 7985): Actor clip completed | _prim_Monster02 | state Idle | completions 61 | active 1 | next clip 1258 | layers 1
I/DH2Native( 7985): Actor clip completed | _prim_Monster05 | state Idle | completions 61 | active 1 | next clip 1258 | layers 1
I/DH2Native( 7985): Player position -1306.3405 -440.2773 160.4503 | moved 565 | blocked 98
I/DH2Native( 7985): Player facing | angle 1.57079637 | native updates 663
I/DH2Native( 7985): Player position -1306.3405 -440.2773 160.4503 | moved 565 | blocked 98
I/DH2Native( 7985): Player facing | angle 1.57079637 | native updates 663
I/DH2Native( 7985): Blended character event | event 0x27 | clip 1040 | slot 1 | phase 4 | lag 0
I/DH2Native( 7985): Blended character event | event 0x25 | clip 1040 | slot 1 | phase 4 | lag 0
I/DH2Native( 7985): Blended character event | event 0x23 | clip 1040 | slot 1 | phase 4 | lag 0
I/DH2Native( 7985): Blended character event | event 0x24 | clip 1040 | slot 1 | phase 5 | lag 0
I/DH2Native( 7985): Blended character event | event 0x26 | clip 1040 | slot 1 | phase 5 | lag 0
V/DH2Native( 7985): Native transition profile | phase 7 | state 3 | event c351
V/DH2Native( 7985): Native transition profile | phase 8 | state 3 | event c351
I/DH2Native( 7985): Blended character event | event 0x24 | clip 1040 | slot 0 | phase 5 | lag 0
I/DH2Native( 7985): Blended character event | event 0x26 | clip 1040 | slot 0 | phase 5 | lag 0
I/DH2Native( 7985): Character animation selected | state 4 | flags 23c1 | sequence 280 | clip 1126 | actor state service
I/DH2Native( 7985): Locomotion clip: Walk | original selected clip 1126 | timeline speed 1.29999995 | authored restart
I/DH2Native( 7985): Character state event | state 4 | event 1d | prior 3 | flags 23c1
I/DH2Native( 7985): Player source state | previous 3 | current 4 | event 0xc351 | flags 23c1 | root 280 | clip 1126 | position -1306.3405 -440.2773 160.4503 | Step 2747
I/DH2Native( 7985): Player position -1313.8000 -404.6660 178.1999 | moved 571 | blocked 100
I/DH2Native( 7985): Player facing | angle 4.53645992 | native updates 671
I/DH2Native( 7985): Character state event | state 4 | event 3f | prior 0 | flags 23c1
V/DH2Native( 7985): Native transition profile | phase 7 | state 4 | event 3f
V/DH2Native( 7985): Native transition profile | phase 8 | state 4 | event 3f
I/DH2Native( 7985): Blended character event | event 0x24 | clip 1126 | slot 1 | phase 5 | lag 0
I/DH2Native( 7985): Blended character event | event 0x26 | clip 1126 | slot 1 | phase 5 | lag 0
I/DH2Native( 7985): Character animation selected | state 3 | flags 2380 | sequence 262 | clip 1040 | actor state service
I/DH2Native( 7985): Character state event | state 3 | event 1d | prior 4 | flags 2380
I/DH2Native( 7985): Player source state | previous 4 | current 3 | event 0x3f | flags 2380 | root 262 | clip 1040 | position -1313.8000 -404.6660 178.1999 | Step 2755
I/DH2Native( 7985): Native actor frame | scene 82372 | Step 2760 | actor 2760 | source phase 5 | clip 1040 | ms 172 | replays 145 | body -13.138 -4.04666 | contacts 0 0 | state 3 | body present 1 | timeline scale 1
I/DH2Native( 7985): Actor clip completed | _prim_tmp_cultist05 | state Idle | completions 62 | active 1 | next clip 1259 | layers 1
I/DH2Native( 7985): Actor clip completed | _prim_tmp_cultist06 | state Idle | completions 62 | active 1 | next clip 1258 | layers 1
I/DH2Native( 7985): Actor clip completed | _prim_Monster | state Idle | completions 62 | active 1 | next clip 1259 | layers 1
I/DH2Native( 7985): Actor clip completed | _prim_Monster02 | state Idle | completions 62 | active 1 | next clip 1258 | layers 1
I/DH2Native( 7985): Actor clip completed | _prim_Monster05 | state Idle | completions 62 | active 1 | next clip 1258 | layers 1
I/DH2Native( 7985): Blended character event | event 0x28 | clip 1040 | slot 0 | phase 1 | lag 12
I/DH2Native( 7985): Player position -1313.8000 -404.6660 178.1999 | moved 571 | blocked 100
I/DH2Native( 7985): Player facing | angle 4.71238899 | native updates 671
I/DH2Native( 7985): Player position -1313.8000 -404.6660 178.1999 | moved 571 | blocked 100
I/DH2Native( 7985): Player facing | angle 4.71238899 | native updates 671
I/DH2Native( 7985): Actor clip completed | _prim_Monster_Ghost05 | state Idle | completions 18 | active 1 | next clip 706 | layers 1
I/DH2Native( 7985): Actor clip completed | _prim_Monster_Ghost06 | state Idle | completions 18 | active 1 | next clip 706 | layers 1
I/DH2Native( 7985): Blended character event | event 0x27 | clip 1040 | slot 0 | phase 4 | lag 0
I/DH2Native( 7985): Blended character event | event 0x25 | clip 1040 | slot 0 | phase 4 | lag 0
I/DH2Native( 7985): Blended character event | event 0x23 | clip 1040 | slot 0 | phase 4 | lag 0
I/DH2Native( 7985): Blended character event | event 0x24 | clip 1040 | slot 0 | phase 5 | lag 0
I/DH2Native( 7985): Blended character event | event 0x26 | clip 1040 | slot 0 | phase 5 | lag 0
V/DH2Native( 7985): Native transition profile | phase 7 | state 3 | event c351
V/DH2Native( 7985): Native transition profile | phase 8 | state 3 | event c351
I/DH2Native( 7985): Blended character event | event 0x24 | clip 1040 | slot 1 | phase 5 | lag 0
I/DH2Native( 7985): Blended character event | event 0x26 | clip 1040 | slot 1 | phase 5 | lag 0
I/DH2Native( 7985): Character animation selected | state 4 | flags 23c1 | sequence 280 | clip 1126 | actor state service
I/DH2Native( 7985): Locomotion clip: Walk | original selected clip 1126 | timeline speed 1.29999995 | authored restart
I/DH2Native( 7985): Character state event | state 4 | event 1d | prior 3 | flags 23c1
I/DH2Native( 7985): Player source state | previous 3 | current 4 | event 0xc351 | flags 23c1 | root 280 | clip 1126 | position -1313.8000 -404.6660 178.1999 | Step 2799
I/DH2Native( 7985): Actor clip completed | _prim_tmp_cultist01 | state Idle | completions 10 | active 1 | next clip 1194 | layers 1
I/DH2Native( 7985): Actor clip completed | _prim_tmp_cultist07 | state Idle | completions 10 | active 1 | next clip 1195 | layers 1
I/DH2Native( 7985): Blended character event | event 0x28 | clip 1126 | slot 0 | phase 1 | lag 11
I/DH2Native( 7985): Original player animation event delivered | name step_left | lag 11 | Lua status 0 | same Script/World/Scene/PFFloor
I/DH2Native( 7985): Actor clip completed | _prim_tmp_cultist05 | state Idle | completions 63 | active 1 | next clip 1258 | layers 1
I/DH2Native( 7985): Actor clip completed | _prim_tmp_cultist06 | state Idle | completions 63 | active 1 | next clip 1259 | layers 1
I/DH2Native( 7985): Actor clip completed | _prim_Monster | state Idle | completions 63 | active 1 | next clip 1258 | layers 1
I/DH2Native( 7985): Actor clip completed | _prim_Monster02 | state Idle | completions 63 | active 1 | next clip 1258 | layers 1
I/DH2Native( 7985): Actor clip completed | _prim_Monster05 | state Idle | completions 63 | active 1 | next clip 1258 | layers 1
I/DH2Native( 7985): Player position -1458.5758 -404.6660 173.7305 | moved 589 | blocked 102
I/DH2Native( 7985): Player facing | angle 4.71238899 | native updates 691
I/DH2Native( 7985): Character state event | state 4 | event 3f | prior 0 | flags 23c1
V/DH2Native( 7985): Native transition profile | phase 7 | state 4 | event 3f
V/DH2Native( 7985): Native transition profile | phase 8 | state 4 | event 3f
I/DH2Native( 7985): Blended character event | event 0x24 | clip 1126 | slot 0 | phase 5 | lag 0
I/DH2Native( 7985): Blended character event | event 0x26 | clip 1126 | slot 0 | phase 5 | lag 0
I/DH2Native( 7985): Character animation selected | state 3 | flags 2380 | sequence 262 | clip 1040 | actor state service
I/DH2Native( 7985): Character state event | state 3 | event 1d | prior 4 | flags 2380
I/DH2Native( 7985): Player source state | previous 4 | current 3 | event 0x3f | flags 2380 | root 262 | clip 1040 | position -1458.5758 -404.6660 173.7305 | Step 2819
I/DH2Native( 7985): Blended character event | event 0x28 | clip 1040 | slot 1 | phase 1 | lag 7
I/DH2Native( 7985): Player position -1458.5758 -404.6660 173.7305 | moved 589 | blocked 102
I/DH2Native( 7985): Player facing | angle 4.71238899 | native updates 691
I/DH2Native( 7985): Player position -1458.5758 -404.6660 173.7305 | moved 589 | blocked 102
I/DH2Native( 7985): Player facing | angle 4.71238899 | native updates 691
I/DH2Native( 7985): Blended character event | event 0x27 | clip 1040 | slot 1 | phase 4 | lag 0
I/DH2Native( 7985): Blended character event | event 0x25 | clip 1040 | slot 1 | phase 4 | lag 0
I/DH2Native( 7985): Blended character event | event 0x23 | clip 1040 | slot 1 | phase 4 | lag 0
I/DH2Native( 7985): Blended character event | event 0x24 | clip 1040 | slot 1 | phase 5 | lag 0
I/DH2Native( 7985): Blended character event | event 0x26 | clip 1040 | slot 1 | phase 5 | lag 0
I/DH2Native( 7985): Actor clip completed | _prim_tmp_cultist05 | state Idle | completions 64 | active 1 | next clip 1258 | layers 1
I/DH2Native( 7985): Actor clip completed | _prim_tmp_cultist06 | state Idle | completions 64 | active 1 | next clip 1258 | layers 1
I/DH2Native( 7985): Actor clip completed | _prim_Monster | state Idle | completions 64 | active 1 | next clip 1258 | layers 1
I/DH2Native( 7985): Actor clip completed | _prim_Monster02 | state Idle | completions 64 | active 1 | next clip 1259 | layers 1
I/DH2Native( 7985): Actor clip completed | _prim_Monster05 | state Idle | completions 64 | active 1 | next clip 1258 | layers 1
V/DH2Native( 7985): Native transition profile | phase 7 | state 3 | event c351
V/DH2Native( 7985): Native transition profile | phase 8 | state 3 | event c351
I/DH2Native( 7985): Blended character event | event 0x24 | clip 1040 | slot 0 | phase 5 | lag 0
I/DH2Native( 7985): Blended character event | event 0x26 | clip 1040 | slot 0 | phase 5 | lag 0
I/DH2Native( 7985): Character animation selected | state 4 | flags 23c1 | sequence 280 | clip 1126 | actor state service
I/DH2Native( 7985): Locomotion clip: Walk | original selected clip 1126 | timeline speed 1.29999995 | authored restart
I/DH2Native( 7985): Character state event | state 4 | event 1d | prior 3 | flags 23c1
I/DH2Native( 7985): Player source state | previous 3 | current 4 | event 0xc351 | flags 23c1 | root 280 | clip 1126 | position -1458.5758 -404.6660 173.7305 | Step 2862
I/DH2Native( 7985): Player position -1456.0320 -373.8602 189.3625 | moved 594 | blocked 104
I/DH2Native( 7985): Player facing | angle 2.07345128 | native updates 698
I/DH2Native( 7985): Character state event | state 4 | event 3f | prior 0 | flags 23c1
V/DH2Native( 7985): Native transition profile | phase 7 | state 4 | event 3f
V/DH2Native( 7985): Native transition profile | phase 8 | state 4 | event 3f
I/DH2Native( 7985): Blended character event | event 0x24 | clip 1126 | slot 1 | phase 5 | lag 0
I/DH2Native( 7985): Blended character event | event 0x26 | clip 1126 | slot 1 | phase 5 | lag 0
I/DH2Native( 7985): Character animation selected | state 3 | flags 2380 | sequence 262 | clip 1040 | actor state service
I/DH2Native( 7985): Character state event | state 3 | event 1d | prior 4 | flags 2380
I/DH2Native( 7985): Player source state | previous 4 | current 3 | event 0x3f | flags 2380 | root 262 | clip 1040 | position -1456.0320 -373.8602 189.3625 | Step 2869
I/DH2Native( 7985): Native actor frame | scene 85906 | Step 2880 | actor 2880 | source phase 5 | clip 1040 | ms 358 | replays 151 | body -14.5603 -3.7386 | contacts 0 0 | state 3 | body present 1 | timeline scale 1
I/DH2Native( 7985): Blended character event | event 0x28 | clip 1040 | slot 0 | phase 1 | lag 5
I/DH2Native( 7985): Actor clip completed | _prim_tmp_cultist03 | state Idle | completions 12 | active 1 | next clip 1194 | layers 1
I/DH2Native( 7985): Player position -1456.0320 -373.8602 189.3625 | moved 594 | blocked 104
I/DH2Native( 7985): Player facing | angle 1.57079637 | native updates 698
I/DH2Native( 7985): Player position -1456.0320 -373.8602 189.3625 | moved 594 | blocked 104
I/DH2Native( 7985): Player facing | angle 1.57079637 | native updates 698
I/DH2Native( 7985): Blended character event | event 0x27 | clip 1040 | slot 0 | phase 4 | lag 0
I/DH2Native( 7985): Blended character event | event 0x25 | clip 1040 | slot 0 | phase 4 | lag 0
I/DH2Native( 7985): Blended character event | event 0x23 | clip 1040 | slot 0 | phase 4 | lag 0
I/DH2Native( 7985): Blended character event | event 0x24 | clip 1040 | slot 0 | phase 5 | lag 0
I/DH2Native( 7985): Blended character event | event 0x26 | clip 1040 | slot 0 | phase 5 | lag 0
I/DH2Native( 7985): Actor clip completed | _prim_tmp_cultist05 | state Idle | completions 65 | active 1 | next clip 1258 | layers 1
I/DH2Native( 7985): Actor clip completed | _prim_tmp_cultist06 | state Idle | completions 65 | active 1 | next clip 1258 | layers 1
I/DH2Native( 7985): Actor clip completed | _prim_Monster | state Idle | completions 65 | active 1 | next clip 1258 | layers 1
I/DH2Native( 7985): Actor clip completed | _prim_Monster02 | state Idle | completions 65 | active 1 | next clip 1258 | layers 1
I/DH2Native( 7985): Actor clip completed | _prim_Monster05 | state Idle | completions 65 | active 1 | next clip 1258 | layers 1
V/DH2Native( 7985): Native transition profile | phase 7 | state 3 | event c351
V/DH2Native( 7985): Native transition profile | phase 8 | state 3 | event c351
I/DH2Native( 7985): Blended character event | event 0x24 | clip 1040 | slot 1 | phase 5 | lag 0
I/DH2Native( 7985): Blended character event | event 0x26 | clip 1040 | slot 1 | phase 5 | lag 0
I/DH2Native( 7985): Character animation selected | state 4 | flags 23c1 | sequence 280 | clip 1126 | actor state service
I/DH2Native( 7985): Locomotion clip: Walk | original selected clip 1126 | timeline speed 1.29999995 | authored restart
I/DH2Native( 7985): Character state event | state 4 | event 1d | prior 3 | flags 23c1
I/DH2Native( 7985): Player source state | previous 3 | current 4 | event 0xc351 | flags 23c1 | root 280 | clip 1126 | position -1456.0320 -373.8602 189.3625 | Step 2911
I/DH2Native( 7985): Blended character event | event 0x28 | clip 1126 | slot 0 | phase 1 | lag 30
I/DH2Native( 7985): Original player animation event delivered | name step_left | lag 30 | Lua status 0 | same Script/World/Scene/PFFloor
I/DH2Native( 7985): Player position -1309.7628 -373.8602 193.8779 | moved 612 | blocked 106
I/DH2Native( 7985): Player facing | angle 1.57079637 | native updates 718
I/DH2Native( 7985): Character state event | state 4 | event 3f | prior 0 | flags 23c1
V/DH2Native( 7985): Native transition profile | phase 7 | state 4 | event 3f
V/DH2Native( 7985): Native transition profile | phase 8 | state 4 | event 3f
I/DH2Native( 7985): Blended character event | event 0x24 | clip 1126 | slot 0 | phase 5 | lag 0
I/DH2Native( 7985): Blended character event | event 0x26 | clip 1126 | slot 0 | phase 5 | lag 0
I/DH2Native( 7985): Character animation selected | state 3 | flags 2380 | sequence 262 | clip 1040 | actor state service
I/DH2Native( 7985): Character state event | state 3 | event 1d | prior 4 | flags 2380
I/DH2Native( 7985): Player source state | previous 4 | current 3 | event 0x3f | flags 2380 | root 262 | clip 1040 | position -1309.7628 -373.8602 193.8779 | Step 2931
I/DH2Native( 7985): Actor clip completed | _prim_Monster_Ghost05 | state Idle | completions 19 | active 1 | next clip 706 | layers 1
I/DH2Native( 7985): Actor clip completed | _prim_Monster_Ghost06 | state Idle | completions 19 | active 1 | next clip 706 | layers 1
I/DH2Native( 7985): Actor clip completed | _prim_tmp_cultist05 | state Idle | completions 66 | active 1 | next clip 1258 | layers 1
I/DH2Native( 7985): Actor clip completed | _prim_tmp_cultist06 | state Idle | completions 66 | active 1 | next clip 1258 | layers 1
I/DH2Native( 7985): Actor clip completed | _prim_Monster | state Idle | completions 66 | active 1 | next clip 1258 | layers 1
I/DH2Native( 7985): Actor clip completed | _prim_Monster02 | state Idle | completions 66 | active 1 | next clip 1258 | layers 1
I/DH2Native( 7985): Actor clip completed | _prim_Monster05 | state Idle | completions 66 | active 1 | next clip 1258 | layers 1
I/DH2Native( 7985): Blended character event | event 0x28 | clip 1040 | slot 1 | phase 1 | lag 0
I/DH2Native( 7985): Player position -1309.7628 -373.8602 193.8779 | moved 612 | blocked 106
I/DH2Native( 7985): Player facing | angle 1.57079637 | native updates 718
I/DH2Native( 7985): Player position -1309.7628 -373.8602 193.8779 | moved 612 | blocked 106
I/DH2Native( 7985): Player facing | angle 1.57079637 | native updates 718
I/DH2Native( 7985): Blended character event | event 0x27 | clip 1040 | slot 1 | phase 4 | lag 0
I/DH2Native( 7985): Blended character event | event 0x25 | clip 1040 | slot 1 | phase 4 | lag 0
I/DH2Native( 7985): Blended character event | event 0x23 | clip 1040 | slot 1 | phase 4 | lag 0
I/DH2Native( 7985): Blended character event | event 0x24 | clip 1040 | slot 1 | phase 5 | lag 0
I/DH2Native( 7985): Blended character event | event 0x26 | clip 1040 | slot 1 | phase 5 | lag 0
V/DH2Native( 7985): Native transition profile | phase 7 | state 3 | event c351
V/DH2Native( 7985): Native transition profile | phase 8 | state 3 | event c351
I/DH2Native( 7985): Blended character event | event 0x24 | clip 1040 | slot 0 | phase 5 | lag 0
I/DH2Native( 7985): Blended character event | event 0x26 | clip 1040 | slot 0 | phase 5 | lag 0
I/DH2Native( 7985): Character animation selected | state 4 | flags 23c1 | sequence 280 | clip 1126 | actor state service
I/DH2Native( 7985): Locomotion clip: Walk | original selected clip 1126 | timeline speed 1.29999995 | authored restart
I/DH2Native( 7985): Character state event | state 4 | event 1d | prior 3 | flags 23c1
I/DH2Native( 7985): Player source state | previous 3 | current 4 | event 0xc351 | flags 23c1 | root 280 | clip 1126 | position -1309.7628 -373.8602 193.8779 | Step 2975
I/DH2Native( 7985): Player position -1314.0702 -339.3355 211.1760 | moved 617 | blocked 108
I/DH2Native( 7985): Player facing | angle 4.39823008 | native updates 725
I/DH2Native( 7985): Character state event | state 4 | event 3f | prior 0 | flags 23c1
V/DH2Native( 7985): Native transition profile | phase 7 | state 4 | event 3f
V/DH2Native( 7985): Native transition profile | phase 8 | state 4 | event 3f
I/DH2Native( 7985): Blended character event | event 0x24 | clip 1126 | slot 1 | phase 5 | lag 0
I/DH2Native( 7985): Blended character event | event 0x26 | clip 1126 | slot 1 | phase 5 | lag 0
I/DH2Native( 7985): Character animation selected | state 3 | flags 2380 | sequence 262 | clip 1040 | actor state service
I/DH2Native( 7985): Character state event | state 3 | event 1d | prior 4 | flags 2380
I/DH2Native( 7985): Player source state | previous 4 | current 3 | event 0x3f | flags 2380 | root 262 | clip 1040 | position -1314.0702 -339.3355 211.1760 | Step 2982
I/DH2Native( 7985): Actor clip completed | _prim_tmp_cultist05 | state Idle | completions 67 | active 1 | next clip 1258 | layers 1
I/DH2Native( 7985): Actor clip completed | _prim_tmp_cultist06 | state Idle | completions 67 | active 1 | next clip 1258 | layers 1
I/DH2Native( 7985): Actor clip completed | _prim_Monster | state Idle | completions 67 | active 1 | next clip 1258 | layers 1
I/DH2Native( 7985): Actor clip completed | _prim_Monster02 | state Idle | completions 67 | active 1 | next clip 1259 | layers 1
I/DH2Native( 7985): Actor clip completed | _prim_Monster05 | state Idle | completions 67 | active 1 | next clip 1258 | layers 1
I/DH2Native( 7985): Actor clip completed | _prim_tmp_cultist08 | state Idle | completions 12 | active 1 | next clip 1195 | layers 1
I/DH2Native( 7985): Native actor frame | scene 89534 | Step 3000 | actor 3000 | source phase 5 | clip 1040 | ms 565 | replays 157 | body -13.1407 -3.39336 | contacts 0 0 | state 3 | body present 1 | timeline scale 1
I/DH2Native( 7985): Blended character event | event 0x28 | clip 1040 | slot 0 | phase 1 | lag 29
I/DH2Native( 7985): Player position -1314.0702 -339.3355 211.1760 | moved 617 | blocked 108
I/DH2Native( 7985): Player facing | angle 4.71238899 | native updates 725
I/DH2Native( 7985): Actor clip completed | _prim_tmp_cultist07 | state Idle | completions 11 | active 1 | next clip 1194 | layers 1
I/DH2Native( 7985): Player position -1314.0702 -339.3355 211.1760 | moved 617 | blocked 108
I/DH2Native( 7985): Player facing | angle 4.71238899 | native updates 725
I/DH2Native( 7985): Blended character event | event 0x27 | clip 1040 | slot 0 | phase 4 | lag 0
I/DH2Native( 7985): Blended character event | event 0x25 | clip 1040 | slot 0 | phase 4 | lag 0
I/DH2Native( 7985): Blended character event | event 0x23 | clip 1040 | slot 0 | phase 4 | lag 0
I/DH2Native( 7985): Blended character event | event 0x24 | clip 1040 | slot 0 | phase 5 | lag 0
I/DH2Native( 7985): Blended character event | event 0x26 | clip 1040 | slot 0 | phase 5 | lag 0
V/DH2Native( 7985): Native transition profile | phase 7 | state 3 | event c351
V/DH2Native( 7985): Native transition profile | phase 8 | state 3 | event c351
I/DH2Native( 7985): Blended character event | event 0x24 | clip 1040 | slot 1 | phase 5 | lag 0
I/DH2Native( 7985): Blended character event | event 0x26 | clip 1040 | slot 1 | phase 5 | lag 0
I/DH2Native( 7985): Character animation selected | state 4 | flags 23c1 | sequence 280 | clip 1126 | actor state service
I/DH2Native( 7985): Locomotion clip: Walk | original selected clip 1126 | timeline speed 1.29999995 | authored restart
I/DH2Native( 7985): Character state event | state 4 | event 1d | prior 3 | flags 23c1
I/DH2Native( 7985): Player source state | previous 3 | current 4 | event 0xc351 | flags 23c1 | root 280 | clip 1126 | position -1314.0702 -339.3355 211.1760 | Step 3026
I/DH2Native( 7985): Actor clip completed | _prim_tmp_cultist05 | state Idle | completions 68 | active 1 | next clip 1259 | layers 1
I/DH2Native( 7985): Actor clip completed | _prim_tmp_cultist06 | state Idle | completions 68 | active 1 | next clip 1258 | layers 1
I/DH2Native( 7985): Actor clip completed | _prim_Monster | state Idle | completions 68 | active 1 | next clip 1259 | layers 1
I/DH2Native( 7985): Actor clip completed | _prim_Monster02 | state Idle | completions 68 | active 1 | next clip 1258 | layers 1
I/DH2Native( 7985): Actor clip completed | _prim_Monster05 | state Idle | completions 68 | active 1 | next clip 1258 | layers 1
I/DH2Native( 7985): Blended character event | event 0x28 | clip 1126 | slot 0 | phase 1 | lag 6
I/DH2Native( 7985): Original player animation event delivered | name step_left | lag 6 | Lua status 0 | same Script/World/Scene/PFFloor
I/DH2Native( 7985): Player position -1459.9419 -339.3355 206.6728 | moved 631 | blocked 110
I/DH2Native( 7985): Player facing | angle 4.71238899 | native updates 741
I/DH2Native( 7985): Character state event | state 4 | event 3f | prior 0 | flags 23c1
V/DH2Native( 7985): Native transition profile | phase 7 | state 4 | event 3f
V/DH2Native( 7985): Native transition profile | phase 8 | state 4 | event 3f
I/DH2Native( 7985): Blended character event | event 0x24 | clip 1126 | slot 0 | phase 5 | lag 0
I/DH2Native( 7985): Blended character event | event 0x26 | clip 1126 | slot 0 | phase 5 | lag 0
I/DH2Native( 7985): Character animation selected | state 3 | flags 2380 | sequence 262 | clip 1040 | actor state service
I/DH2Native( 7985): Character state event | state 3 | event 1d | prior 4 | flags 2380
I/DH2Native( 7985): Player source state | previous 4 | current 3 | event 0x3f | flags 2380 | root 262 | clip 1040 | position -1459.9419 -339.3355 206.6728 | Step 3042
I/DH2Native( 7985): Blended character event | event 0x28 | clip 1040 | slot 1 | phase 1 | lag 1
I/DH2Native( 7985): Player position -1459.9419 -339.3355 206.6728 | moved 631 | blocked 110
I/DH2Native( 7985): Player facing | angle 4.71238899 | native updates 741
I/DH2Native( 7985): Player position -1459.9419 -339.3355 206.6728 | moved 631 | blocked 110
I/DH2Native( 7985): Player facing | angle 4.71238899 | native updates 741
I/DH2Native( 7985): Actor clip completed | _prim_tmp_cultist05 | state Idle | completions 69 | active 1 | next clip 1259 | layers 1
I/DH2Native( 7985): Actor clip completed | _prim_tmp_cultist06 | state Idle | completions 69 | active 1 | next clip 1258 | layers 1
I/DH2Native( 7985): Actor clip completed | _prim_Monster | state Idle | completions 69 | active 1 | next clip 1258 | layers 1
I/DH2Native( 7985): Actor clip completed | _prim_Monster02 | state Idle | completions 69 | active 1 | next clip 1258 | layers 1
I/DH2Native( 7985): Actor clip completed | _prim_Monster05 | state Idle | completions 69 | active 1 | next clip 1259 | layers 1
I/DH2Native( 7985): Blended character event | event 0x27 | clip 1040 | slot 1 | phase 4 | lag 0
I/DH2Native( 7985): Blended character event | event 0x25 | clip 1040 | slot 1 | phase 4 | lag 0
I/DH2Native( 7985): Blended character event | event 0x23 | clip 1040 | slot 1 | phase 4 | lag 0
I/DH2Native( 7985): Blended character event | event 0x24 | clip 1040 | slot 1 | phase 5 | lag 0
I/DH2Native( 7985): Blended character event | event 0x26 | clip 1040 | slot 1 | phase 5 | lag 0
I/DH2Native( 7985): Actor clip completed | _prim_Monster_Ghost05 | state Idle | completions 20 | active 1 | next clip 706 | layers 1
I/DH2Native( 7985): Actor clip completed | _prim_Monster_Ghost06 | state Idle | completions 20 | active 1 | next clip 706 | layers 1
V/DH2Native( 7985): Native transition profile | phase 7 | state 3 | event c351
V/DH2Native( 7985): Native transition profile | phase 8 | state 3 | event c351
I/DH2Native( 7985): Blended character event | event 0x24 | clip 1041 | slot 0 | phase 5 | lag 0
I/DH2Native( 7985): Blended character event | event 0x26 | clip 1041 | slot 0 | phase 5 | lag 0
I/DH2Native( 7985): Character animation selected | state 4 | flags 23c1 | sequence 280 | clip 1126 | actor state service
I/DH2Native( 7985): Locomotion clip: Walk | original selected clip 1126 | timeline speed 1.29999995 | authored restart
I/DH2Native( 7985): Character state event | state 4 | event 1d | prior 3 | flags 23c1
I/DH2Native( 7985): Player source state | previous 3 | current 4 | event 0xc351 | flags 23c1 | root 280 | clip 1126 | position -1459.9419 -339.3355 206.6728 | Step 3086
I/DH2Native( 7985): Player position -1464.2250 -309.1722 221.7697 | moved 635 | blocked 112
I/DH2Native( 7985): Player facing | angle 2.28707933 | native updates 747
I/DH2Native( 7985): Character state event | state 4 | event 3f | prior 0 | flags 23c1
V/DH2Native( 7985): Native transition profile | phase 7 | state 4 | event 3f
V/DH2Native( 7985): Native transition profile | phase 8 | state 4 | event 3f
I/DH2Native( 7985): Blended character event | event 0x24 | clip 1126 | slot 1 | phase 5 | lag 0
I/DH2Native( 7985): Blended character event | event 0x26 | clip 1126 | slot 1 | phase 5 | lag 0
I/DH2Native( 7985): Character animation selected | state 3 | flags 2380 | sequence 262 | clip 1040 | actor state service
I/DH2Native( 7985): Character state event | state 3 | event 1d | prior 4 | flags 2380
I/DH2Native( 7985): Player source state | previous 4 | current 3 | event 0x3f | flags 2380 | root 262 | clip 1040 | position -1464.2250 -309.1722 221.7697 | Step 3092
I/DH2Native( 7985): Actor clip completed | _prim_tmp_cultist01 | state Idle | completions 11 | active 1 | next clip 1194 | layers 1
I/DH2Native( 7985): Blended character event | event 0x28 | clip 1040 | slot 0 | phase 1 | lag 25
I/DH2Native( 7985): Player position -1464.2250 -309.1722 221.7697 | moved 635 | blocked 112
I/DH2Native( 7985): Player facing | angle 1.57079637 | native updates 747
I/DH2Native( 7985): Actor clip completed | _prim_tmp_cultist05 | state Idle | completions 70 | active 1 | next clip 1258 | layers 1
I/DH2Native( 7985): Actor clip completed | _prim_tmp_cultist06 | state Idle | completions 70 | active 1 | next clip 1258 | layers 1
I/DH2Native( 7985): Actor clip completed | _prim_Monster | state Idle | completions 70 | active 1 | next clip 1258 | layers 1
I/DH2Native( 7985): Actor clip completed | _prim_Monster02 | state Idle | completions 70 | active 1 | next clip 1258 | layers 1
I/DH2Native( 7985): Actor clip completed | _prim_Monster05 | state Idle | completions 70 | active 1 | next clip 1258 | layers 1
I/DH2Native( 7985): Player position -1464.2250 -309.1722 221.7697 | moved 635 | blocked 112
I/DH2Native( 7985): Player facing | angle 1.57079637 | native updates 747
I/DH2Native( 7985): Native actor frame | scene 93384 | Step 3120 | actor 3120 | source phase 5 | clip 1040 | ms 778 | replays 163 | body -14.6422 -3.09172 | contacts 0 0 | state 3 | body present 1 | timeline scale 1
I/DH2Native( 7985): Blended character event | event 0x27 | clip 1040 | slot 0 | phase 4 | lag 0
I/DH2Native( 7985): Blended character event | event 0x25 | clip 1040 | slot 0 | phase 4 | lag 0
I/DH2Native( 7985): Blended character event | event 0x23 | clip 1040 | slot 0 | phase 4 | lag 0
I/DH2Native( 7985): Blended character event | event 0x24 | clip 1040 | slot 0 | phase 5 | lag 0
I/DH2Native( 7985): Blended character event | event 0x26 | clip 1040 | slot 0 | phase 5 | lag 0
V/DH2Native( 7985): Native transition profile | phase 7 | state 3 | event c351
V/DH2Native( 7985): Native transition profile | phase 8 | state 3 | event c351
I/DH2Native( 7985): Blended character event | event 0x24 | clip 1041 | slot 1 | phase 5 | lag 0
I/DH2Native( 7985): Blended character event | event 0x26 | clip 1041 | slot 1 | phase 5 | lag 0
I/DH2Native( 7985): Character animation selected | state 4 | flags 23c1 | sequence 280 | clip 1126 | actor state service
I/DH2Native( 7985): Locomotion clip: Walk | original selected clip 1126 | timeline speed 1.29999995 | authored restart
I/DH2Native( 7985): Character state event | state 4 | event 1d | prior 3 | flags 23c1
I/DH2Native( 7985): Player source state | previous 3 | current 4 | event 0xc351 | flags 23c1 | root 280 | clip 1126 | position -1464.2250 -309.1722 221.7697 | Step 3138
I/DH2Native( 7985): Blended character event | event 0x28 | clip 1126 | slot 0 | phase 1 | lag 28
I/DH2Native( 7985): Original player animation event delivered | name step_left | lag 28 | Lua status 0 | same Script/World/Scene/PFFloor
I/DH2Native( 7985): Player position -1316.8560 -309.1722 226.3191 | moved 653 | blocked 114
I/DH2Native( 7985): Player facing | angle 1.57079637 | native updates 767
I/DH2Native( 7985): Character state event | state 4 | event 3f | prior 0 | flags 23c1
V/DH2Native( 7985): Native transition profile | phase 7 | state 4 | event 3f
V/DH2Native( 7985): Native transition profile | phase 8 | state 4 | event 3f
I/DH2Native( 7985): Blended character event | event 0x24 | clip 1126 | slot 0 | phase 5 | lag 0
I/DH2Native( 7985): Blended character event | event 0x26 | clip 1126 | slot 0 | phase 5 | lag 0
I/DH2Native( 7985): Character animation selected | state 3 | flags 2380 | sequence 262 | clip 1041 | actor state service
I/DH2Native( 7985): Character state event | state 3 | event 1d | prior 4 | flags 2380
I/DH2Native( 7985): Player source state | previous 4 | current 3 | event 0x3f | flags 2380 | root 262 | clip 1041 | position -1316.8560 -309.1722 226.3191 | Step 3158
I/DH2Native( 7985): Actor clip completed | _prim_tmp_cultist05 | state Idle | completions 71 | active 1 | next clip 1258 | layers 1
I/DH2Native( 7985): Actor clip completed | _prim_tmp_cultist06 | state Idle | completions 71 | active 1 | next clip 1258 | layers 1
I/DH2Native( 7985): Actor clip completed | _prim_Monster | state Idle | completions 71 | active 1 | next clip 1258 | layers 1
I/DH2Native( 7985): Actor clip completed | _prim_Monster02 | state Idle | completions 71 | active 1 | next clip 1258 | layers 1
I/DH2Native( 7985): Actor clip completed | _prim_Monster05 | state Idle | completions 71 | active 1 | next clip 1258 | layers 1
I/DH2Native( 7985): Player position -1316.8560 -309.1722 226.3191 | moved 653 | blocked 114
I/DH2Native( 7985): Player facing | angle 1.57079637 | native updates 767
I/DH2Native( 7985): Player position -1316.8560 -309.1722 226.3191 | moved 653 | blocked 114
I/DH2Native( 7985): Player facing | angle 1.57079637 | native updates 767
I/DH2Native( 7985): Actor clip completed | _prim_tmp_cultist03 | state Idle | completions 13 | active 1 | next clip 1195 | layers 1
I/DH2Native( 7985): Actor clip completed | _prim_tmp_cultist08 | state Idle | completions 13 | active 1 | next clip 1194 | layers 1
V/DH2Native( 7985): Native transition profile | phase 7 | state 3 | event c351
V/DH2Native( 7985): Native transition profile | phase 8 | state 3 | event c351
I/DH2Native( 7985): Blended character event | event 0x24 | clip 1041 | slot 1 | phase 5 | lag 0
I/DH2Native( 7985): Blended character event | event 0x26 | clip 1041 | slot 1 | phase 5 | lag 0
I/DH2Native( 7985): Character animation selected | state 4 | flags 23c1 | sequence 280 | clip 1126 | actor state service
I/DH2Native( 7985): Locomotion clip: Walk | original selected clip 1126 | timeline speed 1.29999995 | authored restart
I/DH2Native( 7985): Character state event | state 4 | event 1d | prior 3 | flags 23c1
I/DH2Native( 7985): Player source state | previous 3 | current 4 | event 0xc351 | flags 23c1 | root 280 | clip 1126 | position -1316.8560 -309.1722 226.3191 | Step 3204
I/DH2Native( 7985): Player position -1315.5778 -278.2648 241.9634 | moved 658 | blocked 116
I/DH2Native( 7985): Player facing | angle 4.08407068 | native updates 774
I/DH2Native( 7985): Character state event | state 4 | event 3f | prior 0 | flags 23c1
V/DH2Native( 7985): Native transition profile | phase 7 | state 4 | event 3f
V/DH2Native( 7985): Native transition profile | phase 8 | state 4 | event 3f
I/DH2Native( 7985): Blended character event | event 0x24 | clip 1126 | slot 0 | phase 5 | lag 0
I/DH2Native( 7985): Blended character event | event 0x26 | clip 1126 | slot 0 | phase 5 | lag 0
I/DH2Native( 7985): Character animation selected | state 3 | flags 2380 | sequence 262 | clip 1040 | actor state service
I/DH2Native( 7985): Character state event | state 3 | event 1d | prior 4 | flags 2380
I/DH2Native( 7985): Player source state | previous 4 | current 3 | event 0x3f | flags 2380 | root 262 | clip 1040 | position -1315.5778 -278.2648 241.9634 | Step 3211
I/DH2Native( 7985): Actor clip completed | _prim_tmp_cultist05 | state Idle | completions 72 | active 1 | next clip 1258 | layers 1
I/DH2Native( 7985): Actor clip completed | _prim_tmp_cultist06 | state Idle | completions 72 | active 1 | next clip 1258 | layers 1
I/DH2Native( 7985): Actor clip completed | _prim_Monster | state Idle | completions 72 | active 1 | next clip 1258 | layers 1
I/DH2Native( 7985): Actor clip completed | _prim_Monster02 | state Idle | completions 72 | active 1 | next clip 1258 | layers 1
I/DH2Native( 7985): Actor clip completed | _prim_Monster05 | state Idle | completions 72 | active 1 | next clip 1259 | layers 1
I/DH2Native( 7985): Blended character event | event 0x28 | clip 1040 | slot 1 | phase 1 | lag 28
I/DH2Native( 7985): Player position -1315.5778 -278.2648 241.9634 | moved 658 | blocked 116
I/DH2Native( 7985): Player facing | angle 4.71238899 | native updates 774
I/DH2Native( 7985): Player position -1315.5778 -278.2648 241.9634 | moved 658 | blocked 116
I/DH2Native( 7985): Player facing | angle 4.71238899 | native updates 774
I/DH2Native( 7985): Native actor frame | scene 96724 | Step 3240 | actor 3240 | source phase 5 | clip 1040 | ms 774 | replays 168 | body -13.1558 -2.78265 | contacts 0 0 | state 3 | body present 1 | timeline scale 1