ID,System,Subsystem,IDA library,IDA address,IDA function,Source path(s),Check / expected behavior,IDA evidence,Implementation status,Implementation evidence,Runtime status,Acceptance evidence,Priority,Owner/session
CS-0001,Save / load,section load registration,libDungeonHunter2.so,0x00315848,_ZN8Savegame4loadEPKcPFvP11IStreamBasePvES6_S4_,port/level-world/level_savegame_owner_v1.cpp; port/game-data/player_save_load_owner_v1.cpp,"Verify the missing-key path initializes one section record with its callbacks, context, and default state.",libDungeonHunter2.so pseudocode-all.c:L8019 (FUNCTION 00315848 _ZN8Savegame4loadEPKcPFvP11IStreamBasePvES6_S4_); function body/direct calls,partial,"LevelSavegameOwnerV1 initializes its local fields and delegates INFO/OBJS registration to a service; its load path is separately delegated. The concrete cache stores fixed slots, not a generic first-key callback/context record. Source: port/level-world/level_savegame_owner_v1.cpp:16,22-29; port/level-world/level_savegame_cache_v1.cpp:24-26. IDA Savegame::load at pseudocode-all.c:L8019 initializes a missing map record and writes the callback/context fields.",not_run,"Compare the named mutation/transition to the cited original; record source line(s) and focused before/after evidence (test, trace, or runtime capture).",P1,unassigned
CS-0002,Save / load,section load registration,libDungeonHunter2.so,0x00315848,_ZN8Savegame4loadEPKcPFvP11IStreamBasePvES6_S4_,port/level-world/level_savegame_owner_v1.cpp; port/game-data/player_save_load_owner_v1.cpp,Verify repeat registration for an existing section key replaces its callbacks and context in place.,libDungeonHunter2.so pseudocode-all.c:L8019 (FUNCTION 00315848 _ZN8Savegame4loadEPKcPFvP11IStreamBasePvES6_S4_); function body/direct calls,partial,Registration is delegated from LevelSavegameOwnerV1; LevelSavegameCacheV1 stores a fields pointer in a fixed INFO/OBJS slot and does not retain generic callback pairs. Source: port/level-world/level_savegame_owner_v1.cpp:22-23; port/level-world/level_savegame_cache_v1.cpp:24-26. IDA Savegame::load at 0x315848 overwrites callback/context fields for an existing key.,not_run,"Compare the named mutation/transition to the cited original; record source line(s) and focused before/after evidence (test, trace, or runtime capture).",P1,unassigned
CS-0003,Save / load,section load registration,libDungeonHunter2.so,0x00315848,_ZN8Savegame4loadEPKcPFvP11IStreamBasePvES6_S4_,port/level-world/level_savegame_owner_v1.cpp; port/game-data/player_save_load_owner_v1.cpp,"Verify existing-key registration invokes the loader only when cached section data, a Savegame stream, and a nonnull loader are all present.",libDungeonHunter2.so pseudocode-all.c:L8019 (FUNCTION 00315848 _ZN8Savegame4loadEPKcPFvP11IStreamBasePvES6_S4_); function body/direct calls,partial,Port registration does not replay an existing section's loader; load is a separate call through the cache service. Source: port/level-world/level_savegame_cache_v1.cpp:24-34; port/level-world/level_savegame_owner_v1.cpp:27-29. IDA Savegame::load at 0x315848 has an existing-key branch that accesses cached section/stream state and calls the reader only when its guards pass.,not_run,"Compare the named mutation/transition to the cited original; record source line(s) and focused before/after evidence (test, trace, or runtime capture).",P1,unassigned
CS-0004,Save / load,section load registration,libDungeonHunter2.so,0x00315848,_ZN8Savegame4loadEPKcPFvP11IStreamBasePvES6_S4_,port/level-world/level_savegame_owner_v1.cpp; port/game-data/player_save_load_owner_v1.cpp,Verify a missing generic section key creates one initialized keyed entry; record whether the Level path intentionally scopes this to INFO/OBJS fixed slots.,libDungeonHunter2.so pseudocode-all.c:L8019 (FUNCTION 00315848 _ZN8Savegame4loadEPKcPFvP11IStreamBasePvES6_S4_); function body/direct calls,partial,"Level cache's two fixed section slots cannot represent generic keyed map entries; the Level owner registers only INFO then OBJS. Source: port/level-world/level_savegame_cache_v1.cpp:8-9,24-27; port/level-world/level_savegame_owner_v1.cpp:22-23. IDA Savegame::load at pseudocode-all.c:L8019 inserts/initializes a map record for a missing name. This is generic Savegame coverage beyond the current Level-specific path.",not_run,"Compare the named mutation/transition to the cited original; record source line(s) and focused before/after evidence (test, trace, or runtime capture).",P1,unassigned
CS-0005,Save / load,section load registration,libDungeonHunter2.so,0x00315848,_ZN8Savegame4loadEPKcPFvP11IStreamBasePvES6_S4_,port/level-world/level_savegame_owner_v1.cpp; port/game-data/player_save_load_owner_v1.cpp,Verify a null existing-section loader skips the final loader call while cached-stream access still occurs when cached data and a stream exist.,libDungeonHunter2.so pseudocode-all.c:L8019 (FUNCTION 00315848 _ZN8Savegame4loadEPKcPFvP11IStreamBasePvES6_S4_); function body/direct calls,partial,"No generic existing-key reader callback path is implemented in the Level cache; registration and read are split. IDA 0x315848 still accesses cached stream before its final nonnull-reader guard, so absence of the callback does not imply no stream access. Source: port/level-world/level_savegame_cache_v1.cpp:24-34; IDA pseudocode-all.c:L8019.",not_run,"Compare the named mutation/transition to the cited original; record source line(s) and focused before/after evidence (test, trace, or runtime capture).",P1,unassigned
CS-0006,Save / load,section metadata registration,libDungeonHunter2.so,0x00315904,_ZN8Savegame15initSectionInfoEPKcPFvP11IStreamBasePvES6_S4_,port/level-world/level_savegame_owner_v1.cpp; port/game-data/player_save_load_owner_v1.cpp,Verify a new section record retains both reader/writer callbacks together with its user context.,libDungeonHunter2.so pseudocode-all.c:L8071 (FUNCTION 00315904 _ZN8Savegame15initSectionInfoEPKcPFvP11IStreamBasePvES6_S4_); function body/direct calls,partial,"Port retains a Level fields pointer per fixed slot, but not the reader/writer callback pair/context record. Source: port/level-world/level_savegame_cache_v1.cpp:24-27; port/level-world/level_savegame_owner_v1.cpp:22-23. IDA Savegame::initSectionInfo at pseudocode-all.c:L8089 stores both callbacks and context in a generic section record.",not_run,"Compare the named mutation/transition to the cited original; record source line(s) and focused before/after evidence (test, trace, or runtime capture).",P1,unassigned
CS-0007,Save / load,section metadata registration,libDungeonHunter2.so,0x00315904,_ZN8Savegame15initSectionInfoEPKcPFvP11IStreamBasePvES6_S4_,port/level-world/level_savegame_owner_v1.cpp; port/game-data/player_save_load_owner_v1.cpp,Verify repeat metadata registration updates both callbacks and user context on the existing section record.,libDungeonHunter2.so pseudocode-all.c:L8071 (FUNCTION 00315904 _ZN8Savegame15initSectionInfoEPKcPFvP11IStreamBasePvES6_S4_); function body/direct calls,partial,No generic existing-key callback/context record is retained by LevelSavegameCacheV1; it reassigns only the fixed slot's fields pointer. Source: port/level-world/level_savegame_cache_v1.cpp:24-27. IDA Savegame::initSectionInfo at 0x315904 overwrites callbacks/context on an existing record.,not_run,"Compare the named mutation/transition to the cited original; record source line(s) and focused before/after evidence (test, trace, or runtime capture).",P1,unassigned
CS-0008,Save / load,section metadata registration,libDungeonHunter2.so,0x00315904,_ZN8Savegame15initSectionInfoEPKcPFvP11IStreamBasePvES6_S4_,port/level-world/level_savegame_owner_v1.cpp; port/game-data/player_save_load_owner_v1.cpp,Verify metadata registration stores section information without invoking a section loader.,libDungeonHunter2.so pseudocode-all.c:L8071 (FUNCTION 00315904 _ZN8Savegame15initSectionInfoEPKcPFvP11IStreamBasePvES6_S4_); function body/direct calls,implemented,Level construction calls register_section for INFO/OBJS; reading occurs only in the later LevelSavegameOwnerV1::load call. Source: port/level-world/level_savegame_owner_v1.cpp:22-29; port/level-world/level_savegame_cache_v1.cpp:24-34. IDA initSectionInfo at 0x315904 only finds/creates and writes metadata; it does not call the loader.,not_run,"Compare the named mutation/transition to the cited original; record source line(s) and focused before/after evidence (test, trace, or runtime capture).",P1,unassigned
CS-0009,Save / load,section metadata registration,libDungeonHunter2.so,0x00315904,_ZN8Savegame15initSectionInfoEPKcPFvP11IStreamBasePvES6_S4_,port/level-world/level_savegame_owner_v1.cpp; port/game-data/player_save_load_owner_v1.cpp,"Verify unequal prefix-related section names remain distinct, while an identical key updates its existing entry.",libDungeonHunter2.so pseudocode-all.c:L8071 (FUNCTION 00315904 _ZN8Savegame15initSectionInfoEPKcPFvP11IStreamBasePvES6_S4_); function body/direct calls,implemented,"The port only supports exact INFO and OBJS tags in separate enum slots, so it does not model arbitrary map keys. Original std::map string comparison distinguishes prefix-related unequal names and replaces an identical key. Source: port/level-world/level_savegame_cache_v1.cpp:8-9,24-27; IDA initSectionInfo at 0x315904 and map lookup at 0x315978.",not_run,"Compare the named mutation/transition to the cited original; record source line(s) and focused before/after evidence (test, trace, or runtime capture).",P1,unassigned
CS-0010,Save / load,section metadata registration,libDungeonHunter2.so,0x00315904,_ZN8Savegame15initSectionInfoEPKcPFvP11IStreamBasePvES6_S4_,port/level-world/level_savegame_owner_v1.cpp; port/game-data/player_save_load_owner_v1.cpp,Verify INFO and OBJS registration bind the intended reader/writer pair to the LevelSavegame context in order.,libDungeonHunter2.so pseudocode-all.c:L8071 (FUNCTION 00315904 _ZN8Savegame15initSectionInfoEPKcPFvP11IStreamBasePvES6_S4_); function body/direct calls,partial,"Level owner registers INFO then OBJS against the same fields object, but registration API carries enum/tag/context only, not the original reader/writer callback pair. Source: port/level-world/level_savegame_owner_v1.cpp:22-23; port/level-world/level_savegame_cache_v1.cpp:24-27. IDA initSectionInfo at 0x315904 stores both callbacks and user context.",not_run,"Compare the named mutation/transition to the cited original; record source line(s) and focused before/after evidence (test, trace, or runtime capture).",P1,unassigned
CS-0011,Save / load,asynchronous save job pump,libDungeonHunter2.so,0x00314734,_ZN8Savegame10UpdateJobsEv,port/level-world/savegame_jobs_owner_v2.cpp; port/level-world/savegame_stream_v2.cpp,Verify one queued job is promoted to current per UpdateJobs promotion.,libDungeonHunter2.so pseudocode-all.c:L7016 (FUNCTION 00314734 _ZN8Savegame10UpdateJobsEv); function body/direct calls,implemented,"UpdateJobs promotes at most one pending job to active per pump, then handles that active job. Source: port/level-world/savegame_jobs_owner_v2.cpp:9-14. IDA Savegame::UpdateJobs at pseudocode-all.c:L7016 copies the list head into s_currentJob and erases the head.",not_run,"Compare the named mutation/transition to the cited original; record source line(s) and focused before/after evidence (test, trace, or runtime capture).",P1,unassigned
CS-0012,Save / load,asynchronous save job pump,libDungeonHunter2.so,0x00314734,_ZN8Savegame10UpdateJobsEv,port/level-world/savegame_jobs_owner_v2.cpp; port/level-world/savegame_stream_v2.cpp,Verify re-entry into UpdateJobs is rejected while a pump call is executing.,libDungeonHunter2.so pseudocode-all.c:L7016 (FUNCTION 00314734 _ZN8Savegame10UpdateJobsEv); function body/direct calls,implemented,The busy_ guard returns without running another pump while UpdateJobs is active. Source: port/level-world/savegame_jobs_owner_v2.cpp:9-11. IDA UpdateJobs at 0x314734 tests static inQueue and returns 0 on re-entry; port reports true/no failure while leaving progressed false.,not_run,"Compare the named mutation/transition to the cited original; record source line(s) and focused before/after evidence (test, trace, or runtime capture).",P1,unassigned
CS-0013,Save / load,asynchronous save job pump,libDungeonHunter2.so,0x00314734,_ZN8Savegame10UpdateJobsEv,port/level-world/savegame_jobs_owner_v2.cpp; port/level-world/savegame_stream_v2.cpp,"Verify a null write-stream open result calls Job::finish, reports progress, and clears the current job.",libDungeonHunter2.so pseudocode-all.c:L7016 (FUNCTION 00314734 _ZN8Savegame10UpdateJobsEv); function body/direct calls,partial,"The port null-output branch reports through write_failure then calls finish; if the reporting service fails, it retains failed state instead. Source: port/level-world/savegame_jobs_owner_v2.cpp:14-16. IDA UpdateJobs at 0x314734 branches on open result and has its own completion/control-flow path; exact null-open cleanup should be compared at assembly around 0x3148xx before claiming full equivalence.",not_run,"Compare the named mutation/transition to the cited original; record source line(s) and focused before/after evidence (test, trace, or runtime capture).",P1,unassigned
CS-0014,Save / load,asynchronous save job pump,libDungeonHunter2.so,0x00314734,_ZN8Savegame10UpdateJobsEv,port/level-world/savegame_jobs_owner_v2.cpp; port/level-world/savegame_stream_v2.cpp,Verify one chunk ordinal advances per pump write regardless of accepted-byte count; compare the port short-write path to IDA’s void stream write.,libDungeonHunter2.so pseudocode-all.c:L7016 (FUNCTION 00314734 _ZN8Savegame10UpdateJobsEv); function body/direct calls,implemented,"Port advances one 2048-byte block ordinal on each bulk-write pump, independent of accepted byte count, and separately tracks short writes. Source: port/level-world/savegame_jobs_owner_v2.cpp:20-27. IDA UpdateJobs at 0x314734 computes the block slice and increments its chunk index; the bulk write is a void virtual call, not an accepted-byte result.",not_run,"Compare the named mutation/transition to the cited original; record source line(s) and focused before/after evidence (test, trace, or runtime capture).",P1,unassigned
CS-0015,Save / load,asynchronous save job pump,libDungeonHunter2.so,0x00314734,_ZN8Savegame10UpdateJobsEv,port/level-world/savegame_jobs_owner_v2.cpp; port/level-world/savegame_stream_v2.cpp,Verify promoting/finishing the current job leaves remaining pending jobs in FIFO order.,libDungeonHunter2.so pseudocode-all.c:L7016 (FUNCTION 00314734 _ZN8Savegame10UpdateJobsEv); function body/direct calls,implemented,"Port moves pending_.front() to active_ and pops only that head, preserving the order of remaining jobs. Source: port/level-world/savegame_jobs_owner_v2.cpp:11-12. IDA UpdateJobs at 0x314734 copies the list head to current job and erases that node.",not_run,"Compare the named mutation/transition to the cited original; record source line(s) and focused before/after evidence (test, trace, or runtime capture).",P1,unassigned
CS-0016,Save / load,flush queued jobs,libDungeonHunter2.so,0x00314CFC,_ZN8Savegame9FlushJobsEPKc,port/level-world/savegame_jobs_owner_v2.cpp; port/level-world/savegame_stream_v2.cpp,Verify FlushJobs pumps until the original matching/null-filename stop condition.,libDungeonHunter2.so pseudocode-all.c:L7251 (FUNCTION 00314cfc _ZN8Savegame9FlushJobsEPKc); function body/direct calls,implemented,"flush checks whether the matching filename is active/pending, then pumps until update reports no progress. Source: port/level-world/savegame_jobs_owner_v2.cpp:29. IDA FlushJobs at pseudocode-all.c:L7251 uses its argument as filename match; null drains while UpdateJobs reports work.",not_run,"Compare the named mutation/transition to the cited original; record source line(s) and focused before/after evidence (test, trace, or runtime capture).",P1,unassigned
CS-0017,Save / load,flush queued jobs,libDungeonHunter2.so,0x00314CFC,_ZN8Savegame9FlushJobsEPKc,port/level-world/savegame_jobs_owner_v2.cpp; port/level-world/savegame_stream_v2.cpp,Verify FlushJobs treats its argument as a filename filter and does not forward it to the error/report callback.,libDungeonHunter2.so pseudocode-all.c:L7251 (FUNCTION 00314cfc _ZN8Savegame9FlushJobsEPKc); function body/direct calls,implemented,flush uses name only to match active/pending filenames and never passes it to write_failure. Source: port/level-world/savegame_jobs_owner_v2.cpp:29. IDA FlushJobs at 0x314cfc branches on filename equality and calls UpdateJobs; it does not forward the filter argument to a diagnostic callback.,not_run,"Compare the named mutation/transition to the cited original; record source line(s) and focused before/after evidence (test, trace, or runtime capture).",P1,unassigned
CS-0018,Save / load,flush queued jobs,libDungeonHunter2.so,0x00314CFC,_ZN8Savegame9FlushJobsEPKc,port/level-world/savegame_jobs_owner_v2.cpp; port/level-world/savegame_stream_v2.cpp,Verify an empty queue returns without opening a write stream.,libDungeonHunter2.so pseudocode-all.c:L7251 (FUNCTION 00314cfc _ZN8Savegame9FlushJobsEPKc); function body/direct calls,implemented,"If no active or pending job matches, flush returns before update/open_write. Source: port/level-world/savegame_jobs_owner_v2.cpp:29. IDA FlushJobs at 0x314cfc searches for a matching queued filename and returns without pumping if absent; empty queue likewise has no open call.",not_run,"Compare the named mutation/transition to the cited original; record source line(s) and focused before/after evidence (test, trace, or runtime capture).",P1,unassigned
CS-0019,Save / load,flush queued jobs,libDungeonHunter2.so,0x00314CFC,_ZN8Savegame9FlushJobsEPKc,port/level-world/savegame_jobs_owner_v2.cpp; port/level-world/savegame_stream_v2.cpp,Verify the null open-result path clears current-job state as in IDA; distinguish callback errors that leave the port in a failed state.,libDungeonHunter2.so pseudocode-all.c:L7251 (FUNCTION 00314cfc _ZN8Savegame9FlushJobsEPKc); function body/direct calls,partial,"Port finish clears active state on the handled null-output path, but callback/open/write failures can mark the owner failed and retain active state. Source: port/level-world/savegame_jobs_owner_v2.cpp:8-16. IDA UpdateJobs at 0x314734 has distinct stream-open/result branches; inspect assembly around its error branch for exact matching semantics.",not_run,"Compare the named mutation/transition to the cited original; record source line(s) and focused before/after evidence (test, trace, or runtime capture).",P1,unassigned
CS-0020,Save / load,flush queued jobs,libDungeonHunter2.so,0x00313720,_ZN8Savegame9FlushJobsEPKc,port/level-world/savegame_jobs_owner_v2.cpp; port/level-world/savegame_jobs_owner_v2.hpp,Verify Job::finish releases an owned stream once and clears the stream pointer and ownership flag.,pseudocode/0031/00313720.c:L1-L11; assembly-functions.asm @ 0x00313720; UpdateJobs callers at 0x00314734,implemented,"finish closes output if present, resets active job and block counters; Job stream ownership is RAII in the port. Source: port/level-world/savegame_jobs_owner_v2.cpp:8. IDA Job::finish at pseudocode-all.c:L6914 releases stream only if ownership byte is set, then clears ownership and pointer.",not_run,"Compare the named mutation/transition to the cited original; record source line(s) and focused before/after evidence (test, trace, or runtime capture).",P1,unassigned
CS-0021,Save / load,save job enqueue,libDungeonHunter2.so,0x00315110,_ZN8Savegame6AddJobERNS_3JobE,port/level-world/savegame_jobs_owner_v2.cpp; port/level-world/savegame_stream_v2.cpp,Verify enqueued filename and serialized stream payload outlive the caller’s temporary Job.,libDungeonHunter2.so pseudocode-all.c:L7552 (FUNCTION 00315110 _ZN8Savegame6AddJobERNS_3JobE); function body/direct calls,implemented,The job struct owns a copied std::string filename and unique_ptr stream; enqueue transfers stream ownership. Source: port/level-world/savegame_jobs_owner_v2.hpp:15-16; port/level-world/savegame_jobs_owner_v2.cpp:7. IDA AddJob at pseudocode-all.c:L7552 allocates/copies the job into the static list.,not_run,"Compare the named mutation/transition to the cited original; record source line(s) and focused before/after evidence (test, trace, or runtime capture).",P1,unassigned
CS-0022,Save / load,save job enqueue,libDungeonHunter2.so,0x00315110,_ZN8Savegame6AddJobERNS_3JobE,port/level-world/savegame_jobs_owner_v2.cpp; port/level-world/savegame_stream_v2.cpp,"Verify distinct queued job kinds retain FIFO order, including backup followed by write for one filename.",libDungeonHunter2.so pseudocode-all.c:L7552 (FUNCTION 00315110 _ZN8Savegame6AddJobERNS_3JobE); function body/direct calls,implemented,"Backup and write are distinct job kinds and are enqueued in call order by level_savegame_save_all_v2 (backup before write). Source: port/level-world/savegame_jobs_owner_v2.cpp:6-7; port/level-world/level_savegame_writer_v2.cpp:20-27. IDA AddJob at 0x315110 coalesces only same filename and kind, preserving distinct jobs' FIFO order.",not_run,"Compare the named mutation/transition to the cited original; record source line(s) and focused before/after evidence (test, trace, or runtime capture).",P1,unassigned
CS-0023,Save / load,save job enqueue,libDungeonHunter2.so,0x00315110,_ZN8Savegame6AddJobERNS_3JobE,port/level-world/savegame_jobs_owner_v2.cpp; port/level-world/savegame_stream_v2.cpp,Verify enqueueing or coalescing pending duplicates never replaces or mutates the active job.,libDungeonHunter2.so pseudocode-all.c:L7552 (FUNCTION 00315110 _ZN8Savegame6AddJobERNS_3JobE); function body/direct calls,implemented,The active job is detached from pending_ before enqueue; duplicate removal iterates pending_ only. Source: port/level-world/savegame_jobs_owner_v2.cpp:6-12. IDA AddJob at 0x315110 scans static pending list; UpdateJobs separately removes/promotes its head to s_currentJob.,not_run,"Compare the named mutation/transition to the cited original; record source line(s) and focused before/after evidence (test, trace, or runtime capture).",P1,unassigned
CS-0024,Save / load,save job enqueue,libDungeonHunter2.so,0x00315110,_ZN8Savegame6AddJobERNS_3JobE,port/level-world/savegame_jobs_owner_v2.cpp; port/level-world/savegame_stream_v2.cpp,"Verify duplicate matching uses filename bytes plus job kind, removes matching pending jobs, and appends the replacement at the tail.",libDungeonHunter2.so pseudocode-all.c:L7552 (FUNCTION 00315110 _ZN8Savegame6AddJobERNS_3JobE); function body/direct calls,implemented,"Port removes pending jobs matching both filename and backup bool, then appends replacement. Source: port/level-world/savegame_jobs_owner_v2.cpp:6-7. IDA AddJob at pseudocode-all.c:L7552 compares filename length/bytes and job kind, erases matches, then appends the copied job.",not_run,"Compare the named mutation/transition to the cited original; record source line(s) and focused before/after evidence (test, trace, or runtime capture).",P1,unassigned
CS-0025,Save / load,save job enqueue,libDungeonHunter2.so,0x00315110,_ZN8Savegame6AddJobERNS_3JobE,port/level-world/savegame_jobs_owner_v2.cpp; port/level-world/savegame_stream_v2.cpp,Verify filename/context remain valid through async write.,libDungeonHunter2.so pseudocode-all.c:L7552 (FUNCTION 00315110 _ZN8Savegame6AddJobERNS_3JobE); function body/direct calls,implemented,"Filename is copied into Job and stream ownership transferred into its unique_ptr, so neither depends on the caller's temporary. Source: port/level-world/savegame_jobs_owner_v2.hpp:15-16; port/level-world/savegame_jobs_owner_v2.cpp:7. IDA AddJob at 0x315110 deep-copies filename/job stream before returning.",not_run,"Compare the named mutation/transition to the cited original; record source line(s) and focused before/after evidence (test, trace, or runtime capture).",P1,unassigned
CS-0026,Save / load,stream cache lifecycle,libDungeonHunter2.so,0x00315AD0,_ZN8Savegame10_cacheFileEP12StreamBuffer,port/level-world/savegame_stream_v2.cpp; port/level-world/level_savegame_cache_v1.cpp,Verify replacing cache releases prior stream first.,libDungeonHunter2.so pseudocode-all.c:L8182 (FUNCTION 00315ad0 _ZN8Savegame10_cacheFileEP12StreamBuffer); function body/direct calls,partial,Successful PlayerProfileIndexV1::load replaces snapshot_ only after building the new snapshot; Level cache also explicitly retires the old index before rereading. Source: port/game-data/player_profile_index_v1.cpp:20-21; port/level-world/level_savegame_cache_v1.cpp:43-46. IDA _cacheFile at pseudocode-all.c:L8182 releases old stream before processing input.,not_run,"Compare the named mutation/transition to the cited original; record source line(s) and focused before/after evidence (test, trace, or runtime capture).",P1,unassigned
CS-0027,Save / load,stream cache lifecycle,libDungeonHunter2.so,0x00315AD0,_ZN8Savegame10_cacheFileEP12StreamBuffer,port/level-world/savegame_stream_v2.cpp; port/level-world/level_savegame_cache_v1.cpp,Verify null input clears cache without allocation.,libDungeonHunter2.so pseudocode-all.c:L8182 (FUNCTION 00315ad0 _ZN8Savegame10_cacheFileEP12StreamBuffer); function body/direct calls,partial,"The reviewed cache API has no null-StreamBuffer equivalent; source_cache_file_v115 explicitly retires before rereading a filename, while recache_v2 rejects an empty invalid frame rather than treating null as clear. Source: port/level-world/level_savegame_cache_v1.cpp:43-58. IDA _cacheFile at 0x315ad0 releases prior pointer and skips allocation when input is null.",not_run,"Compare the named mutation/transition to the cited original; record source line(s) and focused before/after evidence (test, trace, or runtime capture).",P1,unassigned
CS-0028,Save / load,stream cache lifecycle,libDungeonHunter2.so,0x00315AD0,_ZN8Savegame10_cacheFileEP12StreamBuffer,port/level-world/savegame_stream_v2.cpp; port/level-world/level_savegame_cache_v1.cpp,Verify non-null input uses original stream positions.,libDungeonHunter2.so pseudocode-all.c:L8182 (FUNCTION 00315ad0 _ZN8Savegame10_cacheFileEP12StreamBuffer); function body/direct calls,partial,"The Level cache indexes owned byte spans, with no original StreamBuffer read/write cursor state to preserve. Source: port/game-data/player_profile_index_v1.cpp:20-21; port/level-world/level_savegame_cache_v1.cpp:43-58. IDA _cacheFile at 0x315ad0 seeks supplied stream to zero before cloning/reading and resets clone positions.",not_run,"Compare the named mutation/transition to the cited original; record source line(s) and focused before/after evidence (test, trace, or runtime capture).",P1,unassigned
CS-0029,Save / load,stream cache lifecycle,libDungeonHunter2.so,0x00315AD0,_ZN8Savegame10_cacheFileEP12StreamBuffer,port/level-world/savegame_stream_v2.cpp; port/level-world/level_savegame_cache_v1.cpp,Verify cache teardown releases buffer once.,libDungeonHunter2.so pseudocode-all.c:L8182 (FUNCTION 00315ad0 _ZN8Savegame10_cacheFileEP12StreamBuffer); function body/direct calls,implemented,PlayerProfileIndexV1 owns snapshots by shared_ptr and retire_source_v108 resets that owner; teardown releases the buffer when the final borrower exits. Source: port/game-data/player_profile_index_v1.hpp:34; port/level-world/level_savegame_cache_v1.cpp:46. IDA _cacheFile at 0x315ad0 releases the prior StreamBuffer pointer before replacement.,not_run,"Compare the named mutation/transition to the cited original; record source line(s) and focused before/after evidence (test, trace, or runtime capture).",P1,unassigned
CS-0030,Save / load,stream cache lifecycle,libDungeonHunter2.so,0x00315AD0,_ZN8Savegame10_cacheFileEP12StreamBuffer,port/level-world/savegame_stream_v2.cpp; port/level-world/level_savegame_cache_v1.cpp,Verify cache failure leaves no stale stream pointer.,libDungeonHunter2.so pseudocode-all.c:L8182 (FUNCTION 00315ad0 _ZN8Savegame10_cacheFileEP12StreamBuffer); function body/direct calls,partial,source_cache_file_v115 retires the old snapshot before reading/parsing so its failure leaves no stale cache; recache_v2 instead builds before replacing and preserves the prior snapshot if index_.load fails. Source: port/level-world/level_savegame_cache_v1.cpp:43-58; port/game-data/player_profile_index_v1.cpp:20-21. IDA _cacheFile at 0x315ad0 clears old cache before handling new input.,not_run,"Compare the named mutation/transition to the cited original; record source line(s) and focused before/after evidence (test, trace, or runtime capture).",P1,unassigned
CS-0031,Save / load,registered section serialization,libDungeonHunter2.so,0x00315FB8,_ZN8Savegame7saveAllEv,port/level-world/level_savegame_writer_v2.cpp; port/game-data/player_save_write_owner_v1.cpp,Verify each registered section writer runs once.,libDungeonHunter2.so pseudocode-all.c:L8386 (FUNCTION 00315fb8 _ZN8Savegame7saveAllEv); function body/direct calls,partial,"Level save builds the supported INFO/OBJS writers once, then queues backup/write; generic registered callback iteration is not represented. Source: port/level-world/level_savegame_writer_v2.cpp:18-27. IDA saveAll at pseudocode-all.c:L8386 iterates the generic section map and calls each nonnull writer once.",not_run,"Compare the named mutation/transition to the cited original; record source line(s) and focused before/after evidence (test, trace, or runtime capture).",P1,unassigned
CS-0032,Save / load,registered section serialization,libDungeonHunter2.so,0x00315FB8,_ZN8Savegame7saveAllEv,port/level-world/level_savegame_writer_v2.cpp; port/game-data/player_save_write_owner_v1.cpp,Verify section iteration order matches original map order.,libDungeonHunter2.so pseudocode-all.c:L8386 (FUNCTION 00315fb8 _ZN8Savegame7saveAllEv); function body/direct calls,implemented,"The frame builder stores sections in std::map and emits directory entries in key order, matching original std::map lexical order for represented tags. Source: port/level-world/level_savegame_writer_v2.cpp:5-12. IDA saveAll at 0x315fb8 iterates the section map.",not_run,"Compare the named mutation/transition to the cited original; record source line(s) and focused before/after evidence (test, trace, or runtime capture).",P1,unassigned
CS-0033,Save / load,registered section serialization,libDungeonHunter2.so,0x00315FB8,_ZN8Savegame7saveAllEv,port/level-world/level_savegame_writer_v2.cpp; port/game-data/player_save_write_owner_v1.cpp,Verify section metadata precedes/aligns with payload as loader expects.,libDungeonHunter2.so pseudocode-all.c:L8386 (FUNCTION 00315fb8 _ZN8Savegame7saveAllEv); function body/direct calls,implemented,"Frame builder writes section count, each length and 4-byte tag before the callback-produced payload, then patches the final count. Source: port/level-world/level_savegame_writer_v2.cpp:8-16. IDA saveAll at 0x315fb8 writes section count/length/tag framing around each writer callback.",not_run,"Compare the named mutation/transition to the cited original; record source line(s) and focused before/after evidence (test, trace, or runtime capture).",P1,unassigned
CS-0034,Save / load,registered section serialization,libDungeonHunter2.so,0x00315FB8,_ZN8Savegame7saveAllEv,port/level-world/level_savegame_writer_v2.cpp; port/game-data/player_save_write_owner_v1.cpp,Verify empty section map produces valid empty save.,libDungeonHunter2.so pseudocode-all.c:L8386 (FUNCTION 00315fb8 _ZN8Savegame7saveAllEv); function body/direct calls,implemented,Generic helper emits a 4-byte zero section count for an empty directory; it still returns a valid stream. Source: port/level-world/level_savegame_writer_v2.cpp:5-16. IDA saveAll at 0x315fb8 starts with map size and serializes zero entries when map is empty.,not_run,"Compare the named mutation/transition to the cited original; record source line(s) and focused before/after evidence (test, trace, or runtime capture).",P1,unassigned
CS-0035,Save / load,registered section serialization,libDungeonHunter2.so,0x00315FB8,_ZN8Savegame7saveAllEv,port/level-world/level_savegame_writer_v2.cpp; port/game-data/player_save_write_owner_v1.cpp,Verify saveAll invokes each nonnull void section writer during serialization and queues the resulting save; IDA writers do not return an error status.,libDungeonHunter2.so pseudocode-all.c:L8386 (FUNCTION 00315fb8 _ZN8Savegame7saveAllEv); function body/direct calls,partial,"Port propagates a writer's bool failure and stops before queueing the write. Source: port/level-world/level_savegame_writer_v2.cpp:8-13,25-27. Original saveAll calls void writer function pointers and has no writer return-value success contract; revise this check to compare serialization/callback ordering and queued-save behavior, not a source writer error status.",not_run,"Compare the named mutation/transition to the cited original; record source line(s) and focused before/after evidence (test, trace, or runtime capture).",P1,unassigned
CS-0036,Save / load,save state reset,libDungeonHunter2.so,0x003163C0,_ZN8Savegame5resetEv,port/level-world/savegame_stream_v2.cpp; port/level-world/level_savegame_owner_v1.cpp,Verify reset clears section metadata and then calls saveAll; separately check cache retirement because it is not part of the IDA reset body.,libDungeonHunter2.so pseudocode-all.c:L8553 (FUNCTION 003163c0 _ZN8Savegame5resetEv); function body/direct calls,missing,"No generic Savegame::reset equivalent appears in the assigned Level cache/owner paths: the cache has explicit retire_source_cache but no reset method, and LevelSavegameOwnerV1 has only release. Source: port/level-world/level_savegame_cache_v1.cpp:43-58; port/level-world/level_savegame_owner_v1.cpp:44-47. IDA reset at pseudocode-all.c:L8553 clears the section map then calls saveAll; it does not mention cache release.",not_run,"Compare the named mutation/transition to the cited original; record source line(s) and focused before/after evidence (test, trace, or runtime capture).",P1,unassigned
CS-0037,Save / load,save state reset,libDungeonHunter2.so,0x003163C0,_ZN8Savegame5resetEv,port/level-world/savegame_stream_v2.cpp; port/level-world/level_savegame_owner_v1.cpp,Verify reset erases section-map metadata before invoking saveAll; do not expect it to reset stream cursors in this function.,libDungeonHunter2.so pseudocode-all.c:L8553 (FUNCTION 003163c0 _ZN8Savegame5resetEv); function body/direct calls,partial,"PlayerProfileIndexV1::retire_source_v108 can clear the indexed snapshot, but no Savegame reset clears generic section metadata/cursors. Source: port/game-data/player_profile_index_v1.hpp:34; port/level-world/level_savegame_cache_v1.cpp:43-58. IDA reset at 0x3163c0 erases only the section map and invokes saveAll; it does not reset the cached stream.",not_run,"Compare the named mutation/transition to the cited original; record source line(s) and focused before/after evidence (test, trace, or runtime capture).",P1,unassigned
CS-0038,Save / load,save state reset,libDungeonHunter2.so,0x003163C0,_ZN8Savegame5resetEv,port/level-world/savegame_stream_v2.cpp; port/level-world/level_savegame_owner_v1.cpp,Verify reset leaves application-global queued/current jobs alone; job teardown belongs to a separate lifecycle path.,libDungeonHunter2.so pseudocode-all.c:L8553 (FUNCTION 003163c0 _ZN8Savegame5resetEv); function body/direct calls,missing,No reset operation in the scoped jobs/Level owners detaches current and pending jobs; job teardown is a separate release path. Source: port/level-world/savegame_jobs_owner_v2.cpp:29-30; port/level-world/level_savegame_owner_v1.cpp:44-47. IDA reset at 0x3163c0 only erases section map and calls saveAll; static queued/current jobs are not touched.,not_run,"Compare the named mutation/transition to the cited original; record source line(s) and focused before/after evidence (test, trace, or runtime capture).",P1,unassigned
CS-0039,Save / load,save state reset,libDungeonHunter2.so,0x003163C0,_ZN8Savegame5resetEv,port/level-world/savegame_stream_v2.cpp; port/level-world/level_savegame_owner_v1.cpp,Verify repeated reset safely clears the map and invokes saveAll each time; do not treat the whole operation as side-effect-free idempotence.,libDungeonHunter2.so pseudocode-all.c:L8553 (FUNCTION 003163c0 _ZN8Savegame5resetEv); function body/direct calls,partial,"Level cache retirement is idempotent at pointer level, but the port has no reset operation with IDA's saveAll side effect. Source: port/level-world/level_savegame_cache_v1.cpp:43-58; port/level-world/level_savegame_owner_v1.cpp:44-47. IDA reset at 0x3163c0 clears an already-empty map and still calls saveAll on each invocation.",not_run,"Compare the named mutation/transition to the cited original; record source line(s) and focused before/after evidence (test, trace, or runtime capture).",P1,unassigned
CS-0040,Save / load,save state reset,libDungeonHunter2.so,0x003163C0,_ZN8Savegame5resetEv,port/level-world/savegame_stream_v2.cpp; port/level-world/level_savegame_owner_v1.cpp,"Verify registration/save after reset starts with an empty section map, while accounting for reset's immediate saveAll side effect.",libDungeonHunter2.so pseudocode-all.c:L8553 (FUNCTION 003163c0 _ZN8Savegame5resetEv); function body/direct calls,partial,"The Level path can register fixed sections and build/save a frame, but no generic reset clears/reinitializes section metadata then saves the empty map. Source: port/level-world/level_savegame_owner_v1.cpp:22-29; port/level-world/level_savegame_writer_v2.cpp:18-27. IDA reset at 0x3163c0 erases the map and calls saveAll.",not_run,"Compare the named mutation/transition to the cited original; record source line(s) and focused before/after evidence (test, trace, or runtime capture).",P1,unassigned
CS-0041,Save / load,profile slot deletion,libDungeonHunter2.so,0x00313FB0,_ZN8Savegame18DeleteAllSlotFilesEi,port/level-world/savegame_file_gate_v2.cpp; port/level-world/application_save_files_owner_v61.cpp,Verify all original filenames for requested slot are targeted.,libDungeonHunter2.so pseudocode-all.c:L6658 (FUNCTION 00313fb0 _ZN8Savegame18DeleteAllSlotFilesEi); function body/direct calls,missing,"Scoped ApplicationSaveFilesOwnerV61/SavegameFileGateV2 expose acquire/read/update/flush/settings operations, not slot-prefix enumeration/deletion. Source: port/level-world/application_save_files_owner_v61.cpp:26-103; port/level-world/savegame_file_gate_v2.cpp:4-6. IDA DeleteAllSlotFiles at pseudocode-all.c:L6658 formats dh2_%03u, enumerates matching files, and removes each.",not_run,"Compare the named mutation/transition to the cited original; record source line(s) and focused before/after evidence (test, trace, or runtime capture).",P1,unassigned
CS-0042,Save / load,profile slot deletion,libDungeonHunter2.so,0x00313FB0,_ZN8Savegame18DeleteAllSlotFilesEi,port/level-world/savegame_file_gate_v2.cpp; port/level-world/application_save_files_owner_v61.cpp; port/game-data/campaign_profile_files_v1.cpp; port/android-native/app/src/main/cpp/front_ui_session_v87.cpp,Compare per-file deletion failure policy: original DeleteAllSlotFiles ignores each remove result and continues through the enumerated names; port must document its first-error abort and partial-deletion result as an intentional compatibility difference.,Second review pseudocode references: pseudocode/0031/00313fb0.c:27,partial,"Deletion exists and is connected: port/game-data/campaign_profile_files_v1.cpp:58 implements erase_campaign_slot_files_v1; port/android-native/app/src/main/cpp/front_ui_session_v87.cpp:730 calls it and :734 forwards its bool result. IDA Savegame::DeleteAllSlotFiles 0x313fb0, .local-inputs/ida-apk-export-2026-10-07/libraries/libDungeonHunter2.so/pseudocode/0031/00313fb0.c:27 calls the remove virtual for every matched file. Assembly 0x314068 invokes remove, then 0x31406c compares the iteration cursor and 0x314070 loops; it does not branch on the remove return. The final pseudocode vector-destructor return is not a meaningful deletion-success convention. Port campaign_profile_files_v1.cpp:82 aborts on the first unlink error and returns false; :83 preserves a count of successful prior deletions. This is a concrete failure-policy difference, not missing deletion functionality; it may be deliberate native error reporting rather than a required gameplay defect.",not_run,"Compare the named mutation/transition to the cited original; record source line(s) and focused before/after evidence (test, trace, or runtime capture).",P1,unassigned
CS-0043,Save / load,profile slot deletion,libDungeonHunter2.so,0x00313FB0,_ZN8Savegame18DeleteAllSlotFilesEi,port/level-world/savegame_file_gate_v2.cpp; port/level-world/application_save_files_owner_v61.cpp,Verify missing files are safe to delete.,libDungeonHunter2.so pseudocode-all.c:L6658 (FUNCTION 00313fb0 _ZN8Savegame18DeleteAllSlotFilesEi); function body/direct calls,missing,"The scoped save-file owner has no missing-file deletion implementation; its read path reports found separately and no delete helper exists in the file gate. Source: port/level-world/application_save_files_owner_v61.cpp:68-80; port/level-world/savegame_file_gate_v2.cpp:4-6. IDA DeleteAllSlotFiles at 0x313fb0 only attempts removal on enumerated existing names, so absent matches naturally do nothing.",not_run,"Compare the named mutation/transition to the cited original; record source line(s) and focused before/after evidence (test, trace, or runtime capture).",P1,unassigned
CS-0044,Save / load,profile slot deletion,libDungeonHunter2.so,0x00313FB0; 0x0035041C,_ZN8Savegame18DeleteAllSlotFilesEi,port/level-world/savegame_file_gate_v2.cpp; port/level-world/application_save_files_owner_v61.cpp; port/game-data/campaign_profile_files_v1.cpp; port/android-native/app/src/main/cpp/front_ui_session_v87.cpp,"For supported slots 0..3, preserve the unsigned dh2_%03u pattern and original substring selection of slot files; canonical filenames for another slot do not match, while arbitrary filenames containing the selected pattern are also included.",Second review pseudocode references: pseudocode/0031/00313fb0.c:13; pseudocode/0035/0035041c.c:36,implemented,"For supported campaign slots 0..3 the source mapping is present and connected: port/game-data/campaign_profile_files_v1.cpp:61 rejects other slots, :68 formats dh2_%03u, :74 uses substring matching, and :82 removes matches relative to the opened directory; port/android-native/app/src/main/cpp/front_ui_session_v87.cpp:732 routes menu deletion here. IDA Savegame::DeleteAllSlotFiles 0x313fb0, pseudocode/0031/00313fb0.c:13 formats the same unsigned slot pattern. The apparent this parameter is an inferred prototype artifact: assembly 0x313fdc passes incoming r0 as the sprintf slot. IDA FileSystemWin32::getFilesMatching 0x35041c, pseudocode/0035/0035041c.c:36 uses std::search and :51 appends matched names. Original and port therefore select substring matches, not exclusively canonical filenames. Standard files for distinct supported slots have distinct formatted patterns; an arbitrary filename containing multiple slot patterns can match multiple slots in both implementations. The original evidence does not establish the previous universal cannot-alias claim.",not_run,"Compare the named mutation/transition to the cited original; record source line(s) and focused before/after evidence (test, trace, or runtime capture).",P1,unassigned
CS-0045,Save / load,profile slot deletion,libDungeonHunter2.so,0x00313FB0,_ZN8Savegame18DeleteAllSlotFilesEi,port/level-world/savegame_file_gate_v2.cpp; port/level-world/application_save_files_owner_v61.cpp,Verify deletion does not mutate active in-memory profile.,libDungeonHunter2.so pseudocode-all.c:L6658 (FUNCTION 00313fb0 _ZN8Savegame18DeleteAllSlotFilesEi); function body/direct calls,missing,The assigned Application save-file paths expose disk I/O but no slot deletion or active-profile mutation contract. Source: port/level-world/application_save_files_owner_v61.cpp:26-103; port/level-world/savegame_file_gate_v2.cpp:4-6. IDA DeleteAllSlotFiles at 0x313fb0 removes matching files only; it does not mutate a live profile object.,not_run,"Compare the named mutation/transition to the cited original; record source line(s) and focused before/after evidence (test, trace, or runtime capture).",P1,unassigned
CS-0046,Character profile,class field,libDungeonHunter2.so,0x003BB814,_ZN9Character17SG_SetPlayerClassEi,port/game-data/player_save_state_fields_v45.cpp; port/level-world/canonical_character_save_v86.cpp,Verify class setter changes saved class field only.,libDungeonHunter2.so pseudocode-all.c:L136455 (FUNCTION 003bb814 _ZN9Character17SG_SetPlayerClassEi); function body/direct calls,partial,"PlayerSavegameV1::set_player_class writes class_ directly, but it is not the Character setter's guarded Savegame+34 cell. Source: port/game-data/player_savegame_v1.hpp:132,144. IDA Character::SG_SetPlayerClass at pseudocode-all.c:L136455 loads Character+0x14e8; if nonnull, writes argument to Savegame+52, then returns this.",not_run,"Compare the named mutation/transition to the cited original; record source line(s) and focused before/after evidence (test, trace, or runtime capture).",P1,unassigned
CS-0047,Character profile,class field,libDungeonHunter2.so,0x003BB814,_ZN9Character17SG_SetPlayerClassEi,port/game-data/player_save_state_fields_v45.cpp; port/level-world/canonical_character_save_v86.cpp,Verify class identifier is not remapped unexpectedly.,libDungeonHunter2.so pseudocode-all.c:L136455 (FUNCTION 003bb814 _ZN9Character17SG_SetPlayerClassEi); function body/direct calls,implemented,The port setter stores the supplied signed integer without remapping. Source: port/game-data/player_savegame_v1.hpp:132. IDA SG_SetPlayerClass at 0x3bb814 stores a2 directly at Savegame+52 when the save pointer is nonnull.,not_run,"Compare the named mutation/transition to the cited original; record source line(s) and focused before/after evidence (test, trace, or runtime capture).",P1,unassigned
CS-0048,Character profile,class field,libDungeonHunter2.so,0x003BB814,_ZN9Character17SG_SetPlayerClassEi,port/game-data/player_save_state_fields_v45.cpp; port/level-world/canonical_character_save_v86.cpp,Verify profile reconstruction reads this class field.,libDungeonHunter2.so pseudocode-all.c:L136455 (FUNCTION 003bb814 _ZN9Character17SG_SetPlayerClassEi); function body/direct calls,partial,"Menu reconstruction reads PlayerSavegameV1::class_id into candidate.character_row, but the row's getter source and Character+0x14e8 guarded setter are not connected here. Source: port/game-data/menu_profile_metadata_v1.cpp:22,40; port/game-data/player_savegame_v1.hpp:132,144. IDA SG_SetPlayerClass at 0x3bb814 writes Savegame+52 only when Character+0x14e8 is nonnull.",not_run,"Compare the named mutation/transition to the cited original; record source line(s) and focused before/after evidence (test, trace, or runtime capture).",P1,unassigned
CS-0049,Character profile,class field,libDungeonHunter2.so,0x003BB814,_ZN9Character17SG_SetPlayerClassEi,port/game-data/player_save_state_fields_v45.cpp; port/level-world/canonical_character_save_v86.cpp,Verify setter stores the raw integer only when Character+0x14e8 points to Savegame; IDA does not validate a class range or sentinel.,libDungeonHunter2.so pseudocode-all.c:L136455 (FUNCTION 003bb814 _ZN9Character17SG_SetPlayerClassEi); function body/direct calls,partial,"Port stores any integer in class_ without validation, but lacks the original null Savegame guard and does not define an invalid-class sentinel/range check in the setter. Source: port/game-data/player_savegame_v1.hpp:132. IDA SG_SetPlayerClass at 0x3bb814 stores raw a2 only if Character+0x14e8 is nonnull; it performs no range/sentinel validation.",not_run,"Compare the named mutation/transition to the cited original; record source line(s) and focused before/after evidence (test, trace, or runtime capture).",P1,unassigned
CS-0050,Character profile,class field,libDungeonHunter2.so,0x003BB814,_ZN9Character17SG_SetPlayerClassEi,port/game-data/player_save_state_fields_v45.cpp; port/level-world/canonical_character_save_v86.cpp,Verify setting same class is idempotent.,libDungeonHunter2.so pseudocode-all.c:L136455 (FUNCTION 003bb814 _ZN9Character17SG_SetPlayerClassEi); function body/direct calls,implemented,port/game-data/player_savegame_v1.hpp:129-132 raw scalar setter; port/level-world/character_props_id_owner_v1.cpp:15 calls set_player_class after saved class read. IDA 003bb814 only writes Save+52; same-value assignment has no extra branch.,not_run,"Compare the named mutation/transition to the cited original; record source line(s) and focused before/after evidence (test, trace, or runtime capture).",P1,unassigned
CS-0051,Character profile,player level field,libDungeonHunter2.so,0x003BB840,_ZN9Character17SG_SetPlayerLevelEi,port/game-data/player_save_state_fields_v45.cpp; port/level-world/canonical_character_save_v86.cpp,Verify setter targets saved player level rather than transient actor level.,libDungeonHunter2.so pseudocode-all.c:L136478 (FUNCTION 003bb840 _ZN9Character17SG_SetPlayerLevelEi); function body/direct calls,implemented,"port/game-data/player_savegame_v1.hpp:129 stores level_ on PlayerSavegame; port/level-world/player_progression_v1.cpp:48 writes it on progression. IDA 003bb840 stores Save+48, not transient actor level.",not_run,"Compare the named mutation/transition to the cited original; record source line(s) and focused before/after evidence (test, trace, or runtime capture).",P1,unassigned
CS-0052,Character profile,player level field,libDungeonHunter2.so,0x003BB840,_ZN9Character17SG_SetPlayerLevelEi,port/game-data/player_save_state_fields_v45.cpp; port/level-world/canonical_character_save_v86.cpp,Verify level mutation preserves XP/class/inventory.,libDungeonHunter2.so pseudocode-all.c:L136478 (FUNCTION 003bb840 _ZN9Character17SG_SetPlayerLevelEi); function body/direct calls,implemented,"port/game-data/player_savegame_v1.hpp:129 writes only level_; class_, skills, and slots are distinct members (lines 34, 35, 129-132). IDA 003bb840 performs one Save+48 word store.",not_run,"Compare the named mutation/transition to the cited original; record source line(s) and focused before/after evidence (test, trace, or runtime capture).",P1,unassigned
CS-0053,Character profile,player level field,libDungeonHunter2.so,0x003BB840,_ZN9Character17SG_SetPlayerLevelEi,port/game-data/player_save_state_fields_v45.cpp; port/level-world/canonical_character_save_v86.cpp,Verify integer boundary follows original width and behavior.,libDungeonHunter2.so pseudocode-all.c:L136478 (FUNCTION 003bb840 _ZN9Character17SG_SetPlayerLevelEi); function body/direct calls,implemented,Port uses int32_t level_ and setter at port/game-data/player_savegame_v1.hpp:129; IDA pseudocode 003bb840 takes int and stores one 32-bit Save+48 value without range checks.,not_run,"Compare the named mutation/transition to the cited original; record source line(s) and focused before/after evidence (test, trace, or runtime capture).",P1,unassigned
CS-0054,Character profile,player level field,libDungeonHunter2.so,0x003BB840,_ZN9Character17SG_SetPlayerLevelEi,port/game-data/player_save_state_fields_v45.cpp; port/level-world/canonical_character_save_v86.cpp,Verify saved level is consumed by profile reconstruction.,libDungeonHunter2.so pseudocode-all.c:L136478 (FUNCTION 003bb840 _ZN9Character17SG_SetPlayerLevelEi); function body/direct calls,implemented,port/game-data/player_savegame_v1.hpp:129 exposes level(); port/game-data/menu_profile_metadata_v1.cpp:40 copies saved.level() into profile candidate. IDA 003bb840 stores persistent Save field.,not_run,"Compare the named mutation/transition to the cited original; record source line(s) and focused before/after evidence (test, trace, or runtime capture).",P1,unassigned
CS-0055,Character profile,player level field,libDungeonHunter2.so,0x003BB840,_ZN9Character17SG_SetPlayerLevelEi,port/game-data/player_save_state_fields_v45.cpp; port/level-world/canonical_character_save_v86.cpp,Verify same-value assignment does not duplicate level-up side effects.,libDungeonHunter2.so pseudocode-all.c:L136478 (FUNCTION 003bb840 _ZN9Character17SG_SetPlayerLevelEi); function body/direct calls,implemented,"port/game-data/player_savegame_v1.hpp:129 is plain assignment, no level-up side effects; IDA 003bb840 likewise only stores Save+48.",not_run,"Compare the named mutation/transition to the cited original; record source line(s) and focused before/after evidence (test, trace, or runtime capture).",P1,unassigned
CS-0056,Campaign progression,current level id,libDungeonHunter2.so,0x003BB854,_ZN9Character13SG_SetLevelIdEii,port/game-data/player_save_state_fields_v45.cpp; port/level-world/campaign_save_profile_v45.cpp,Verify level and difficulty parameters map to separate fields.,libDungeonHunter2.so pseudocode-all.c:L136489 (FUNCTION 003bb854 _ZN9Character13SG_SetLevelIdEii); function body/direct calls,implemented,port/game-data/player_savegame_v1.hpp:106-110 separate levels[] store; port/android-native/app/src/main/cpp/renderer_character_restore_save_v84.inc:39 invokes it. IDA 003bb854 indexes Save+20 by explicit difficulty or process CurrentDifficulty for -1.,not_run,"Compare the named mutation/transition to the cited original; record source line(s) and focused before/after evidence (test, trace, or runtime capture).",P1,unassigned
CS-0057,Campaign progression,current level id,libDungeonHunter2.so,0x003BB854,_ZN9Character13SG_SetLevelIdEii,port/game-data/player_save_state_fields_v45.cpp; port/level-world/campaign_save_profile_v45.cpp,Verify level change preserves entry-point field.,libDungeonHunter2.so pseudocode-all.c:L136489 (FUNCTION 003bb854 _ZN9Character13SG_SetLevelIdEii); function body/direct calls,implemented,"port/game-data/player_savegame_v1.hpp:99 and 106 keep entry_points[] and levels[] in separate cells; IDA 003bb854 targets Save+20+tier, while 003bb89c targets Save+16+tier.",not_run,"Compare the named mutation/transition to the cited original; record source line(s) and focused before/after evidence (test, trace, or runtime capture).",P1,unassigned
CS-0058,Campaign progression,current level id,libDungeonHunter2.so,0x003BB854,_ZN9Character13SG_SetLevelIdEii,port/game-data/player_save_state_fields_v45.cpp; port/level-world/campaign_save_profile_v45.cpp,Verify selected level survives save/load.,libDungeonHunter2.so pseudocode-all.c:L136489 (FUNCTION 003bb854 _ZN9Character13SG_SetLevelIdEii); function body/direct calls,implemented,port/game-data/player_savegame_v1.hpp:106 stores per-tier level; port/game-data/player_savegame_v1.cpp:55-65 loads LNAM per-tier level values; port/level-world/character_menu_profile_load_v51.cpp:58 connects LNAM. IDA 003bb854 uses Save+20+tier.,not_run,"Compare the named mutation/transition to the cited original; record source line(s) and focused before/after evidence (test, trace, or runtime capture).",P1,unassigned
CS-0059,Campaign progression,current level id,libDungeonHunter2.so,0x003BB854,_ZN9Character13SG_SetLevelIdEii,port/game-data/player_save_state_fields_v45.cpp; port/level-world/campaign_save_profile_v45.cpp,Verify the setter stores the supplied level ID in the selected difficulty cell without validating the ID; -1 selects the process difficulty.,libDungeonHunter2.so pseudocode-all.c:L136489 (FUNCTION 003bb854 _ZN9Character13SG_SetLevelIdEii); function body/direct calls,implemented,port/game-data/player_savegame_v1.hpp:106-110 retains raw level value; IDA pseudocode 003bb854 also directly stores a2 with no level-ID validation or fallback.,not_run,"Compare the named mutation/transition to the cited original; record source line(s) and focused before/after evidence (test, trace, or runtime capture).",P1,unassigned
CS-0060,Campaign progression,current level id,libDungeonHunter2.so,0x003BB854,_ZN9Character13SG_SetLevelIdEii,port/game-data/player_save_state_fields_v45.cpp; port/level-world/campaign_save_profile_v45.cpp,Verify campaign transition reads value after setter runs.,libDungeonHunter2.so pseudocode-all.c:L136489 (FUNCTION 003bb854 _ZN9Character13SG_SetLevelIdEii); function body/direct calls,partial,The storage path is present at port/game-data/player_savegame_v1.hpp:106 and renderer_character_restore_save_v84.inc:39; later campaign boundary reads metadata.location.levels in port/android-native/app/src/main/cpp/renderer_source_boundary_v61.inc:96. IDA 003bb854 stores directly; complete ordering/call-edge from this setter to transition is not established in these source owners.,not_run,"Compare the named mutation/transition to the cited original; record source line(s) and focused before/after evidence (test, trace, or runtime capture).",P1,unassigned
CS-0061,Campaign progression,level entry point,libDungeonHunter2.so,0x003BB89C,_ZN9Character21SG_SetLevelEntryPointEii,port/game-data/player_save_state_fields_v45.cpp; port/level-world/campaign_frame_scratch_v76.cpp,Verify entry-point write does not overwrite level id.,libDungeonHunter2.so pseudocode-all.c:L136505 (FUNCTION 003bb89c _ZN9Character21SG_SetLevelEntryPointEii); function body/direct calls,implemented,port/game-data/player_savegame_v1.hpp:99 stores entry_points[] separately from levels[] (106); IDA 003bb89c writes Save+16+tier and cannot alias Save+20+tier.,not_run,"Compare the named mutation/transition to the cited original; record source line(s) and focused before/after evidence (test, trace, or runtime capture).",P1,unassigned
CS-0062,Campaign progression,level entry point,libDungeonHunter2.so,0x003BB89C,_ZN9Character21SG_SetLevelEntryPointEii,port/game-data/player_save_state_fields_v45.cpp; port/level-world/campaign_frame_scratch_v76.cpp,Verify checkpoint save captures current entry point.,libDungeonHunter2.so pseudocode-all.c:L136505 (FUNCTION 003bb89c _ZN9Character21SG_SetLevelEntryPointEii); function body/direct calls,implemented,port/android-native/app/src/main/cpp/renderer_character_campaign_lookup_v62.inc:132 routes entry-point store to port/game-data/player_savegame_v1.hpp:99; campaign save writer port/level-world/character_menu_campaign_save_v50.cpp serializes location/entry-point data. IDA 003bb89c targets per-tier entry cell.,not_run,"Compare the named mutation/transition to the cited original; record source line(s) and focused before/after evidence (test, trace, or runtime capture).",P1,unassigned
CS-0063,Campaign progression,level entry point,libDungeonHunter2.so,0x003BB89C,_ZN9Character21SG_SetLevelEntryPointEii,port/game-data/player_save_state_fields_v45.cpp; port/level-world/campaign_frame_scratch_v76.cpp,"For valid tiers, verify Save+16+tier receives the value; for invalid explicit tiers, verify the port rejects before indexing.",libDungeonHunter2.so pseudocode-all.c:L136505 (FUNCTION 003bb89c _ZN9Character21SG_SetLevelEntryPointEii); function body/direct calls,partial,The port bounds-checks difficulty in port/game-data/player_savegame_v1.hpp:99; IDA 003bb89c indexes Save+16+a3 (or process difficulty for -1) with no visible range guard. Valid tiers match; unsafe out-of-range native behavior is intentionally not reproduced.,not_run,"Compare the named mutation/transition to the cited original; record source line(s) and focused before/after evidence (test, trace, or runtime capture).",P1,unassigned
CS-0064,Campaign progression,level entry point,libDungeonHunter2.so,0x003BB89C,_ZN9Character21SG_SetLevelEntryPointEii,port/game-data/player_save_state_fields_v45.cpp; port/level-world/campaign_frame_scratch_v76.cpp,Verify load restores spawn entry point.,libDungeonHunter2.so pseudocode-all.c:L136505 (FUNCTION 003bb89c _ZN9Character21SG_SetLevelEntryPointEii); function body/direct calls,partial,port/game-data/player_savegame_v1.cpp:67-72 loads the three LEPT words; port/level-world/character_menu_profile_load_v51.cpp:59 dispatches LEPT. IDA 003bb89c writes the same per-tier Save cell; consumption by the live spawn selection path is not established by these cited owners.,not_run,"Compare the named mutation/transition to the cited original; record source line(s) and focused before/after evidence (test, trace, or runtime capture).",P1,unassigned
CS-0065,Campaign progression,level entry point,libDungeonHunter2.so,0x003BB89C,_ZN9Character21SG_SetLevelEntryPointEii,port/game-data/player_save_state_fields_v45.cpp; port/level-world/campaign_frame_scratch_v76.cpp,"Verify SG_SetLevelEntryPoint updates only the selected tier entry-point cell; reset behavior belongs to caller transitions, not this setter.",libDungeonHunter2.so pseudocode-all.c:L136505 (FUNCTION 003bb89c _ZN9Character21SG_SetLevelEntryPointEii); function body/direct calls,implemented,port/game-data/player_savegame_v1.hpp:99 writes only entry_points[tier]; IDA 003bb89c writes only Save+16+tier and has no level-selection reset branch.,not_run,"Compare the named mutation/transition to the cited original; record source line(s) and focused before/after evidence (test, trace, or runtime capture).",P1,unassigned
CS-0066,Campaign progression,selected difficulty,libDungeonHunter2.so,0x003BB950,_ZN9Character20SG_SetGameDifficultyEi,port/game-data/player_save_state_fields_v45.cpp; port/level-world/player_save_difficulty_global_v29.cpp,Verify selected difficulty is separate from unlock progress.,libDungeonHunter2.so pseudocode-all.c:L136556 (FUNCTION 003bb950 _ZN9Character20SG_SetGameDifficultyEi); function body/direct calls,partial,"IDA 003bb950 updates process m_difficultyLevel only when a2 <= Save+60; 003bb930 independently raises Save+60. Port separates global and save fields (port/level-world/player_save_difficulty_global_v29.hpp:8-15; port/game-data/player_savegame_v1.hpp:38,125), but no source setter matching the guarded Character SG_SetGameDifficulty update is present in the scoped owners; PDFL load only stores the raw global (port/game-data/player_savegame_v1.cpp:94).",not_run,"Compare the named mutation/transition to the cited original; record source line(s) and focused before/after evidence (test, trace, or runtime capture).",P1,unassigned
CS-0067,Campaign progression,selected difficulty,libDungeonHunter2.so,0x003BB950,_ZN9Character20SG_SetGameDifficultyEi,port/game-data/player_save_state_fields_v45.cpp; port/level-world/player_save_difficulty_global_v29.cpp,Verify changing selection does not unlock it.,libDungeonHunter2.so pseudocode-all.c:L136556 (FUNCTION 003bb950 _ZN9Character20SG_SetGameDifficultyEi); function body/direct calls,partial,"IDA `003bb950.c` checks a2 against Save+60 before changing the process global. Port has separate fields (port/level-world/player_save_difficulty_global_v29.hpp:8-15; port/game-data/player_savegame_v1.hpp:38,125), but no connected guarded selection mutator in the scoped implementation; loading a selected value is not the same setter path.",not_run,"Compare the named mutation/transition to the cited original; record source line(s) and focused before/after evidence (test, trace, or runtime capture).",P1,unassigned
CS-0068,Campaign progression,selected difficulty,libDungeonHunter2.so,0x003BB950,_ZN9Character20SG_SetGameDifficultyEi,port/game-data/player_save_state_fields_v45.cpp; port/level-world/player_save_difficulty_global_v29.cpp,Verify save/load restores selection before startup.,libDungeonHunter2.so pseudocode-all.c:L136556 (FUNCTION 003bb950 _ZN9Character20SG_SetGameDifficultyEi); function body/direct calls,implemented,"port/game-data/player_savegame_v1.cpp:94 delivers first PDFL word via store callback; port/level-world/player_save_difficulty_global_v29.hpp:14 stores it in process global. IDA 003bb950 uses that process global for selection, though this is load restoration rather than the missing guarded setter.",not_run,"Compare the named mutation/transition to the cited original; record source line(s) and focused before/after evidence (test, trace, or runtime capture).",P1,unassigned
CS-0069,Campaign progression,selected difficulty,libDungeonHunter2.so,0x003BB950,_ZN9Character20SG_SetGameDifficultyEi,port/game-data/player_save_state_fields_v45.cpp; port/level-world/player_save_difficulty_global_v29.cpp,Verify setter changes process difficulty only when requested value is <= the same Save unlocked-difficulty field; otherwise preserve the prior global value.,libDungeonHunter2.so pseudocode-all.c:L136556 (FUNCTION 003bb950 _ZN9Character20SG_SetGameDifficultyEi); function body/direct calls,partial,IDA `003bb950.c` leaves global unchanged when a2 > Save+60; port load path `player_savegame_v1.cpp:94` stores a raw selected word and does not implement that setter rejection. The exact Character setter has no equivalent in the scoped sources.,not_run,"Compare the named mutation/transition to the cited original; record source line(s) and focused before/after evidence (test, trace, or runtime capture).",P1,unassigned
CS-0070,Campaign progression,selected difficulty,libDungeonHunter2.so,0x003BB950,_ZN9Character20SG_SetGameDifficultyEi,port/game-data/player_save_state_fields_v45.cpp; port/level-world/player_save_difficulty_global_v29.cpp,Verify global sync reads it at original transition point.,libDungeonHunter2.so pseudocode-all.c:L136556 (FUNCTION 003bb950 _ZN9Character20SG_SetGameDifficultyEi); function body/direct calls,partial,Getter is connected: port/level-world/player_save_difficulty_global_v29.cpp:7-15 returns process value; campaign consumers use it (e.g. source_campaign_script_world_v117.cpp:70-75). But no matching guarded SG_SetGameDifficulty mutator in the scoped port; IDA 003bb950 sets the global after checking Save+60.,not_run,"Compare the named mutation/transition to the cited original; record source line(s) and focused before/after evidence (test, trace, or runtime capture).",P1,unassigned
CS-0071,Campaign progression,difficulty unlocks,libDungeonHunter2.so,0x003BB930,_ZN9Character28SG_SetGameDifficultyUnlockedEi,port/game-data/player_save_state_fields_v45.cpp; port/level-world/player_save_difficulty_global_v29.cpp,Verify unlock is independent from selected difficulty.,libDungeonHunter2.so pseudocode-all.c:L136542 (FUNCTION 003bb930 _ZN9Character28SG_SetGameDifficultyUnlockedEi); function body/direct calls,partial,"IDA `003bb930.c` raises Save+60 only when a2 is greater; port has `unlocked_difficulty_` and getter (port/game-data/player_savegame_v1.hpp:38,125), populated during PDFL load at player_savegame_v1.cpp:94. No corresponding max-update setter was found in scoped sources.",not_run,"Compare the named mutation/transition to the cited original; record source line(s) and focused before/after evidence (test, trace, or runtime capture).",P1,unassigned
CS-0072,Campaign progression,difficulty unlocks,libDungeonHunter2.so,0x003BB930,_ZN9Character28SG_SetGameDifficultyUnlockedEi,port/game-data/player_save_state_fields_v45.cpp; port/level-world/player_save_difficulty_global_v29.cpp,Verify one unlock preserves other difficulty states.,libDungeonHunter2.so pseudocode-all.c:L136542 (FUNCTION 003bb930 _ZN9Character28SG_SetGameDifficultyUnlockedEi); function body/direct calls,partial,"IDA 003bb930 is a scalar max update to Save+60, preserving state unless the new value is greater. Port retains one scalar unlocked_difficulty_ (player_savegame_v1.hpp:38,125) and loads it (player_savegame_v1.cpp:94) but lacks the matching mutator.",not_run,"Compare the named mutation/transition to the cited original; record source line(s) and focused before/after evidence (test, trace, or runtime capture).",P1,unassigned
CS-0073,Campaign progression,difficulty unlocks,libDungeonHunter2.so,0x003BB930,_ZN9Character28SG_SetGameDifficultyUnlockedEi,port/game-data/player_save_state_fields_v45.cpp; port/level-world/player_save_difficulty_global_v29.cpp,Verify locked query agrees after reload.,libDungeonHunter2.so pseudocode-all.c:L136542 (FUNCTION 003bb930 _ZN9Character28SG_SetGameDifficultyUnlockedEi); function body/direct calls,implemented,port/game-data/player_savegame_v1.cpp:94 loads unlocked difficulty and port/game-data/player_savegame_v1.hpp:125 exposes it; menu profile copies it at port/game-data/menu_profile_metadata_v1.cpp:41. IDA 003bb930 modifies Save+60.,not_run,"Compare the named mutation/transition to the cited original; record source line(s) and focused before/after evidence (test, trace, or runtime capture).",P1,unassigned
CS-0074,Campaign progression,difficulty unlocks,libDungeonHunter2.so,0x003BB930,_ZN9Character28SG_SetGameDifficultyUnlockedEi,port/game-data/player_save_state_fields_v45.cpp; port/level-world/player_save_difficulty_global_v29.cpp,Verify the scalar unlock threshold only increases when the supplied value exceeds the saved threshold; this setter has no index parameter.,libDungeonHunter2.so pseudocode-all.c:L136542 (FUNCTION 003bb930 _ZN9Character28SG_SetGameDifficultyUnlockedEi); function body/direct calls,partial,IDA `003bb930.c` accepts a scalar unlock level and monotonically raises Save+60; there is no index/boundary array access. Port stores the scalar from PDFL at port/game-data/player_savegame_v1.cpp:94 but lacks the setter.,not_run,"Compare the named mutation/transition to the cited original; record source line(s) and focused before/after evidence (test, trace, or runtime capture).",P1,unassigned
CS-0075,Campaign progression,difficulty unlocks,libDungeonHunter2.so,0x003BB930,_ZN9Character28SG_SetGameDifficultyUnlockedEi,port/game-data/player_save_state_fields_v45.cpp; port/level-world/player_save_difficulty_global_v29.cpp,Verify menu gating calls matching unlock query.,libDungeonHunter2.so pseudocode-all.c:L136542 (FUNCTION 003bb930 _ZN9Character28SG_SetGameDifficultyUnlockedEi); function body/direct calls,implemented,port/level-world/character_menu_actions_owner_v1.cpp:101 reads `save->unlocked_difficulty()` for menu action projection; field is loaded at port/game-data/player_savegame_v1.cpp:94. IDA 003bb930 writes the same Save+60 unlock value.,not_run,"Compare the named mutation/transition to the cited original; record source line(s) and focused before/after evidence (test, trace, or runtime capture).",P1,unassigned
CS-0076,Fairy progression,selected fairy,libDungeonHunter2.so,0x003BB9D8,_ZN9Character19SG_SetCurrentFaerieEji,port/game-data/player_save_state_fields_v45.cpp; port/level-world/character_faery_element_v3.cpp,"Verify the raw fairy ID goes to the selected tier; the third argument is difficulty, not a fairy level.",libDungeonHunter2.so pseudocode-all.c:L136586 (FUNCTION 003bb9d8 _ZN9Character19SG_SetCurrentFaerieEji); function body/direct calls,implemented,"IDA 003bb9d8 interprets a3 as difficulty selector (or process difficulty for -1) and stores raw fairy ID at Save+172+tier; port/game-data/player_savegame_v1.cpp:99 stores current_faery_[tier]; player_savegame_v1.hpp:38,121 defines per-tier storage/API.",not_run,"Compare the named mutation/transition to the cited original; record source line(s) and focused before/after evidence (test, trace, or runtime capture).",P2,unassigned
CS-0077,Fairy progression,selected fairy,libDungeonHunter2.so,0x003BB9D8,_ZN9Character19SG_SetCurrentFaerieEji,port/game-data/player_save_state_fields_v45.cpp; port/level-world/character_faery_element_v3.cpp,Verify selection change preserves per-fairy unlock level.,libDungeonHunter2.so pseudocode-all.c:L136586 (FUNCTION 003bb9d8 _ZN9Character19SG_SetCurrentFaerieEji); function body/direct calls,implemented,Current selection and per-fairy progression are distinct: port/game-data/player_savegame_v1.hpp:37-38 stores faeries_ and current_faery_ separately; setter at player_savegame_v1.cpp:99 changes only current_faery_. IDA 003bb9d8 writes only current selection.,not_run,"Compare the named mutation/transition to the cited original; record source line(s) and focused before/after evidence (test, trace, or runtime capture).",P2,unassigned
CS-0078,Fairy progression,selected fairy,libDungeonHunter2.so,0x003BB9D8,_ZN9Character19SG_SetCurrentFaerieEji,port/game-data/player_save_state_fields_v45.cpp; port/level-world/character_faery_element_v3.cpp,Verify load restores selection used for placement.,libDungeonHunter2.so pseudocode-all.c:L136586 (FUNCTION 003bb9d8 _ZN9Character19SG_SetCurrentFaerieEji); function body/direct calls,partial,"Current ID persists and reloads: port/game-data/player_savegame_v1.cpp:89-92; character_menu_profile_load_v51.cpp dispatches current-faery section. Query APIs exist (`player_savegame_v1.cpp:98`, `character_faery_element_v3.cpp:3-12), but placement integration after reload is not established from the cited setter path. IDA 003bb9d8 only stores selected ID.",not_run,"Compare the named mutation/transition to the cited original; record source line(s) and focused before/after evidence (test, trace, or runtime capture).",P2,unassigned
CS-0079,Fairy progression,selected fairy,libDungeonHunter2.so,0x003BB9D8,_ZN9Character19SG_SetCurrentFaerieEji,port/game-data/player_save_state_fields_v45.cpp; port/level-world/character_faery_element_v3.cpp,Verify raw ID storage when Save exists; this setter has no invalid-ID fallback.,libDungeonHunter2.so pseudocode-all.c:L136586 (FUNCTION 003bb9d8 _ZN9Character19SG_SetCurrentFaerieEji); function body/direct calls,implemented,port/game-data/player_savegame_v1.cpp:99 stores raw ID and validates only difficulty; IDA 003bb9d8 likewise writes raw ID with no fairy-ID fallback/validation.,not_run,"Compare the named mutation/transition to the cited original; record source line(s) and focused before/after evidence (test, trace, or runtime capture).",P2,unassigned
CS-0080,Fairy progression,selected fairy,libDungeonHunter2.so,0x003BB9D8,_ZN9Character19SG_SetCurrentFaerieEji,port/game-data/player_save_state_fields_v45.cpp; port/level-world/character_faery_element_v3.cpp,Verify the setter persists selected ID; assess visual refresh separately at its caller because the original setter performs no rendering.,libDungeonHunter2.so pseudocode-all.c:L136586 (FUNCTION 003bb9d8 _ZN9Character19SG_SetCurrentFaerieEji); function body/direct calls,partial,IDA 003bb9d8 is only a Save field store (no visual callback). Port writes current_faery_ at player_savegame_v1.cpp:99 and exposes a query; character_faery_element_v3.cpp:3-12 reads it. No visual refresh on the selection setter path is shown in these source owners.,not_run,"Compare the named mutation/transition to the cited original; record source line(s) and focused before/after evidence (test, trace, or runtime capture).",P2,unassigned
CS-0081,Fairy progression,fairy unlock state,libDungeonHunter2.so,0x003BBB48,_ZN9Character17SG_SetFaerieStateEjii,port/game-data/player_save_state_fields_v45.cpp; port/game-data/faery_tables.cpp,Verify state write uses requested fairy/state indices.,libDungeonHunter2.so pseudocode-all.c:L136686 (FUNCTION 003bbb48 _ZN9Character17SG_SetFaerieStateEjii); function body/direct calls,implemented,IDA 003bbb48 delegates to PlayerSavegame::SG_SetFaerieState with tier resolved from -1; 00466588 stores one byte in selected fairy row. Port player_savegame_v1.cpp:96 stores one row state; source_campaign_script_ai_v118.cpp:63 is caller.,not_run,"Compare the named mutation/transition to the cited original; record source line(s) and focused before/after evidence (test, trace, or runtime capture).",P2,unassigned
CS-0082,Fairy progression,fairy unlock state,libDungeonHunter2.so,0x003BBB48,_ZN9Character17SG_SetFaerieStateEjii,port/game-data/player_save_state_fields_v45.cpp; port/game-data/faery_tables.cpp,Verify unlocking one fairy leaves other entries unchanged.,libDungeonHunter2.so pseudocode-all.c:L136686 (FUNCTION 003bbb48 _ZN9Character17SG_SetFaerieStateEjii); function body/direct calls,implemented,port/game-data/player_savegame_v1.cpp:96 indexes one tier/one fairy state byte; arrays are independent (player_savegame_v1.hpp:37). IDA 00466588 writes one selected row byte.,not_run,"Compare the named mutation/transition to the cited original; record source line(s) and focused before/after evidence (test, trace, or runtime capture).",P2,unassigned
CS-0083,Fairy progression,fairy unlock state,libDungeonHunter2.so,0x003BBB48,_ZN9Character17SG_SetFaerieStateEjii,port/game-data/player_save_state_fields_v45.cpp; port/game-data/faery_tables.cpp,Verify unlock query reflects state after reload.,libDungeonHunter2.so pseudocode-all.c:L136686 (FUNCTION 003bbb48 _ZN9Character17SG_SetFaerieStateEjii); function body/direct calls,implemented,port/game-data/player_savegame_v1.cpp:91-92 reloads per-tier row state; public `faeries()` view at player_savegame_v1.hpp:122 allows state observation. IDA 003bbb48 delegates to 00466588.,not_run,"Compare the named mutation/transition to the cited original; record source line(s) and focused before/after evidence (test, trace, or runtime capture).",P2,unassigned
CS-0084,Fairy progression,fairy unlock state,libDungeonHunter2.so,0x003BBB48,_ZN9Character17SG_SetFaerieStateEjii,port/game-data/player_save_state_fields_v45.cpp; port/game-data/faery_tables.cpp,Verify invalid indices cannot corrupt adjacent fields.,libDungeonHunter2.so pseudocode-all.c:L136686 (FUNCTION 003bbb48 _ZN9Character17SG_SetFaerieStateEjii); function body/direct calls,implemented,"Port rejects uninitialized/out-of-range IDs before access at player_savegame_v1.cpp:96; original IDA 00466588 only asserts then performs row-byte store, so port prevents adjacent corruption more safely.",not_run,"Compare the named mutation/transition to the cited original; record source line(s) and focused before/after evidence (test, trace, or runtime capture).",P2,unassigned
CS-0085,Fairy progression,fairy unlock state,libDungeonHunter2.so,0x003BBB48,_ZN9Character17SG_SetFaerieStateEjii,port/game-data/player_save_state_fields_v45.cpp; port/game-data/faery_tables.cpp,Verify menu distinguishes unlock state from equipped selection.,libDungeonHunter2.so pseudocode-all.c:L136686 (FUNCTION 003bbb48 _ZN9Character17SG_SetFaerieStateEjii); function body/direct calls,partial,Distinct source fields exist (port/game-data/player_savegame_v1.hpp:37-38); current selection setter at player_savegame_v1.cpp:99 and state setter at line 96. The inspected menu code does not establish a menu presentation path keyed to both fields; original 003bbb48 delegates only the state write.,not_run,"Compare the named mutation/transition to the cited original; record source line(s) and focused before/after evidence (test, trace, or runtime capture).",P2,unassigned
CS-0086,Fairy progression,fairy level,libDungeonHunter2.so,0x003BBBCC,_ZN9Character17SG_SetFaerieLevelEjii,port/game-data/player_save_state_fields_v45.cpp; port/game-data/faery_tables.cpp,Verify level updates only selected fairy/context.,libDungeonHunter2.so pseudocode-all.c:L136716 (FUNCTION 003bbbcc _ZN9Character17SG_SetFaerieLevelEjii); function body/direct calls,implemented,"IDA 003bbbcc resolves tier and delegates to 0046663c, which stores a 16-bit level at one row; port/game-data/player_savegame_v1.cpp:95 writes `faeries_[tier][id].level`; source_campaign_script_ai_v118.cpp:65-66 connects upgrade.",not_run,"Compare the named mutation/transition to the cited original; record source line(s) and focused before/after evidence (test, trace, or runtime capture).",P2,unassigned
CS-0087,Fairy progression,fairy level,libDungeonHunter2.so,0x003BBBCC,_ZN9Character17SG_SetFaerieLevelEjii,port/game-data/player_save_state_fields_v45.cpp; port/game-data/faery_tables.cpp,Verify one level change preserves other fairy levels.,libDungeonHunter2.so pseudocode-all.c:L136716 (FUNCTION 003bbbcc _ZN9Character17SG_SetFaerieLevelEjii); function body/direct calls,implemented,port/game-data/player_savegame_v1.cpp:95 writes only requested tier/id cell; faery array cells are separate (player_savegame_v1.hpp:37). IDA 0046663c targets one 16-bit field.,not_run,"Compare the named mutation/transition to the cited original; record source line(s) and focused before/after evidence (test, trace, or runtime capture).",P2,unassigned
CS-0088,Fairy progression,fairy level,libDungeonHunter2.so,0x003BBBCC,_ZN9Character17SG_SetFaerieLevelEjii,port/game-data/player_save_state_fields_v45.cpp; port/game-data/faery_tables.cpp,Verify getter returns persisted level after reload.,libDungeonHunter2.so pseudocode-all.c:L136716 (FUNCTION 003bbbcc _ZN9Character17SG_SetFaerieLevelEjii); function body/direct calls,implemented,port/game-data/player_savegame_v1.cpp:97 getter and 91-92 persisted loader share faeries_ storage; source_campaign_script_ai_v118.cpp:65 reads it. IDA 003bbbcc delegates to per-row 0046663c store.,not_run,"Compare the named mutation/transition to the cited original; record source line(s) and focused before/after evidence (test, trace, or runtime capture).",P2,unassigned
CS-0089,Fairy progression,fairy level,libDungeonHunter2.so,0x003BBBCC,_ZN9Character17SG_SetFaerieLevelEjii,port/game-data/player_save_state_fields_v45.cpp; port/game-data/faery_tables.cpp,"Verify 16-bit narrowing and storage, including zero and boundary values; the original setter does not clamp to a declared max.",libDungeonHunter2.so pseudocode-all.c:L136716 (FUNCTION 003bbbcc _ZN9Character17SG_SetFaerieLevelEjii); function body/direct calls,implemented,"IDA 003bbbcc -> 0046663c narrows value to __int16 and stores 16 bits; port player_savegame_v1.cpp:95 narrows to uint16_t, same stored bits including zero/wrap/truncation.",not_run,"Compare the named mutation/transition to the cited original; record source line(s) and focused before/after evidence (test, trace, or runtime capture).",P2,unassigned
CS-0090,Fairy progression,fairy level,libDungeonHunter2.so,0x003BBBCC,_ZN9Character17SG_SetFaerieLevelEjii,port/game-data/player_save_state_fields_v45.cpp; port/game-data/faery_tables.cpp,Verify upgrade caller persists before menu refresh.,libDungeonHunter2.so pseudocode-all.c:L136716 (FUNCTION 003bbbcc _ZN9Character17SG_SetFaerieLevelEjii); function body/direct calls,implemented,"Source caller reads old level, increments, stores then updates skills at port/android-native/app/src/main/cpp/source_campaign_script_ai_v118.cpp:65-66. IDA caller pseudocode `003a/003ae61c.c` calls SG_SetFaerieLevel before update routine.",not_run,"Compare the named mutation/transition to the cited original; record source line(s) and focused before/after evidence (test, trace, or runtime capture).",P2,unassigned
CS-0091,Campaign progression,fast travel unlock,libDungeonHunter2.so,0x003BBA84,_ZN9Character26SG_SetFastTravelIdUnlockedEPKcbi,port/game-data/player_save_state_fields_v45.cpp; port/game-data/world_map_profile_table_v59.cpp,Verify unlock key is location ID not list index.,libDungeonHunter2.so pseudocode-all.c:L136627 (FUNCTION 003bba84 _ZN9Character26SG_SetFastTravelIdUnlockedEPKcbi); function body/direct calls,implemented,IDA 003bba84 delegates to PlayerSavegame::SG_SetFastTravelIdUnlocked; 004663f8 strcmp-searches FastTravelList names then uses found index as bit. Port source_set_fast_travel_v83 string-searches actual_names then sets that bit at player_savegame_v1.hpp:159-166; caller supplies table names at source_campaign_zones_v83.cpp:207-210.,not_run,"Compare the named mutation/transition to the cited original; record source line(s) and focused before/after evidence (test, trace, or runtime capture).",P1,unassigned
CS-0092,Campaign progression,fast travel unlock,libDungeonHunter2.so,0x003BBA84,_ZN9Character26SG_SetFastTravelIdUnlockedEPKcbi,port/game-data/player_save_state_fields_v45.cpp; port/game-data/world_map_profile_table_v59.cpp,Verify unlock preserves previously unlocked locations.,libDungeonHunter2.so pseudocode-all.c:L136627 (FUNCTION 003bba84 _ZN9Character26SG_SetFastTravelIdUnlockedEPKcbi); function body/direct calls,implemented,Port bitwise set/clear touches only one bit at player_savegame_v1.hpp:165-166; IDA 004663f8 invokes bitset::set for one found index.,not_run,"Compare the named mutation/transition to the cited original; record source line(s) and focused before/after evidence (test, trace, or runtime capture).",P1,unassigned
CS-0093,Campaign progression,fast travel unlock,libDungeonHunter2.so,0x003BBA84,_ZN9Character26SG_SetFastTravelIdUnlockedEPKcbi,port/game-data/player_save_state_fields_v45.cpp; port/game-data/world_map_profile_table_v59.cpp,Verify query uses same key normalization.,libDungeonHunter2.so pseudocode-all.c:L136627 (FUNCTION 003bba84 _ZN9Character26SG_SetFastTravelIdUnlockedEPKcbi); function body/direct calls,partial,"Setter uses case-sensitive string equality in port/game-data/player_savegame_v1.hpp:161-162 and IDA 004663f8 calls LC_API_STRCMP; no live query method consuming fast_travel17c_ was found in scoped source (search scope: player_savegame_v1.*, campaign save/load owners, source_campaign_zones_v83.cpp, map profile table).",not_run,"Compare the named mutation/transition to the cited original; record source line(s) and focused before/after evidence (test, trace, or runtime capture).",P1,unassigned
CS-0094,Campaign progression,fast travel unlock,libDungeonHunter2.so,0x003BBA84,_ZN9Character26SG_SetFastTravelIdUnlockedEPKcbi,port/game-data/player_save_state_fields_v45.cpp; port/game-data/world_map_profile_table_v59.cpp,Verify unknown ID follows original absent-key behavior.,libDungeonHunter2.so pseudocode-all.c:L136627 (FUNCTION 003bba84 _ZN9Character26SG_SetFastTravelIdUnlockedEPKcbi); function body/direct calls,implemented,IDA 004663f8 returns without bitset change if name scan reaches list size; port/game-data/player_savegame_v1.hpp:161-163 returns success with no mutation on absent name.,not_run,"Compare the named mutation/transition to the cited original; record source line(s) and focused before/after evidence (test, trace, or runtime capture).",P1,unassigned
CS-0095,Campaign progression,fast travel unlock,libDungeonHunter2.so,0x003BBA84,_ZN9Character26SG_SetFastTravelIdUnlockedEPKcbi,port/game-data/player_save_state_fields_v45.cpp; port/game-data/world_map_profile_table_v59.cpp,Verify world map reflects loaded unlock state.,libDungeonHunter2.so pseudocode-all.c:L136627 (FUNCTION 003bba84 _ZN9Character26SG_SetFastTravelIdUnlockedEPKcbi); function body/direct calls,partial,"The FTVL section is loaded at port/level-world/character_menu_profile_load_v51.cpp:68 into `fast_travel17c_` (player_save_state_fields_v45.cpp:46-53); however scoped map/world source (`world_map_profile_table_v59.*`, `source_campaign_zones_v83.cpp`) has no read of `fast_travel_v45()` to gate presentation/travel. IDA setter alone delegates bit mutation.",not_run,"Compare the named mutation/transition to the cited original; record source line(s) and focused before/after evidence (test, trace, or runtime capture).",P1,unassigned
CS-0096,Campaign progression,campaign level state,libDungeonHunter2.so,0x003BBCA4,_ZN9Character16SG_SetLevelStateEiii,port/game-data/player_save_state_fields_v45.cpp; port/level-world/campaign_navigation_registry_v64.hpp,Verify mutation addresses the requested level index and state within the selected difficulty tier; act is not an argument to SG_SetLevelState.,libDungeonHunter2.so pseudocode-all.c:L136770 (FUNCTION 003bbca4 _ZN9Character16SG_SetLevelStateEiii); function body/direct calls,implemented,"Corrected scope: IDA 003bbca4 resolves difficulty then delegates to 00466e48 with levelId, state, difficulty; it is not an act/level pair. Port state array is tier+level indexed at player_save_state_fields_v45.cpp:29-36, called from source_campaign_script_world_v117.cpp:75.",not_run,"Compare the named mutation/transition to the cited original; record source line(s) and focused before/after evidence (test, trace, or runtime capture).",P1,unassigned
CS-0097,Campaign progression,campaign level state,libDungeonHunter2.so,0x003BBCA4,_ZN9Character16SG_SetLevelStateEiii,port/game-data/player_save_state_fields_v45.cpp; port/level-world/campaign_navigation_registry_v64.hpp,Verify completion preserves neighbor level state.,libDungeonHunter2.so pseudocode-all.c:L136770 (FUNCTION 003bbca4 _ZN9Character16SG_SetLevelStateEiii); function body/direct calls,implemented,Port setter updates only `level_states68_[difficulty][level]` at player_save_state_fields_v45.cpp:29-36; IDA 00466e48 stores to one indexed array element.,not_run,"Compare the named mutation/transition to the cited original; record source line(s) and focused before/after evidence (test, trace, or runtime capture).",P1,unassigned
CS-0098,Campaign progression,campaign level state,libDungeonHunter2.so,0x003BBCA4,_ZN9Character16SG_SetLevelStateEiii,port/game-data/player_save_state_fields_v45.cpp; port/level-world/campaign_navigation_registry_v64.hpp,Verify getter observes updated state.,libDungeonHunter2.so pseudocode-all.c:L136770 (FUNCTION 003bbca4 _ZN9Character16SG_SetLevelStateEiii); function body/direct calls,implemented,The same array is exposed by `level_states_v45()` at port/game-data/player_savegame_v1.hpp:152 and mutated by player_save_state_fields_v45.cpp:29-36; Level-state save writer reads it at character_menu_campaign_save_v50.cpp:42-43. IDA 00466e48 writes the tier/level cell.,not_run,"Compare the named mutation/transition to the cited original; record source line(s) and focused before/after evidence (test, trace, or runtime capture).",P1,unassigned
CS-0099,Campaign progression,campaign level state,libDungeonHunter2.so,0x003BBCA4,_ZN9Character16SG_SetLevelStateEiii,port/game-data/player_save_state_fields_v45.cpp; port/level-world/campaign_navigation_registry_v64.hpp,Verify unseen/available/completed encodings remain original.,libDungeonHunter2.so pseudocode-all.c:L136770 (FUNCTION 003bbca4 _ZN9Character16SG_SetLevelStateEiii); function body/direct calls,implemented,"IDA Character::SG_SetLevelState 003bbca4 delegates to PlayerSavegame::SG_SetLevelState 00466e48, which selects difficulty and stores the requested state in that level cell (pseudocode-all.c:L136770-136782,L252962-253029). Port stores the value in the requested initialized level/tier cell: port/game-data/player_save_state_fields_v45.cpp:29-36.",not_run,"Compare the named mutation/transition to the cited original; record source line(s) and focused before/after evidence (test, trace, or runtime capture).",P1,unassigned
CS-0100,Campaign progression,campaign level state,libDungeonHunter2.so,0x003BBCA4,_ZN9Character16SG_SetLevelStateEiii,port/game-data/player_save_state_fields_v45.cpp; port/level-world/campaign_navigation_registry_v64.hpp,Verify which navigation/map caller reads SG_GetLevelState after the progression mutation; the setter itself only stores a per-difficulty level-state value.,libDungeonHunter2.so pseudocode-all.c:L136770 (FUNCTION 003bbca4 _ZN9Character16SG_SetLevelStateEiii); function body/direct calls,disconnected,"The setter stores progression state, but port/level-world/campaign_navigation_registry_v64.hpp:10-30 is only an obstacle registry and contains no level-state consumer/callback. IDA wrapper 003bbca4 delegates the write; this row's stated navigation-after-callback edge is not established by these source paths.",not_run,"Compare the named mutation/transition to the cited original; record source line(s) and focused before/after evidence (test, trace, or runtime capture).",P1,unassigned
CS-0101,Campaign progression,world map location state,libDungeonHunter2.so,0x003BBDA0,_ZN9Character17SG_SetMapLocStateEiii,port/game-data/player_save_state_fields_v45.cpp; port/game-data/world_map_profile_table_v59.cpp,Verify mutation uses supplied location/context pair.,libDungeonHunter2.so pseudocode-all.c:L136828 (FUNCTION 003bbda0 _ZN9Character17SG_SetMapLocStateEiii); function body/direct calls,implemented,"IDA Character::SG_SetMapLocState 003bbda0 delegates to PlayerSavegame::SG_SetMapLocState 00466b18, storing the supplied location/state/difficulty (pseudocode-all.c:L136828-136840,L252847-252914). Port writes that indexed state cell: port/game-data/player_save_state_fields_v45.cpp:38-45.",not_run,"Compare the named mutation/transition to the cited original; record source line(s) and focused before/after evidence (test, trace, or runtime capture).",P1,unassigned
CS-0102,Campaign progression,world map location state,libDungeonHunter2.so,0x003BBDA0,_ZN9Character17SG_SetMapLocStateEiii,port/game-data/player_save_state_fields_v45.cpp; port/game-data/world_map_profile_table_v59.cpp,Verify the setter replaces the selected location-state value with the requested enum (0..2); no bit-preserving OR operation is implied.,libDungeonHunter2.so pseudocode-all.c:L136828 (FUNCTION 003bbda0 _ZN9Character17SG_SetMapLocStateEiii); function body/direct calls,implemented,IDA 00466b18 writes the supplied state as a whole word to the selected map-location cell; it does not bitwise preserve unlocked/seen bits (pseudocode-all.c:L252884-252914). Port also replaces the cell: port/game-data/player_save_state_fields_v45.cpp:38-45.,not_run,"Compare the named mutation/transition to the cited original; record source line(s) and focused before/after evidence (test, trace, or runtime capture).",P1,unassigned
CS-0103,Campaign progression,world map location state,libDungeonHunter2.so,0x003BBDA0,_ZN9Character17SG_SetMapLocStateEiii,port/game-data/player_save_state_fields_v45.cpp; port/game-data/world_map_profile_table_v59.cpp,"Verify the map UI projection reads the matching SG_GetMapLocState(location,difficulty) value for each authored location.",libDungeonHunter2.so pseudocode-all.c:L136828 (FUNCTION 003bbda0 _ZN9Character17SG_SetMapLocStateEiii); function body/direct calls,partial,Port decodes authored WorldMap names/rows/defaults but does not project PlayerSavegame map_states into a world-map presentation consumer: port/game-data/world_map_profile_table_v59.cpp:17-40 and port/game-data/player_savegame_v1.hpp:147-155. IDA 003bbda0 delegates to 00466b18; getter counterpart 00466d10 reads the same cell.,not_run,"Compare the named mutation/transition to the cited original; record source line(s) and focused before/after evidence (test, trace, or runtime capture).",P1,unassigned
CS-0104,Campaign progression,world map location state,libDungeonHunter2.so,0x003BBDA0,_ZN9Character17SG_SetMapLocStateEiii,port/game-data/player_save_state_fields_v45.cpp; port/game-data/world_map_profile_table_v59.cpp,"Verify valid-location writes target only that cell, and document the original assertion/unsafe invalid-index behavior separately from native safety rejection.",libDungeonHunter2.so pseudocode-all.c:L136828 (FUNCTION 003bbda0 _ZN9Character17SG_SetMapLocStateEiii); function body/direct calls,partial,"IDA 00466b18 asserts negative/out-of-range location and invalid enum, then reaches the indexed store in the pseudocode model; it does not define safe neighbor isolation (pseudocode-all.c:L252852-252914). Port rejects invalid location/state before access: port/game-data/player_save_state_fields_v45.cpp:38-45.",not_run,"Compare the named mutation/transition to the cited original; record source line(s) and focused before/after evidence (test, trace, or runtime capture).",P1,unassigned
CS-0105,Campaign progression,world map location state,libDungeonHunter2.so,0x003BBDA0,_ZN9Character17SG_SetMapLocStateEiii,port/game-data/player_save_state_fields_v45.cpp; port/game-data/world_map_profile_table_v59.cpp,Verify level/map state cells are emitted into the original named section and restored by name for all three difficulties.,libDungeonHunter2.so pseudocode-all.c:L136828 (FUNCTION 003bbda0 _ZN9Character17SG_SetMapLocStateEiii); function body/direct calls,partial,"Port loads three tiers of level/map states by authored names and merges matched values: port/game-data/player_save_state_fields_v45.cpp:17-27. No corresponding LVLS state writer is present in port/game-data/player_save_named_writer_v1.cpp:16-81; IDA source's state cells are serialized by separate PlayerSavegame save callbacks, so round-trip persistence is not complete.",not_run,"Compare the named mutation/transition to the cited original; record source line(s) and focused before/after evidence (test, trace, or runtime capture).",P1,unassigned
CS-0106,Skills,skill slot assignment,libDungeonHunter2.so,0x003BBE54,_ZN9Character17SG_SetSkillInSlotEij,port/level-world/character_skill_state_v4.hpp; port/level-world/character_player_skills_v6.cpp,Verify requested slot assignment/removal uses the original current skill-set and supports the source empty value (-1).,libDungeonHunter2.so pseudocode-all.c:L136878 (FUNCTION 003bbe54 _ZN9Character17SG_SetSkillInSlotEij); function body/direct calls,partial,"IDA 004680a8 accepts -1 as the empty skill value, uses current skill-set from ItemInventory, edits that set's map, then updates skills for nonempty assignment (pseudocode-all.c:L253720-253807,L253808-253955). Port supports UINT32_MAX removal and assignment but hardcodes slots_[0]: port/game-data/player_savegame_v1.cpp:79-83.",not_run,"Compare the named mutation/transition to the cited original; record source line(s) and focused before/after evidence (test, trace, or runtime capture).",P2,unassigned
CS-0107,Skills,skill slot assignment,libDungeonHunter2.so,0x003BBE54,_ZN9Character17SG_SetSkillInSlotEij,port/level-world/character_skill_state_v4.hpp; port/level-world/character_player_skills_v6.cpp,Verify assignment updates the requested slot and removes any duplicate mapping of that skill in the active set; unrelated mappings remain.,libDungeonHunter2.so pseudocode-all.c:L136878 (FUNCTION 003bbe54 _ZN9Character17SG_SetSkillInSlotEij); function body/direct calls,partial,"Original 004680a8 removes existing mappings of the assigned skill before writing the requested slot (pseudocode-all.c:L253839-253955), so other slots may change when they contain the same skill. Port likewise erases every matching row in slots_[0] before assignment: port/game-data/player_savegame_v1.cpp:82.",not_run,"Compare the named mutation/transition to the cited original; record source line(s) and focused before/after evidence (test, trace, or runtime capture).",P2,unassigned
CS-0108,Skills,skill slot assignment,libDungeonHunter2.so,0x003BBE54,_ZN9Character17SG_SetSkillInSlotEij,port/level-world/character_skill_state_v4.hpp; port/level-world/character_player_skills_v6.cpp,Verify the active equipment/skill-set index selected by ItemInventory routes reads and writes to the corresponding source map.,libDungeonHunter2.so pseudocode-all.c:L136878 (FUNCTION 003bbe54 _ZN9Character17SG_SetSkillInSlotEij); function body/direct calls,partial,IDA derives CurrentSkillSet from the actual ItemInventory at 004680a8:L253806 and indexes that set's map. Port stores both sets for serialization/load but setter/getters use slots_[0]: port/game-data/player_savegame_v1.cpp:79-87.,not_run,"Compare the named mutation/transition to the cited original; record source line(s) and focused before/after evidence (test, trace, or runtime capture).",P2,unassigned
CS-0109,Skills,skill slot assignment,libDungeonHunter2.so,0x003BBE54,_ZN9Character17SG_SetSkillInSlotEij,port/level-world/character_skill_state_v4.hpp; port/level-world/character_player_skills_v6.cpp,Verify valid slot bounds and report the original assertion path for negative slots; do not claim a defined safe fallback for invalid input.,libDungeonHunter2.so pseudocode-all.c:L136878 (FUNCTION 003bbe54 _ZN9Character17SG_SetSkillInSlotEij); function body/direct calls,partial,IDA 004680a8 asserts slot>=0 but then continues toward the map operation in the recovered pseudocode; port safely rejects negative keys before mutation: port/game-data/player_savegame_v1.cpp:79.,not_run,"Compare the named mutation/transition to the cited original; record source line(s) and focused before/after evidence (test, trace, or runtime capture).",P2,unassigned
CS-0110,Skills,skill slot assignment,libDungeonHunter2.so,0x003BBE54,_ZN9Character17SG_SetSkillInSlotEij,port/level-world/character_skill_state_v4.hpp; port/level-world/character_player_skills_v6.cpp,Verify assignment mutates before UpdateSkills; empty-value removal erases the mapping without the nonempty-assignment refresh call.,libDungeonHunter2.so pseudocode-all.c:L136878 (FUNCTION 003bbe54 _ZN9Character17SG_SetSkillInSlotEij); function body/direct calls,implemented,"IDA 004680a8 invokes CharAI::UpdateSkills after nonempty map mutation, while its -1 erase branch returns without that call (pseudocode-all.c:L253808-253839,L253940-253955). Port mutates then calls the injected update service for assignment and returns directly for erase: port/game-data/player_savegame_v1.cpp:79-83.",not_run,"Compare the named mutation/transition to the cited original; record source line(s) and focused before/after evidence (test, trace, or runtime capture).",P2,unassigned
CS-0111,Skills,skill level mutation,libDungeonHunter2.so,0x003BBEBC,_ZN9Character16SG_SetSkillLevelEji,port/level-world/character_skill_state_v4.hpp; port/level-world/character_player_skills_v6.cpp,Verify SG_SetSkillLevel addresses the saved skill row index; do not interpret its first argument as a skill ID.,libDungeonHunter2.so pseudocode-all.c:L136925 (FUNCTION 003bbebc _ZN9Character16SG_SetSkillLevelEji); function body/direct calls,implemented,"IDA wrapper 003bbebc passes unsigned a2 directly to PlayerSavegame::SG_SetSkillLevel 004667c4, where it is an index into m_skills, not a skill ID (pseudocode-all.c:L136925-136933,L252712-252753). Port updates the requested row index: port/game-data/player_savegame_v1.cpp:78.",not_run,"Compare the named mutation/transition to the cited original; record source line(s) and focused before/after evidence (test, trace, or runtime capture).",P2,unassigned
CS-0112,Skills,skill level mutation,libDungeonHunter2.so,0x003BBEBC,_ZN9Character16SG_SetSkillLevelEji,port/level-world/character_skill_state_v4.hpp; port/level-world/character_player_skills_v6.cpp,Verify the setter directly writes the row's 16-bit level; callback/availability behavior belongs to other paths.,libDungeonHunter2.so pseudocode-all.c:L136925 (FUNCTION 003bbebc _ZN9Character16SG_SetSkillLevelEji); function body/direct calls,implemented,"IDA PlayerSavegame::SG_SetSkillLevel 004667c4 performs bounds/storage assertions then stores a 16-bit level directly; it invokes no availability callback (pseudocode-all.c:L252712-252753). Port casts and writes the row level: port/game-data/player_savegame_v1.cpp:39-40,78.",not_run,"Compare the named mutation/transition to the cited original; record source line(s) and focused before/after evidence (test, trace, or runtime capture).",P2,unassigned
CS-0113,Skills,skill level mutation,libDungeonHunter2.so,0x003BBEBC,_ZN9Character16SG_SetSkillLevelEji,port/level-world/character_skill_state_v4.hpp; port/level-world/character_player_skills_v6.cpp,Verify zero and out-of-range values follow the source 16-bit narrowing/store behavior; no skill maximum check appears in this setter.,libDungeonHunter2.so pseudocode-all.c:L136925 (FUNCTION 003bbebc _ZN9Character16SG_SetSkillLevelEji); function body/direct calls,implemented,"IDA setter stores the argument as a 16-bit value without a level-range clamp (004667c4, pseudocode-all.c:L252712-252753). Port similarly narrows to uint16_t: port/game-data/player_savegame_v1.cpp:40,78.",not_run,"Compare the named mutation/transition to the cited original; record source line(s) and focused before/after evidence (test, trace, or runtime capture).",P2,unassigned
CS-0114,Skills,skill level mutation,libDungeonHunter2.so,0x003BBEBC,_ZN9Character16SG_SetSkillLevelEji,port/level-world/character_skill_state_v4.hpp; port/level-world/character_player_skills_v6.cpp,Verify level survives save/load.,libDungeonHunter2.so pseudocode-all.c:L136925 (FUNCTION 003bbebc _ZN9Character16SG_SetSkillLevelEji); function body/direct calls,implemented,"Port's SKIL writer serializes each initialized saved skill's level as two bytes, and load_skills restores by skill name: port/game-data/player_save_named_writer_v1.cpp:16-30; port/game-data/player_savegame_v1.cpp:47-51. IDA exposes named skill save/load through Character wrappers including SG_SetSkillLevel 003bbebc.",not_run,"Compare the named mutation/transition to the cited original; record source line(s) and focused before/after evidence (test, trace, or runtime capture).",P2,unassigned
CS-0115,Skills,skill level mutation,libDungeonHunter2.so,0x003BBEBC,_ZN9Character16SG_SetSkillLevelEji,port/level-world/character_skill_state_v4.hpp; port/level-world/character_player_skills_v6.cpp,Verify class eligibility is enforced by the skill/UI path if required; SG_SetSkillLevel itself directly stores by row and does not perform a class check.,libDungeonHunter2.so pseudocode-all.c:L136925 (FUNCTION 003bbebc _ZN9Character16SG_SetSkillLevelEji); function body/direct calls,implemented,IDA 004667c4 contains only index/storage assertions and a direct 16-bit store; no class restriction is checked there (pseudocode-all.c:L252712-252753). Port setter likewise only validates row storage: port/game-data/player_savegame_v1.cpp:78.,not_run,"Compare the named mutation/transition to the cited original; record source line(s) and focused before/after evidence (test, trace, or runtime capture).",P2,unassigned
CS-0116,Character profile,player name,libDungeonHunter2.so,0x003BBF08,_ZN9Character16SG_SetPlayerNameEPKc,port/game-data/player_save_state_fields_v45.cpp; port/game-data/player_save_named_writer_v1.cpp,Verify setter owns copied text rather than caller buffer.,libDungeonHunter2.so pseudocode-all.c:L136960 (FUNCTION 003bbf08 _ZN9Character16SG_SetPlayerNameEPKc); function body/direct calls,partial,"IDA Character::SG_SetPlayerName 003bbf08 uses strlen then std::string::_M_assign into owned Save name storage (pseudocode-all.c:L136960-136973). Port has PNAM load/write support, but no corresponding setter API; load_name assigns into the owned std::string: port/game-data/player_savegame_v1.cpp:13-20,52; port/game-data/player_save_named_writer_v1.cpp:49-58.",not_run,"Compare the named mutation/transition to the cited original; record source line(s) and focused before/after evidence (test, trace, or runtime capture).",P1,unassigned
CS-0117,Character profile,player name,libDungeonHunter2.so,0x003BBF08,_ZN9Character16SG_SetPlayerNameEPKc,port/game-data/player_save_state_fields_v45.cpp; port/game-data/player_save_named_writer_v1.cpp,Verify replacement through the Character name setter updates the owned Save name; load-time assignment alone does not prove the setter connection.,libDungeonHunter2.so pseudocode-all.c:L136960 (FUNCTION 003bbf08 _ZN9Character16SG_SetPlayerNameEPKc); function body/direct calls,partial,"The source setter performs std::string::_M_assign, which replaces owned storage (IDA 003bbf08, pseudocode-all.c:L136960-136973). Port load_name uses std::string::assign, but the Character setter edge is absent: port/game-data/player_savegame_v1.cpp:13-20,52; player_savegame_v1.hpp:34,84.",not_run,"Compare the named mutation/transition to the cited original; record source line(s) and focused before/after evidence (test, trace, or runtime capture).",P1,unassigned
CS-0118,Character profile,player name,libDungeonHunter2.so,0x003BBF08,_ZN9Character16SG_SetPlayerNameEPKc,port/game-data/player_save_state_fields_v45.cpp; port/game-data/player_save_named_writer_v1.cpp,Verify empty input and ordinary C-string assignment; check length limits at the PNAM serialization boundary separately from the setter.,libDungeonHunter2.so pseudocode-all.c:L136960 (FUNCTION 003bbf08 _ZN9Character16SG_SetPlayerNameEPKc); function body/direct calls,partial,"IDA setter accepts a C string and assigns strlen(a2) bytes; no explicit maximum-length check is shown (003bbf08, pseudocode-all.c:L136960-136973). Port's PNAM writer has an int32 length-domain guard, which is a writer constraint rather than setter behavior: port/game-data/player_save_named_writer_v1.cpp:49-58.",not_run,"Compare the named mutation/transition to the cited original; record source line(s) and focused before/after evidence (test, trace, or runtime capture).",P1,unassigned
CS-0119,Character profile,player name,libDungeonHunter2.so,0x003BBF08,_ZN9Character16SG_SetPlayerNameEPKc,port/game-data/player_save_state_fields_v45.cpp; port/game-data/player_save_named_writer_v1.cpp,Verify writer preserves encoding and length convention.,libDungeonHunter2.so pseudocode-all.c:L136960 (FUNCTION 003bbf08 _ZN9Character16SG_SetPlayerNameEPKc); function body/direct calls,implemented,"IDA named string storage uses a C string; port PNAM writer emits a signed 32-bit byte length including terminating NUL, then those bytes: port/game-data/player_save_named_writer_v1.cpp:49-58. IDA name setter stores via std::string::_M_assign (003bbf08:L136960-136973).",not_run,"Compare the named mutation/transition to the cited original; record source line(s) and focused before/after evidence (test, trace, or runtime capture).",P1,unassigned
CS-0120,Character profile,player name,libDungeonHunter2.so,0x003BBF08,_ZN9Character16SG_SetPlayerNameEPKc,port/game-data/player_save_state_fields_v45.cpp; port/game-data/player_save_named_writer_v1.cpp,Verify the loaded PlayerSavegame name reaches the profile-selection display; SG_SetPlayerName itself only assigns the saved name.,libDungeonHunter2.so pseudocode-all.c:L136960 (FUNCTION 003bbf08 _ZN9Character16SG_SetPlayerNameEPKc); function body/direct calls,partial,"Port stores loaded PNAM in PlayerSavegameV1 and exposes name(), but the cited writer only emits the name and no profile-selection display consumer is wired in these files: port/game-data/player_savegame_v1.cpp:52; player_savegame_v1.hpp:143-145; port/game-data/player_save_named_writer_v1.cpp:49-58. IDA setter 003bbf08 only updates storage.",not_run,"Compare the named mutation/transition to the cited original; record source line(s) and focused before/after evidence (test, trace, or runtime capture).",P1,unassigned
CS-0121,Quests,primary quest selection,libDungeonHunter2.so,0x003BBFBC,_ZN9Character25SG_SetCurrentPrimaryQuestEii,port/game-data/player_save_quest_sync_v3.cpp; port/game-data/quest_savegame_v1.cpp,Verify primary slot changes without secondary current quest.,libDungeonHunter2.so pseudocode-all.c:L137005 (FUNCTION 003bbfbc _ZN9Character25SG_SetCurrentPrimaryQuestEii); function body/direct calls,partial,IDA Character::SG_SetCurrentPrimaryQuest 003bbfbc selects QuestSavegame by difficulty (a3=-1 resolves global difficulty) and stores a2 at the primary-quest cell (pseudocode-all.c:L137005-137020). Port has a raw progress store for field 0x38 but no Character setter bridge: port/game-data/quest_savegame_v1.hpp:35-42.,not_run,"Compare the named mutation/transition to the cited original; record source line(s) and focused before/after evidence (test, trace, or runtime capture).",P2,unassigned
CS-0122,Quests,primary quest selection,libDungeonHunter2.so,0x003BBFBC,_ZN9Character25SG_SetCurrentPrimaryQuestEii,port/game-data/player_save_quest_sync_v3.cpp; port/game-data/quest_savegame_v1.cpp,Verify the second argument resolves difficulty (including -1 to global difficulty) and stores primary quest ID in that difficulty's QuestSavegame.,libDungeonHunter2.so pseudocode-all.c:L137005 (FUNCTION 003bbfbc _ZN9Character25SG_SetCurrentPrimaryQuestEii); function body/direct calls,implemented,"The setter's second argument selects difficulty, with -1 replaced by global current difficulty; it is not an act/context key (IDA 003bbfbc, pseudocode-all.c:L137011-137019). Port's progress store selects one of three difficulty cells: port/game-data/quest_savegame_v1.hpp:35-42.",not_run,"Compare the named mutation/transition to the cited original; record source line(s) and focused before/after evidence (test, trace, or runtime capture).",P2,unassigned
CS-0123,Quests,primary quest selection,libDungeonHunter2.so,0x003BBFBC,_ZN9Character25SG_SetCurrentPrimaryQuestEii,port/game-data/player_save_quest_sync_v3.cpp; port/game-data/quest_savegame_v1.cpp,Verify the primary-quest getter reads the selected difficulty cell after the QEST load path has restored it.,libDungeonHunter2.so pseudocode-all.c:L137005 (FUNCTION 003bbfbc _ZN9Character25SG_SetCurrentPrimaryQuestEii); function body/direct calls,partial,Port restores current/primary quest IDs into three per-difficulty progress cells during QEST unpack: port/game-data/quest_savegame_v1.cpp:37-42; accessor is progress(): port/game-data/quest_savegame_v1.hpp:44. No Character getter/load integration is established by these source paths; IDA setter wrapper 003bbfbc itself only stores.,not_run,"Compare the named mutation/transition to the cited original; record source line(s) and focused before/after evidence (test, trace, or runtime capture).",P2,unassigned
CS-0124,Quests,primary quest selection,libDungeonHunter2.so,0x003BBFBC,_ZN9Character25SG_SetCurrentPrimaryQuestEii,port/game-data/player_save_quest_sync_v3.cpp; port/game-data/quest_savegame_v1.cpp,Verify the setter stores the supplied integer directly; invalid quest IDs are not looked up or normalized in this function.,libDungeonHunter2.so pseudocode-all.c:L137005 (FUNCTION 003bbfbc _ZN9Character25SG_SetCurrentPrimaryQuestEii); function body/direct calls,implemented,"IDA setter directly stores the supplied ID without quest lookup or validation (003bbfbc, pseudocode-all.c:L137011-137019). Port source_store_progress_v108 stores the value directly in field 0x38: port/game-data/quest_savegame_v1.hpp:35-42.",not_run,"Compare the named mutation/transition to the cited original; record source line(s) and focused before/after evidence (test, trace, or runtime capture).",P2,unassigned
CS-0125,Quests,primary quest selection,libDungeonHunter2.so,0x003BBFBC,_ZN9Character25SG_SetCurrentPrimaryQuestEii,port/game-data/player_save_quest_sync_v3.cpp; port/game-data/quest_savegame_v1.cpp,Verify the primary quest setter changes its selected progress cell only; assess quest-sync dirtiness in the separate sync routine.,libDungeonHunter2.so pseudocode-all.c:L137005 (FUNCTION 003bbfbc _ZN9Character25SG_SetCurrentPrimaryQuestEii); function body/direct calls,implemented,"IDA setter performs a direct primary quest cell store and does not set sync state (003bbfbc, pseudocode-all.c:L137011-137020). Port direct store likewise updates only the selected progress field: port/game-data/quest_savegame_v1.hpp:35-42.",not_run,"Compare the named mutation/transition to the cited original; record source line(s) and focused before/after evidence (test, trace, or runtime capture).",P2,unassigned
CS-0126,Quests,current quest selection,libDungeonHunter2.so,0x003BC01C,_ZN9Character18SG_SetCurrentQuestEii,port/game-data/player_save_quest_sync_v3.cpp; port/game-data/quest_savegame_v1.cpp,Verify current quest mutation preserves primary quest.,libDungeonHunter2.so pseudocode-all.c:L137023 (FUNCTION 003bc01c _ZN9Character18SG_SetCurrentQuestEii); function body/direct calls,implemented,IDA Character::SG_SetCurrentQuest 003bc01c selects difficulty (including -1 global) and stores only the current-quest cell at QuestSavegame offset 0x2c (pseudocode-all.c:L137023-137043). Port field 0x2c store leaves primary_quest untouched: port/game-data/quest_savegame_v1.hpp:35-42.,not_run,"Compare the named mutation/transition to the cited original; record source line(s) and focused before/after evidence (test, trace, or runtime capture).",P2,unassigned
CS-0127,Quests,current quest selection,libDungeonHunter2.so,0x003BC01C,_ZN9Character18SG_SetCurrentQuestEii,port/game-data/player_save_quest_sync_v3.cpp; port/game-data/quest_savegame_v1.cpp,Verify selecting current quest changes only its ID and leaves Quest objective/completion records untouched; those records are loaded by Quest::_loadQuestData.,libDungeonHunter2.so pseudocode-all.c:L137023 (FUNCTION 003bc01c _ZN9Character18SG_SetCurrentQuestEii); function body/direct calls,partial,"Port's progress setter changes only current quest, while QEST unpack separately calls the supplied Quest loader to restore per-quest data: port/game-data/quest_savegame_v1.hpp:35-42; quest_savegame_v1.cpp:24-35. Full Character setter/load integration and preservation are not shown by these files.",not_run,"Compare the named mutation/transition to the cited original; record source line(s) and focused before/after evidence (test, trace, or runtime capture).",P2,unassigned
CS-0128,Quests,current quest selection,libDungeonHunter2.so,0x003BC01C,_ZN9Character18SG_SetCurrentQuestEii,port/game-data/player_save_quest_sync_v3.cpp; port/game-data/quest_savegame_v1.cpp,Verify the current-quest getter reads the selected difficulty's restored current_quest value after load.,libDungeonHunter2.so pseudocode-all.c:L137023 (FUNCTION 003bc01c _ZN9Character18SG_SetCurrentQuestEii); function body/direct calls,partial,QEST unpack stores current quest ID in progress_.current_quest and exposes the progress object: port/game-data/quest_savegame_v1.cpp:37-42; quest_savegame_v1.hpp:44. No Character getter/restore caller is established in the cited paths; IDA 003bc01c is a direct setter.,not_run,"Compare the named mutation/transition to the cited original; record source line(s) and focused before/after evidence (test, trace, or runtime capture).",P2,unassigned
CS-0129,Quests,current quest selection,libDungeonHunter2.so,0x003BC01C,_ZN9Character18SG_SetCurrentQuestEii,port/game-data/player_save_quest_sync_v3.cpp; port/game-data/quest_savegame_v1.cpp,"Verify the setter stores an unknown quest ID unchanged; fallback/validation, if any, belongs to a getter or quest-selection path.",libDungeonHunter2.so pseudocode-all.c:L137023 (FUNCTION 003bc01c _ZN9Character18SG_SetCurrentQuestEii); function body/direct calls,implemented,"IDA 003bc01c writes the supplied ID directly to the selected difficulty cell, with no quest lookup/fallback (pseudocode-all.c:L137029-137043). Port's field 0x2c store is direct: port/game-data/quest_savegame_v1.hpp:35-42.",not_run,"Compare the named mutation/transition to the cited original; record source line(s) and focused before/after evidence (test, trace, or runtime capture).",P2,unassigned
CS-0130,Quests,current quest selection,libDungeonHunter2.so,0x003BC01C,_ZN9Character18SG_SetCurrentQuestEii,port/game-data/player_save_quest_sync_v3.cpp; port/game-data/quest_savegame_v1.cpp,"Verify the separate quest-sync send/receive gates (online, local/host role, readiness, level phase); do not attribute message conditions to SG_SetCurrentQuest.",libDungeonHunter2.so pseudocode-all.c:L137023 (FUNCTION 003bc01c _ZN9Character18SG_SetCurrentQuestEii); function body/direct calls,partial,"The cited setter 003bc01c only stores current quest ID; it does not send or gate a sync message (pseudocode-all.c:L137023-137043). A separate port sync owner has online/local/host/phase guards: port/game-data/player_save_quest_sync_v3.cpp:4-20, but no setter-to-sync edge is shown.",not_run,"Compare the named mutation/transition to the cited original; record source line(s) and focused before/after evidence (test, trace, or runtime capture).",P2,unassigned
CS-0131,Quests,quest serialization,libDungeonHunter2.so,0x003BBB40,_ZN9Character12__SaveQuestsEP11IFileStreamPv,port/game-data/quest_savegame_v1.cpp; port/game-data/player_save_quest_sync_v3.cpp,Verify writer preserves quest record iteration order.,libDungeonHunter2.so pseudocode-all.c:L136672 (FUNCTION 003bbb40 _ZN9Character12__SaveQuestsEP11IFileStreamPv); function body/direct calls,missing,"IDA __SaveQuests thunk 003bbb40 delegates to PlayerSavegame::__SaveQuests 00469454 and QuestSavegame::SaveQuests 0046c6fc, which packs each of three difficulty vectors in order (pseudocode-all.c:L136672-136676,L254652-254662,L257058-257064). Scoped source port/game-data/quest_savegame_v1.cpp/.hpp provides load/unpack only (cpp:L17-60; hpp:L54-67); no quest serializer exists.",not_run,"Compare the named mutation/transition to the cited original; record source line(s) and focused before/after evidence (test, trace, or runtime capture).",P2,unassigned
CS-0132,Quests,quest serialization,libDungeonHunter2.so,0x003BBB40,_ZN9Character12__SaveQuestsEP11IFileStreamPv,port/game-data/quest_savegame_v1.cpp; port/game-data/player_save_quest_sync_v3.cpp,Verify primary/current references accompany collection.,libDungeonHunter2.so pseudocode-all.c:L136672 (FUNCTION 003bbb40 _ZN9Character12__SaveQuestsEP11IFileStreamPv); function body/direct calls,missing,"IDA QuestSavegame::PackQuests 0046c658 writes count, each quest index/data, then current quest, primary quest, and act-progress words (pseudocode-all.c:L257040-257055); PlayerSavegame selects regular or volatile owner at 00469454. Source quest owner retains progress fields but has no pack/save method: port/game-data/quest_savegame_v1.hpp:15-18,54-67; cpp:L17-60.",not_run,"Compare the named mutation/transition to the cited original; record source line(s) and focused before/after evidence (test, trace, or runtime capture).",P2,unassigned
CS-0133,Quests,quest serialization,libDungeonHunter2.so,0x003BBB40,_ZN9Character12__SaveQuestsEP11IFileStreamPv,port/game-data/quest_savegame_v1.cpp; port/game-data/player_save_quest_sync_v3.cpp,Verify completion/progress flags serialize per record.,libDungeonHunter2.so pseudocode-all.c:L136672 (FUNCTION 003bbb40 _ZN9Character12__SaveQuestsEP11IFileStreamPv); function body/direct calls,missing,IDA PackQuest 0046c584 delegates each record's body to Quest::_saveQuestData and PackQuests writes three progress words (pseudocode-all.c:L257014-257055). No corresponding save callback/serializer exists in port/game-data/quest_savegame_v1.cpp/.hpp (load-only API at hpp:L54-67).,not_run,"Compare the named mutation/transition to the cited original; record source line(s) and focused before/after evidence (test, trace, or runtime capture).",P2,unassigned
CS-0134,Quests,quest serialization,libDungeonHunter2.so,0x003BBB40,_ZN9Character12__SaveQuestsEP11IFileStreamPv,port/game-data/quest_savegame_v1.cpp; port/game-data/player_save_quest_sync_v3.cpp,Verify empty collection emits valid empty section.,libDungeonHunter2.so pseudocode-all.c:L136672 (FUNCTION 003bbb40 _ZN9Character12__SaveQuestsEP11IFileStreamPv); function body/direct calls,partial,"IDA PackQuests always writes the vector count and three progress words, including when count is zero (pseudocode-all.c:L257040-257055). Port has no QEST writer, so empty-output behavior is absent: port/game-data/quest_savegame_v1.hpp:54-67 and cpp:L17-60.",not_run,"Compare the named mutation/transition to the cited original; record source line(s) and focused before/after evidence (test, trace, or runtime capture).",P2,unassigned
CS-0135,Quests,quest serialization,libDungeonHunter2.so,0x003BBB40,_ZN9Character12__SaveQuestsEP11IFileStreamPv,port/game-data/quest_savegame_v1.cpp; port/game-data/player_save_quest_sync_v3.cpp,Verify writer failure propagates to caller.,libDungeonHunter2.so pseudocode-all.c:L136672 (FUNCTION 003bbb40 _ZN9Character12__SaveQuestsEP11IFileStreamPv); function body/direct calls,partial,"IDA QuestSavegame::SaveQuests/PackQuests return the last stream write result (pseudocode-all.c:L257040-257064), while the scoped port has no save API to propagate stream status: port/game-data/quest_savegame_v1.hpp:54-67; cpp:L17-60.",not_run,"Compare the named mutation/transition to the cited original; record source line(s) and focused before/after evidence (test, trace, or runtime capture).",P2,unassigned
CS-0136,Quests,quest deserialization,libDungeonHunter2.so,0x003BBB44,_ZN9Character12__LoadQuestsEP11IStreamBasePv,port/game-data/quest_savegame_v1.cpp; port/game-data/player_save_quest_sync_v3.cpp,Verify loader rebuilds records in stream order.,libDungeonHunter2.so pseudocode-all.c:L136679 (FUNCTION 003bbb44 _ZN9Character12__LoadQuestsEP11IStreamBasePv); function body/direct calls,implemented,"IDA LoadQuests loops difficulties 0..2 in order and UnpackQuests loads each indexed Quest record in order (pseudocode-all.c:L256972-257011). Port does the same ordered loops and calls load_quest for each source index: port/game-data/quest_savegame_v1.cpp:17-42,44-53.",not_run,"Compare the named mutation/transition to the cited original; record source line(s) and focused before/after evidence (test, trace, or runtime capture).",P2,unassigned
CS-0137,Quests,quest deserialization,libDungeonHunter2.so,0x003BBB44,_ZN9Character12__LoadQuestsEP11IStreamBasePv,port/game-data/quest_savegame_v1.cpp; port/game-data/player_save_quest_sync_v3.cpp,"Compare truncated QEST behavior at each read boundary, including whether source read failure continues or preserves only the reached prefix; do not treat the port's bounded error as proven source behavior.",libDungeonHunter2.so pseudocode-all.c:L136679 (FUNCTION 003bbb44 _ZN9Character12__LoadQuestsEP11IStreamBasePv); function body/direct calls,partial,"IDA reads through IStreamBase::readAs and may continue after failed reads according to stream semantics (pseudocode-all.c:L256930-256970,L256972-257011). Port returns false at the first truncated bounded read and retains reached writes: port/game-data/quest_savegame_v1.cpp:7-9,21-42. Exact source error/continuation semantics are not established as equivalent.",not_run,"Compare the named mutation/transition to the cited original; record source line(s) and focused before/after evidence (test, trace, or runtime capture).",P2,unassigned
CS-0138,Quests,quest deserialization,libDungeonHunter2.so,0x003BBB44,_ZN9Character12__LoadQuestsEP11IStreamBasePv,port/game-data/quest_savegame_v1.cpp; port/game-data/player_save_quest_sync_v3.cpp,"Verify current and primary references are restored as raw per-difficulty IDs, then test any separate getter/selection resolution against the loaded quest collection.",libDungeonHunter2.so pseudocode-all.c:L136679 (FUNCTION 003bbb44 _ZN9Character12__LoadQuestsEP11IStreamBasePv); function body/direct calls,partial,"Port restores raw current/primary IDs but does not resolve them against loaded quest IDs; port/game-data/quest_savegame_v1.cpp:37-42 and quest_savegame_v1.hpp:4-6. IDA UnpackQuests reads these integer fields after ordered Quest data (pseudocode-all.c:L256981-256995); validation occurs in other quest methods, not this read loop.",not_run,"Compare the named mutation/transition to the cited original; record source line(s) and focused before/after evidence (test, trace, or runtime capture).",P2,unassigned
CS-0139,Quests,quest deserialization,libDungeonHunter2.so,0x003BBB44,_ZN9Character12__LoadQuestsEP11IStreamBasePv,port/game-data/quest_savegame_v1.cpp; port/game-data/player_save_quest_sync_v3.cpp,Verify repeated QEST loads update the existing authored Quest objects and overwrite progress words in read order; do not claim the loader replaces the quest collection.,libDungeonHunter2.so pseudocode-all.c:L136679 (FUNCTION 003bbb44 _ZN9Character12__LoadQuestsEP11IStreamBasePv); function body/direct calls,partial,"IDA UnpackQuest calls Quest::_loadQuestData on existing Quest objects after reading each index; it does not rebuild Quest identities in this routine (pseudocode-all.c:L256930-256970). Port attaches externally owned identities and invokes load_quest in place: port/game-data/quest_savegame_v1.cpp:12-15,24-35; repeated-load merge/replace semantics remain unproven.",not_run,"Compare the named mutation/transition to the cited original; record source line(s) and focused before/after evidence (test, trace, or runtime capture).",P2,unassigned
CS-0140,Quests,quest deserialization,libDungeonHunter2.so,0x003BBB44,_ZN9Character12__LoadQuestsEP11IStreamBasePv,port/game-data/quest_savegame_v1.cpp; port/game-data/player_save_quest_sync_v3.cpp,"Verify the post-regular-load virtual callback and volatile-load ordering; sync scheduling is a separate caller edge, not a behavior of QuestSavegame::LoadQuests itself.",libDungeonHunter2.so pseudocode-all.c:L136679 (FUNCTION 003bbb44 _ZN9Character12__LoadQuestsEP11IStreamBasePv); function body/direct calls,disconnected,"IDA PlayerSavegame::__LoadQuests loads regular, invokes a virtual callback with the returned value, then loads volatile quests (pseudocode-all.c:L254666-254673). Port load_player_quests simply loads regular then volatile and has no sync scheduling callback: port/game-data/quest_savegame_v1.cpp:55-60.",not_run,"Compare the named mutation/transition to the cited original; record source line(s) and focused before/after evidence (test, trace, or runtime capture).",P2,unassigned
CS-0141,Checkpoints,checkpoint save,libDungeonHunter2.so,0x003BC494,_ZN9Character17SG_SaveCheckpointEv,port/level-world/checkpoint_save_runtime_v83.cpp; port/level-world/canonical_checkpoint_zone_v26.cpp,"Verify SG_SaveCheckpoint selects checkpoint filename/mode, writes the save, and restores the normal filename; checkpoint position capture occurs in the separate zone collision path.",libDungeonHunter2.so pseudocode-all.c:L137249 (FUNCTION 003bc494 _ZN9Character17SG_SaveCheckpointEv); function body/direct calls,partial,"IDA Character::SG_SaveCheckpoint 003bc494 is only a null-Save guard/delegation to PlayerSavegame::SG_SaveCheckpoint 00466184, which changes checkpoint filename/mode and calls saveAll; it does not capture zone/character checkpoint fields (pseudocode-all.c:L137249-137257,L252458-252508). Port's player save path does filename/mode/save sequencing: port/level-world/checkpoint_save_runtime_v83.cpp:6-23.",not_run,"Compare the named mutation/transition to the cited original; record source line(s) and focused before/after evidence (test, trace, or runtime capture).",P1,unassigned
CS-0142,Checkpoints,checkpoint save,libDungeonHunter2.so,0x003BC494,_ZN9Character17SG_SaveCheckpointEv,port/level-world/checkpoint_save_runtime_v83.cpp; port/level-world/canonical_checkpoint_zone_v26.cpp,Verify the checkpoint collision path copies the current zone position into Character checkpoint fields before invoking SG_SaveCheckpoint; this save routine does not snapshot spawn identity.,libDungeonHunter2.so pseudocode-all.c:L137249 (FUNCTION 003bc494 _ZN9Character17SG_SaveCheckpointEv); function body/direct calls,partial,IDA 00466184 reads source profile/online state and saves the checkpoint file; the separate checkpoint zone collision saves character checkpoint/save-position vectors before invoking Character.SG_SaveCheckpoint (pseudocode-all.c:L252471-252505; port path analog at port/level-world/zone_collision_runtime_v83.cpp:50-57). No spawn identity is captured by SG_SaveCheckpoint.,not_run,"Compare the named mutation/transition to the cited original; record source line(s) and focused before/after evidence (test, trace, or runtime capture).",P1,unassigned
CS-0143,Checkpoints,checkpoint save,libDungeonHunter2.so,0x003BC494,_ZN9Character17SG_SaveCheckpointEv,port/level-world/checkpoint_save_runtime_v83.cpp; port/level-world/canonical_checkpoint_zone_v26.cpp,Verify repeated SG_SaveCheckpoint calls re-run the guarded save sequence; equality gating belongs to the checkpoint collision caller.,libDungeonHunter2.so pseudocode-all.c:L137249 (FUNCTION 003bc494 _ZN9Character17SG_SaveCheckpointEv); function body/direct calls,partial,IDA 00466184 has no same-checkpoint equality/idempotency guard; when its Save/profile guard passes it performs the checkpoint save sequence on each call (pseudocode-all.c:L252471-252507). Port repeats that sequence in player_save_checkpoint_v83: port/level-world/checkpoint_save_runtime_v83.cpp:6-23.,not_run,"Compare the named mutation/transition to the cited original; record source line(s) and focused before/after evidence (test, trace, or runtime capture).",P1,unassigned
CS-0144,Checkpoints,checkpoint save,libDungeonHunter2.so,0x003BC494,_ZN9Character17SG_SaveCheckpointEv,port/level-world/checkpoint_save_runtime_v83.cpp; port/level-world/canonical_checkpoint_zone_v26.cpp,Verify failure retains last valid checkpoint.,libDungeonHunter2.so pseudocode-all.c:L137249 (FUNCTION 003bc494 _ZN9Character17SG_SaveCheckpointEv); function body/direct calls,implemented,"IDA 00466184 changes filename/mode, calls saveAll, then restores ordinary filename; it has no rollback of earlier stores on failure (pseudocode-all.c:L252480-252506). Port explicitly retains filename/mode/source jobs on failures: port/level-world/checkpoint_save_runtime_v83.cpp:18-23.",not_run,"Compare the named mutation/transition to the cited original; record source line(s) and focused before/after evidence (test, trace, or runtime capture).",P1,unassigned
CS-0145,Checkpoints,checkpoint save,libDungeonHunter2.so,0x003BC494,_ZN9Character17SG_SaveCheckpointEv,port/level-world/checkpoint_save_runtime_v83.cpp; port/level-world/canonical_checkpoint_zone_v26.cpp,Verify CheckpointZone collision-begin invokes the save only for the local player when position differs from the saved checkpoint; cite CheckpointZone collision code rather than SG_SaveCheckpoint wrapper.,libDungeonHunter2.so pseudocode-all.c:L137249 (FUNCTION 003bc494 _ZN9Character17SG_SaveCheckpointEv); function body/direct calls,partial,"The IDA row function 003bc494 is a wrapper around the save operation, not the collision trigger. Port has collision save gating in zone_collision_runtime_v83.cpp:59-78, while CanonicalCheckpointZone delegates collision_begin to required service: port/level-world/canonical_checkpoint_zone_v26.cpp:28-31. Trigger connection remains service-bound.",not_run,"Compare the named mutation/transition to the cited original; record source line(s) and focused before/after evidence (test, trace, or runtime capture).",P1,unassigned
CS-0146,Checkpoints,checkpoint restore,libDungeonHunter2.so,0x003BC4BC,_ZN9Character17SG_LoadCheckpointEi,port/level-world/checkpoint_save_runtime_v83.cpp; port/level-world/canonical_character_spawn_select_v87.cpp,"Verify SG_LoadCheckpoint selects the checkpoint filename, invalidates cached file, loads the requested checkpoint, then restores the normal save filename before spawn selection.",libDungeonHunter2.so pseudocode-all.c:L137271 (FUNCTION 003bc4bc _ZN9Character17SG_LoadCheckpointEi); function body/direct calls,missing,"IDA Character::SG_LoadCheckpoint 003bc4bc delegates to PlayerSavegame::SG_LoadCheckpoint 00465450, which selects checkpoint filename, clears cache, loads, and restores ordinary filename (pseudocode-all.c:L137271-137279,L251691-251740). Scoped port checkpoint runtime implements save only: port/level-world/checkpoint_save_runtime_v83.cpp:6-35; spawn selector only selects FSM/timer state: canonical_character_spawn_select_v87.cpp:4-38.",not_run,"Compare the named mutation/transition to the cited original; record source line(s) and focused before/after evidence (test, trace, or runtime capture).",P1,unassigned
CS-0147,Checkpoints,checkpoint restore,libDungeonHunter2.so,0x003BC4BC,_ZN9Character17SG_LoadCheckpointEi,port/level-world/checkpoint_save_runtime_v83.cpp; port/level-world/canonical_character_spawn_select_v87.cpp,Verify the checkpoint load path's filename/cache/load/restore sequence for the supplied index; the original function shows no ID availability fallback.,libDungeonHunter2.so pseudocode-all.c:L137271 (FUNCTION 003bc4bc _ZN9Character17SG_LoadCheckpointEi); function body/direct calls,missing,IDA 00465450 receives the supplied index and forwards it to SG_Load while switching checkpoint filename; there is no unavailable-ID fallback branch in the recovered function (pseudocode-all.c:L251704-251740). Port has no corresponding checkpoint load routine in checkpoint_save_runtime_v83.cpp:6-35; canonical_character_spawn_select_v87.cpp:4-38 is unrelated.,not_run,"Compare the named mutation/transition to the cited original; record source line(s) and focused before/after evidence (test, trace, or runtime capture).",P1,unassigned
CS-0148,Checkpoints,checkpoint restore,libDungeonHunter2.so,0x003BC4BC,_ZN9Character17SG_LoadCheckpointEi,port/level-world/checkpoint_save_runtime_v83.cpp; port/level-world/canonical_character_spawn_select_v87.cpp,Check the wrapper guard and unchanged-mask forwarding; audit restore behavior in PlayerSavegame::SG_LoadCheckpoint separately.,libDungeonHunter2.so pseudocode-all.c:L137271 (FUNCTION 003bc4bc _ZN9Character17SG_LoadCheckpointEi); function body/direct calls,partial,IDA pseudocode-all.c:137271 (003bc4bc) only null-checks Character+0x14e8 and forwards SG_LoadCheckpoint(mask). port/level-world/checkpoint_save_runtime_v83.cpp:6-23 implements checkpoint saving; no restore dispatch is present in the mapped source paths.,not_run,"Compare the named mutation/transition to the cited original; record source line(s) and focused before/after evidence (test, trace, or runtime capture).",P1,unassigned
CS-0149,Checkpoints,checkpoint restore,libDungeonHunter2.so,0x003BC4BC; 0x00465450,_ZN9Character17SG_LoadCheckpointEi,port/level-world/checkpoint_save_runtime_v83.cpp; port/level-world/canonical_character_spawn_select_v87.cpp; port/game-data/player_save_load_owner_v1.cpp; port/level-world/player_save_identity_authority_v29.cpp; port/level-world/campaign_save_profile_v45.cpp,"Verify Character checkpoint-load preserves the NULL-Save guard and original mask, and its PlayerSavegame delegate reloads the checkpoint file on the existing profile, performs SG_Load(mask), then restores the ordinary filename; NULL profile delegates directly to ordinary SG_Load.",Second review pseudocode references: pseudocode-all.c:137271; pseudocode-all.c:251691,missing,"IDA libDungeonHunter2.so pseudocode-all.c:137271 (Character::SG_LoadCheckpoint, 0x003BC4BC) forwards SAME Character+0x14e8 and unchanged mask only when Save is nonnull. The actual delegate at pseudocode-all.c:251691 (PlayerSavegame::SG_LoadCheckpoint, 0x00465450) has a distinct checkpoint restore protocol: NULL profile falls through to SG_Load(mask); positive profile computes checkpoint filename using online/hosting/PM+0x719, overwrites profile filename, calls Savegame::_cacheFile, invokes SG_Load(mask), then restores the ordinary filename. No equivalent checkpoint-load entry or 0x465450/0x3bc4bc dispatch was found in current port *.cpp/*.hpp/*.inc outside reports/tests. port/game-data/player_save_load_owner_v1.cpp:89-94 implements only ordinary load_fields/load_volatile; port/level-world/player_save_identity_authority_v29.cpp:39-40 forwards ordinary load; port/level-world/checkpoint_save_runtime_v83.cpp:6 implements checkpoint SAVE, not this restore protocol. port/level-world/campaign_save_profile_v45.cpp:47-50 can change the path but has no cache reload operation; construct at :6-17 cannot replay. Thus ordinary loading and checkpoint saving do not implement checkpoint restore.",not_run,"Compare the named mutation/transition to the cited original; record source line(s) and focused before/after evidence (test, trace, or runtime capture).",P1,unassigned
CS-0150,Checkpoints,checkpoint restore,libDungeonHunter2.so,0x003BC4BC,_ZN9Character17SG_LoadCheckpointEi,port/level-world/checkpoint_save_runtime_v83.cpp; port/level-world/canonical_character_spawn_select_v87.cpp,Verify wrapper forwarding and compare death/revive caller routing.,libDungeonHunter2.so pseudocode-all.c:L137271 (FUNCTION 003bc4bc _ZN9Character17SG_LoadCheckpointEi); function body/direct calls,partial,IDA pseudocode-all.c:137271 forwards restore only when Character+0x14e8 is non-null. port/level-world/checkpoint_save_runtime_v83.cpp:6-23 covers save only; scoped search found no corresponding checkpoint-load dispatch in mapped files.,not_run,"Compare the named mutation/transition to the cited original; record source line(s) and focused before/after evidence (test, trace, or runtime capture).",P1,unassigned
CS-0151,Save / load,character save entry,libDungeonHunter2.so,0x003BC4A8,_ZN9Character7SG_SaveEv,port/level-world/canonical_character_save_v86.cpp; port/game-data/player_save_write_owner_v1.cpp,Verify guarded forwarding here; section order belongs to PlayerSavegame::SG_Save/save_all.,libDungeonHunter2.so pseudocode-all.c:L137260 (FUNCTION 003bc4a8 _ZN9Character7SG_SaveEv); function body/direct calls,partial,IDA pseudocode-all.c:137260 (003bc4a8) is only a null-guarded Character→PlayerSavegame::SG_Save forwarder. port/level-world/player_save_identity_authority_v29.cpp:36-40 connects save to PlayerSaveWriteOwnerV1; port/game-data/player_save_write_owner_v1.cpp:25-56 dispatches save_all through services.,not_run,"Compare the named mutation/transition to the cited original; record source line(s) and focused before/after evidence (test, trace, or runtime capture).",P1,unassigned
CS-0152,Save / load,character save entry,libDungeonHunter2.so,0x003BC4A8,_ZN9Character7SG_SaveEv,port/level-world/canonical_character_save_v86.cpp; port/game-data/player_save_write_owner_v1.cpp,Verify same Save receiver; trace snapshot timing in delegated save implementation.,libDungeonHunter2.so pseudocode-all.c:L137260 (FUNCTION 003bc4a8 _ZN9Character7SG_SaveEv); function body/direct calls,partial,IDA pseudocode-all.c:137260 contains no snapshot logic; it forwards the same Save pointer. port/level-world/player_save_identity_authority_v29.cpp:8-18 binds authority to the same character; port/game-data/player_save_write_owner_v1.cpp:25-56 delegates writing.,not_run,"Compare the named mutation/transition to the cited original; record source line(s) and focused before/after evidence (test, trace, or runtime capture).",P1,unassigned
CS-0153,Save / load,character save entry,libDungeonHunter2.so,0x003BC4A8; 0x00464B2C,_ZN9Character7SG_SaveEv,port/level-world/canonical_character_save_v86.cpp; port/game-data/player_save_write_owner_v1.cpp; port/level-world/canonical_character_candidate_v60.cpp; port/level-world/player_save_identity_authority_v29.cpp; port/level-world/campaign_save_profile_v45.cpp; port/level-world/character_menu_campaign_save_v50.cpp,"Verify an existing Character Save is the same retained PlayerSavegame used by SG_Save, and each save callback receives that Save, its load authority, and its actual profile without substituting another receiver.",Second review pseudocode references: pseudocode-all.c:137260; pseudocode-all.c:251342,implemented,"Resolved the receiver/context question at the actual delegate and concrete binders rather than the forwarding wrapper alone. IDA libDungeonHunter2.so pseudocode-all.c:137260 (Character::SG_Save, 0x003BC4A8) forwards Character+0x14e8; pseudocode-all.c:251342 (PlayerSavegame::SG_Save, 0x00464B2C) operates on that same Save and Save+8 profile, with profile/disabled guards before callbacks. port/level-world/canonical_character_candidate_v60.cpp:230-233 stores the new Save into actual Character14e8 then constructs load authority from the same shared Save; :205-207 invokes PlayerSaveWriteOwnerV1 on that retained load authority. port/level-world/player_save_identity_authority_v29.cpp:11-15 binds exact save/character and :42-43 preserves it during save. port/game-data/player_save_write_owner_v1.cpp:12 creates every callback request with authority.get(), &authority->save(), and authority->profile(); :30-35 guards absent profile/disabled Save. port/level-world/campaign_save_profile_v45.cpp:64-70 captures the actual profile and checks request Save/profile identity, while port/level-world/character_menu_campaign_save_v50.cpp:61-69 checks exact authority and Save before delivery. Those bindings establish the requested receiver and callback-context identity statically; complete online provider coverage and general NULL-Character-save wrapper behavior are separate checks, not inferred here.",not_run,"Compare the named mutation/transition to the cited original; record source line(s) and focused before/after evidence (test, trace, or runtime capture).",P1,unassigned
CS-0154,Save / load,character save entry,libDungeonHunter2.so,0x003BC4A8,_ZN9Character7SG_SaveEv,port/level-world/canonical_character_save_v86.cpp; port/game-data/player_save_write_owner_v1.cpp; port/android-native/app/src/main/cpp/source_campaign_release_v88.cpp; port/level-world/character_menu_mutations_v4.cpp,"When Character+0x14e8 is NULL, SG_Save performs no writer call; otherwise forward the same retained Save receiver to PlayerSavegame::SG_Save. Assess job completion and persistence in their own checks; the wrapper establishes no timestamp/dirty completion contract.",Second review pseudocode references: pseudocode/003b/003bc4a8.c:5-8; pseudocode-all.c:137260; pseudocode/003e/003efa54.c:17-20,implemented,"Scope correction resolves the uncertainty. IDA libDungeonHunter2.so pseudocode/003b/003bc4a8.c:5-8 (Character::SG_Save, 0x003BC4A8; pseudocode-all.c:137260) only reads Character+0x14e8, returns on NULL, and forwards the same PlayerSavegame receiver to SG_Save. port/android-native/app/src/main/cpp/source_campaign_release_v88.cpp:105-123 performs that NULL14e8 guard and validates the same live Save/load authority before PlayerSaveWriteOwnerV1::save; port/level-world/character_menu_mutations_v4.cpp:69-78 routes positive same-Save menu calls to the writer. port/game-data/player_save_write_owner_v1.cpp:25-56 implements the target save orchestration. The old timestamp/dirty-completion requirement is not established by this wrapper: IDA pseudocode/003e/003efa54.c:17-20 (Level::SG_SavePlayer) stamps the date before SG_Save, mirrored by source_campaign_release_v88.cpp:112-123. This verdict covers wrapper guard/receiver forwarding only, not asynchronous persistence or all writer-service branches. Static evidence only; runtime not run.",not_run,"Compare the named mutation/transition to the cited original; record source line(s) and focused before/after evidence (test, trace, or runtime capture).",P1,unassigned
CS-0155,Save / load,character save entry,libDungeonHunter2.so,0x003BC4A8,_ZN9Character7SG_SaveEv,port/level-world/canonical_character_save_v86.cpp; port/game-data/player_save_write_owner_v1.cpp,Check failure atomicity in delegated Savegame file/job layer; the Character wrapper only forwards.,libDungeonHunter2.so pseudocode-all.c:L137260 (FUNCTION 003bc4a8 _ZN9Character7SG_SaveEv); function body/direct calls,partial,IDA pseudocode-all.c:137260 only forwards. port/level-world/campaign_save_profile_v45.cpp:36-50 updates cached frame then queues a write; this does not establish durable-profile preservation on failure.,not_run,"Compare the named mutation/transition to the cited original; record source line(s) and focused before/after evidence (test, trace, or runtime capture).",P1,unassigned
CS-0156,Save / load,character load entry,libDungeonHunter2.so,0x003BC4D0,_ZN9Character7SG_LoadEi,port/level-world/canonical_character_save_v86.cpp; port/game-data/player_save_load_owner_v1.cpp,Check wrapper forwarding here; verify registration-before-consumption in PlayerSavegame::SG_Load.,libDungeonHunter2.so pseudocode-all.c:L137282 (FUNCTION 003bc4d0 _ZN9Character7SG_LoadEi); function body/direct calls,partial,"IDA pseudocode-all.c:137282 (003bc4d0) only forwards unchanged mask to PlayerSavegame::SG_Load when +0x14e8 is non-null. port/game-data/player_save_load_owner_v1.cpp:34-94 issues section services, but does not prove all registrations precede byte consumption.",not_run,"Compare the named mutation/transition to the cited original; record source line(s) and focused before/after evidence (test, trace, or runtime capture).",P1,unassigned
CS-0157,Save / load,character load entry,libDungeonHunter2.so,0x003BC4D0,_ZN9Character7SG_LoadEi,port/level-world/canonical_character_save_v86.cpp; port/game-data/player_save_load_owner_v1.cpp,Check mask forwarding here; compare persistent/equipment/skill order in delegated SG_Load.,libDungeonHunter2.so pseudocode-all.c:L137282 (FUNCTION 003bc4d0 _ZN9Character7SG_LoadEi); function body/direct calls,partial,"IDA pseudocode-all.c:137282 gives no restore order beyond forwarding. port/game-data/player_save_load_owner_v1.cpp:44-83 orders mask-selected metadata/level/skill/quest service calls, but not equipment initialization from this wrapper.",not_run,"Compare the named mutation/transition to the cited original; record source line(s) and focused before/after evidence (test, trace, or runtime capture).",P1,unassigned
CS-0158,Save / load,character load entry,libDungeonHunter2.so,0x003BC4D0,_ZN9Character7SG_LoadEi,port/level-world/canonical_character_save_v86.cpp; port/game-data/player_save_load_owner_v1.cpp,Verify fallback/status in delegated SG_Load/profile construction; wrapper only forwards.,libDungeonHunter2.so pseudocode-all.c:L137282 (FUNCTION 003bc4d0 _ZN9Character7SG_LoadEi); function body/direct calls,partial,IDA pseudocode-all.c:137282 has no missing/corrupt policy. port/game-data/player_save_load_owner_v1.cpp:36-43 creates an absent profile; port/level-world/campaign_save_profile_v45.cpp:13-20 tries primary then .bak and permits empty when both invalid.,not_run,"Compare the named mutation/transition to the cited original; record source line(s) and focused before/after evidence (test, trace, or runtime capture).",P1,unassigned
CS-0159,Save / load,character load entry,libDungeonHunter2.so,0x003BC4D0,_ZN9Character7SG_LoadEi,port/level-world/canonical_character_save_v86.cpp; port/game-data/player_save_load_owner_v1.cpp,Verify callback context binds selected profile.,libDungeonHunter2.so pseudocode-all.c:L137282 (FUNCTION 003bc4d0 _ZN9Character7SG_LoadEi); function body/direct calls,implemented,IDA pseudocode-all.c:137282 forwards same Save pointer and mask. port/level-world/player_save_identity_authority_v29.cpp:8-18 binds Save to character; lines 28-30 verify receiver before load dispatch.,not_run,"Compare the named mutation/transition to the cited original; record source line(s) and focused before/after evidence (test, trace, or runtime capture).",P1,unassigned
CS-0160,Save / load,character load entry,libDungeonHunter2.so,0x003BC4D0; 0x00465430,_ZN9Character7SG_LoadEi,port/level-world/canonical_character_save_v86.cpp; port/game-data/player_save_load_owner_v1.cpp; port/level-world/canonical_character_candidate_v60.cpp; port/level-world/character_profile_bootstrap_v59.cpp,Character::SG_Load must return without loading on NULL actual Save+0x14e8 and otherwise forward the same receiver and unchanged int mask to PlayerSavegame::SG_Load. Verify whether mask4 initialization adapters also expose the original general wrapper semantics; assess frame/section compatibility in separate reader checks.,Second review pseudocode references: pseudocode/003b/003bc4d0.c:5-8; pseudocode-all.c:137282; pseudocode/0046/00465430.c:3-4,partial,"IDA libDungeonHunter2.so pseudocode/003b/003bc4d0.c:5-8 (Character::SG_Load, 0x003BC4D0; pseudocode-all.c:137282) guards Character+0x14e8 and forwards any int mask unchanged; pseudocode/0046/00465430.c:3-4 forwards that same mask first to _Load then _LoadVolatileQuestsLog. port/level-world/canonical_character_candidate_v60.cpp:642-648 preserves the actual NULL14e8 guard, same-Save authority and mask forwarding for its ordinary dispatch; port/game-data/player_save_load_owner_v1.cpp:89-94 preserves negative bit patterns and load/volatile ordering. However canonical_character_candidate_v60.cpp:637-640 diverts mask==4 before that wrapper guard into equipment preparation, whose constructor/once-only requirements are at :410-427, and port/level-world/character_profile_bootstrap_v59.cpp:61-71 makes the resulting load4 attempt once-only. Thus the exposed source-entry dispatch has a special initialization-only mask4 path rather than the original generally guarded forwarding wrapper. This is a bounded wrapper equivalence gap; it does not demonstrate failed normal player initialization. Version/length compatibility is outside this cited wrapper and must be checked against frame/readers separately. Static evidence only; runtime not run.",not_run,"Compare the named mutation/transition to the cited original; record source line(s) and focused before/after evidence (test, trace, or runtime capture).",P1,unassigned
CS-0161,Inventory,add item instance,libDungeonHunter2.so,0x003FFD1C,_ZN13ItemInventory15AddItemInstanceEP12ItemInstancebb,port/game-data/item_inventory_v1.cpp; port/game-data/loot_inventory_transfer_v10.cpp,Verify insertion preserves identity/quantity/powers.,libDungeonHunter2.so pseudocode-all.c:L184886 (FUNCTION 003ffd1c _ZN13ItemInventory15AddItemInstanceEP12ItemInstancebb); function body/direct calls,implemented,"IDA pseudocode-all.c:184886 (003ffd1c) is a thunk to _AddItemInstance. port/game-data/fresh_inventory_owned_v4.cpp:58 implements item identity/quantity/powers insertion: owned unique_ptr moves or destroys; stack match uses id+power vectors, potion capacity/gold conversion are handled, fullness effects run, and inserted/merged index is returned. port/game-data/fresh_inventory_owned_v4.hpp:57-60 documents ownership.",not_run,"Compare the named mutation/transition to the cited original; record source line(s) and focused before/after evidence (test, trace, or runtime capture).",P2,unassigned
CS-0162,Inventory,add item instance,libDungeonHunter2.so,0x003FFD1C,_ZN13ItemInventory15AddItemInstanceEP12ItemInstancebb,port/game-data/item_inventory_v1.cpp; port/game-data/loot_inventory_transfer_v10.cpp,Verify flags select stack and notification behavior.,libDungeonHunter2.so pseudocode-all.c:L184886 (FUNCTION 003ffd1c _ZN13ItemInventory15AddItemInstanceEP12ItemInstancebb); function body/direct calls,implemented,"IDA pseudocode-all.c:184886 (003ffd1c) is a thunk to _AddItemInstance. port/game-data/fresh_inventory_owned_v4.cpp:58 implements force and convert-gold flags: owned unique_ptr moves or destroys; stack match uses id+power vectors, potion capacity/gold conversion are handled, fullness effects run, and inserted/merged index is returned. port/game-data/fresh_inventory_owned_v4.hpp:57-60 documents ownership.",not_run,"Compare the named mutation/transition to the cited original; record source line(s) and focused before/after evidence (test, trace, or runtime capture).",P2,unassigned
CS-0163,Inventory,add item instance,libDungeonHunter2.so,0x003FFD1C,_ZN13ItemInventory15AddItemInstanceEP12ItemInstancebb,port/game-data/item_inventory_v1.cpp; port/game-data/loot_inventory_transfer_v10.cpp,Verify capacity/duplicate policy matches original.,libDungeonHunter2.so pseudocode-all.c:L184886 (FUNCTION 003ffd1c _ZN13ItemInventory15AddItemInstanceEP12ItemInstancebb); function body/direct calls,implemented,"IDA pseudocode-all.c:184886 (003ffd1c) is a thunk to _AddItemInstance. port/game-data/fresh_inventory_owned_v4.cpp:58 implements capacity and duplicate policy: owned unique_ptr moves or destroys; stack match uses id+power vectors, potion capacity/gold conversion are handled, fullness effects run, and inserted/merged index is returned. port/game-data/fresh_inventory_owned_v4.hpp:57-60 documents ownership.",not_run,"Compare the named mutation/transition to the cited original; record source line(s) and focused before/after evidence (test, trace, or runtime capture).",P2,unassigned
CS-0164,Inventory,add item instance,libDungeonHunter2.so,0x003FFD1C,_ZN13ItemInventory15AddItemInstanceEP12ItemInstancebb,port/game-data/item_inventory_v1.cpp; port/game-data/loot_inventory_transfer_v10.cpp,Verify returned index identifies inserted or merged entry.,libDungeonHunter2.so pseudocode-all.c:L184886 (FUNCTION 003ffd1c _ZN13ItemInventory15AddItemInstanceEP12ItemInstancebb); function body/direct calls,implemented,"IDA pseudocode-all.c:184886 (003ffd1c) is a thunk to _AddItemInstance. port/game-data/fresh_inventory_owned_v4.cpp:58 implements inserted/merged result index: owned unique_ptr moves or destroys; stack match uses id+power vectors, potion capacity/gold conversion are handled, fullness effects run, and inserted/merged index is returned. port/game-data/fresh_inventory_owned_v4.hpp:57-60 documents ownership.",not_run,"Compare the named mutation/transition to the cited original; record source line(s) and focused before/after evidence (test, trace, or runtime capture).",P2,unassigned
CS-0165,Inventory,add item instance,libDungeonHunter2.so,0x003FFD1C,_ZN13ItemInventory15AddItemInstanceEP12ItemInstancebb,port/game-data/item_inventory_v1.cpp; port/game-data/loot_inventory_transfer_v10.cpp,Verify world ownership transfers exactly once.,libDungeonHunter2.so pseudocode-all.c:L184886 (FUNCTION 003ffd1c _ZN13ItemInventory15AddItemInstanceEP12ItemInstancebb); function body/direct calls,implemented,"IDA pseudocode-all.c:184886 (003ffd1c) is a thunk to _AddItemInstance. port/game-data/fresh_inventory_owned_v4.cpp:58 implements single ownership transfer: owned unique_ptr moves or destroys; stack match uses id+power vectors, potion capacity/gold conversion are handled, fullness effects run, and inserted/merged index is returned. port/game-data/fresh_inventory_owned_v4.hpp:57-60 documents ownership.",not_run,"Compare the named mutation/transition to the cited original; record source line(s) and focused before/after evidence (test, trace, or runtime capture).",P2,unassigned
CS-0166,Inventory,item transfer,libDungeonHunter2.so,0x003FF858,_ZN13ItemInventory14TransferItemToEjRS_ibb,port/game-data/item_inventory_v1.cpp; port/game-data/loot_inventory_transfer_v10.cpp,Verify success removes source and adds destination once.,libDungeonHunter2.so pseudocode-all.c:L184668 (FUNCTION 003ff858 _ZN13ItemInventory14TransferItemToEjRS_ibb); function body/direct calls,partial,"IDA pseudocode-all.c:184668 (003ff858) traces quantity checks, unequip slots, recipient _AddItemInstance and source erase; partial quantity uses ItemInstance::Split. The port coordinator at port/engine-ui/character_menu_inventory_mutation_v1.cpp:74-99 splits/unequips/adds, then erases only consumed source slot; failures can leave reached prefixes.",not_run,"Compare the named mutation/transition to the cited original; record source line(s) and focused before/after evidence (test, trace, or runtime capture).",P2,unassigned
CS-0167,Inventory,item transfer,libDungeonHunter2.so,0x003FF858,_ZN13ItemInventory14TransferItemToEjRS_ibb,port/game-data/item_inventory_v1.cpp; port/game-data/loot_inventory_transfer_v10.cpp,Verify flags preserve/reset equipped state as original.,libDungeonHunter2.so pseudocode-all.c:L184668 (FUNCTION 003ff858 _ZN13ItemInventory14TransferItemToEjRS_ibb); function body/direct calls,partial,"IDA pseudocode-all.c:184668 (003ff858) traces quantity checks, unequip slots, recipient _AddItemInstance and source erase; partial quantity uses ItemInstance::Split. The port coordinator at port/engine-ui/character_menu_inventory_mutation_v1.cpp:74-99 unequips both equipment sets before full transfer; partial stack splits preserve existing item slot state.",not_run,"Compare the named mutation/transition to the cited original; record source line(s) and focused before/after evidence (test, trace, or runtime capture).",P2,unassigned
CS-0168,Inventory,item transfer,libDungeonHunter2.so,0x003FF858,_ZN13ItemInventory14TransferItemToEjRS_ibb,port/game-data/item_inventory_v1.cpp; port/game-data/loot_inventory_transfer_v10.cpp,Limit this check to specific capacity-failure branches; do not require rollback for every error.,libDungeonHunter2.so pseudocode-all.c:L184668 (FUNCTION 003ff858 _ZN13ItemInventory14TransferItemToEjRS_ibb); function body/direct calls,partial,"IDA pseudocode-all.c:184668 (003ff858) traces quantity checks, unequip slots, recipient _AddItemInstance and source erase; partial quantity uses ItemInstance::Split. Port add at port/game-data/fresh_inventory_owned_v4.cpp:58 can mutate/destroy/append before a later required effect fails; source transfer also splits before recipient add. It does not transactionally restore prior source state.",not_run,"Compare the named mutation/transition to the cited original; record source line(s) and focused before/after evidence (test, trace, or runtime capture).",P2,unassigned
CS-0169,Inventory,item transfer,libDungeonHunter2.so,0x003FF858,_ZN13ItemInventory14TransferItemToEjRS_ibb,port/game-data/item_inventory_v1.cpp; port/game-data/loot_inventory_transfer_v10.cpp,Verify transfer uses instance identity not display ID.,libDungeonHunter2.so pseudocode-all.c:L184668 (FUNCTION 003ff858 _ZN13ItemInventory14TransferItemToEjRS_ibb); function body/direct calls,implemented,"IDA pseudocode-all.c:184668 (003ff858) traces quantity checks, unequip slots, recipient _AddItemInstance and source erase; partial quantity uses ItemInstance::Split. port/engine-ui/character_menu_inventory_mutation_v1.cpp:74-99 carries the actual ItemInstance pointer/unique ownership, not a display ID.",not_run,"Compare the named mutation/transition to the cited original; record source line(s) and focused before/after evidence (test, trace, or runtime capture).",P2,unassigned
CS-0170,Inventory,item transfer,libDungeonHunter2.so,0x003FF858,_ZN13ItemInventory14TransferItemToEjRS_ibb,port/game-data/item_inventory_v1.cpp; port/game-data/loot_inventory_transfer_v10.cpp,Verify resulting source/destination order matches original.,libDungeonHunter2.so pseudocode-all.c:L184668 (FUNCTION 003ff858 _ZN13ItemInventory14TransferItemToEjRS_ibb); function body/direct calls,partial,"IDA pseudocode-all.c:184668 (003ff858) traces quantity checks, unequip slots, recipient _AddItemInstance and source erase; partial quantity uses ItemInstance::Split. Source pseudocode at 184668 orders unequip(s), recipient _AddItemInstance, then source vector erase for full transfer; split path returns before erase. Port mutation coordinator at 74-99 mirrors these broad branches; destination merge/order is delegated to FreshInventoryOwnedV4::add_item (port/game-data/fresh_inventory_owned_v4.cpp:58).",not_run,"Compare the named mutation/transition to the cited original; record source line(s) and focused before/after evidence (test, trace, or runtime capture).",P2,unassigned
CS-0171,Inventory,potion quantity,libDungeonHunter2.so,0x003FFC40,_ZN13ItemInventory12SetPotionQtyEi,port/game-data/item_inventory_v1.cpp; port/engine-ui/character_menu_potions_v4.cpp,Verify setter changes potion quantity field not an extra stack.,libDungeonHunter2.so pseudocode-all.c:L184843 (FUNCTION 003ffc40 _ZN13ItemInventory12SetPotionQtyEi); function body/direct calls,partial,"IDA pseudocode-all.c:184843 (003ffc40) stores quantity on existing potion, removes it for zero, and constructs Potion0 then calls _AddItemInstance when absent. port/game-data/item_inventory_v1.cpp:62-79 implements broad branches but rejects negatives and has a local capacity-zero branch.",not_run,"Compare the named mutation/transition to the cited original; record source line(s) and focused before/after evidence (test, trace, or runtime capture).",P2,unassigned
CS-0172,Inventory,potion quantity,libDungeonHunter2.so,0x003FFC40,_ZN13ItemInventory12SetPotionQtyEi,port/game-data/item_inventory_v1.cpp; port/engine-ui/character_menu_potions_v4.cpp,Check zero-removal and source 16-bit narrowing; this function does not generally clamp negative inputs.,libDungeonHunter2.so pseudocode-all.c:L184843 (FUNCTION 003ffc40 _ZN13ItemInventory12SetPotionQtyEi); function body/direct calls,partial,"IDA pseudocode-all.c:184843 narrows input to int16; existing zero deletes, existing nonzero calls SetQty; absent potion is constructed with narrowed quantity and passed to _AddItemInstance. port/game-data/item_inventory_v1.cpp:62-79 rejects negatives instead of preserving low-16 narrowing.",not_run,"Compare the named mutation/transition to the cited original; record source line(s) and focused before/after evidence (test, trace, or runtime capture).",P2,unassigned
CS-0173,Inventory,potion quantity,libDungeonHunter2.so,0x003FFC40,_ZN13ItemInventory12SetPotionQtyEi,port/game-data/item_inventory_v1.cpp; port/engine-ui/character_menu_potions_v4.cpp,Verify capacity enforced at original stage.,libDungeonHunter2.so pseudocode-all.c:L184843 (FUNCTION 003ffc40 _ZN13ItemInventory12SetPotionQtyEi); function body/direct calls,partial,IDA pseudocode-all.c:184843 delegates absent potion insertion to _AddItemInstance. port/game-data/item_inventory_v1.cpp:62-79 handles cap-zero locally; port/game-data/fresh_inventory_owned_v4.cpp:58 applies capacity in add_item. Exact shared-path equivalence is not shown.,not_run,"Compare the named mutation/transition to the cited original; record source line(s) and focused before/after evidence (test, trace, or runtime capture).",P2,unassigned
CS-0174,Inventory,potion quantity,libDungeonHunter2.so,0x003FFC40,_ZN13ItemInventory12SetPotionQtyEi,port/game-data/item_inventory_v1.cpp; port/engine-ui/character_menu_potions_v4.cpp,Verify quantity persists across save/load.,libDungeonHunter2.so pseudocode-all.c:L184843 (FUNCTION 003ffc40 _ZN13ItemInventory12SetPotionQtyEi); function body/direct calls,partial,IDA pseudocode-all.c:184843 mutates live potion only; persistence is not in this function. port/game-data/item_inventory_v1.cpp:62-79 handles runtime field; save/load is handled by separate inventory serialization.,not_run,"Compare the named mutation/transition to the cited original; record source line(s) and focused before/after evidence (test, trace, or runtime capture).",P2,unassigned
CS-0175,Inventory,potion quantity,libDungeonHunter2.so,0x003FFC40,_ZN13ItemInventory12SetPotionQtyEi,port/game-data/item_inventory_v1.cpp; port/engine-ui/character_menu_potions_v4.cpp,Verify menu display reads committed quantity.,libDungeonHunter2.so pseudocode-all.c:L184843 (FUNCTION 003ffc40 _ZN13ItemInventory12SetPotionQtyEi); function body/direct calls,implemented,IDA pseudocode-all.c:184843 mutates live potion quantity. port/engine-ui/character_menu_potions_v4.cpp:11-30 queries same inventory and writes NumPotions/MaxNumPotions; port/android-native/app/src/main/cpp/native_character_menu_v4.inc:200 routes callbacks.,not_run,"Compare the named mutation/transition to the cited original; record source line(s) and focused before/after evidence (test, trace, or runtime capture).",P2,unassigned
CS-0176,Campaign/profile menu,selected profile character,libDungeonHunter2.so,0x0042C0D0,_ZN12MenuMainMenu24ChangeCharacterToDisplayEib,port/android-native/app/src/main/cpp/front_selected_profile_v50.cpp; port/android-native/app/src/main/cpp/native_main_menu_load_v114.inc,Verify Changing selected slot destroys the previous preview character before storing the new slot.,libDungeonHunter2.so pseudocode-all.c:L215126 (FUNCTION 0042c0d0 _ZN12MenuMainMenu24ChangeCharacterToDisplayEib); function body/direct calls,partial,"IDA pseudocode-all.c:215126 (0042c0d0) destroys old character if active, stores slot, calls SetupCharacter then CreateAvatarCamera. port/android-native/app/src/main/cpp/native_menu_preview_v121.cpp:161-171 has related select-hide path but does not explicitly clear character_ before new setup.",not_run,"Compare the named menu transition with the cited original; record source line(s) and focused before/after state evidence, including selected profile/scene/callback state as applicable.",P1,unassigned
CS-0177,Campaign/profile menu,selected profile character,libDungeonHunter2.so,0x0042C0D0,_ZN12MenuMainMenu24ChangeCharacterToDisplayEib,port/android-native/app/src/main/cpp/front_selected_profile_v50.cpp; port/android-native/app/src/main/cpp/native_main_menu_load_v114.inc,Verify Changing slot invokes character setup with the requested profile/character index.,libDungeonHunter2.so pseudocode-all.c:L215126 (FUNCTION 0042c0d0 _ZN12MenuMainMenu24ChangeCharacterToDisplayEib); function body/direct calls,partial,IDA pseudocode-all.c:215126 forwards second argument to SetupCharacter. port/android-native/app/src/main/cpp/native_menu_preview_v121.cpp:161-171 calls setup_character from slot-derived save state; original mode argument is not carried through this API.,not_run,"Compare the named menu transition with the cited original; record source line(s) and focused before/after state evidence, including selected profile/scene/callback state as applicable.",P1,unassigned
CS-0178,Campaign/profile menu,selected profile character,libDungeonHunter2.so,0x0042C0D0,_ZN12MenuMainMenu24ChangeCharacterToDisplayEib,port/android-native/app/src/main/cpp/front_selected_profile_v50.cpp; port/android-native/app/src/main/cpp/native_main_menu_load_v114.inc,Verify An unchanged selection with the original nonzero guard avoids redundant teardown/setup.,libDungeonHunter2.so pseudocode-all.c:L215126 (FUNCTION 0042c0d0 _ZN12MenuMainMenu24ChangeCharacterToDisplayEib); function body/direct calls,missing,IDA pseudocode-all.c:215126 skips when slot unchanged AND second argument is false. port/android-native/app/src/main/cpp/native_menu_preview_v121.cpp:161-171 has no equivalent selection/mode guard; select_hide always runs teardown/setup.,not_run,"Compare the named menu transition with the cited original; record source line(s) and focused before/after state evidence, including selected profile/scene/callback state as applicable.",P1,unassigned
CS-0179,Campaign/profile menu,selected profile character,libDungeonHunter2.so,0x0042C0D0,_ZN12MenuMainMenu24ChangeCharacterToDisplayEib,port/android-native/app/src/main/cpp/front_selected_profile_v50.cpp; port/android-native/app/src/main/cpp/native_main_menu_load_v114.inc,Verify Avatar camera creation occurs after character setup completes.,libDungeonHunter2.so pseudocode-all.c:L215126 (FUNCTION 0042c0d0 _ZN12MenuMainMenu24ChangeCharacterToDisplayEib); function body/direct calls,partial,IDA pseudocode-all.c:215126 order is SetupCharacter then CreateAvatarCamera. port/android-native/app/src/main/cpp/native_menu_preview_v121.cpp:161-171 creates camera before setup_scene/setup_character in select_hide.,not_run,"Compare the named menu transition with the cited original; record source line(s) and focused before/after state evidence, including selected profile/scene/callback state as applicable.",P1,unassigned
CS-0180,Campaign/profile menu,selected profile character,libDungeonHunter2.so,0x0042C0D0,_ZN12MenuMainMenu24ChangeCharacterToDisplayEib,port/android-native/app/src/main/cpp/front_selected_profile_v50.cpp; port/android-native/app/src/main/cpp/native_main_menu_load_v114.inc,Verify Changing selection when an earlier slot was active does not leave stale preview character ownership.,libDungeonHunter2.so pseudocode-all.c:L215126 (FUNCTION 0042c0d0 _ZN12MenuMainMenu24ChangeCharacterToDisplayEib); function body/direct calls,partial,IDA pseudocode-all.c:215126 calls DestroyCharacter before replacing active slot. port/android-native/app/src/main/cpp/native_menu_preview_v121.cpp:161-171 flushes objects/animation sets but does not explicitly reset character_ before setup.,not_run,"Compare the named menu transition with the cited original; record source line(s) and focused before/after state evidence, including selected profile/scene/callback state as applicable.",P1,unassigned
CS-0181,Campaign/profile menu,main menu profile preview loading,libDungeonHunter2.so,0x0042BD08,_ZN12MenuMainMenu14SetupCharacterEv,port/android-native/app/src/main/cpp/front_selected_profile_v50.cpp; port/engine-ui/character_menu_application_v4.cpp,Verify Preview setup requires a valid selected slot and character-plane scene node.,libDungeonHunter2.so pseudocode-all.c:L215002 (FUNCTION 0042bd08 _ZN12MenuMainMenu14SetupCharacterEv); function body/direct calls,implemented,IDA pseudocode-all.c:215002 guards on slot!=-1 and character-plane node. port/android-native/app/src/main/cpp/native_menu_preview_v121.cpp:106-113 checks both before save/player operations.,not_run,"Compare the named menu transition with the cited original; record source line(s) and focused before/after state evidence, including selected profile/scene/callback state as applicable.",P1,unassigned
CS-0182,Campaign/profile menu,main menu profile preview loading,libDungeonHunter2.so,0x0042BD08,_ZN12MenuMainMenu14SetupCharacterEv,port/android-native/app/src/main/cpp/front_selected_profile_v50.cpp; port/engine-ui/character_menu_application_v4.cpp,Verify Existing save triggers player creation followed by SG_Load with the original load mode.,libDungeonHunter2.so pseudocode-all.c:L215002 (FUNCTION 0042bd08 _ZN12MenuMainMenu14SetupCharacterEv); function body/direct calls,implemented,"IDA pseudocode-all.c:215002 calls SG_Exists, CreatePlayer, then SG_Load(4) for existing save. port/android-native/app/src/main/cpp/native_menu_preview_v121.cpp:116-127 does save_exists/create_player and sg_load(4) when exists.",not_run,"Compare the named menu transition with the cited original; record source line(s) and focused before/after state evidence, including selected profile/scene/callback state as applicable.",P1,unassigned
CS-0183,Campaign/profile menu,main menu profile preview loading,libDungeonHunter2.so,0x0042BD08,_ZN12MenuMainMenu14SetupCharacterEv,port/android-native/app/src/main/cpp/front_selected_profile_v50.cpp; port/engine-ui/character_menu_application_v4.cpp,Verify Missing save creates a new player using the original empty-profile path.,libDungeonHunter2.so pseudocode-all.c:L215002 (FUNCTION 0042bd08 _ZN12MenuMainMenu14SetupCharacterEv); function body/direct calls,implemented,"IDA pseudocode-all.c:215002 creates player on missing-save branch. port/android-native/app/src/main/cpp/native_menu_preview_v121.cpp:116-127 calls create_player(slot,!exists,...) and skips sg_load for fresh profile.",not_run,"Compare the named menu transition with the cited original; record source line(s) and focused before/after state evidence, including selected profile/scene/callback state as applicable.",P1,unassigned
CS-0184,Campaign/profile menu,main menu profile preview loading,libDungeonHunter2.so,0x0042BD08,_ZN12MenuMainMenu14SetupCharacterEv,port/android-native/app/src/main/cpp/front_selected_profile_v50.cpp; port/engine-ui/character_menu_application_v4.cpp,Verify Both branches set the active camera and apply the same preview transform/rotation.,libDungeonHunter2.so pseudocode-all.c:L215002 (FUNCTION 0042bd08 _ZN12MenuMainMenu14SetupCharacterEv); function body/direct calls,implemented,"IDA pseudocode-all.c:215002 activates camera, attaches visual, sets (0,-200,-20), source rotation 3.1416*-0.125, then visibility. port/android-native/app/src/main/cpp/native_menu_preview_v121.cpp:121-127 follows this order and constants.",not_run,"Compare the named menu transition with the cited original; record source line(s) and focused before/after state evidence, including selected profile/scene/callback state as applicable.",P1,unassigned
CS-0185,Campaign/profile menu,main menu profile preview loading,libDungeonHunter2.so,0x0042BD08,_ZN12MenuMainMenu14SetupCharacterEv,port/android-native/app/src/main/cpp/front_selected_profile_v50.cpp; port/engine-ui/character_menu_application_v4.cpp,Limit “untouched” to the initial slot/scene eligibility guard; assess subsequent failures by reached prefix.,libDungeonHunter2.so pseudocode-all.c:L215002 (FUNCTION 0042bd08 _ZN12MenuMainMenu14SetupCharacterEv); function body/direct calls,partial,IDA pseudocode-all.c:215002 returns before preview mutations when slot==-1 or character-plane node is null. port/android-native/app/src/main/cpp/native_menu_preview_v121.cpp:106-113 preserves initial guard; later provider failures can leave reached prefixes.,not_run,"Compare the named menu transition with the cited original; record source line(s) and focused before/after state evidence, including selected profile/scene/callback state as applicable.",P1,unassigned
CS-0186,Character menu,inventory pane show,libDungeonHunter2.so,0x00452B1C,_ZN20MenuCharMenu_InvMain4ShowEv,port/engine-ui/character_menu_application_v4.cpp; port/android-native/app/src/main/cpp/native_character_menu_v4.inc,Verify Inventory pane registers the avatarpane display callback with its own instance context.,libDungeonHunter2.so pseudocode-all.c:L239270 (FUNCTION 00452b1c _ZN20MenuCharMenu_InvMain4ShowEv); function body/direct calls,disconnected,"IDA pseudocode-all.c:239270 registers RenderCharacterPane with ""avatarpane"" and this context. Scoped review of port/engine-ui/character_menu_application_v4.cpp:16-37 and port/android-native/app/src/main/cpp/native_character_menu_v4.inc:160-205 found callback dispatch/generic movie setup but no per-pane registration.",not_run,"Compare the named menu transition with the cited original; record source line(s) and focused before/after state evidence, including selected profile/scene/callback state as applicable.",P1,unassigned
CS-0187,Character menu,inventory pane show,libDungeonHunter2.so,0x00452B1C,_ZN20MenuCharMenu_InvMain4ShowEv,port/engine-ui/character_menu_application_v4.cpp; port/android-native/app/src/main/cpp/native_character_menu_v4.inc,Verify Avatar camera is created after display callback registration.,libDungeonHunter2.so pseudocode-all.c:L239270 (FUNCTION 00452b1c _ZN20MenuCharMenu_InvMain4ShowEv); function body/direct calls,disconnected,"IDA pseudocode-all.c:239270 orders callback registration before CreateAvatarCamera. Mapped source paths do not implement MenuCharMenu_InvMain::Show; port/engine-ui/reports/character-inventory-preview-v4-handoff.md:1-18 describes rendering only, not pane camera lifecycle.",not_run,"Compare the named menu transition with the cited original; record source line(s) and focused before/after state evidence, including selected profile/scene/callback state as applicable.",P1,unassigned
CS-0188,Character menu,inventory pane show,libDungeonHunter2.so,0x00452B1C,_ZN20MenuCharMenu_InvMain4ShowEv,port/engine-ui/character_menu_application_v4.cpp; port/android-native/app/src/main/cpp/native_character_menu_v4.inc,Verify MenuBase::Show runs after pane camera setup.,libDungeonHunter2.so pseudocode-all.c:L239270 (FUNCTION 00452b1c _ZN20MenuCharMenu_InvMain4ShowEv); function body/direct calls,disconnected,IDA pseudocode-all.c:239270 calls MenuBase::Show after camera setup. No corresponding MenuBase::Show for MenuCharMenu_InvMain appears in port/engine-ui/character_menu_application_v4.cpp:16-37 or native_character_menu_v4.inc:160-205.,not_run,"Compare the named menu transition with the cited original; record source line(s) and focused before/after state evidence, including selected profile/scene/callback state as applicable.",P1,unassigned
CS-0189,Character menu,inventory pane show,libDungeonHunter2.so,0x00452B1C; 0x004528D0; 0x00753508,_ZN20MenuCharMenu_InvMain4ShowEv,port/engine-ui/character_menu_application_v4.cpp; port/android-native/app/src/main/cpp/native_character_menu_v4.inc; port/engine-ui/swf_movie.cpp; port/android-native/app/src/main/cpp/renderer_character_inventory_preview_v4.inc,"Verify repeated inventory-pane callback registration and preview rendering for the same retained movie/character overwrite or reuse the callback and do not accumulate avatar-camera objects, matching the original callback replacement and guarded camera allocation.",Second review pseudocode references: pseudocode/0045/00452b1c.c:5-12; pseudocode/0045/004528d0.c:14-16; pseudocode/0075/00753508.c:10-20,implemented,"Bounded duplicate-allocation check resolved by inspecting callees. IDA MenuCharMenu_InvMain::Show 0x452b1c (pseudocode/0045/00452b1c.c:5-12) re-registers avatarpane every time; CreateAvatarCamera 0x4528d0 (pseudocode/0045/004528d0.c:14-16) allocates only when static m_inventoryPaneCam is null. RenderFX::RegisterDisplayCallback 0x7a91d8 delegates to 0x7a7e80; gameswf::character::set_display_callback 0x753508 (pseudocode/0075/00753508.c:10-20) reuses the custom object and overwrites callback/context. Port native_character_menu_v4.inc:279 calls original_ui_session.cpp:1111-1114 to bind the actual inventory pane. port/engine-ui/swf_movie.cpp:478-483 reuses the existing hook for the same character and overwrites context/draw. port/android-native/app/src/main/cpp/renderer_character_inventory_preview_v4.inc:54-58 computes camera matrices locally, creating no persistent avatar camera on repeated draws. Therefore same-movie repeat registration/draw does not accumulate callback/camera objects. This does not establish full specialized Show/CreateAvatarCamera lifecycle parity or runtime behavior.",not_run,"Compare the named menu transition with the cited original; record source line(s) and focused before/after state evidence, including selected profile/scene/callback state as applicable.",P1,unassigned
CS-0190,Character menu,inventory pane show,libDungeonHunter2.so,0x00452B1C,_ZN20MenuCharMenu_InvMain4ShowEv,port/engine-ui/character_menu_application_v4.cpp; port/android-native/app/src/main/cpp/native_character_menu_v4.inc,Verify Callback and camera teardown correspond to the same inventory pane lifecycle.,libDungeonHunter2.so pseudocode-all.c:L239270 (FUNCTION 00452b1c _ZN20MenuCharMenu_InvMain4ShowEv); function body/direct calls,disconnected,IDA pseudocode-all.c:239270 Show has no teardown; separate IDA Hide/destructor own teardown. Mapped character-menu paths do not implement paired inventory-pane callback/camera teardown.,not_run,"Compare the named menu transition with the cited original; record source line(s) and focused before/after state evidence, including selected profile/scene/callback state as applicable.",P1,unassigned
CS-0191,Character menu,inventory detail pane show,libDungeonHunter2.so,0x00453014,_ZN23MenuCharMenu_InvDetails4ShowEv,port/engine-ui/character_menu_application_v4.cpp; port/android-native/app/src/main/cpp/native_character_menu_v4.inc,Verify Detail pane visibility gate prevents camera/callback work when the pane cannot show.,libDungeonHunter2.so pseudocode-all.c:L239444 (FUNCTION 00453014 _ZN23MenuCharMenu_InvDetails4ShowEv); function body/direct calls,disconnected,"IDA pseudocode-all.c:239444 gates all work on virtual +0x3c, then loads DebugSwitches/creates camera/registers callback/base Show. Mapped paths contain no detail-pane Show lifecycle.",not_run,"Compare the named menu transition with the cited original; record source line(s) and focused before/after state evidence, including selected profile/scene/callback state as applicable.",P1,unassigned
CS-0192,Character menu,inventory detail pane show,libDungeonHunter2.so,0x00453014,_ZN23MenuCharMenu_InvDetails4ShowEv,port/engine-ui/character_menu_application_v4.cpp; port/android-native/app/src/main/cpp/native_character_menu_v4.inc,Verify Tracing switch is loaded/read only on the visible path.,libDungeonHunter2.so pseudocode-all.c:L239444 (FUNCTION 00453014 _ZN23MenuCharMenu_InvDetails4ShowEv); function body/direct calls,disconnected,IDA pseudocode-all.c:239444 reads isTracingMenuCharMenu_InvDetails only on visible path. No matching switch read was found in port/engine-ui/character_menu_application_v4.cpp or native_character_menu_v4.inc.,not_run,"Compare the named menu transition with the cited original; record source line(s) and focused before/after state evidence, including selected profile/scene/callback state as applicable.",P1,unassigned
CS-0193,Character menu,inventory detail pane show,libDungeonHunter2.so,0x00453014,_ZN23MenuCharMenu_InvDetails4ShowEv,port/engine-ui/character_menu_application_v4.cpp; port/android-native/app/src/main/cpp/native_character_menu_v4.inc,Verify Avatar camera is created before the avatarpane callback is registered.,libDungeonHunter2.so pseudocode-all.c:L239444 (FUNCTION 00453014 _ZN23MenuCharMenu_InvDetails4ShowEv); function body/direct calls,disconnected,IDA pseudocode-all.c:239444 creates avatar camera before registering avatarpane. Mapped native character-menu paths do not implement detail-pane Show ordering.,not_run,"Compare the named menu transition with the cited original; record source line(s) and focused before/after state evidence, including selected profile/scene/callback state as applicable.",P1,unassigned
CS-0194,Character menu,inventory detail pane show,libDungeonHunter2.so,0x00453014,_ZN23MenuCharMenu_InvDetails4ShowEv,port/engine-ui/character_menu_application_v4.cpp; port/android-native/app/src/main/cpp/native_character_menu_v4.inc,Verify Detail pane registers the inventory avatar renderer with its own context.,libDungeonHunter2.so pseudocode-all.c:L239444 (FUNCTION 00453014 _ZN23MenuCharMenu_InvDetails4ShowEv); function body/direct calls,disconnected,IDA pseudocode-all.c:239444 registers RenderCharacterPane with this context. Mapped app bridge dispatches AS calls but does not register this native callback/context.,not_run,"Compare the named menu transition with the cited original; record source line(s) and focused before/after state evidence, including selected profile/scene/callback state as applicable.",P1,unassigned
CS-0195,Character menu,inventory detail pane show,libDungeonHunter2.so,0x00453014,_ZN23MenuCharMenu_InvDetails4ShowEv,port/engine-ui/character_menu_application_v4.cpp; port/android-native/app/src/main/cpp/native_character_menu_v4.inc,Verify MenuBase::Show executes after the conditional camera and callback setup.,libDungeonHunter2.so pseudocode-all.c:L239444 (FUNCTION 00453014 _ZN23MenuCharMenu_InvDetails4ShowEv); function body/direct calls,disconnected,IDA pseudocode-all.c:239444 conditionally performs camera/callback setup then MenuBase::Show. No equivalent detail-pane conditional show/base lifecycle appears in mapped source paths.,not_run,"Compare the named menu transition with the cited original; record source line(s) and focused before/after state evidence, including selected profile/scene/callback state as applicable.",P1,unassigned
CS-0196,Campaign menu,world map show and visited-room projection,libDungeonHunter2.so,0x00455138,_ZN16MenuCharMenu_Map4ShowEv,port/engine-ui/character_menu_application_v4.cpp; port/game-data/world_map_profile_table_v59.cpp,Verify World map renderer callback is registered before the menu base show call.,libDungeonHunter2.so pseudocode-all.c:L240910 (FUNCTION 00455138 _ZN16MenuCharMenu_Map4ShowEv); function body/direct calls,disconnected,IDA pseudocode-all.c:240910 registers RenderMap with this then MenuBase::Show and projects visited/unvisited rooms. port/game-data/world_map_profile_table_v59.cpp and mapped character-menu bridge do not register RenderFX callback or reproduce this Show order.,not_run,"Compare the named menu transition with the cited original; record source line(s) and focused before/after state evidence, including selected profile/scene/callback state as applicable.",P1,unassigned
CS-0197,Campaign menu,world map show and visited-room projection,libDungeonHunter2.so,0x00455138,_ZN16MenuCharMenu_Map4ShowEv,port/engine-ui/character_menu_application_v4.cpp; port/game-data/world_map_profile_table_v59.cpp,Verify Visited and unvisited room lists are cleared before rebuilding them.,libDungeonHunter2.so pseudocode-all.c:L240910 (FUNCTION 00455138 _ZN16MenuCharMenu_Map4ShowEv); function body/direct calls,missing,"IDA 0x455138 pseudocode-all.c:L240910 performs room-list reconstruction. Scoped search of the two cited files finds no MenuCharMenu_Map::Show or visited/unvisited room-list implementation; character_menu_application_v4.cpp contains only tutorial/native-call handlers (1-40), while world_map_profile_table_v59.cpp only decodes profile records (16-39).",not_run,"Compare the named menu transition with the cited original; record source line(s) and focused before/after state evidence, including selected profile/scene/callback state as applicable.",P1,unassigned
CS-0198,Campaign menu,world map show and visited-room projection,libDungeonHunter2.so,0x00455138,_ZN16MenuCharMenu_Map4ShowEv,port/engine-ui/character_menu_application_v4.cpp; port/game-data/world_map_profile_table_v59.cpp,Verify Each room is placed into exactly one visited/unvisited list based on HasBeenVisited.,libDungeonHunter2.so pseudocode-all.c:L240910 (FUNCTION 00455138 _ZN16MenuCharMenu_Map4ShowEv); function body/direct calls,missing,IDA 0x455138 pseudocode-all.c:L240910 classifies rooms by HasBeenVisited into visited/unvisited collections. No such projection/list operation appears in either cited source file (character_menu_application_v4.cpp:1-40; world_map_profile_table_v59.cpp:16-39).,not_run,"Compare the named menu transition with the cited original; record source line(s) and focused before/after state evidence, including selected profile/scene/callback state as applicable.",P1,unassigned
CS-0199,Campaign menu,world map show and visited-room projection,libDungeonHunter2.so,0x00455138,_ZN16MenuCharMenu_Map4ShowEv,port/engine-ui/character_menu_application_v4.cpp; port/game-data/world_map_profile_table_v59.cpp,Verify Room visibility/projection work is gated on a local player with the original map state.,libDungeonHunter2.so pseudocode-all.c:L240910 (FUNCTION 00455138 _ZN16MenuCharMenu_Map4ShowEv); function body/direct calls,missing,IDA 0x455138 pseudocode-all.c:L240910 guards room projection on local-player/map state. The cited port files expose no Show/map projection path or corresponding local-player guard (character_menu_application_v4.cpp:1-40; world_map_profile_table_v59.cpp:16-39).,not_run,"Compare the named menu transition with the cited original; record source line(s) and focused before/after state evidence, including selected profile/scene/callback state as applicable.",P1,unassigned
CS-0200,Campaign menu,world map show and visited-room projection,libDungeonHunter2.so,0x00455138,_ZN16MenuCharMenu_Map4ShowEv,port/engine-ui/character_menu_application_v4.cpp; port/game-data/world_map_profile_table_v59.cpp,Verify Room bounds and map projection are initialized after list reconstruction.,libDungeonHunter2.so pseudocode-all.c:L240910 (FUNCTION 00455138 _ZN16MenuCharMenu_Map4ShowEv); function body/direct calls,missing,IDA 0x455138 pseudocode-all.c:L240910 initializes map/room bounds after list rebuild. No map bounds/projection initialization is present in the cited menu handler or profile decoder (character_menu_application_v4.cpp:1-40; world_map_profile_table_v59.cpp:16-39).,not_run,"Compare the named menu transition with the cited original; record source line(s) and focused before/after state evidence, including selected profile/scene/callback state as applicable.",P1,unassigned
