ID,System,Subsystem,IDA library,IDA address,IDA function,Source path(s),Check / expected behavior,IDA evidence,Implementation status,Implementation evidence,Runtime status,Acceptance evidence,Priority,Owner/session
GC-0001,combat,damage intake / HP transition,libDungeonHunter2.so,0x3a8bc4,"Character::HitFor(unsigned int, GameObject *)",port/level-world/character_hit_v6.cpp; port/level-world/character_hit.cpp; port/android-native/app/src/main/cpp/renderer_npc_reactions_v2.inc,"Entry eligibility guard must leave HP, hit reactions, and kill callbacks untouched when rejecting a hit.",.local-inputs/ida-apk-export-2026-10-07/libraries/libDungeonHunter2.so/pseudocode/003a/003a8bc4.c; assembly-functions.asm @ 0x3a8bc4,implemented,IDA .local-inputs/ida-apk-export-2026-10-07/libraries/libDungeonHunter2.so/pseudocode/003a/003a8bc4.c: entry invokes dead query and returns immediately when true. Port does the same before HP reads or mutations (port/level-world/character_hit_v6.cpp:44-45).,not_run,Capture branch-specific runtime trace or deterministic fixture and compare state writes and downstream effects against .local-inputs/ida-apk-export-2026-10-07/libraries/libDungeonHunter2.so/pseudocode/003a/003a8bc4.c and 0x3a8bc4.,P1,unassigned
GC-0002,combat,damage intake / HP transition,libDungeonHunter2.so,0x3a8bc4,"Character::HitFor(unsigned int, GameObject *)",port/level-world/character_hit_v6.cpp; port/level-world/character_hit.cpp; port/android-native/app/src/main/cpp/renderer_npc_reactions_v2.inc,Compare unsigned damage conversion (>>8) and sign inversion before property 36 mutation.,.local-inputs/ida-apk-export-2026-10-07/libraries/libDungeonHunter2.so/pseudocode/003a/003a8bc4.c; assembly-functions.asm @ 0x3a8bc4,implemented,"IDA .local-inputs/ida-apk-export-2026-10-07/libraries/libDungeonHunter2.so/pseudocode/003a/003a8bc4.c: damage branch uses -a2 and arithmetic a2>>8; Port forms wrapped negation and sign-extends the shifted signed damage bits (port/level-world/character_hit_v6.cpp:56), then adds to property 36 (port/level-world/character_hit_v6.cpp:57).",not_run,Capture branch-specific runtime trace or deterministic fixture and compare state writes and downstream effects against .local-inputs/ida-apk-export-2026-10-07/libraries/libDungeonHunter2.so/pseudocode/003a/003a8bc4.c and 0x3a8bc4.,P1,unassigned
GC-0003,combat,damage intake / HP transition,libDungeonHunter2.so,0x3a8bc4,"Character::HitFor(unsigned int, GameObject *)",port/level-world/character_hit_v6.cpp; port/level-world/character_hit.cpp; port/android-native/app/src/main/cpp/renderer_npc_reactions_v2.inc,Online hit with absent PlayerManager follows the damage-applying branch; compare exact property delta.,.local-inputs/ida-apk-export-2026-10-07/libraries/libDungeonHunter2.so/pseudocode/003a/003a8bc4.c; assembly-functions.asm @ 0x3a8bc4,partial,IDA .local-inputs/ida-apk-export-2026-10-07/libraries/libDungeonHunter2.so/pseudocode/003a/003a8bc4.c: online branch with null global PlayerManager applies converted damage; port returns unsupported -3 for every online result before applying damage (port/level-world/character_hit_v6.cpp:51-53; port/level-world/character_hit.hpp:45-55 explicitly bounds online parity).,not_run,Capture branch-specific runtime trace or deterministic fixture and compare state writes and downstream effects against .local-inputs/ida-apk-export-2026-10-07/libraries/libDungeonHunter2.so/pseudocode/003a/003a8bc4.c and 0x3a8bc4.,P1,unassigned
GC-0004,combat,damage intake / HP transition,libDungeonHunter2.so,0x3a8bc4,"Character::HitFor(unsigned int, GameObject *)",port/level-world/character_hit_v6.cpp; port/level-world/character_hit.cpp; port/android-native/app/src/main/cpp/renderer_npc_reactions_v2.inc,Online manager mode 0 applies converted damage; compare other nonzero modes separately.,.local-inputs/ida-apk-export-2026-10-07/libraries/libDungeonHunter2.so/pseudocode/003a/003a8bc4.c; assembly-functions.asm @ 0x3a8bc4,partial,"IDA .local-inputs/ida-apk-export-2026-10-07/libraries/libDungeonHunter2.so/pseudocode/003a/003a8bc4.c: online PlayerManager mode 0 applies damage; other modes suppress except mode 5, which applies damage. Port has no manager-mode service and exits for online at port/level-world/character_hit_v6.cpp:51-53.",not_run,Capture branch-specific runtime trace or deterministic fixture and compare state writes and downstream effects against .local-inputs/ida-apk-export-2026-10-07/libraries/libDungeonHunter2.so/pseudocode/003a/003a8bc4.c and 0x3a8bc4.,P1,unassigned
GC-0005,combat,damage intake / HP transition,libDungeonHunter2.so,0x3a8bc4,"Character::HitFor(unsigned int, GameObject *)",port/level-world/character_hit_v6.cpp; port/level-world/character_hit.cpp; port/android-native/app/src/main/cpp/renderer_npc_reactions_v2.inc,Online manager mode 5 applies converted damage; compare against mode 0.,.local-inputs/ida-apk-export-2026-10-07/libraries/libDungeonHunter2.so/pseudocode/003a/003a8bc4.c; assembly-functions.asm @ 0x3a8bc4,partial,"IDA .local-inputs/ida-apk-export-2026-10-07/libraries/libDungeonHunter2.so/pseudocode/003a/003a8bc4.c: online manager mode 5 applies damage, while mode 0 is also accepted and other modes suppress. Port does not represent mode 5 separately and returns -3 on online at port/level-world/character_hit_v6.cpp:51-53.",not_run,Capture branch-specific runtime trace or deterministic fixture and compare state writes and downstream effects against .local-inputs/ida-apk-export-2026-10-07/libraries/libDungeonHunter2.so/pseudocode/003a/003a8bc4.c and 0x3a8bc4.,P1,unassigned
GC-0006,combat,damage intake / HP transition,libDungeonHunter2.so,0x3a8bc4,"Character::HitFor(unsigned int, GameObject *)",port/level-world/character_hit_v6.cpp; port/level-world/character_hit.cpp; port/android-native/app/src/main/cpp/renderer_npc_reactions_v2.inc,Offline missing or disabled player sound manager follows zero-damage branch; verify no hurt side effect.,.local-inputs/ida-apk-export-2026-10-07/libraries/libDungeonHunter2.so/pseudocode/003a/003a8bc4.c; assembly-functions.asm @ 0x3a8bc4,partial,IDA .local-inputs/ida-apk-export-2026-10-07/libraries/libDungeonHunter2.so/pseudocode/003a/003a8bc4.c: offline null/dead sound manager selects zero damage; HitServices has no sound-manager query and the v6 path only queries main player/debug/online (port/level-world/character_hit_v6.cpp:47-57; port/level-world/character_hit.hpp:17-33).,not_run,Capture branch-specific runtime trace or deterministic fixture and compare state writes and downstream effects against .local-inputs/ida-apk-export-2026-10-07/libraries/libDungeonHunter2.so/pseudocode/003a/003a8bc4.c and 0x3a8bc4.,P1,unassigned
GC-0007,combat,damage intake / HP transition,libDungeonHunter2.so,0x3a8bc4,"Character::HitFor(unsigned int, GameObject *)",port/level-world/character_hit_v6.cpp; port/level-world/character_hit.cpp; port/android-native/app/src/main/cpp/renderer_npc_reactions_v2.inc,GOD_Monster suppresses damage only for monster targets; compare non-monster case.,.local-inputs/ida-apk-export-2026-10-07/libraries/libDungeonHunter2.so/pseudocode/003a/003a8bc4.c; assembly-functions.asm @ 0x3a8bc4,implemented,IDA .local-inputs/ida-apk-export-2026-10-07/libraries/libDungeonHunter2.so/pseudocode/003a/003a8bc4.c: GOD_Monster suppresses damage only after IsMonster(this) succeeds. Port queries IsMonster only when the switch is enabled and sets suppress from that result (port/level-world/character_hit_v6.cpp:47-50).,not_run,Capture branch-specific runtime trace or deterministic fixture and compare state writes and downstream effects against .local-inputs/ida-apk-export-2026-10-07/libraries/libDungeonHunter2.so/pseudocode/003a/003a8bc4.c and 0x3a8bc4.,P1,unassigned
GC-0008,combat,damage intake / HP transition,libDungeonHunter2.so,0x3a8bc4,"Character::HitFor(unsigned int, GameObject *)",port/level-world/character_hit_v6.cpp; port/level-world/character_hit.cpp; port/android-native/app/src/main/cpp/renderer_npc_reactions_v2.inc,OneShotKill sets HP to zero only when target and controller eligibility checks pass.,.local-inputs/ida-apk-export-2026-10-07/libraries/libDungeonHunter2.so/pseudocode/003a/003a8bc4.c; assembly-functions.asm @ 0x3a8bc4,partial,"IDA .local-inputs/ida-apk-export-2026-10-07/libraries/libDungeonHunter2.so/pseudocode/003a/003a8bc4.c: OneShotKill zeroes HP only for target/controller eligibility condition. Port applies its target-player guard and zeroes HP (port/level-world/character_hit_v6.cpp:58-64), but does not query/check controller eligibility; see supported service list port/level-world/character_hit.hpp:17-33.",not_run,Capture branch-specific runtime trace or deterministic fixture and compare state writes and downstream effects against .local-inputs/ida-apk-export-2026-10-07/libraries/libDungeonHunter2.so/pseudocode/003a/003a8bc4.c and 0x3a8bc4.,P1,unassigned
GC-0009,combat,damage intake / HP transition,libDungeonHunter2.so,0x3a8bc4,"Character::HitFor(unsigned int, GameObject *)",port/level-world/character_hit_v6.cpp; port/level-world/character_hit.cpp; port/android-native/app/src/main/cpp/renderer_npc_reactions_v2.inc,"HP <= 0 clamps property 36 to zero and invokes Cmd_Kill(attacker,false).",.local-inputs/ida-apk-export-2026-10-07/libraries/libDungeonHunter2.so/pseudocode/003a/003a8bc4.c; assembly-functions.asm @ 0x3a8bc4,implemented,"IDA .local-inputs/ida-apk-export-2026-10-07/libraries/libDungeonHunter2.so/pseudocode/003a/003a8bc4.c: when HP<=0 it clamps property 36, calls Cmd_Kill(controller,attacker,false), then handles lifecycle. Port clamps and requests controller kill with attacker identity (port/level-world/character_hit_v6.cpp:66-71).",not_run,Capture branch-specific runtime trace or deterministic fixture and compare state writes and downstream effects against .local-inputs/ida-apk-export-2026-10-07/libraries/libDungeonHunter2.so/pseudocode/003a/003a8bc4.c and 0x3a8bc4.,P1,unassigned
GC-0010,combat,damage intake / HP transition,libDungeonHunter2.so,0x3a8bc4,"Character::HitFor(unsigned int, GameObject *)",port/level-world/character_hit_v6.cpp; port/level-world/character_hit.cpp; port/android-native/app/src/main/cpp/renderer_npc_reactions_v2.inc,Nonlethal hit must not invoke kill branch.,.local-inputs/ida-apk-export-2026-10-07/libraries/libDungeonHunter2.so/pseudocode/003a/003a8bc4.c; assembly-functions.asm @ 0x3a8bc4,implemented,IDA .local-inputs/ida-apk-export-2026-10-07/libraries/libDungeonHunter2.so/pseudocode/003a/003a8bc4.c: kill path is entered only when resulting HP<=0. Port confines clamp/kill/lifecycle side effects to that predicate (port/level-world/character_hit_v6.cpp:65-72).,not_run,Capture branch-specific runtime trace or deterministic fixture and compare state writes and downstream effects against .local-inputs/ida-apk-export-2026-10-07/libraries/libDungeonHunter2.so/pseudocode/003a/003a8bc4.c and 0x3a8bc4.,P1,unassigned
GC-0011,combat,damage intake / HP transition,libDungeonHunter2.so,0x3a8bc4,"Character::HitFor(unsigned int, GameObject *)",port/level-world/character_hit_v6.cpp; port/level-world/character_hit.cpp; port/android-native/app/src/main/cpp/renderer_npc_reactions_v2.inc,"Potion tutorial requires offline, base difficulty, local player at <= half HP, and tutorial flag.",.local-inputs/ida-apk-export-2026-10-07/libraries/libDungeonHunter2.so/pseudocode/003a/003a8bc4.c; assembly-functions.asm @ 0x3a8bc4,partial,IDA .local-inputs/ida-apk-export-2026-10-07/libraries/libDungeonHunter2.so/pseudocode/003a/003a8bc4.c: low-health branch may launch potion tutorial only under offline/base-difficulty/player/HP/tutorial guards. Port HitFor has no difficulty/tutorial/scheduler service and ends after trophy handling (port/level-world/character_hit_v6.cpp:73-103; service enum port/level-world/character_hit.hpp:17-33).,not_run,Capture branch-specific runtime trace or deterministic fixture and compare state writes and downstream effects against .local-inputs/ida-apk-export-2026-10-07/libraries/libDungeonHunter2.so/pseudocode/003a/003a8bc4.c and 0x3a8bc4.,P1,unassigned
GC-0012,combat,damage intake / HP transition,libDungeonHunter2.so,0x3a8bc4,"Character::HitFor(unsigned int, GameObject *)",port/level-world/character_hit_v6.cpp; port/level-world/character_hit.cpp; port/android-native/app/src/main/cpp/renderer_npc_reactions_v2.inc,"Tutorial flag clears before tutorial job starts, preventing duplicate launches.",.local-inputs/ida-apk-export-2026-10-07/libraries/libDungeonHunter2.so/pseudocode/003a/003a8bc4.c; assembly-functions.asm @ 0x3a8bc4,missing,IDA .local-inputs/ida-apk-export-2026-10-07/libraries/libDungeonHunter2.so/pseudocode/003a/003a8bc4.c: tutorial latch at global +45 is cleared before StartScript and updateJob_thread::Start2. No tutorial flag or job-start path exists in reviewed HitFor implementation (port/level-world/character_hit_v6.cpp:41-104; port/level-world/character_hit.hpp:17-33).,not_run,Capture branch-specific runtime trace or deterministic fixture and compare state writes and downstream effects against .local-inputs/ida-apk-export-2026-10-07/libraries/libDungeonHunter2.so/pseudocode/003a/003a8bc4.c and 0x3a8bc4.,P1,unassigned
GC-0013,combat,damage intake / HP transition,libDungeonHunter2.so,0x3a8bc4,"Character::HitFor(unsigned int, GameObject *)",port/level-world/character_hit_v6.cpp; port/level-world/character_hit.cpp; port/android-native/app/src/main/cpp/renderer_npc_reactions_v2.inc,Low-health sound flag is one-shot and selects player vs friend sound by identity.,.local-inputs/ida-apk-export-2026-10-07/libraries/libDungeonHunter2.so/pseudocode/003a/003a8bc4.c; assembly-functions.asm @ 0x3a8bc4,missing,IDA .local-inputs/ida-apk-export-2026-10-07/libraries/libDungeonHunter2.so/pseudocode/003a/003a8bc4.c: low-HP latch byte 5192 clears on the low-health branch and selects player/friend sound by identity. No latch or sound service exists in the reviewed v6 implementation (port/level-world/character_hit_v6.cpp:41-104; port/level-world/character_hit.hpp:17-33).,not_run,Capture branch-specific runtime trace or deterministic fixture and compare state writes and downstream effects against .local-inputs/ida-apk-export-2026-10-07/libraries/libDungeonHunter2.so/pseudocode/003a/003a8bc4.c and 0x3a8bc4.,P1,unassigned
GC-0014,combat,damage intake / HP transition,libDungeonHunter2.so,0x3a8bc4,"Character::HitFor(unsigned int, GameObject *)",port/level-world/character_hit_v6.cpp; port/level-world/character_hit.cpp; port/android-native/app/src/main/cpp/renderer_npc_reactions_v2.inc,At >=75% health the low-health sound latch is armed only when previously clear.,.local-inputs/ida-apk-export-2026-10-07/libraries/libDungeonHunter2.so/pseudocode/003a/003a8bc4.c; assembly-functions.asm @ 0x3a8bc4,missing,"IDA .local-inputs/ida-apk-export-2026-10-07/libraries/libDungeonHunter2.so/pseudocode/003a/003a8bc4.c: when alive player HP is >=75% and latch 5192 is clear, original arms it. Reviewed v6 HitFor has no latch/health recovery branch (port/level-world/character_hit_v6.cpp:41-104; port/level-world/character_hit.hpp:17-33).",not_run,Capture branch-specific runtime trace or deterministic fixture and compare state writes and downstream effects against .local-inputs/ida-apk-export-2026-10-07/libraries/libDungeonHunter2.so/pseudocode/003a/003a8bc4.c and 0x3a8bc4.,P1,unassigned
GC-0015,combat,damage intake / HP transition,libDungeonHunter2.so,0x3a8bc4,"Character::HitFor(unsigned int, GameObject *)",port/level-world/character_hit_v6.cpp; port/level-world/character_hit.cpp; port/android-native/app/src/main/cpp/renderer_npc_reactions_v2.inc,"Null, non-player, self, or non-local attacker exits before trophy evaluation.",.local-inputs/ida-apk-export-2026-10-07/libraries/libDungeonHunter2.so/pseudocode/003a/003a8bc4.c; assembly-functions.asm @ 0x3a8bc4,implemented,"IDA .local-inputs/ida-apk-export-2026-10-07/libraries/libDungeonHunter2.so/pseudocode/003a/003a8bc4.c: attacker handle is resolved, then invalid/non-player/self/nonlocal cases return before trophy lookups. Port null-checks, resolves handle, requires player and non-self, then local-player status (port/level-world/character_hit_v6.cpp:77-89).",not_run,Capture branch-specific runtime trace or deterministic fixture and compare state writes and downstream effects against .local-inputs/ida-apk-export-2026-10-07/libraries/libDungeonHunter2.so/pseudocode/003a/003a8bc4.c and 0x3a8bc4.,P1,unassigned
GC-0016,combat,damage intake / HP transition,libDungeonHunter2.so,0x3a8bc4,"Character::HitFor(unsigned int, GameObject *)",port/level-world/character_hit_v6.cpp; port/level-world/character_hit.cpp; port/android-native/app/src/main/cpp/renderer_npc_reactions_v2.inc,"Damage trophy thresholds use shifted damage >49, >99, >149, >199 and cumulative tiers.",.local-inputs/ida-apk-export-2026-10-07/libraries/libDungeonHunter2.so/pseudocode/003a/003a8bc4.c; assembly-functions.asm @ 0x3a8bc4,implemented,"IDA .local-inputs/ida-apk-export-2026-10-07/libraries/libDungeonHunter2.so/pseudocode/003a/003a8bc4.c: nested thresholds >199, >149, >99, >49 unlock cumulatively. Port checks all four descending thresholds without early return (port/level-world/character_hit_v6.cpp:95-98).",not_run,Capture branch-specific runtime trace or deterministic fixture and compare state writes and downstream effects against .local-inputs/ida-apk-export-2026-10-07/libraries/libDungeonHunter2.so/pseudocode/003a/003a8bc4.c and 0x3a8bc4.,P1,unassigned
GC-0017,combat,damage intake / HP transition,libDungeonHunter2.so,0x3a8bc4,"Character::HitFor(unsigned int, GameObject *)",port/level-world/character_hit_v6.cpp; port/level-world/character_hit.cpp; port/android-native/app/src/main/cpp/renderer_npc_reactions_v2.inc,"One-hit boss/miniboss trophy requires old HP == max HP, kill outcome, and local attacker.",.local-inputs/ida-apk-export-2026-10-07/libraries/libDungeonHunter2.so/pseudocode/003a/003a8bc4.c; assembly-functions.asm @ 0x3a8bc4,implemented,"IDA .local-inputs/ida-apk-export-2026-10-07/libraries/libDungeonHunter2.so/pseudocode/003a/003a8bc4.c: one-hit trophy requires old HP==max, kill outcome, and boss or miniboss. Port gates on before_hp/maximum_hp/kill_called and queries both enemy classes (port/level-world/character_hit_v6.cpp:99-102).",not_run,Capture branch-specific runtime trace or deterministic fixture and compare state writes and downstream effects against .local-inputs/ida-apk-export-2026-10-07/libraries/libDungeonHunter2.so/pseudocode/003a/003a8bc4.c and 0x3a8bc4.,P1,unassigned
GC-0018,combat,damage intake / HP transition,libDungeonHunter2.so,0x3a8bc4,"Character::HitFor(unsigned int, GameObject *)",port/level-world/character_hit_v6.cpp; port/level-world/character_hit.cpp; port/android-native/app/src/main/cpp/renderer_npc_reactions_v2.inc,Ordinary non-boss monster must not receive one-hit boss/miniboss trophy.,.local-inputs/ida-apk-export-2026-10-07/libraries/libDungeonHunter2.so/pseudocode/003a/003a8bc4.c; assembly-functions.asm @ 0x3a8bc4,implemented,"IDA .local-inputs/ida-apk-export-2026-10-07/libraries/libDungeonHunter2.so/pseudocode/003a/003a8bc4.c: ordinary monsters fail both boss/miniboss predicates, so no one-hit trophy. Port unlocks only when either predicate is true (port/level-world/character_hit_v6.cpp:100-102).",not_run,Capture branch-specific runtime trace or deterministic fixture and compare state writes and downstream effects against .local-inputs/ida-apk-export-2026-10-07/libraries/libDungeonHunter2.so/pseudocode/003a/003a8bc4.c and 0x3a8bc4.,P1,unassigned
GC-0019,combat,death and reward sequencing,libDungeonHunter2.so,0x3a5b18,"Character::Kill(GameObject *, bool)",port/level-world/character_kill.cpp; port/level-world/character_kill_rewards_live_v31.cpp; port/android-native/app/src/main/cpp/source_campaign_death_rewards_v84.cpp; port/android-native/app/src/main/cpp/renderer_npc_death_v2.inc,Repeated Kill after dead guard must not rewrite death state or duplicate events.,.local-inputs/ida-apk-export-2026-10-07/libraries/libDungeonHunter2.so/pseudocode/003a/003a5b18.c; assembly-functions.asm @ 0x3a5b18,implemented,IDA .local-inputs/ida-apk-export-2026-10-07/libraries/libDungeonHunter2.so/pseudocode/003a/003a5b18.c: dead virtual guard returns before death/property/event mutations. Port checks kill_is_dead and returns before writes (port/level-world/character_kill.cpp:37-38).,not_run,Capture branch-specific runtime trace or deterministic fixture and compare state writes and downstream effects against .local-inputs/ida-apk-export-2026-10-07/libraries/libDungeonHunter2.so/pseudocode/003a/003a5b18.c and 0x3a5b18.,P1,unassigned
GC-0020,combat,death and reward sequencing,libDungeonHunter2.so,0x3a5b18,"Character::Kill(GameObject *, bool)",port/level-world/character_kill.cpp; port/level-world/character_kill_rewards_live_v31.cpp; port/android-native/app/src/main/cpp/source_campaign_death_rewards_v84.cpp; port/android-native/app/src/main/cpp/renderer_npc_death_v2.inc,Accepted kill sets dead byte 5193 and clears HP property 36 before player/NPC branches.,.local-inputs/ida-apk-export-2026-10-07/libraries/libDungeonHunter2.so/pseudocode/003a/003a5b18.c; assembly-functions.asm @ 0x3a5b18,implemented,IDA .local-inputs/ida-apk-export-2026-10-07/libraries/libDungeonHunter2.so/pseudocode/003a/003a5b18.c: accepted kill writes byte 5193 and sets property 36 to zero before player/NPC branching. Port writes actor.dead then HP before querying player state (port/level-world/character_kill.cpp:39-41).,not_run,Capture branch-specific runtime trace or deterministic fixture and compare state writes and downstream effects against .local-inputs/ida-apk-export-2026-10-07/libraries/libDungeonHunter2.so/pseudocode/003a/003a5b18.c and 0x3a5b18.,P1,unassigned
GC-0021,combat,death and reward sequencing,libDungeonHunter2.so,0x3a5b18,"Character::Kill(GameObject *, bool)",port/level-world/character_kill.cpp; port/level-world/character_kill_rewards_live_v31.cpp; port/android-native/app/src/main/cpp/source_campaign_death_rewards_v84.cpp; port/android-native/app/src/main/cpp/renderer_npc_death_v2.inc,Player death with false flag increments property 25; true flag does not.,.local-inputs/ida-apk-export-2026-10-07/libraries/libDungeonHunter2.so/pseudocode/003a/003a5b18.c; assembly-functions.asm @ 0x3a5b18,implemented,IDA .local-inputs/ida-apk-export-2026-10-07/libraries/libDungeonHunter2.so/pseudocode/003a/003a5b18.c: player and false force flag increments property 25; true flag bypasses that branch. Port tests player&&!force and adds 256 (fixed-point +1) (port/level-world/character_kill.cpp:41-44).,not_run,Capture branch-specific runtime trace or deterministic fixture and compare state writes and downstream effects against .local-inputs/ida-apk-export-2026-10-07/libraries/libDungeonHunter2.so/pseudocode/003a/003a5b18.c and 0x3a5b18.,P1,unassigned
GC-0022,combat,death and reward sequencing,libDungeonHunter2.so,0x3a5b18,"Character::Kill(GameObject *, bool)",port/level-world/character_kill.cpp; port/level-world/character_kill_rewards_live_v31.cpp; port/android-native/app/src/main/cpp/source_campaign_death_rewards_v84.cpp; port/android-native/app/src/main/cpp/renderer_npc_death_v2.inc,"Local-player death trophies use equality thresholds 10, 50, and 100.",.local-inputs/ida-apk-export-2026-10-07/libraries/libDungeonHunter2.so/pseudocode/003a/003a5b18.c; assembly-functions.asm @ 0x3a5b18,implemented,IDA .local-inputs/ida-apk-export-2026-10-07/libraries/libDungeonHunter2.so/pseudocode/003a/003a5b18.c: only local-player death checks exact totals 10/50/100. Port checks local player and equality against all three thresholds (port/level-world/character_kill.cpp:44-45).,not_run,Capture branch-specific runtime trace or deterministic fixture and compare state writes and downstream effects against .local-inputs/ida-apk-export-2026-10-07/libraries/libDungeonHunter2.so/pseudocode/003a/003a5b18.c and 0x3a5b18.,P1,unassigned
GC-0023,combat,death and reward sequencing,libDungeonHunter2.so,0x3a5b18,"Character::Kill(GameObject *, bool)",port/level-world/character_kill.cpp; port/level-world/character_kill_rewards_live_v31.cpp; port/android-native/app/src/main/cpp/source_campaign_death_rewards_v84.cpp; port/android-native/app/src/main/cpp/renderer_npc_death_v2.inc,"Online player death returns before NPC loot, XP, and quest-event work.",.local-inputs/ida-apk-export-2026-10-07/libraries/libDungeonHunter2.so/pseudocode/003a/003a5b18.c; assembly-functions.asm @ 0x3a5b18,implemented,"IDA .local-inputs/ida-apk-export-2026-10-07/libraries/libDungeonHunter2.so/pseudocode/003a/003a5b18.c: player branch returns before NPC loot, aggro/XP, and quest work; online branch also performs its local-player lookup before return. Port exits from player branch before level/loot/aggro/quest code (port/level-world/character_kill.cpp:41-48).",not_run,Capture branch-specific runtime trace or deterministic fixture and compare state writes and downstream effects against .local-inputs/ida-apk-export-2026-10-07/libraries/libDungeonHunter2.so/pseudocode/003a/003a5b18.c and 0x3a5b18.,P1,unassigned
GC-0024,combat,death and reward sequencing,libDungeonHunter2.so,0x3a5b18,"Character::Kill(GameObject *, bool)",port/level-world/character_kill.cpp; port/level-world/character_kill_rewards_live_v31.cpp; port/android-native/app/src/main/cpp/source_campaign_death_rewards_v84.cpp; port/android-native/app/src/main/cpp/renderer_npc_death_v2.inc,Loot drop is suppressed when current-level field +336 is nonzero; otherwise receives original killer.,.local-inputs/ida-apk-export-2026-10-07/libraries/libDungeonHunter2.so/pseudocode/003a/003a5b18.c; assembly-functions.asm @ 0x3a5b18,implemented,"IDA .local-inputs/ida-apk-export-2026-10-07/libraries/libDungeonHunter2.so/pseudocode/003a/003a5b18.c: DropLoot(this,killer) is skipped when current-level +336 is nonzero. Port uses loot_gate150 and sends actor identity plus attacker to drop-loot service (port/level-world/character_kill.cpp:50-55).",not_run,Capture branch-specific runtime trace or deterministic fixture and compare state writes and downstream effects against .local-inputs/ida-apk-export-2026-10-07/libraries/libDungeonHunter2.so/pseudocode/003a/003a5b18.c and 0x3a5b18.,P1,unassigned
GC-0025,combat,death and reward sequencing,libDungeonHunter2.so,0x3a5b18,"Character::Kill(GameObject *, bool)",port/level-world/character_kill.cpp; port/level-world/character_kill_rewards_live_v31.cpp; port/android-native/app/src/main/cpp/source_campaign_death_rewards_v84.cpp; port/android-native/app/src/main/cpp/renderer_npc_death_v2.inc,Null killer plus false flag reaches quest tail; null killer plus true flag returns early.,.local-inputs/ida-apk-export-2026-10-07/libraries/libDungeonHunter2.so/pseudocode/003a/003a5b18.c; assembly-functions.asm @ 0x3a5b18,implemented,"IDA .local-inputs/ida-apk-export-2026-10-07/libraries/libDungeonHunter2.so/pseudocode/003a/003a5b18.c: null killer/false force reaches LABEL_35 quest tail; null killer/true force returns before it. Port skips aggro for null attacker, then reaches quest tail unless force is set (port/level-world/character_kill.cpp:55-57,84-101).",not_run,Capture branch-specific runtime trace or deterministic fixture and compare state writes and downstream effects against .local-inputs/ida-apk-export-2026-10-07/libraries/libDungeonHunter2.so/pseudocode/003a/003a5b18.c and 0x3a5b18.,P1,unassigned
GC-0026,combat,death and reward sequencing,libDungeonHunter2.so,0x3a5b18,"Character::Kill(GameObject *, bool)",port/level-world/character_kill.cpp; port/level-world/character_kill_rewards_live_v31.cpp; port/android-native/app/src/main/cpp/source_campaign_death_rewards_v84.cpp; port/android-native/app/src/main/cpp/renderer_npc_death_v2.inc,Non-null killer plus true flag returns before contributor tally and quest events.,.local-inputs/ida-apk-export-2026-10-07/libraries/libDungeonHunter2.so/pseudocode/003a/003a5b18.c; assembly-functions.asm @ 0x3a5b18,implemented,"IDA .local-inputs/ida-apk-export-2026-10-07/libraries/libDungeonHunter2.so/pseudocode/003a/003a5b18.c: non-null killer plus true force returns before killer assignment, aggro tally, XP, and quest tail. Port returns on force before contributor processing (port/level-world/character_kill.cpp:55-56).",not_run,Capture branch-specific runtime trace or deterministic fixture and compare state writes and downstream effects against .local-inputs/ida-apk-export-2026-10-07/libraries/libDungeonHunter2.so/pseudocode/003a/003a5b18.c and 0x3a5b18.,P1,unassigned
GC-0027,combat,death and reward sequencing,libDungeonHunter2.so,0x3a5b18,"Character::Kill(GameObject *, bool)",port/level-world/character_kill.cpp; port/level-world/character_kill_rewards_live_v31.cpp; port/android-native/app/src/main/cpp/source_campaign_death_rewards_v84.cpp; port/android-native/app/src/main/cpp/renderer_npc_death_v2.inc,Accepted NPC death stores killer in field 1299 before aggro traversal.,.local-inputs/ida-apk-export-2026-10-07/libraries/libDungeonHunter2.so/pseudocode/003a/003a5b18.c; assembly-functions.asm @ 0x3a5b18,implemented,IDA .local-inputs/ida-apk-export-2026-10-07/libraries/libDungeonHunter2.so/pseudocode/003a/003a5b18.c: stores killer in field 1299 before aggro traversal. Port writes actor->killer before loop (port/level-world/character_kill.cpp:56-60).,not_run,Capture branch-specific runtime trace or deterministic fixture and compare state writes and downstream effects against .local-inputs/ida-apk-export-2026-10-07/libraries/libDungeonHunter2.so/pseudocode/003a/003a5b18.c and 0x3a5b18.,P1,unassigned
GC-0028,combat,death and reward sequencing,libDungeonHunter2.so,0x3a5b18,"Character::Kill(GameObject *, bool)",port/level-world/character_kill.cpp; port/level-world/character_kill_rewards_live_v31.cpp; port/android-native/app/src/main/cpp/source_campaign_death_rewards_v84.cpp; port/android-native/app/src/main/cpp/renderer_npc_death_v2.inc,"Each aggro entry raises event 4 on redirected/master actor if present, else entry actor.",.local-inputs/ida-apk-export-2026-10-07/libraries/libDungeonHunter2.so/pseudocode/003a/003a5b18.c; assembly-functions.asm @ 0x3a5b18,implemented,"IDA .local-inputs/ida-apk-export-2026-10-07/libraries/libDungeonHunter2.so/pseudocode/003a/003a5b18.c: aggro entry redirects to master field 1333 when nonnull, then raises event 4 on selected actor. Port selects owner-or-entry and raises event 4 (port/level-world/character_kill.cpp:62-69).",not_run,Capture branch-specific runtime trace or deterministic fixture and compare state writes and downstream effects against .local-inputs/ida-apk-export-2026-10-07/libraries/libDungeonHunter2.so/pseudocode/003a/003a5b18.c and 0x3a5b18.,P1,unassigned
GC-0029,combat,death and reward sequencing,libDungeonHunter2.so,0x3a5b18,"Character::Kill(GameObject *, bool)",port/level-world/character_kill.cpp; port/level-world/character_kill_rewards_live_v31.cpp; port/android-native/app/src/main/cpp/source_campaign_death_rewards_v84.cpp; port/android-native/app/src/main/cpp/renderer_npc_death_v2.inc,Eligible redirected/master actor receives both contributor-counter increments; preserve the original extra aggro-loop index increment when an exact local trophy threshold is reached.,.local-inputs/ida-apk-export-2026-10-07/libraries/libDungeonHunter2.so/pseudocode/003a/003a5b18.c; assembly-functions.asm @ 0x3a5b18,partial,"IDA .local-inputs/ida-apk-export-2026-10-07/libraries/libDungeonHunter2.so/pseudocode/003a/003a5b18.c: eligible selected player receives +1 fixed-point to properties 23 and 24. Port performs both adds (port/level-world/character_kill.cpp:69-75). IDA also increments loop index a3 inside each exact local trophy-threshold branch (IDA body around killed_100/500/1000/2000); port loop always advances by one, so post-threshold aggro traversal differs.",not_run,Capture branch-specific runtime trace or deterministic fixture and compare state writes and downstream effects against .local-inputs/ida-apk-export-2026-10-07/libraries/libDungeonHunter2.so/pseudocode/003a/003a5b18.c and 0x3a5b18.,P1,unassigned
GC-0030,combat,death and reward sequencing,libDungeonHunter2.so,0x3a5b18,"Character::Kill(GameObject *, bool)",port/level-world/character_kill.cpp; port/level-world/character_kill_rewards_live_v31.cpp; port/android-native/app/src/main/cpp/source_campaign_death_rewards_v84.cpp; port/android-native/app/src/main/cpp/renderer_npc_death_v2.inc,"If victim master points at contributor, clear contributor field 1321 before counters.",.local-inputs/ida-apk-export-2026-10-07/libraries/libDungeonHunter2.so/pseudocode/003a/003a5b18.c; assembly-functions.asm @ 0x3a5b18,implemented,"IDA .local-inputs/ida-apk-export-2026-10-07/libraries/libDungeonHunter2.so/pseudocode/003a/003a5b18.c: when victim identity equals selected actor field 1321, clears it before counter increments. Port compares selected->tracked_target with victim identity and clears before additions (port/level-world/character_kill.cpp:69-73).",not_run,Capture branch-specific runtime trace or deterministic fixture and compare state writes and downstream effects against .local-inputs/ida-apk-export-2026-10-07/libraries/libDungeonHunter2.so/pseudocode/003a/003a5b18.c and 0x3a5b18.,P1,unassigned
GC-0031,combat,death and reward sequencing,libDungeonHunter2.so,0x3a5b18,"Character::Kill(GameObject *, bool)",port/level-world/character_kill.cpp; port/level-world/character_kill_rewards_live_v31.cpp; port/android-native/app/src/main/cpp/source_campaign_death_rewards_v84.cpp; port/android-native/app/src/main/cpp/renderer_npc_death_v2.inc,Explicit killer matching aggro actor enables XP attribution independent of local trophy status.,.local-inputs/ida-apk-export-2026-10-07/libraries/libDungeonHunter2.so/pseudocode/003a/003a5b18.c; assembly-functions.asm @ 0x3a5b18,implemented,"IDA .local-inputs/ida-apk-export-2026-10-07/libraries/libDungeonHunter2.so/pseudocode/003a/003a5b18.c: XP attribution starts for killer==victim and becomes true when killer matches original aggro entry, regardless of local trophy status. Port initializes credited from attacker==victim, sets it on attacker==original entry (port/level-world/character_kill.cpp:56-58,69-75).",not_run,Capture branch-specific runtime trace or deterministic fixture and compare state writes and downstream effects against .local-inputs/ida-apk-export-2026-10-07/libraries/libDungeonHunter2.so/pseudocode/003a/003a5b18.c and 0x3a5b18.,P1,unassigned
GC-0032,combat,death and reward sequencing,libDungeonHunter2.so,0x3a5b18,"Character::Kill(GameObject *, bool)",port/level-world/character_kill.cpp; port/level-world/character_kill_rewards_live_v31.cpp; port/android-native/app/src/main/cpp/source_campaign_death_rewards_v84.cpp; port/android-native/app/src/main/cpp/renderer_npc_death_v2.inc,"Local contributor trophies trigger at exact property-23 totals 100, 500, 1000, and 2000; also compare the source loop-index side effect after a threshold unlock.",.local-inputs/ida-apk-export-2026-10-07/libraries/libDungeonHunter2.so/pseudocode/003a/003a5b18.c; assembly-functions.asm @ 0x3a5b18,partial,"IDA .local-inputs/ida-apk-export-2026-10-07/libraries/libDungeonHunter2.so/pseudocode/003a/003a5b18.c: local contributor trophies use exact property-23 totals 100/500/1000/2000. Port uses equality checks (port/level-world/character_kill.cpp:74-75), but IDA increments the aggro loop index in those threshold branches; port does not, changing which subsequent contributors are processed.",not_run,Capture branch-specific runtime trace or deterministic fixture and compare state writes and downstream effects against .local-inputs/ida-apk-export-2026-10-07/libraries/libDungeonHunter2.so/pseudocode/003a/003a5b18.c and 0x3a5b18.,P1,unassigned
GC-0033,combat,death and reward sequencing,libDungeonHunter2.so,0x3a5b18,"Character::Kill(GameObject *, bool)",port/level-world/character_kill.cpp; port/level-world/character_kill_rewards_live_v31.cpp; port/android-native/app/src/main/cpp/source_campaign_death_rewards_v84.cpp; port/android-native/app/src/main/cpp/renderer_npc_death_v2.inc,XP distribution runs once after aggro traversal when attribution true and killer resolves.,.local-inputs/ida-apk-export-2026-10-07/libraries/libDungeonHunter2.so/pseudocode/003a/003a5b18.c; assembly-functions.asm @ 0x3a5b18,implemented,"IDA .local-inputs/ida-apk-export-2026-10-07/libraries/libDungeonHunter2.so/pseudocode/003a/003a5b18.c: after the aggro loop, if attribution is true, source resolves killer Character and calls DistributeXP once. Port performs one post-loop character/handle query and distribution (port/level-world/character_kill.cpp:77-82).",not_run,Capture branch-specific runtime trace or deterministic fixture and compare state writes and downstream effects against .local-inputs/ida-apk-export-2026-10-07/libraries/libDungeonHunter2.so/pseudocode/003a/003a5b18.c and 0x3a5b18.,P1,unassigned
GC-0034,combat,death and reward sequencing,libDungeonHunter2.so,0x3a5b18,"Character::Kill(GameObject *, bool)",port/level-world/character_kill.cpp; port/level-world/character_kill_rewards_live_v31.cpp; port/android-native/app/src/main/cpp/source_campaign_death_rewards_v84.cpp; port/android-native/app/src/main/cpp/renderer_npc_death_v2.inc,"Quest tail queues KillXEnemies and ClearEnemies, then conditionally KillEnemyTemplate and ClearEnemyTemplate when template id != -1; compare each event’s killer, victim property/template id, OID, and captured level fields.",.local-inputs/ida-apk-export-2026-10-07/libraries/libDungeonHunter2.so/pseudocode/003a/003a5b18.c; assembly-functions.asm @ 0x3a5b18,partial,"IDA .local-inputs/ida-apk-export-2026-10-07/libraries/libDungeonHunter2.so/pseudocode/003a/003a5b18.c: quest tail raises KillXEnemies and ClearEnemies unconditionally, then the two template events only when template id != -1; payload carries killer, victim property/template id, short victim field, and current-level receiver. Port queues four keyed event records and captures property/template/oid/level (port/level-world/character_kill.cpp:86-101); source-specific payload mapping remains an adapter contract.",not_run,Capture branch-specific runtime trace or deterministic fixture and compare state writes and downstream effects against .local-inputs/ida-apk-export-2026-10-07/libraries/libDungeonHunter2.so/pseudocode/003a/003a5b18.c and 0x3a5b18.,P1,unassigned
GC-0035,combat,death and reward sequencing,libDungeonHunter2.so,0x3a5b18,"Character::Kill(GameObject *, bool)",port/level-world/character_kill.cpp; port/level-world/character_kill_rewards_live_v31.cpp; port/android-native/app/src/main/cpp/source_campaign_death_rewards_v84.cpp; port/android-native/app/src/main/cpp/renderer_npc_death_v2.inc,KillEnemyTemplate and ClearEnemyTemplate require template identifier != -1.,.local-inputs/ida-apk-export-2026-10-07/libraries/libDungeonHunter2.so/pseudocode/003a/003a5b18.c; assembly-functions.asm @ 0x3a5b18,implemented,"IDA .local-inputs/ida-apk-export-2026-10-07/libraries/libDungeonHunter2.so/pseudocode/003a/003a5b18.c: template event pair is guarded by signed template id != -1. Port breaks at the first template event when template_id==-1, skipping both template records (port/level-world/character_kill.cpp:91-99).",not_run,Capture branch-specific runtime trace or deterministic fixture and compare state writes and downstream effects against .local-inputs/ida-apk-export-2026-10-07/libraries/libDungeonHunter2.so/pseudocode/003a/003a5b18.c and 0x3a5b18.,P1,unassigned
GC-0036,combat,death and reward sequencing,libDungeonHunter2.so,0x3a5b18,"Character::Kill(GameObject *, bool)",port/level-world/character_kill.cpp; port/level-world/character_kill_rewards_live_v31.cpp; port/android-native/app/src/main/cpp/source_campaign_death_rewards_v84.cpp; port/android-native/app/src/main/cpp/renderer_npc_death_v2.inc,Character flag 5348 suppresses quest tail for otherwise eligible non-player death.,.local-inputs/ida-apk-export-2026-10-07/libraries/libDungeonHunter2.so/pseudocode/003a/003a5b18.c; assembly-functions.asm @ 0x3a5b18,implemented,IDA .local-inputs/ida-apk-export-2026-10-07/libraries/libDungeonHunter2.so/pseudocode/003a/003a5b18.c: quest tail requires non-player and byte 5348 clear. Port returns when remote-updated or suppress_quest is set before querying/raising quest events (port/level-world/character_kill.cpp:84-86).,not_run,Capture branch-specific runtime trace or deterministic fixture and compare state writes and downstream effects against .local-inputs/ida-apk-export-2026-10-07/libraries/libDungeonHunter2.so/pseudocode/003a/003a5b18.c and 0x3a5b18.,P1,unassigned
GC-0037,targeting,target search and ordering,libDungeonHunter2.so,0x4a2f34,"ObjectSearcher::TargetList::Search(Point3D<float> const&, float, Point3D<float> const&, float, ObjectSearcher::IObjectList &)",port/level-world/character_target_search.cpp; port/level-world/character_target_search_v5.cpp; port/level-world/target_frontal_sort_v41.cpp,Core search empties its priority queue before enumerating candidates; compare repeated query results for stale membership.,.local-inputs/ida-apk-export-2026-10-07/libraries/libDungeonHunter2.so/pseudocode/004a/004a2f34.c; assembly-functions.asm @ 0x4a2f34,implemented,IDA .local-inputs/ida-apk-export-2026-10-07/libraries/libDungeonHunter2.so/pseudocode/004a/004a2f34.c: repeatedly pops priority queue to empty before range assertions/registry enumeration. Port drains List40 count before any candidate traversal (port/level-world/character_target_search.cpp:78-86).,not_run,Capture branch-specific runtime trace or deterministic fixture and compare state writes and downstream effects against .local-inputs/ida-apk-export-2026-10-07/libraries/libDungeonHunter2.so/pseudocode/004a/004a2f34.c and 0x4a2f34.,P1,unassigned
GC-0038,targeting,target search and ordering,libDungeonHunter2.so,0x4a2f34,"ObjectSearcher::TargetList::Search(Point3D<float> const&, float, Point3D<float> const&, float, ObjectSearcher::IObjectList &)",port/level-world/character_target_search.cpp; port/level-world/character_target_search_v5.cpp; port/level-world/target_frontal_sort_v41.cpp,"Negative maxRange triggers the source assertion diagnostic, but the search continues when assertions are nonfatal; compare the port’s assertion behavior and negative-radius results.",.local-inputs/ida-apk-export-2026-10-07/libraries/libDungeonHunter2.so/pseudocode/004a/004a2f34.c; assembly-functions.asm @ 0x4a2f34,partial,"IDA Search 0x4a2f34 reports/asserts maxRange >= 0 at 0x4a2fa0-0x4a2fe0, then continues when asserts are nonfatal. Port search compares `distance <= radius` at port/level-world/character_target_search.cpp:118-120 but has no corresponding assertion; negative inputs can therefore differ diagnostically.",not_run,Capture branch-specific runtime trace or deterministic fixture and compare state writes and downstream effects against .local-inputs/ida-apk-export-2026-10-07/libraries/libDungeonHunter2.so/pseudocode/004a/004a2f34.c and 0x4a2f34.,P1,unassigned
GC-0039,targeting,target search and ordering,libDungeonHunter2.so,0x4a2f34,"ObjectSearcher::TargetList::Search(Point3D<float> const&, float, Point3D<float> const&, float, ObjectSearcher::IObjectList &)",port/level-world/character_target_search.cpp; port/level-world/character_target_search_v5.cpp; port/level-world/target_frontal_sort_v41.cpp,"Negative maxAngle triggers the source assertion diagnostic, but the search continues when assertions are nonfatal; compare the port’s assertion behavior and negative-angle results.",.local-inputs/ida-apk-export-2026-10-07/libraries/libDungeonHunter2.so/pseudocode/004a/004a2f34.c; assembly-functions.asm @ 0x4a2f34,partial,"IDA Search 0x4a2f34 reports/asserts maxAngle >= 0 at 0x4a2fe0-0x4a3020, then continues when asserts are nonfatal. Port angle inclusion is at port/level-world/character_target_search.cpp:120-123 with no negative-angle assertion.",not_run,Capture branch-specific runtime trace or deterministic fixture and compare state writes and downstream effects against .local-inputs/ida-apk-export-2026-10-07/libraries/libDungeonHunter2.so/pseudocode/004a/004a2f34.c and 0x4a2f34.,P1,unassigned
GC-0040,targeting,target search and ordering,libDungeonHunter2.so,0x4a2f34,"ObjectSearcher::TargetList::Search(Point3D<float> const&, float, Point3D<float> const&, float, ObjectSearcher::IObjectList &)",port/level-world/character_target_search.cpp; port/level-world/character_target_search_v5.cpp; port/level-world/target_frontal_sort_v41.cpp,"When target-list owner has CharAI, query uses AI melee radius; without it, the radius contribution is zero.",.local-inputs/ida-apk-export-2026-10-07/libraries/libDungeonHunter2.so/pseudocode/004a/004a2f34.c; assembly-functions.asm @ 0x4a2f34,implemented,IDA Search 0x4a2f34 calls AI_GetMeleeRadius when target-list owner has AI and uses zero otherwise (pseudocode 004a2f34.c). Port obtains `reference_radius` only when `reference_character` exists and calls melee_radius; the player attack owner supplies a real world-backed radius provider. Source: port/level-world/character_target_search.cpp:82-85; port/level-world/character_world_player_attack_owner_v1.cpp:50-58.,not_run,Capture branch-specific runtime trace or deterministic fixture and compare state writes and downstream effects against .local-inputs/ida-apk-export-2026-10-07/libraries/libDungeonHunter2.so/pseudocode/004a/004a2f34.c and 0x4a2f34.,P1,unassigned
GC-0041,targeting,target search and ordering,libDungeonHunter2.so,0x4a2f34,"ObjectSearcher::TargetList::Search(Point3D<float> const&, float, Point3D<float> const&, float, ObjectSearcher::IObjectList &)",port/level-world/character_target_search.cpp; port/level-world/character_target_search_v5.cpp; port/level-world/target_frontal_sort_v41.cpp,Candidate provider Reset runs before iteration and AtEnd terminates the scan.,.local-inputs/ida-apk-export-2026-10-07/libraries/libDungeonHunter2.so/pseudocode/004a/004a2f34.c; assembly-functions.asm @ 0x4a2f34,implemented,"IDA Search calls provider Reset, AtEnd, GetObject/GetChar, then Next (0x4a2f34). Port traverses room/object intrusive lists from their sentinels and stops at the room-list sentinel; source comments document current-link reread after callbacks. Source: port/level-world/character_target_search.cpp:87-103,127-130.",not_run,Capture branch-specific runtime trace or deterministic fixture and compare state writes and downstream effects against .local-inputs/ida-apk-export-2026-10-07/libraries/libDungeonHunter2.so/pseudocode/004a/004a2f34.c and 0x4a2f34.,P1,unassigned
GC-0042,targeting,target search and ordering,libDungeonHunter2.so,0x4a2f34,"ObjectSearcher::TargetList::Search(Point3D<float> const&, float, Point3D<float> const&, float, ObjectSearcher::IObjectList &)",port/level-world/character_target_search.cpp; port/level-world/character_target_search_v5.cpp; port/level-world/target_frontal_sort_v41.cpp,"Check the exact initial gates: nonnull/not-owner, byte +138, then the source predicate at vtable +196 with byte +750/+752 exceptions; compare their mapping to `visible`/zonable state.",.local-inputs/ida-apk-export-2026-10-07/libraries/libDungeonHunter2.so/pseudocode/004a/004a2f34.c; assembly-functions.asm @ 0x4a2f34,partial,"IDA Search requires nonnull candidate, candidate != owner, byte +138, and a virtual/byte exception predicate before geometry (0x4a2f34). Port checks nonnull, not owner, and `visible`, but does not represent byte +138 or the +750/+752 exception pair as such. Source: port/level-world/character_target_search.cpp:98-108.",not_run,Capture branch-specific runtime trace or deterministic fixture and compare state writes and downstream effects against .local-inputs/ida-apk-export-2026-10-07/libraries/libDungeonHunter2.so/pseudocode/004a/004a2f34.c and 0x4a2f34.,P1,unassigned
GC-0043,targeting,target search and ordering,libDungeonHunter2.so,0x4a2f34,"ObjectSearcher::TargetList::Search(Point3D<float> const&, float, Point3D<float> const&, float, ObjectSearcher::IObjectList &)",port/level-world/character_target_search.cpp; port/level-world/character_target_search_v5.cpp; port/level-world/target_frontal_sort_v41.cpp,"Reconcile the source predicate truth table: candidate proceeds when virtual +196 returns false, or byte +750 is clear, or byte +752 is set; compare port `is_interactive` and zonable gates.",.local-inputs/ida-apk-export-2026-10-07/libraries/libDungeonHunter2.so/pseudocode/004a/004a2f34.c; assembly-functions.asm @ 0x4a2f34,partial,The IDA condition accepts the candidate when the virtual call returns false OR byte +750 is false OR byte +752 is true; it does not simply reject hidden/inactive candidates unless an exception allows them. Port instead requires `is_interactive` to return true and then applies a separate zonable gate. Source: port/level-world/character_target_search.cpp:104-108.,not_run,Capture branch-specific runtime trace or deterministic fixture and compare state writes and downstream effects against .local-inputs/ida-apk-export-2026-10-07/libraries/libDungeonHunter2.so/pseudocode/004a/004a2f34.c and 0x4a2f34.,P1,unassigned
GC-0044,targeting,target search and ordering,libDungeonHunter2.so,0x4a2f34,"ObjectSearcher::TargetList::Search(Point3D<float> const&, float, Point3D<float> const&, float, ObjectSearcher::IObjectList &)",port/level-world/character_target_search.cpp; port/level-world/character_target_search_v5.cpp; port/level-world/target_frontal_sort_v41.cpp,Character candidate uses _IsCharacterValid; non-character uses _IsGameObjectValid.,.local-inputs/ida-apk-export-2026-10-07/libraries/libDungeonHunter2.so/pseudocode/004a/004a2f34.c; assembly-functions.asm @ 0x4a2f34,implemented,"IDA Search dispatches to _IsCharacterValid for a Character and _IsGameObjectValid otherwise; the latter uses object-type policies 0/1/3 (functions 0x4a1ab8 and 0x4a1950). Port has corresponding character policy branches and object-type 0/1/3 branches. Source: port/level-world/character_target_search.cpp:46-72,110-114.",not_run,Capture branch-specific runtime trace or deterministic fixture and compare state writes and downstream effects against .local-inputs/ida-apk-export-2026-10-07/libraries/libDungeonHunter2.so/pseudocode/004a/004a2f34.c and 0x4a2f34.,P1,unassigned
GC-0045,targeting,target search and ordering,libDungeonHunter2.so,0x4a2f34,"ObjectSearcher::TargetList::Search(Point3D<float> const&, float, Point3D<float> const&, float, ObjectSearcher::IObjectList &)",port/level-world/character_target_search.cpp; port/level-world/character_target_search_v5.cpp; port/level-world/target_frontal_sort_v41.cpp,Candidate effective distance subtracts target radius and AI melee radius from 3D center distance before maxRange comparison.,.local-inputs/ida-apk-export-2026-10-07/libraries/libDungeonHunter2.so/pseudocode/004a/004a2f34.c; assembly-functions.asm @ 0x4a2f34,implemented,"IDA computes sqrt(dx²+dy²+dz²) minus target interaction radius minus owner AI melee radius, then compares with maxRange (0x4a2f34). Port computes 3D length minus `target_radius` minus `reference_radius`. Source: port/level-world/character_target_search.cpp:116-120.",not_run,Capture branch-specific runtime trace or deterministic fixture and compare state writes and downstream effects against .local-inputs/ida-apk-export-2026-10-07/libraries/libDungeonHunter2.so/pseudocode/004a/004a2f34.c and 0x4a2f34.,P1,unassigned
GC-0046,targeting,target search and ordering,libDungeonHunter2.so,0x4a2f34,"ObjectSearcher::TargetList::Search(Point3D<float> const&, float, Point3D<float> const&, float, ObjectSearcher::IObjectList &)",port/level-world/character_target_search.cpp; port/level-world/character_target_search_v5.cpp; port/level-world/target_frontal_sort_v41.cpp,Angle test accepts all headings when maxAngle >= pi; otherwise absolute angle must be <= maxAngle.,.local-inputs/ida-apk-export-2026-10-07/libraries/libDungeonHunter2.so/pseudocode/004a/004a2f34.c; assembly-functions.asm @ 0x4a2f34,implemented,"IDA computes absolute Point3D angle and accepts when maxAngle >= pi or maxAngle >= abs(angle) (0x4a2f34). Port masks angle sign and accepts `cone >= pi` or `cone >= a`. Source: port/level-world/character_target_search.cpp:20-25,120-123.",not_run,Capture branch-specific runtime trace or deterministic fixture and compare state writes and downstream effects against .local-inputs/ida-apk-export-2026-10-07/libraries/libDungeonHunter2.so/pseudocode/004a/004a2f34.c and 0x4a2f34.,P1,unassigned
GC-0047,targeting,target search and ordering,libDungeonHunter2.so,0x4a2f34,"ObjectSearcher::TargetList::Search(Point3D<float> const&, float, Point3D<float> const&, float, ObjectSearcher::IObjectList &)",port/level-world/character_target_search.cpp; port/level-world/character_target_search_v5.cpp; port/level-world/target_frontal_sort_v41.cpp,"Accepted TargetInfo stores candidate pointer, adjusted distance, absolute angle, and character discriminator before priority queue push.",.local-inputs/ida-apk-export-2026-10-07/libraries/libDungeonHunter2.so/pseudocode/004a/004a2f34.c; assembly-functions.asm @ 0x4a2f34,implemented,"IDA pushes pointer, adjusted distance, absolute angle, and Character discriminator into TargetInfo (0x4a2f34). Port pushes identity, adjusted distance, angle, and character flag into Target24. Source: port/level-world/character_target_search.cpp:123-124.",not_run,Capture branch-specific runtime trace or deterministic fixture and compare state writes and downstream effects against .local-inputs/ida-apk-export-2026-10-07/libraries/libDungeonHunter2.so/pseudocode/004a/004a2f34.c and 0x4a2f34.,P1,unassigned
GC-0048,targeting,target search and ordering,libDungeonHunter2.so,0x4a2f34,"ObjectSearcher::TargetList::Search(Point3D<float> const&, float, Point3D<float> const&, float, ObjectSearcher::IObjectList &)",port/level-world/character_target_search.cpp; port/level-world/character_target_search_v5.cpp; port/level-world/target_frontal_sort_v41.cpp,Compare source priority queue comparator with port sorting direction: nearest or most frontal result must become list top as appropriate.,.local-inputs/ida-apk-export-2026-10-07/libraries/libDungeonHunter2.so/pseudocode/004a/004a2f34.c; assembly-functions.asm @ 0x4a2f34,implemented,"IDA `_sortClosest` / `_sortFrontal` prioritize Character flag, then compare distance/angle descending in comparator (pseudocode 0038d570.c and 0038d5b4.c). Port `less` uses the same flag precedence and descending distance/angle comparator. Source: port/level-world/character_target_search.cpp:31-35.",not_run,Capture branch-specific runtime trace or deterministic fixture and compare state writes and downstream effects against .local-inputs/ida-apk-export-2026-10-07/libraries/libDungeonHunter2.so/pseudocode/004a/004a2f34.c and 0x4a2f34.,P1,unassigned
GC-0049,targeting,target search and ordering,libDungeonHunter2.so,0x4a2f34,"ObjectSearcher::TargetList::Search(Point3D<float> const&, float, Point3D<float> const&, float, ObjectSearcher::IObjectList &)",port/level-world/character_target_search.cpp; port/level-world/character_target_search_v5.cpp; port/level-world/target_frontal_sort_v41.cpp,Search calls provider object/character getters separately; verify provider filters and returned object/Character pairing.,.local-inputs/ida-apk-export-2026-10-07/libraries/libDungeonHunter2.so/pseudocode/004a/004a2f34.c; assembly-functions.asm @ 0x4a2f34,implemented,"IDA calls candidate provider GetObject and GetChar independently (vtable offsets +24/+28) before validation (0x4a2f34). Port reads object from registry entry, then calls `resolve_character` for that object. Source: port/level-world/character_target_search.cpp:98-103.",not_run,Capture branch-specific runtime trace or deterministic fixture and compare state writes and downstream effects against .local-inputs/ida-apk-export-2026-10-07/libraries/libDungeonHunter2.so/pseudocode/004a/004a2f34.c and 0x4a2f34.,P1,unassigned
GC-0050,targeting,target search and ordering,libDungeonHunter2.so,0x4a2f34,"ObjectSearcher::TargetList::Search(Point3D<float> const&, float, Point3D<float> const&, float, ObjectSearcher::IObjectList &)",port/level-world/character_target_search.cpp; port/level-world/character_target_search_v5.cpp; port/level-world/target_frontal_sort_v41.cpp,Out-of-range candidate is skipped before angle calculation and never enters priority queue.,.local-inputs/ida-apk-export-2026-10-07/libraries/libDungeonHunter2.so/pseudocode/004a/004a2f34.c; assembly-functions.asm @ 0x4a2f34,implemented,"IDA computes effective distance and branches to the next candidate when distance > maxRange, before calling angle (0x4a2f34). Port only computes angle inside `if (!(distance > radius))`. Source: port/level-world/character_target_search.cpp:116-121.",not_run,Capture branch-specific runtime trace or deterministic fixture and compare state writes and downstream effects against .local-inputs/ida-apk-export-2026-10-07/libraries/libDungeonHunter2.so/pseudocode/004a/004a2f34.c and 0x4a2f34.,P1,unassigned
GC-0051,targeting,target search and ordering,libDungeonHunter2.so,0x4a2f34,"ObjectSearcher::TargetList::Search(Point3D<float> const&, float, Point3D<float> const&, float, ObjectSearcher::IObjectList &)",port/level-world/character_target_search.cpp; port/level-world/character_target_search_v5.cpp; port/level-world/target_frontal_sort_v41.cpp,Range equality boundary is inclusive because candidate distance <= maxRange.,.local-inputs/ida-apk-export-2026-10-07/libraries/libDungeonHunter2.so/pseudocode/004a/004a2f34.c; assembly-functions.asm @ 0x4a2f34,implemented,IDA accepts equality because it rejects only when adjusted distance > maxRange (0x4a2f34). Port uses the equivalent inclusive predicate `!(distance > radius)`. Source: port/level-world/character_target_search.cpp:119-120.,not_run,Capture branch-specific runtime trace or deterministic fixture and compare state writes and downstream effects against .local-inputs/ida-apk-export-2026-10-07/libraries/libDungeonHunter2.so/pseudocode/004a/004a2f34.c and 0x4a2f34.,P1,unassigned
GC-0052,targeting,target search and ordering,libDungeonHunter2.so,0x4a2f34,"ObjectSearcher::TargetList::Search(Point3D<float> const&, float, Point3D<float> const&, float, ObjectSearcher::IObjectList &)",port/level-world/character_target_search.cpp; port/level-world/character_target_search_v5.cpp; port/level-world/target_frontal_sort_v41.cpp,Angle equality boundary is inclusive because maxAngle >= absoluteAngle.,.local-inputs/ida-apk-export-2026-10-07/libraries/libDungeonHunter2.so/pseudocode/004a/004a2f34.c; assembly-functions.asm @ 0x4a2f34,implemented,IDA accepts equality because it tests `maxAngle >= abs(angle)` (0x4a2f34). Port rejects only when `a > cone` for cone below pi. Source: port/level-world/character_target_search.cpp:120-123.,not_run,Capture branch-specific runtime trace or deterministic fixture and compare state writes and downstream effects against .local-inputs/ida-apk-export-2026-10-07/libraries/libDungeonHunter2.so/pseudocode/004a/004a2f34.c and 0x4a2f34.,P1,unassigned
GC-0053,targeting,target search and ordering,libDungeonHunter2.so,0x4a2f34,"ObjectSearcher::TargetList::Search(Point3D<float> const&, float, Point3D<float> const&, float, ObjectSearcher::IObjectList &)",port/level-world/character_target_search.cpp; port/level-world/character_target_search_v5.cpp; port/level-world/target_frontal_sort_v41.cpp,Melee radius changes effective range: confirm two otherwise identical searches with AI owner vs no AI owner.,.local-inputs/ida-apk-export-2026-10-07/libraries/libDungeonHunter2.so/pseudocode/004a/004a2f34.c; assembly-functions.asm @ 0x4a2f34,implemented,"IDA uses owner AI melee radius in adjusted distance, or zero if owner AI is absent (0x4a2f34). Port’s reference character lookup and radius subtraction are explicit. Source: port/level-world/character_target_search.cpp:82-85,116-119.",not_run,Capture branch-specific runtime trace or deterministic fixture and compare state writes and downstream effects against .local-inputs/ida-apk-export-2026-10-07/libraries/libDungeonHunter2.so/pseudocode/004a/004a2f34.c and 0x4a2f34.,P1,unassigned
GC-0054,targeting,target search and ordering,libDungeonHunter2.so,0x4a2f34,"ObjectSearcher::TargetList::Search(Point3D<float> const&, float, Point3D<float> const&, float, ObjectSearcher::IObjectList &)",port/level-world/character_target_search.cpp; port/level-world/character_target_search_v5.cpp; port/level-world/target_frontal_sort_v41.cpp,Compare the source AtEnd return contract with the port’s successful status return; separately confirm that only accepted candidates are retained.,.local-inputs/ida-apk-export-2026-10-07/libraries/libDungeonHunter2.so/pseudocode/004a/004a2f34.c; assembly-functions.asm @ 0x4a2f34,partial,"IDA `Search` returns the provider AtEnd result when iteration completes (0x4a2f34); port returns status 0 on successful traversal and stores only accepted candidates in the heap. This is a status-contract mismatch rather than a gameplay result claim. Source: port/level-world/character_target_search.cpp:93-96,130-135.",not_run,Capture branch-specific runtime trace or deterministic fixture and compare state writes and downstream effects against .local-inputs/ida-apk-export-2026-10-07/libraries/libDungeonHunter2.so/pseudocode/004a/004a2f34.c and 0x4a2f34.,P1,unassigned
GC-0055,targeting,player target frame / spot target,libDungeonHunter2.so,0x3a469c,Character::UpdateSpotTarget(void),port/level-world/character_target_update.cpp; port/level-world/character_world_target_owner_v1.cpp; port/level-world/character_world_target_frame_v2.cpp; port/android-native/app/src/main/cpp/renderer_player_target_frame_v2.inc,"Update the check to the actual function: when marker FX and position-enable state are present, validate stored position +5296 before pose/FX synchronization; it does not resolve or clear a target handle.",.local-inputs/ida-apk-export-2026-10-07/libraries/libDungeonHunter2.so/pseudocode/003a/003a469c.c; assembly-functions.asm @ 0x3a469c,partial,"IDA UpdateSpotTarget has no unresolved target-handle lookup/clear branch. It tests FX pointer +5324 and position-enable byte +5320, then validates stored position at +5296 (pseudocode 003a469c.c). Port’s target-update path clears `target`/`last_target` when interaction fails, while marker owner uses target/OoI handles; neither reproduces this stored-position branch. Source: port/level-world/character_target_update.cpp:27-30; port/level-world/character_target_marker_v28.cpp:28-36.",not_run,Capture branch-specific runtime trace or deterministic fixture and compare state writes and downstream effects against .local-inputs/ida-apk-export-2026-10-07/libraries/libDungeonHunter2.so/pseudocode/003a/003a469c.c and 0x3a469c.,P1,unassigned
GC-0056,targeting,player target frame / spot target,libDungeonHunter2.so,0x3a469c,Character::UpdateSpotTarget(void),port/level-world/character_target_update.cpp; port/level-world/character_world_target_owner_v1.cpp; port/level-world/character_world_target_frame_v2.cpp; port/android-native/app/src/main/cpp/renderer_player_target_frame_v2.inc,Check the source position-validity gate (`PFWorld::ValidatePosition` on the stored spot position); this function does not select candidates or reject them for death.,.local-inputs/ida-apk-export-2026-10-07/libraries/libDungeonHunter2.so/pseudocode/003a/003a469c.c; assembly-functions.asm @ 0x3a469c,partial,"IDA UpdateSpotTarget contains no dead/targetable-candidate test; its branch is based on FX pointer, byte +5320, and PFWorld::ValidatePosition. Current port target update queries interaction/death for a selected target, a separate path. Source: port/level-world/character_target_update.cpp:27-43.",not_run,Capture branch-specific runtime trace or deterministic fixture and compare state writes and downstream effects against .local-inputs/ida-apk-export-2026-10-07/libraries/libDungeonHunter2.so/pseudocode/003a/003a469c.c and 0x3a469c.,P1,unassigned
GC-0057,targeting,player target frame / spot target,libDungeonHunter2.so,0x3a469c,Character::UpdateSpotTarget(void),port/level-world/character_target_update.cpp; port/level-world/character_world_target_owner_v1.cpp; port/level-world/character_world_target_frame_v2.cpp; port/android-native/app/src/main/cpp/renderer_player_target_frame_v2.inc,Compare the source current/previous spot-position fields with the port marker selection state; the IDA function does not maintain a candidate list.,.local-inputs/ida-apk-export-2026-10-07/libraries/libDungeonHunter2.so/pseudocode/003a/003a469c.c; assembly-functions.asm @ 0x3a469c,partial,IDA UpdateSpotTarget copies three stored position words between current/previous fields and writes the selected coordinates to AnimatedFX before SyncIrrData (pseudocode 003a469c.c). Port marker state tracks selected interaction type/circle instead of the same three-word cache. Source: port/level-world/character_target_marker_v28.cpp:28-50.,not_run,Capture branch-specific runtime trace or deterministic fixture and compare state writes and downstream effects against .local-inputs/ida-apk-export-2026-10-07/libraries/libDungeonHunter2.so/pseudocode/003a/003a469c.c and 0x3a469c.,P1,unassigned
GC-0058,targeting,player target frame / spot target,libDungeonHunter2.so,0x3a469c,Character::UpdateSpotTarget(void),port/level-world/character_target_update.cpp; port/level-world/character_world_target_owner_v1.cpp; port/level-world/character_world_target_frame_v2.cpp; port/android-native/app/src/main/cpp/renderer_player_target_frame_v2.inc,Compare source stored-position-to-AnimatedFX synchronization and invalid-position fallback with port target anchoring/hide behavior; the IDA function does not follow a target pose.,.local-inputs/ida-apk-export-2026-10-07/libraries/libDungeonHunter2.so/pseudocode/003a/003a469c.c; assembly-functions.asm @ 0x3a469c,partial,"IDA writes stored spot-position coordinates into AnimatedFX and calls SyncIrrData; it does not follow a selected target pose or clear a target when it disappears (pseudocode 003a469c.c). Port anchors a target-type marker and hides it for null/self target. Source: port/level-world/character_target_marker_v28.cpp:28-36,38-50.",not_run,Capture branch-specific runtime trace or deterministic fixture and compare state writes and downstream effects against .local-inputs/ida-apk-export-2026-10-07/libraries/libDungeonHunter2.so/pseudocode/003a/003a469c.c and 0x3a469c.,P1,unassigned
GC-0059,targeting,player target frame / spot target,libDungeonHunter2.so,0x3a469c,Character::UpdateSpotTarget(void),port/level-world/character_target_update.cpp; port/level-world/character_world_target_owner_v1.cpp; port/level-world/character_world_target_frame_v2.cpp; port/android-native/app/src/main/cpp/renderer_player_target_frame_v2.inc,Check the source FX pointer/position-enable transitions and whether port marker updates preserve the same FX creation/drop behavior; no target-change callback is present in this IDA function.,.local-inputs/ida-apk-export-2026-10-07/libraries/libDungeonHunter2.so/pseudocode/003a/003a469c.c; assembly-functions.asm @ 0x3a469c,partial,"IDA UpdateSpotTarget has no target-identity comparison or target-change callback. Port marker update compares interaction type to selected marker type and returns early on same type, which is not an identity callback. Source: port/level-world/character_target_marker_v28.cpp:38-51.",not_run,Capture branch-specific runtime trace or deterministic fixture and compare state writes and downstream effects against .local-inputs/ida-apk-export-2026-10-07/libraries/libDungeonHunter2.so/pseudocode/003a/003a469c.c and 0x3a469c.,P1,unassigned
GC-0060,targeting,player target frame / spot target,libDungeonHunter2.so,0x3a469c,Character::UpdateSpotTarget(void),port/level-world/character_target_update.cpp; port/level-world/character_world_target_owner_v1.cpp; port/level-world/character_world_target_frame_v2.cpp; port/android-native/app/src/main/cpp/renderer_player_target_frame_v2.inc,Check the source AnimatedFX drop/create branches keyed by byte +5320 and pointer +5324 against port marker hide/release lifecycle; this function does not update a candidate list.,.local-inputs/ida-apk-export-2026-10-07/libraries/libDungeonHunter2.so/pseudocode/003a/003a469c.c; assembly-functions.asm @ 0x3a469c,partial,"IDA drops AnimatedFX when FX pointer +5324 exists but enable byte +5320 is false; otherwise it creates an FX if missing and synchronizes position (pseudocode 003a469c.c). Port hides/drops target markers through a separate nine-marker owner. Source: port/level-world/character_target_marker_v28.cpp:14-26,31-35; release() is lines 55-59.",not_run,Capture branch-specific runtime trace or deterministic fixture and compare state writes and downstream effects against .local-inputs/ida-apk-export-2026-10-07/libraries/libDungeonHunter2.so/pseudocode/003a/003a469c.c and 0x3a469c.,P1,unassigned
GC-0061,targeting,player target frame / spot target,libDungeonHunter2.so,0x3a469c,Character::UpdateSpotTarget(void),port/level-world/character_target_update.cpp; port/level-world/character_world_target_owner_v1.cpp; port/level-world/character_world_target_frame_v2.cpp; port/android-native/app/src/main/cpp/renderer_player_target_frame_v2.inc,Check invalid stored-position fallback (copy previous coordinates into current spot position); attack eligibility is outside this IDA function.,.local-inputs/ida-apk-export-2026-10-07/libraries/libDungeonHunter2.so/pseudocode/003a/003a469c.c; assembly-functions.asm @ 0x3a469c,partial,IDA UpdateSpotTarget handles invalid stored position by copying cached previous coordinates into current fields and returning; it has no attack eligibility/range branch. Port target update does range eligibility elsewhere. Source: port/level-world/character_target_update.cpp:47-55.,not_run,Capture branch-specific runtime trace or deterministic fixture and compare state writes and downstream effects against .local-inputs/ida-apk-export-2026-10-07/libraries/libDungeonHunter2.so/pseudocode/003a/003a469c.c and 0x3a469c.,P1,unassigned
GC-0062,targeting,player target frame / spot target,libDungeonHunter2.so,0x3a469c,Character::UpdateSpotTarget(void),port/level-world/character_target_update.cpp; port/level-world/character_world_target_owner_v1.cpp; port/level-world/character_world_target_frame_v2.cpp; port/android-native/app/src/main/cpp/renderer_player_target_frame_v2.inc,Check source stored-position validation and FX sync against the port marker’s target anchor; frontal sorting is not part of this IDA function.,.local-inputs/ida-apk-export-2026-10-07/libraries/libDungeonHunter2.so/pseudocode/003a/003a469c.c; assembly-functions.asm @ 0x3a469c,partial,"IDA UpdateSpotTarget does not sort candidates or read player facing. Its explicit operations are position validation, FX coordinate writes, and SyncIrrData (pseudocode 003a469c.c). Port marker update anchors the typed marker but does not expose the same stored-position update. Source: port/level-world/character_target_marker_v28.cpp:28-50.",not_run,Capture branch-specific runtime trace or deterministic fixture and compare state writes and downstream effects against .local-inputs/ida-apk-export-2026-10-07/libraries/libDungeonHunter2.so/pseudocode/003a/003a469c.c and 0x3a469c.,P1,unassigned
GC-0063,targeting,player target frame / spot target,libDungeonHunter2.so,0x3a469c,Character::UpdateSpotTarget(void),port/level-world/character_target_update.cpp; port/level-world/character_world_target_owner_v1.cpp; port/level-world/character_world_target_frame_v2.cpp; port/android-native/app/src/main/cpp/renderer_player_target_frame_v2.inc,Check fallback to the cached previous spot coordinates when PFWorld::ValidatePosition fails; this is not candidate selection.,.local-inputs/ida-apk-export-2026-10-07/libraries/libDungeonHunter2.so/pseudocode/003a/003a469c.c; assembly-functions.asm @ 0x3a469c,partial,IDA UpdateSpotTarget does not choose the first eligible candidate. On invalid spot position it copies the cached previous three coordinates into current position fields (pseudocode 003a469c.c). Port marker update chooses/hides marker by current target/type. Source: port/level-world/character_target_marker_v28.cpp:28-50.,not_run,Capture branch-specific runtime trace or deterministic fixture and compare state writes and downstream effects against .local-inputs/ida-apk-export-2026-10-07/libraries/libDungeonHunter2.so/pseudocode/003a/003a469c.c and 0x3a469c.,P1,unassigned
GC-0064,targeting,player target frame / spot target,libDungeonHunter2.so,0x3a469c,Character::UpdateSpotTarget(void),port/level-world/character_target_update.cpp; port/level-world/character_world_target_owner_v1.cpp; port/level-world/character_world_target_frame_v2.cpp; port/android-native/app/src/main/cpp/renderer_player_target_frame_v2.inc,Compare the source cached-position commit and subsequent AnimatedFX sync ordering with the port target marker anchor/sync ordering; this function is not a target-frame cache for a resolved target pose.,.local-inputs/ida-apk-export-2026-10-07/libraries/libDungeonHunter2.so/pseudocode/003a/003a469c.c; assembly-functions.asm @ 0x3a469c,partial,IDA copies current position fields into previous fields before writing coordinates to FX and syncing (pseudocode 003a469c.c). Port marker update invokes anchor/sync operations but has no equivalent explicit cached-position commit. Source: port/level-world/character_target_marker_v28.cpp:49-50.,not_run,Capture branch-specific runtime trace or deterministic fixture and compare state writes and downstream effects against .local-inputs/ida-apk-export-2026-10-07/libraries/libDungeonHunter2.so/pseudocode/003a/003a469c.c and 0x3a469c.,P1,unassigned
GC-0065,player combat,player melee command,libDungeonHunter2.so,0x3ad87c,Character::Ctrl_Attack(GameObject *),port/level-world/character_world_player_attack_owner_v1.cpp; port/level-world/character_attack_geometry.cpp; port/android-native/app/src/main/cpp/renderer_player_attack_v1.inc; port/android-native/app/src/main/cpp/renderer_player_attack_animation_v1.inc,Control forwards target to AI_DoMeleeAttack with secondary mode false.,.local-inputs/ida-apk-export-2026-10-07/libraries/libDungeonHunter2.so/pseudocode/003a/003ad87c.c; assembly-functions.asm @ 0x3ad87c,implemented,"IDA Ctrl_Attack is exactly a call to `CharAI::AI_DoMeleeAttack(this+968, target, false)` (pseudocode 003ad87c.c). Port player attack owner routes controllable dispatch to `dh2_character_ai_melee_attack(..., q.payload, 0, ...)`. Source: port/level-world/character_world_player_attack_owner_v1.cpp:136-140.",not_run,Capture branch-specific runtime trace or deterministic fixture and compare state writes and downstream effects against .local-inputs/ida-apk-export-2026-10-07/libraries/libDungeonHunter2.so/pseudocode/003a/003ad87c.c and 0x3ad87c.,P1,unassigned
GC-0066,player combat,player melee command,libDungeonHunter2.so,0x3ad87c,Character::Ctrl_Attack(GameObject *),port/level-world/character_world_player_attack_owner_v1.cpp; port/level-world/character_attack_geometry.cpp; port/android-native/app/src/main/cpp/renderer_player_attack_v1.inc; port/android-native/app/src/main/cpp/renderer_player_attack_animation_v1.inc,The IDA wrapper has no null-target early exit; verify the port forwards null unchanged to AI_DoMeleeAttack and audit downstream search/selection behavior separately.,.local-inputs/ida-apk-export-2026-10-07/libraries/libDungeonHunter2.so/pseudocode/003a/003ad87c.c; assembly-functions.asm @ 0x3ad87c,implemented,"IDA Ctrl_Attack does not null-check or exit; it forwards target directly to AI_DoMeleeAttack (pseudocode 003ad87c.c). Port dispatch passes q.payload unchanged, including zero, to `dh2_character_ai_melee_attack`. Source: port/level-world/character_world_player_attack_owner_v1.cpp:136-140.",not_run,Capture branch-specific runtime trace or deterministic fixture and compare state writes and downstream effects against .local-inputs/ida-apk-export-2026-10-07/libraries/libDungeonHunter2.so/pseudocode/003a/003ad87c.c and 0x3ad87c.,P1,unassigned
GC-0067,player combat,player melee command,libDungeonHunter2.so,0x3ad87c,Character::Ctrl_Attack(GameObject *),port/level-world/character_world_player_attack_owner_v1.cpp; port/level-world/character_attack_geometry.cpp; port/android-native/app/src/main/cpp/renderer_player_attack_v1.inc; port/android-native/app/src/main/cpp/renderer_player_attack_animation_v1.inc,"Narrow this check to Ctrl_Attack forwarding: target validity is downstream in AI_DoMeleeAttack/attack callbacks, not a branch in Ctrl_Attack.",.local-inputs/ida-apk-export-2026-10-07/libraries/libDungeonHunter2.so/pseudocode/003a/003ad87c.c; assembly-functions.asm @ 0x3ad87c,implemented,IDA Ctrl_Attack itself contains no target-validity test; it forwards to AI_DoMeleeAttack (003ad87c.c). The port adapter likewise delegates without an eligibility precheck. Source: port/level-world/character_world_player_attack_owner_v1.cpp:136-140.,not_run,Capture branch-specific runtime trace or deterministic fixture and compare state writes and downstream effects against .local-inputs/ida-apk-export-2026-10-07/libraries/libDungeonHunter2.so/pseudocode/003a/003ad87c.c and 0x3ad87c.,P1,unassigned
GC-0068,player combat,player melee command,libDungeonHunter2.so,0x3ad87c,Character::Ctrl_Attack(GameObject *),port/level-world/character_world_player_attack_owner_v1.cpp; port/level-world/character_attack_geometry.cpp; port/android-native/app/src/main/cpp/renderer_player_attack_v1.inc; port/android-native/app/src/main/cpp/renderer_player_attack_animation_v1.inc,"Narrow this check to the direct Ctrl_Attack delegation; geometry-before-hit ordering must be audited at the AI/animation event callees, not this wrapper.",.local-inputs/ida-apk-export-2026-10-07/libraries/libDungeonHunter2.so/pseudocode/003a/003ad87c.c; assembly-functions.asm @ 0x3ad87c,implemented,IDA Ctrl_Attack contains no geometry or hit callback; it only delegates to AI_DoMeleeAttack (003ad87c.c). Port follows that delegation; melee geometry is a separate attack query path. Source: port/level-world/character_world_player_attack_owner_v1.cpp:136-140; port/level-world/character_world_attack_geometry_v1.cpp:107-123.,not_run,Capture branch-specific runtime trace or deterministic fixture and compare state writes and downstream effects against .local-inputs/ida-apk-export-2026-10-07/libraries/libDungeonHunter2.so/pseudocode/003a/003ad87c.c and 0x3ad87c.,P1,unassigned
GC-0069,player combat,player melee command,libDungeonHunter2.so,0x3ad87c,Character::Ctrl_Attack(GameObject *),port/level-world/character_world_player_attack_owner_v1.cpp; port/level-world/character_attack_geometry.cpp; port/android-native/app/src/main/cpp/renderer_player_attack_v1.inc; port/android-native/app/src/main/cpp/renderer_player_attack_animation_v1.inc,Narrow this check to Ctrl_Attack delegation; facing and animation ordering belong to downstream animation callbacks.,.local-inputs/ida-apk-export-2026-10-07/libraries/libDungeonHunter2.so/pseudocode/003a/003ad87c.c; assembly-functions.asm @ 0x3ad87c,implemented,IDA Ctrl_Attack contains no facing or animation branch; it delegates directly (003ad87c.c). Port dispatches to its AI melee owner; attack animation orientation is handled by separate animation callbacks. Source: port/level-world/character_world_player_attack_owner_v1.cpp:136-140; port/level-world/character_attack_animation_v1.cpp:27-36.,not_run,Capture branch-specific runtime trace or deterministic fixture and compare state writes and downstream effects against .local-inputs/ida-apk-export-2026-10-07/libraries/libDungeonHunter2.so/pseudocode/003a/003ad87c.c and 0x3ad87c.,P1,unassigned
GC-0070,player combat,player melee command,libDungeonHunter2.so,0x3ad87c,Character::Ctrl_Attack(GameObject *),port/level-world/character_world_player_attack_owner_v1.cpp; port/level-world/character_attack_geometry.cpp; port/android-native/app/src/main/cpp/renderer_player_attack_v1.inc; port/android-native/app/src/main/cpp/renderer_player_attack_animation_v1.inc,Narrow this check to direct delegation; attack-delay timing is not present in the IDA Ctrl_Attack body.,.local-inputs/ida-apk-export-2026-10-07/libraries/libDungeonHunter2.so/pseudocode/003a/003ad87c.c; assembly-functions.asm @ 0x3ad87c,implemented,IDA Ctrl_Attack contains no delay/timer logic; it delegates directly to AI_DoMeleeAttack (003ad87c.c). The port dispatch matches that wrapper behavior. Source: port/level-world/character_world_player_attack_owner_v1.cpp:136-140.,not_run,Capture branch-specific runtime trace or deterministic fixture and compare state writes and downstream effects against .local-inputs/ida-apk-export-2026-10-07/libraries/libDungeonHunter2.so/pseudocode/003a/003ad87c.c and 0x3ad87c.,P1,unassigned
GC-0071,player combat,player melee command,libDungeonHunter2.so,0x3ad87c,Character::Ctrl_Attack(GameObject *),port/level-world/character_world_player_attack_owner_v1.cpp; port/level-world/character_attack_geometry.cpp; port/android-native/app/src/main/cpp/renderer_player_attack_v1.inc; port/android-native/app/src/main/cpp/renderer_player_attack_animation_v1.inc,Narrow this check to direct delegation; combo continuation belongs to downstream animation/state code.,.local-inputs/ida-apk-export-2026-10-07/libraries/libDungeonHunter2.so/pseudocode/003a/003ad87c.c; assembly-functions.asm @ 0x3ad87c,implemented,IDA Ctrl_Attack has no combo-index logic; it delegates directly (003ad87c.c). Port dispatch matches; animation state is handled downstream. Source: port/level-world/character_world_player_attack_owner_v1.cpp:136-140; port/level-world/character_attack_animation_v1.cpp:25-42.,not_run,Capture branch-specific runtime trace or deterministic fixture and compare state writes and downstream effects against .local-inputs/ida-apk-export-2026-10-07/libraries/libDungeonHunter2.so/pseudocode/003a/003ad87c.c and 0x3ad87c.,P1,unassigned
GC-0072,player combat,player melee command,libDungeonHunter2.so,0x3ad87c,Character::Ctrl_Attack(GameObject *),port/level-world/character_world_player_attack_owner_v1.cpp; port/level-world/character_attack_geometry.cpp; port/android-native/app/src/main/cpp/renderer_player_attack_v1.inc; port/android-native/app/src/main/cpp/renderer_player_attack_animation_v1.inc,Narrow this check to direct delegation; this IDA wrapper does not select an animation.,.local-inputs/ida-apk-export-2026-10-07/libraries/libDungeonHunter2.so/pseudocode/003a/003ad87c.c; assembly-functions.asm @ 0x3ad87c,implemented,IDA Ctrl_Attack has no animation selection/stance metadata; it delegates directly to AI_DoMeleeAttack (003ad87c.c). Port forwards to AI melee owner; animation selection is outside this wrapper. Source: port/level-world/character_world_player_attack_owner_v1.cpp:136-140.,not_run,Capture branch-specific runtime trace or deterministic fixture and compare state writes and downstream effects against .local-inputs/ida-apk-export-2026-10-07/libraries/libDungeonHunter2.so/pseudocode/003a/003ad87c.c and 0x3ad87c.,P1,unassigned
GC-0073,player combat,player melee command,libDungeonHunter2.so,0x3ad87c,Character::Ctrl_Attack(GameObject *),port/level-world/character_world_player_attack_owner_v1.cpp; port/level-world/character_attack_geometry.cpp; port/android-native/app/src/main/cpp/renderer_player_attack_v1.inc; port/android-native/app/src/main/cpp/renderer_player_attack_animation_v1.inc,"Narrow this check to direct delegation; event-timed damage belongs to the animation-event path, not Ctrl_Attack.",.local-inputs/ida-apk-export-2026-10-07/libraries/libDungeonHunter2.so/pseudocode/003a/003ad87c.c; assembly-functions.asm @ 0x3ad87c,implemented,"IDA Ctrl_Attack has no damage event; it delegates directly (003ad87c.c). Port forwards to AI melee owner, and a separate melee animation-event path performs calculations on authored callbacks. Source: port/level-world/character_world_player_attack_owner_v1.cpp:136-140; port/level-world/character_melee_animation_event_v1.cpp:17-46.",not_run,Capture branch-specific runtime trace or deterministic fixture and compare state writes and downstream effects against .local-inputs/ida-apk-export-2026-10-07/libraries/libDungeonHunter2.so/pseudocode/003a/003ad87c.c and 0x3ad87c.,P1,unassigned
GC-0074,player combat,player melee command,libDungeonHunter2.so,0x3ad87c,Character::Ctrl_Attack(GameObject *),port/level-world/character_world_player_attack_owner_v1.cpp; port/level-world/character_attack_geometry.cpp; port/android-native/app/src/main/cpp/renderer_player_attack_v1.inc; port/android-native/app/src/main/cpp/renderer_player_attack_animation_v1.inc,Narrow this check to direct delegation; duplicate-event suppression is not established by this IDA wrapper.,.local-inputs/ida-apk-export-2026-10-07/libraries/libDungeonHunter2.so/pseudocode/003a/003ad87c.c; assembly-functions.asm @ 0x3ad87c,implemented,IDA Ctrl_Attack does not process animation frames or deduplicate hit events; it delegates to AI_DoMeleeAttack (003ad87c.c). Port matches delegation; event behavior is separate. Source: port/level-world/character_world_player_attack_owner_v1.cpp:136-140; port/level-world/character_melee_animation_event_v1.cpp:17-46.,not_run,Capture branch-specific runtime trace or deterministic fixture and compare state writes and downstream effects against .local-inputs/ida-apk-export-2026-10-07/libraries/libDungeonHunter2.so/pseudocode/003a/003ad87c.c and 0x3ad87c.,P1,unassigned
GC-0075,player combat,player melee command,libDungeonHunter2.so,0x3ad87c,Character::Ctrl_Attack(GameObject *),port/level-world/character_world_player_attack_owner_v1.cpp; port/level-world/character_attack_geometry.cpp; port/android-native/app/src/main/cpp/renderer_player_attack_v1.inc; port/android-native/app/src/main/cpp/renderer_player_attack_animation_v1.inc,Correct scope: Ctrl_Attack forwards to AI_DoMeleeAttack; the callee may branch to AI_DoRangeAttack. Verify the port keeps ranged handling in its separate owner path.,.local-inputs/ida-apk-export-2026-10-07/libraries/libDungeonHunter2.so/pseudocode/003a/003ad87c.c; assembly-functions.asm @ 0x3ad87c,implemented,IDA Ctrl_Attack forwards to AI_DoMeleeAttack with false; AI_DoMeleeAttack separately routes to AI_DoRangeAttack when Character CanRangeAttack is true (pseudocode 003d01ac.c). Port wrapper forwards melee; ranged attacks have a separate owner path. Source: port/level-world/character_world_player_attack_owner_v1.cpp:136-140; port/level-world/character_world_ranged_attack_v41.cpp:51.,not_run,Capture branch-specific runtime trace or deterministic fixture and compare state writes and downstream effects against .local-inputs/ida-apk-export-2026-10-07/libraries/libDungeonHunter2.so/pseudocode/003a/003ad87c.c and 0x3ad87c.,P1,unassigned
GC-0076,player combat,player melee command,libDungeonHunter2.so,0x3ad87c,Character::Ctrl_Attack(GameObject *),port/level-world/character_world_player_attack_owner_v1.cpp; port/level-world/character_attack_geometry.cpp; port/android-native/app/src/main/cpp/renderer_player_attack_v1.inc; port/android-native/app/src/main/cpp/renderer_player_attack_animation_v1.inc,Narrow this check to same owner/target forwarding; the IDA wrapper does not itself validate handle identity.,.local-inputs/ida-apk-export-2026-10-07/libraries/libDungeonHunter2.so/pseudocode/003a/003ad87c.c; assembly-functions.asm @ 0x3ad87c,implemented,"IDA Ctrl_Attack forwards `this` AI and target argument directly (003ad87c.c). Port binding requires controller, target owner, fields owner, and registered world Character to agree, then forwards payload. Source: port/level-world/character_world_player_attack_owner_v1.cpp:29-40,136-140.",not_run,Capture branch-specific runtime trace or deterministic fixture and compare state writes and downstream effects against .local-inputs/ida-apk-export-2026-10-07/libraries/libDungeonHunter2.so/pseudocode/003a/003ad87c.c and 0x3ad87c.,P1,unassigned
GC-0077,player combat,player melee command,libDungeonHunter2.so,0x3ad87c,Character::Ctrl_Attack(GameObject *),port/level-world/character_world_player_attack_owner_v1.cpp; port/level-world/character_attack_geometry.cpp; port/android-native/app/src/main/cpp/renderer_player_attack_v1.inc; port/android-native/app/src/main/cpp/renderer_player_attack_animation_v1.inc,"Narrow this check to direct delegation; continuation clearing must be audited in animation/state callbacks, not Ctrl_Attack.",.local-inputs/ida-apk-export-2026-10-07/libraries/libDungeonHunter2.so/pseudocode/003a/003ad87c.c; assembly-functions.asm @ 0x3ad87c,implemented,IDA Ctrl_Attack contains no interruption/stopped event handling; it only delegates (003ad87c.c). Port has separate animation-end continuation logic. Source: port/level-world/character_world_player_attack_owner_v1.cpp:136-140; port/level-world/character_attack_animation_v1.cpp:43-85.,not_run,Capture branch-specific runtime trace or deterministic fixture and compare state writes and downstream effects against .local-inputs/ida-apk-export-2026-10-07/libraries/libDungeonHunter2.so/pseudocode/003a/003ad87c.c and 0x3ad87c.,P1,unassigned
GC-0078,player combat,player melee command,libDungeonHunter2.so,0x3ad87c,Character::Ctrl_Attack(GameObject *),port/level-world/character_world_player_attack_owner_v1.cpp; port/level-world/character_attack_geometry.cpp; port/android-native/app/src/main/cpp/renderer_player_attack_v1.inc; port/android-native/app/src/main/cpp/renderer_player_attack_animation_v1.inc,Narrow this check to target forwarding at command time; live-target/cancel behavior belongs to downstream AI/animation callbacks.,.local-inputs/ida-apk-export-2026-10-07/libraries/libDungeonHunter2.so/pseudocode/003a/003ad87c.c; assembly-functions.asm @ 0x3ad87c,implemented,IDA Ctrl_Attack does not inspect target changes during windup; it passes target directly to AI_DoMeleeAttack (003ad87c.c). Port forwards payload to its AI melee handler; later event-time target behavior is separate. Source: port/level-world/character_world_player_attack_owner_v1.cpp:136-140.,not_run,Capture branch-specific runtime trace or deterministic fixture and compare state writes and downstream effects against .local-inputs/ida-apk-export-2026-10-07/libraries/libDungeonHunter2.so/pseudocode/003a/003ad87c.c and 0x3ad87c.,P1,unassigned
GC-0079,player combat,player melee command,libDungeonHunter2.so,0x3ad87c,Character::Ctrl_Attack(GameObject *),port/level-world/character_world_player_attack_owner_v1.cpp; port/level-world/character_attack_geometry.cpp; port/android-native/app/src/main/cpp/renderer_player_attack_v1.inc; port/android-native/app/src/main/cpp/renderer_player_attack_animation_v1.inc,Narrow this check to direct delegation; reaction/text/sound/FX result fanout is not in the IDA Ctrl_Attack body.,.local-inputs/ida-apk-export-2026-10-07/libraries/libDungeonHunter2.so/pseudocode/003a/003ad87c.c; assembly-functions.asm @ 0x3ad87c,implemented,IDA Ctrl_Attack contains no result dispatch; it delegates directly (003ad87c.c). Port delegates to AI melee owner; combat result application and presentation are downstream. Source: port/level-world/character_world_player_attack_owner_v1.cpp:136-140; port/level-world/character_melee_animation_event_v1.cpp:62-86.,not_run,Capture branch-specific runtime trace or deterministic fixture and compare state writes and downstream effects against .local-inputs/ida-apk-export-2026-10-07/libraries/libDungeonHunter2.so/pseudocode/003a/003ad87c.c and 0x3ad87c.,P1,unassigned
GC-0080,combat math,melee result and application,libDungeonHunter2.so,0x3b3368,"Character::F_MeleeAttack(AttackResult &, Character*, Character*, bool, bool)",port/level-world/character_combat_result_v6.cpp; port/level-world/character_hit_v6.cpp; port/android-native/app/src/main/cpp/renderer_player_melee_event_v1.inc; port/android-native/app/src/main/cpp/renderer_npc_melee_event_v1.inc,Function asserts non-null attacker before using its inventory or properties.,.local-inputs/ida-apk-export-2026-10-07/libraries/libDungeonHunter2.so/pseudocode/003b/003b3368.c; assembly-functions.asm @ 0x3b3368,partial,"IDA F_MeleeAttack checks attacker nonnull only through an assertion and then proceeds into inventory/property reads (pseudocode 003b3368.c). Port `valid(a)` rejects null/invalid actor before calculation, so its failure behavior differs. Source: port/level-world/character_melee_animation_event_v1.cpp:15,48-50.",not_run,Capture branch-specific runtime trace or deterministic fixture and compare state writes and downstream effects against .local-inputs/ida-apk-export-2026-10-07/libraries/libDungeonHunter2.so/pseudocode/003b/003b3368.c and 0x3b3368.,P1,unassigned
GC-0081,combat math,melee result and application,libDungeonHunter2.so,0x3b3368,"Character::F_MeleeAttack(AttackResult &, Character*, Character*, bool, bool)",port/level-world/character_combat_result_v6.cpp; port/level-world/character_hit_v6.cpp; port/android-native/app/src/main/cpp/renderer_player_melee_event_v1.inc; port/android-native/app/src/main/cpp/renderer_npc_melee_event_v1.inc,Function asserts non-null defender before passing actors to the shared result calculator.,.local-inputs/ida-apk-export-2026-10-07/libraries/libDungeonHunter2.so/pseudocode/003b/003b3368.c; assembly-functions.asm @ 0x3b3368,partial,"IDA F_MeleeAttack checks defender nonnull through an assertion and then continues to shared result calculation (pseudocode 003b3368.c). Port rejects invalid defender through `valid(b)` before calculation. Source: port/level-world/character_melee_animation_event_v1.cpp:15,48-50.",not_run,Capture branch-specific runtime trace or deterministic fixture and compare state writes and downstream effects against .local-inputs/ida-apk-export-2026-10-07/libraries/libDungeonHunter2.so/pseudocode/003b/003b3368.c and 0x3b3368.,P1,unassigned
GC-0082,combat math,melee result and application,libDungeonHunter2.so,0x3b3368,"Character::F_MeleeAttack(AttackResult &, Character*, Character*, bool, bool)",port/level-world/character_combat_result_v6.cpp; port/level-world/character_hit_v6.cpp; port/android-native/app/src/main/cpp/renderer_player_melee_event_v1.inc; port/android-native/app/src/main/cpp/renderer_npc_melee_event_v1.inc,Debug switch isTraceChar_Attack is queried on this formula path; compare optional trace behavior only.,.local-inputs/ida-apk-export-2026-10-07/libraries/libDungeonHunter2.so/pseudocode/003b/003b3368.c; assembly-functions.asm @ 0x3b3368,implemented,"IDA F_MeleeAttack loads and queries `isTracingChar_Attack` (003b3368.c). Port melee calculation queries the same debug switch before deriving equipment data and passes a callback to ordered result calculation. Source: port/level-world/character_melee_animation_event_v1.cpp:5-13,48-60.",not_run,Capture branch-specific runtime trace or deterministic fixture and compare state writes and downstream effects against .local-inputs/ida-apk-export-2026-10-07/libraries/libDungeonHunter2.so/pseudocode/003b/003b3368.c and 0x3b3368.,P1,unassigned
GC-0083,combat math,melee result and application,libDungeonHunter2.so,0x3b3368,"Character::F_MeleeAttack(AttackResult &, Character*, Character*, bool, bool)",port/level-world/character_combat_result_v6.cpp; port/level-world/character_hit_v6.cpp; port/android-native/app/src/main/cpp/renderer_player_melee_event_v1.inc; port/android-native/app/src/main/cpp/renderer_npc_melee_event_v1.inc,Boolean a4 selects equipment slot index 2 when true and slot index 1 when false.,.local-inputs/ida-apk-export-2026-10-07/libraries/libDungeonHunter2.so/pseudocode/003b/003b3368.c; assembly-functions.asm @ 0x3b3368,implemented,"IDA selects equipment slot 2 when a4 is true, slot 1 otherwise (003b3368.c). Port uses `offhand ? 2 : 1` in current equipment set. Source: port/level-world/character_melee_animation_event_v1.cpp:51-53.",not_run,Capture branch-specific runtime trace or deterministic fixture and compare state writes and downstream effects against .local-inputs/ida-apk-export-2026-10-07/libraries/libDungeonHunter2.so/pseudocode/003b/003b3368.c and 0x3b3368.,P1,unassigned
GC-0084,combat math,melee result and application,libDungeonHunter2.so,0x3b3368,"Character::F_MeleeAttack(AttackResult &, Character*, Character*, bool, bool)",port/level-world/character_combat_result_v6.cpp; port/level-world/character_hit_v6.cpp; port/android-native/app/src/main/cpp/renderer_player_melee_event_v1.inc; port/android-native/app/src/main/cpp/renderer_npc_melee_event_v1.inc,Missing equipped item supplies item identifier -1 to the shared result calculator.,.local-inputs/ida-apk-export-2026-10-07/libraries/libDungeonHunter2.so/pseudocode/003b/003b3368.c; assembly-functions.asm @ 0x3b3368,implemented,IDA defaults item identifier/category argument to -1 when GetEquippedItem returns null (003b3368.c). Port initializes category to -1 and changes it only for a present item. Source: port/level-world/character_melee_animation_event_v1.cpp:52-53.,not_run,Capture branch-specific runtime trace or deterministic fixture and compare state writes and downstream effects against .local-inputs/ida-apk-export-2026-10-07/libraries/libDungeonHunter2.so/pseudocode/003b/003b3368.c and 0x3b3368.,P1,unassigned
GC-0085,combat math,melee result and application,libDungeonHunter2.so,0x3b3368,"Character::F_MeleeAttack(AttackResult &, Character*, Character*, bool, bool)",port/level-world/character_combat_result_v6.cpp; port/level-world/character_hit_v6.cpp; port/android-native/app/src/main/cpp/renderer_player_melee_event_v1.inc; port/android-native/app/src/main/cpp/renderer_npc_melee_event_v1.inc,Equipped item contributes its item record field at offset +148 to result calculation.,.local-inputs/ida-apk-export-2026-10-07/libraries/libDungeonHunter2.so/pseudocode/003b/003b3368.c; assembly-functions.asm @ 0x3b3368,implemented,"IDA reads Item::GetItem(record) +148 and passes that field to shared result calculation (003b3368.c). Port reads `row->record.words[37]`, byte offset 148, and passes it as weapon category. Source: port/level-world/character_melee_animation_event_v1.cpp:52-60.",not_run,Capture branch-specific runtime trace or deterministic fixture and compare state writes and downstream effects against .local-inputs/ida-apk-export-2026-10-07/libraries/libDungeonHunter2.so/pseudocode/003b/003b3368.c and 0x3b3368.,P1,unassigned
GC-0086,combat math,melee result and application,libDungeonHunter2.so,0x3b3368,"Character::F_MeleeAttack(AttackResult &, Character*, Character*, bool, bool)",port/level-world/character_combat_result_v6.cpp; port/level-world/character_hit_v6.cpp; port/android-native/app/src/main/cpp/renderer_player_melee_event_v1.inc; port/android-native/app/src/main/cpp/renderer_npc_melee_event_v1.inc,Verify a5 mode-string selection and conditional SnS_CleanUp are both preserved.,.local-inputs/ida-apk-export-2026-10-07/libraries/libDungeonHunter2.so/pseudocode/003b/003b3368.c; assembly-functions.asm @ 0x3b3368,partial,"IDA 003b3368 selects formula-mode string from a5 and gates SnS_CleanUp. Source only takes `critical` and delegates class effect; no mode-string branch. port/level-world/character_melee_animation_event_v1.cpp:48-55,61-68.",not_run,Capture branch-specific runtime trace or deterministic fixture and compare state writes and downstream effects against .local-inputs/ida-apk-export-2026-10-07/libraries/libDungeonHunter2.so/pseudocode/003b/003b3368.c and 0x3b3368.,P1,unassigned
GC-0087,combat math,melee result and application,libDungeonHunter2.so,0x3b3368,"Character::F_MeleeAttack(AttackResult &, Character*, Character*, bool, bool)",port/level-world/character_combat_result_v6.cpp; port/level-world/character_hit_v6.cpp; port/android-native/app/src/main/cpp/renderer_player_melee_event_v1.inc; port/android-native/app/src/main/cpp/renderer_npc_melee_event_v1.inc,Verify injected critical-class owner resolves exact SnS_CleanUp name.,.local-inputs/ida-apk-export-2026-10-07/libraries/libDungeonHunter2.so/pseudocode/003b/003b3368.c; assembly-functions.asm @ 0x3b3368,partial,IDA scans ClassTable member names for SnS_CleanUp; source delegates to temporary.apply without local name lookup. port/level-world/character_melee_animation_event_v1.cpp:48-55.,not_run,Capture branch-specific runtime trace or deterministic fixture and compare state writes and downstream effects against .local-inputs/ida-apk-export-2026-10-07/libraries/libDungeonHunter2.so/pseudocode/003b/003b3368.c and 0x3b3368.,P1,unassigned
GC-0088,combat math,melee result and application,libDungeonHunter2.so,0x3b3368,"Character::F_MeleeAttack(AttackResult &, Character*, Character*, bool, bool)",port/level-world/character_combat_result_v6.cpp; port/level-world/character_hit_v6.cpp; port/android-native/app/src/main/cpp/renderer_player_melee_event_v1.inc; port/android-native/app/src/main/cpp/renderer_npc_melee_event_v1.inc,Verify class effect only when row exists and a5 is true; missing row must not abort calculation.,.local-inputs/ida-apk-export-2026-10-07/libraries/libDungeonHunter2.so/pseudocode/003b/003b3368.c; assembly-functions.asm @ 0x3b3368,partial,IDA applies class only if row found and a5 true; source callback is conditional on critical but lookup/skip semantics delegated. port/level-world/character_melee_animation_event_v1.cpp:48-55.,not_run,Capture branch-specific runtime trace or deterministic fixture and compare state writes and downstream effects against .local-inputs/ida-apk-export-2026-10-07/libraries/libDungeonHunter2.so/pseudocode/003b/003b3368.c and 0x3b3368.,P1,unassigned
GC-0089,combat math,melee result and application,libDungeonHunter2.so,0x3b3368,"Character::F_MeleeAttack(AttackResult &, Character*, Character*, bool, bool)",port/level-world/character_combat_result_v6.cpp; port/level-world/character_hit_v6.cpp; port/android-native/app/src/main/cpp/renderer_player_melee_event_v1.inc; port/android-native/app/src/main/cpp/renderer_npc_melee_event_v1.inc,Boolean a4 adds flag 0x04000000 to the formula mode passed downstream.,.local-inputs/ida-apk-export-2026-10-07/libraries/libDungeonHunter2.so/pseudocode/003b/003b3368.c; assembly-functions.asm @ 0x3b3368,implemented,IDA a4 selects equipment slot and sets 0x04000000; source offhand selects slot 2 and same mask bit. port/level-world/character_melee_animation_event_v1.cpp:53-60.,not_run,Capture branch-specific runtime trace or deterministic fixture and compare state writes and downstream effects against .local-inputs/ida-apk-export-2026-10-07/libraries/libDungeonHunter2.so/pseudocode/003b/003b3368.c and 0x3b3368.,P1,unassigned
GC-0090,combat math,melee result and application,libDungeonHunter2.so,0x3b3368,"Character::F_MeleeAttack(AttackResult &, Character*, Character*, bool, bool)",port/level-world/character_combat_result_v6.cpp; port/level-world/character_hit_v6.cpp; port/android-native/app/src/main/cpp/renderer_player_melee_event_v1.inc; port/android-native/app/src/main/cpp/renderer_npc_melee_event_v1.inc,Shared CalculateResult receives original attacker and defender plus derived mode/item arguments.,.local-inputs/ida-apk-export-2026-10-07/libraries/libDungeonHunter2.so/pseudocode/003b/003b3368.c; assembly-functions.asm @ 0x3b3368,implemented,"IDA delegates attacker, defender, mode, item category; source builds CombatResultRequest from both facts, mode and category. port/level-world/character_melee_animation_event_v1.cpp:53-68.",not_run,Capture branch-specific runtime trace or deterministic fixture and compare state writes and downstream effects against .local-inputs/ida-apk-export-2026-10-07/libraries/libDungeonHunter2.so/pseudocode/003b/003b3368.c and 0x3b3368.,P1,unassigned
GC-0091,combat math,melee result and application,libDungeonHunter2.so,0x3b3368,"Character::F_MeleeAttack(AttackResult &, Character*, Character*, bool, bool)",port/level-world/character_combat_result_v6.cpp; port/level-world/character_hit_v6.cpp; port/android-native/app/src/main/cpp/renderer_player_melee_event_v1.inc; port/android-native/app/src/main/cpp/renderer_npc_melee_event_v1.inc,Melee wrapper calculates and returns a result; later application owns HP mutation.,.local-inputs/ida-apk-export-2026-10-07/libraries/libDungeonHunter2.so/pseudocode/003b/003b3368.c; assembly-functions.asm @ 0x3b3368,implemented,"IDA wrapper delegates to _F_CalculateResult; source returns CombatResult and later calls combat_.apply separately. port/level-world/character_melee_animation_event_v1.cpp:61-68,84-93.",not_run,Capture branch-specific runtime trace or deterministic fixture and compare state writes and downstream effects against .local-inputs/ida-apk-export-2026-10-07/libraries/libDungeonHunter2.so/pseudocode/003b/003b3368.c and 0x3b3368.,P1,unassigned
GC-0092,combat math,melee result and application,libDungeonHunter2.so,0x3b3368,"Character::F_MeleeAttack(AttackResult &, Character*, Character*, bool, bool)",port/level-world/character_combat_result_v6.cpp; port/level-world/character_hit_v6.cpp; port/android-native/app/src/main/cpp/renderer_player_melee_event_v1.inc; port/android-native/app/src/main/cpp/renderer_npc_melee_event_v1.inc,No equipped item and valid equipped item use distinct item parameter paths.,.local-inputs/ida-apk-export-2026-10-07/libraries/libDungeonHunter2.so/pseudocode/003b/003b3368.c; assembly-functions.asm @ 0x3b3368,implemented,"IDA uses -1 without item, item word 37 otherwise; source does same. port/level-world/character_melee_animation_event_v1.cpp:53-60.",not_run,Capture branch-specific runtime trace or deterministic fixture and compare state writes and downstream effects against .local-inputs/ida-apk-export-2026-10-07/libraries/libDungeonHunter2.so/pseudocode/003b/003b3368.c and 0x3b3368.,P1,unassigned
GC-0093,combat math,melee result and application,libDungeonHunter2.so,0x3b3368,"Character::F_MeleeAttack(AttackResult &, Character*, Character*, bool, bool)",port/level-world/character_combat_result_v6.cpp; port/level-world/character_hit_v6.cpp; port/android-native/app/src/main/cpp/renderer_player_melee_event_v1.inc; port/android-native/app/src/main/cpp/renderer_npc_melee_event_v1.inc,Missing SnS_CleanUp skips class effect but still calculates.,.local-inputs/ida-apk-export-2026-10-07/libraries/libDungeonHunter2.so/pseudocode/003b/003b3368.c; assembly-functions.asm @ 0x3b3368,partial,"IDA continues calculation when class row missing; callback API does not expose not-found and failure aborts. port/level-world/character_melee_animation_event_v1.cpp:48-55,61-68.",not_run,Capture branch-specific runtime trace or deterministic fixture and compare state writes and downstream effects against .local-inputs/ida-apk-export-2026-10-07/libraries/libDungeonHunter2.so/pseudocode/003b/003b3368.c and 0x3b3368.,P1,unassigned
GC-0094,combat math,melee result and application,libDungeonHunter2.so,0x3b3368,"Character::F_MeleeAttack(AttackResult &, Character*, Character*, bool, bool)",port/level-world/character_combat_result_v6.cpp; port/level-world/character_hit_v6.cpp; port/android-native/app/src/main/cpp/renderer_player_melee_event_v1.inc; port/android-native/app/src/main/cpp/renderer_npc_melee_event_v1.inc,"Verify a4 slot/mask, a5 formula mode, and conditional class effect as separate checks.",.local-inputs/ida-apk-export-2026-10-07/libraries/libDungeonHunter2.so/pseudocode/003b/003b3368.c; assembly-functions.asm @ 0x3b3368,partial,Item/offhand maps; class lookup and a5 mode-string not represented locally. port/level-world/character_melee_animation_event_v1.cpp:48-68.,not_run,Capture branch-specific runtime trace or deterministic fixture and compare state writes and downstream effects against .local-inputs/ida-apk-export-2026-10-07/libraries/libDungeonHunter2.so/pseudocode/003b/003b3368.c and 0x3b3368.,P1,unassigned
GC-0095,skills,skill and spell attacks,libDungeonHunter2.so,0x3b31a4,"Character::F_SkillAttack(AttackResult &, Character*, Character*, int, int)",port/level-world/character_skill_combat_v6.cpp; port/level-world/character_world_skill_combat_v6.cpp; port/level-world/character_skill_application_v116.cpp; port/android-native/app/src/main/cpp/renderer_player_cast_v2.inc,Verify caller result initialization separately; F_SkillAttack prepares arguments and delegates.,.local-inputs/ida-apk-export-2026-10-07/libraries/libDungeonHunter2.so/pseudocode/003b/003b31a4.c; assembly-functions.asm @ 0x3b31a4,partial,"IDA F_SkillAttack initializes no result; script wrapper creates result only in attack(), after row/target selection. port/level-world/character_skill_combat_v6.cpp:20-24,28-50.",not_run,Capture branch-specific runtime trace or deterministic fixture and compare state writes and downstream effects against .local-inputs/ida-apk-export-2026-10-07/libraries/libDungeonHunter2.so/pseudocode/003b/003b31a4.c and 0x3b31a4.,P1,unassigned
GC-0096,skills,skill and spell attacks,libDungeonHunter2.so,0x3b31a4,"Character::F_SkillAttack(AttackResult &, Character*, Character*, int, int)",port/level-world/character_skill_combat_v6.cpp; port/level-world/character_world_skill_combat_v6.cpp; port/level-world/character_skill_application_v116.cpp; port/android-native/app/src/main/cpp/renderer_player_cast_v2.inc,Verify caller selects skill row and forwards mask/element; wrapper does not resolve ID/level.,.local-inputs/ida-apk-export-2026-10-07/libraries/libDungeonHunter2.so/pseudocode/003b/003b31a4.c; assembly-functions.asm @ 0x3b31a4,partial,"IDA F_SkillAttack does not select skill by ID/level; script wrapper resolves list row then passes mask/element. port/level-world/character_skill_combat_v6.cpp:33-37,50-56; character_skill_attack_v6.cpp:24-37.",not_run,Capture branch-specific runtime trace or deterministic fixture and compare state writes and downstream effects against .local-inputs/ida-apk-export-2026-10-07/libraries/libDungeonHunter2.so/pseudocode/003b/003b31a4.c and 0x3b31a4.,P1,unassigned
GC-0097,skills,skill and spell attacks,libDungeonHunter2.so,0x3b31a4,"Character::F_SkillAttack(AttackResult &, Character*, Character*, int, int)",port/level-world/character_skill_combat_v6.cpp; port/level-world/character_world_skill_combat_v6.cpp; port/level-world/character_skill_application_v116.cpp; port/android-native/app/src/main/cpp/renderer_player_cast_v2.inc,Invalid selected-skill index exits before calculation/application; mana and projectile effects are caller-owned.,.local-inputs/ida-apk-export-2026-10-07/libraries/libDungeonHunter2.so/pseudocode/003b/003b31a4.c; assembly-functions.asm @ 0x3b31a4,implemented,"Out-of-range list index exits before target, calculation, application. port/level-world/character_skill_combat_v6.cpp:33-39,50-56. Caller behavior, not F_SkillAttack.",not_run,Capture branch-specific runtime trace or deterministic fixture and compare state writes and downstream effects against .local-inputs/ida-apk-export-2026-10-07/libraries/libDungeonHunter2.so/pseudocode/003b/003b31a4.c and 0x3b31a4.,P1,unassigned
GC-0098,skills,skill and spell attacks,libDungeonHunter2.so,0x3b31a4,"Character::F_SkillAttack(AttackResult &, Character*, Character*, int, int)",port/level-world/character_skill_combat_v6.cpp; port/level-world/character_world_skill_combat_v6.cpp; port/level-world/character_skill_application_v116.cpp; port/android-native/app/src/main/cpp/renderer_player_cast_v2.inc,Verify character-handle resolution precedes calculation; check non-character activation separately.,.local-inputs/ida-apk-export-2026-10-07/libraries/libDungeonHunter2.so/pseudocode/003b/003b31a4.c; assembly-functions.asm @ 0x3b31a4,partial,IDA wrapper has no target eligibility; it delegates calculation. Script wrapper resolves handle and special-cases non-character target kind 8. port/level-world/character_skill_combat_v6.cpp:40-50.,not_run,Capture branch-specific runtime trace or deterministic fixture and compare state writes and downstream effects against .local-inputs/ida-apk-export-2026-10-07/libraries/libDungeonHunter2.so/pseudocode/003b/003b31a4.c and 0x3b31a4.,P1,unassigned
GC-0099,skills,skill and spell attacks,libDungeonHunter2.so,0x3b31a4,"Character::F_SkillAttack(AttackResult &, Character*, Character*, int, int)",port/level-world/character_skill_combat_v6.cpp; port/level-world/character_world_skill_combat_v6.cpp; port/level-world/character_skill_application_v116.cpp; port/android-native/app/src/main/cpp/renderer_player_cast_v2.inc,Skill formula uses skill parameters and actor combat properties.,.local-inputs/ida-apk-export-2026-10-07/libraries/libDungeonHunter2.so/pseudocode/003b/003b31a4.c; assembly-functions.asm @ 0x3b31a4,implemented,"IDA forwards mask/category; source passes row mask/element, resolves item, calculator consumes facts/properties. port/level-world/character_skill_combat_v6.cpp:20-24,50-56; character_skill_attack_v6.cpp:24-37; character_combat_result_v6.cpp:44-59.",not_run,Capture branch-specific runtime trace or deterministic fixture and compare state writes and downstream effects against .local-inputs/ida-apk-export-2026-10-07/libraries/libDungeonHunter2.so/pseudocode/003b/003b31a4.c and 0x3b31a4.,P1,unassigned
GC-0100,skills,skill and spell attacks,libDungeonHunter2.so,0x3b31a4,"Character::F_SkillAttack(AttackResult &, Character*, Character*, int, int)",port/level-world/character_skill_combat_v6.cpp; port/level-world/character_world_skill_combat_v6.cpp; port/level-world/character_skill_application_v116.cpp; port/android-native/app/src/main/cpp/renderer_player_cast_v2.inc,Verify skill/spell classification bits reach applicable text/sound/FX consumers.,.local-inputs/ida-apk-export-2026-10-07/libraries/libDungeonHunter2.so/pseudocode/003b/003b31a4.c; assembly-functions.asm @ 0x3b31a4,partial,"Mask/element flow into calculation and application; source application uses mask for hit FX/text/sound, but no skill classification mapping established. character_skill_combat_v6.cpp:20-24,50-56; character_skill_application_v6.cpp:75-77,121-124.",not_run,Capture branch-specific runtime trace or deterministic fixture and compare state writes and downstream effects against .local-inputs/ida-apk-export-2026-10-07/libraries/libDungeonHunter2.so/pseudocode/003b/003b31a4.c and 0x3b31a4.,P1,unassigned
GC-0101,skills,skill and spell attacks,libDungeonHunter2.so,0x3b31a4,"Character::F_SkillAttack(AttackResult &, Character*, Character*, int, int)",port/level-world/character_skill_combat_v6.cpp; port/level-world/character_world_skill_combat_v6.cpp; port/level-world/character_skill_application_v116.cpp; port/android-native/app/src/main/cpp/renderer_player_cast_v2.inc,Damage routes through common result application.,.local-inputs/ida-apk-export-2026-10-07/libraries/libDungeonHunter2.so/pseudocode/003b/003b31a4.c; assembly-functions.asm @ 0x3b31a4,implemented,"attack() calls calculate then apply with the result. port/level-world/character_skill_combat_v6.cpp:20-24,50-56.",not_run,Capture branch-specific runtime trace or deterministic fixture and compare state writes and downstream effects against .local-inputs/ida-apk-export-2026-10-07/libraries/libDungeonHunter2.so/pseudocode/003b/003b31a4.c and 0x3b31a4.,P1,unassigned
GC-0102,skills,skill and spell attacks,libDungeonHunter2.so,0x3b31a4,"Character::F_SkillAttack(AttackResult &, Character*, Character*, int, int)",port/level-world/character_skill_combat_v6.cpp; port/level-world/character_world_skill_combat_v6.cpp; port/level-world/character_skill_application_v116.cpp; port/android-native/app/src/main/cpp/renderer_player_cast_v2.inc,Verify area target iteration in caller; F_SkillAttack itself is single-defender.,.local-inputs/ida-apk-export-2026-10-07/libraries/libDungeonHunter2.so/pseudocode/003b/003b31a4.c; assembly-functions.asm @ 0x3b31a4,partial,"IDA F_SkillAttack handles one defender, no area loop; script wrapper resolves one target and attacks once per hand. character_skill_combat_v6.cpp:40-56.",not_run,Capture branch-specific runtime trace or deterministic fixture and compare state writes and downstream effects against .local-inputs/ida-apk-export-2026-10-07/libraries/libDungeonHunter2.so/pseudocode/003b/003b31a4.c and 0x3b31a4.,P1,unassigned
GC-0103,skills,skill and spell attacks,libDungeonHunter2.so,0x3b31a4,"Character::F_SkillAttack(AttackResult &, Character*, Character*, int, int)",port/level-world/character_skill_combat_v6.cpp; port/level-world/character_world_skill_combat_v6.cpp; port/level-world/character_skill_application_v116.cpp; port/android-native/app/src/main/cpp/renderer_player_cast_v2.inc,Verify buff-only dispatch in caller; formula wrapper only calculates.,.local-inputs/ida-apk-export-2026-10-07/libraries/libDungeonHunter2.so/pseudocode/003b/003b31a4.c; assembly-functions.asm @ 0x3b31a4,partial,"F_SkillAttack has no buff-only/HP branch; generic application supports damage/status outcomes, but no row-specific buff-only dispatch shown. character_skill_combat_v6.cpp:20-24; character_skill_application_v6.cpp:59-89,106-120.",not_run,Capture branch-specific runtime trace or deterministic fixture and compare state writes and downstream effects against .local-inputs/ida-apk-export-2026-10-07/libraries/libDungeonHunter2.so/pseudocode/003b/003b31a4.c and 0x3b31a4.,P1,unassigned
GC-0104,skills,skill and spell attacks,libDungeonHunter2.so,0x3b31a4,"Character::F_SkillAttack(AttackResult &, Character*, Character*, int, int)",port/level-world/character_skill_combat_v6.cpp; port/level-world/character_world_skill_combat_v6.cpp; port/level-world/character_skill_application_v116.cpp; port/android-native/app/src/main/cpp/renderer_player_cast_v2.inc,"Verify cooldown/cast completion in state owner, separately from formula wrapper.",.local-inputs/ida-apk-export-2026-10-07/libraries/libDungeonHunter2.so/pseudocode/003b/003b31a4.c; assembly-functions.asm @ 0x3b31a4,partial,IDA wrapper has no cooldown/cast state; reviewed skill-roll code calculates/applies only. character_skill_combat_v6.cpp:28-57.,not_run,Capture branch-specific runtime trace or deterministic fixture and compare state writes and downstream effects against .local-inputs/ida-apk-export-2026-10-07/libraries/libDungeonHunter2.so/pseudocode/003b/003b31a4.c and 0x3b31a4.,P1,unassigned
GC-0105,skills,spell attack formula,libDungeonHunter2.so,0x3b3004,"Character::F_SpellAttack(AttackResult &, Character*, Character*, int, int)",port/level-world/character_skill_combat_v6.cpp; port/level-world/character_current_spell_v1.cpp; port/level-world/character_skill_application_v6.cpp; port/android-native/app/src/main/cpp/renderer_player_cast_v2.inc,Verify result initialization in spell caller; F_SpellAttack forwards arguments to calculator.,.local-inputs/ida-apk-export-2026-10-07/libraries/libDungeonHunter2.so/pseudocode/003b/003b3004.c; assembly-functions.asm @ 0x3b3004,partial,"IDA F_SpellAttack does not initialize result/read payload; current-spell helper only resolves selected faery level, no attack wrapper. character_current_spell_v1.cpp:6-22.",not_run,Capture branch-specific runtime trace or deterministic fixture and compare state writes and downstream effects against .local-inputs/ida-apk-export-2026-10-07/libraries/libDungeonHunter2.so/pseudocode/003b/003b3004.c and 0x3b3004.,P1,unassigned
GC-0106,skills,spell attack formula,libDungeonHunter2.so,0x3b3004,"Character::F_SpellAttack(AttackResult &, Character*, Character*, int, int)",port/level-world/character_skill_combat_v6.cpp; port/level-world/character_current_spell_v1.cpp; port/level-world/character_skill_application_v6.cpp; port/android-native/app/src/main/cpp/renderer_player_cast_v2.inc,Verify spell ID/level in cast caller; wrapper forwards formula arguments.,.local-inputs/ida-apk-export-2026-10-07/libraries/libDungeonHunter2.so/pseudocode/003b/003b3004.c; assembly-functions.asm @ 0x3b3004,partial,IDA F_SpellAttack has no ID/level lookup; current-spell helper resolves selected faery/saved level only. character_current_spell_v1.cpp:6-22.,not_run,Capture branch-specific runtime trace or deterministic fixture and compare state writes and downstream effects against .local-inputs/ida-apk-export-2026-10-07/libraries/libDungeonHunter2.so/pseudocode/003b/003b3004.c and 0x3b3004.,P1,unassigned
GC-0107,skills,spell attack formula,libDungeonHunter2.so,0x3b3004,"Character::F_SpellAttack(AttackResult &, Character*, Character*, int, int)",port/level-world/character_skill_combat_v6.cpp; port/level-world/character_current_spell_v1.cpp; port/level-world/character_skill_application_v6.cpp; port/android-native/app/src/main/cpp/renderer_player_cast_v2.inc,Verify affordability/resource commitment in cast owner before formula dispatch.,.local-inputs/ida-apk-export-2026-10-07/libraries/libDungeonHunter2.so/pseudocode/003b/003b3004.c; assembly-functions.asm @ 0x3b3004,partial,IDA wrapper has no affordability/mana/projectile commit; current-spell helper only reads level. character_current_spell_v1.cpp:6-22.,not_run,Capture branch-specific runtime trace or deterministic fixture and compare state writes and downstream effects against .local-inputs/ida-apk-export-2026-10-07/libraries/libDungeonHunter2.so/pseudocode/003b/003b3004.c and 0x3b3004.,P1,unassigned
GC-0108,skills,spell attack formula,libDungeonHunter2.so,0x3b3004,"Character::F_SpellAttack(AttackResult &, Character*, Character*, int, int)",port/level-world/character_skill_combat_v6.cpp; port/level-world/character_current_spell_v1.cpp; port/level-world/character_skill_application_v6.cpp; port/android-native/app/src/main/cpp/renderer_player_cast_v2.inc,Verify self/direct/area targeting in spell-row/cast caller.,.local-inputs/ida-apk-export-2026-10-07/libraries/libDungeonHunter2.so/pseudocode/003b/003b3004.c; assembly-functions.asm @ 0x3b3004,partial,IDA wrapper forwards mask and args only; current-spell helper does not resolve targeting metadata. character_current_spell_v1.cpp:6-22.,not_run,Capture branch-specific runtime trace or deterministic fixture and compare state writes and downstream effects against .local-inputs/ida-apk-export-2026-10-07/libraries/libDungeonHunter2.so/pseudocode/003b/003b3004.c and 0x3b3004.,P1,unassigned
GC-0109,skills,spell attack formula,libDungeonHunter2.so,0x3b3004,"Character::F_SpellAttack(AttackResult &, Character*, Character*, int, int)",port/level-world/character_skill_combat_v6.cpp; port/level-world/character_current_spell_v1.cpp; port/level-world/character_skill_application_v6.cpp; port/android-native/app/src/main/cpp/renderer_player_cast_v2.inc,Verify spell caller routes direct damage through shared calculation/application.,.local-inputs/ida-apk-export-2026-10-07/libraries/libDungeonHunter2.so/pseudocode/003b/003b3004.c; assembly-functions.asm @ 0x3b3004,partial,IDA delegates to common calculator; shared calculator exists but spell call site not established. character_combat_result_v6.cpp:44-63; character_current_spell_v1.cpp:6-22.,not_run,Capture branch-specific runtime trace or deterministic fixture and compare state writes and downstream effects against .local-inputs/ida-apk-export-2026-10-07/libraries/libDungeonHunter2.so/pseudocode/003b/003b3004.c and 0x3b3004.,P1,unassigned
GC-0110,skills,spell attack formula,libDungeonHunter2.so,0x3b3004,"Character::F_SpellAttack(AttackResult &, Character*, Character*, int, int)",port/level-world/character_skill_combat_v6.cpp; port/level-world/character_current_spell_v1.cpp; port/level-world/character_skill_application_v6.cpp; port/android-native/app/src/main/cpp/renderer_player_cast_v2.inc,Verify healing in spell caller; not in formula wrapper.,.local-inputs/ida-apk-export-2026-10-07/libraries/libDungeonHunter2.so/pseudocode/003b/003b3004.c; assembly-functions.asm @ 0x3b3004,partial,"IDA has no heal/kill branch; generic application processes positive damage/status, no spell-specific healing shown. character_skill_application_v6.cpp:59-89.",not_run,Capture branch-specific runtime trace or deterministic fixture and compare state writes and downstream effects against .local-inputs/ida-apk-export-2026-10-07/libraries/libDungeonHunter2.so/pseudocode/003b/003b3004.c and 0x3b3004.,P1,unassigned
GC-0111,skills,spell attack formula,libDungeonHunter2.so,0x3b3004,"Character::F_SpellAttack(AttackResult &, Character*, Character*, int, int)",port/level-world/character_skill_combat_v6.cpp; port/level-world/character_current_spell_v1.cpp; port/level-world/character_skill_application_v6.cpp; port/android-native/app/src/main/cpp/renderer_player_cast_v2.inc,Verify spell mask bits reach expected text/hit-effect behavior.,.local-inputs/ida-apk-export-2026-10-07/libraries/libDungeonHunter2.so/pseudocode/003b/003b3004.c; assembly-functions.asm @ 0x3b3004,partial,"IDA forwards mask; generic application uses result/mask for effects, no spell-specific flag mapping established. character_skill_application_v6.cpp:75-77,121-124.",not_run,Capture branch-specific runtime trace or deterministic fixture and compare state writes and downstream effects against .local-inputs/ida-apk-export-2026-10-07/libraries/libDungeonHunter2.so/pseudocode/003b/003b3004.c and 0x3b3004.,P1,unassigned
GC-0112,skills,spell attack formula,libDungeonHunter2.so,0x3b3004,"Character::F_SpellAttack(AttackResult &, Character*, Character*, int, int)",port/level-world/character_skill_combat_v6.cpp; port/level-world/character_current_spell_v1.cpp; port/level-world/character_skill_application_v6.cpp; port/android-native/app/src/main/cpp/renderer_player_cast_v2.inc,Verify caller dispatches spell status effects alongside damage.,.local-inputs/ida-apk-export-2026-10-07/libraries/libDungeonHunter2.so/pseudocode/003b/003b3004.c; assembly-functions.asm @ 0x3b3004,partial,"IDA calculates only; generic application has separate damage/status outcome branches but spell integration not shown. character_skill_application_v6.cpp:59-89,106-120.",not_run,Capture branch-specific runtime trace or deterministic fixture and compare state writes and downstream effects against .local-inputs/ida-apk-export-2026-10-07/libraries/libDungeonHunter2.so/pseudocode/003b/003b3004.c and 0x3b3004.,P1,unassigned
GC-0113,skills,spell attack formula,libDungeonHunter2.so,0x3b3004,"Character::F_SpellAttack(AttackResult &, Character*, Character*, int, int)",port/level-world/character_skill_combat_v6.cpp; port/level-world/character_current_spell_v1.cpp; port/level-world/character_skill_application_v6.cpp; port/android-native/app/src/main/cpp/renderer_player_cast_v2.inc,Verify projectile spell damage defers to impact in spell event path.,.local-inputs/ida-apk-export-2026-10-07/libraries/libDungeonHunter2.so/pseudocode/003b/003b3004.c; assembly-functions.asm @ 0x3b3004,partial,F_SpellAttack has no projectile branch. Event dispatcher separates do_spell; impact path not shown. character_melee_animation_event_v1.cpp:33-46.,not_run,Capture branch-specific runtime trace or deterministic fixture and compare state writes and downstream effects against .local-inputs/ida-apk-export-2026-10-07/libraries/libDungeonHunter2.so/pseudocode/003b/003b3004.c and 0x3b3004.,P1,unassigned
GC-0114,skills,spell attack formula,libDungeonHunter2.so,0x3b3004,"Character::F_SpellAttack(AttackResult &, Character*, Character*, int, int)",port/level-world/character_skill_combat_v6.cpp; port/level-world/character_current_spell_v1.cpp; port/level-world/character_skill_application_v6.cpp; port/android-native/app/src/main/cpp/renderer_player_cast_v2.inc,Verify cast-state owner clears spell after effects; not formula wrapper.,.local-inputs/ida-apk-export-2026-10-07/libraries/libDungeonHunter2.so/pseudocode/003b/003b3004.c; assembly-functions.asm @ 0x3b3004,partial,F_SpellAttack does not clear current spell; helper is read-only. character_current_spell_v1.cpp:6-22.,not_run,Capture branch-specific runtime trace or deterministic fixture and compare state writes and downstream effects against .local-inputs/ida-apk-export-2026-10-07/libraries/libDungeonHunter2.so/pseudocode/003b/003b3004.c and 0x3b3004.,P1,unassigned
GC-0115,AI/state,AI aggro update,libDungeonHunter2.so,0x3cf3f0,CharAI::_UpdateAggro(void),port/level-world/character_ai_update.cpp; port/level-world/character_update_aggro_v108.cpp; port/android-native/app/src/main/cpp/source_campaign_ai_queue_v105.cpp; port/android-native/app/src/main/cpp/source_campaign_script_ai_v118.cpp,Verify owner-dead/missing-process exits precede aggro work.,.local-inputs/ida-apk-export-2026-10-07/libraries/libDungeonHunter2.so/pseudocode/003c/003cf3f0.c; assembly-functions.asm @ 0x3cf3f0,partial,IDA returns immediately for dead owner; source starts player/faerie/delay queries without explicit owner-dead query. character_update_aggro_v108.cpp:9-17.,not_run,Capture branch-specific runtime trace or deterministic fixture and compare state writes and downstream effects against .local-inputs/ida-apk-export-2026-10-07/libraries/libDungeonHunter2.so/pseudocode/003c/003cf3f0.c and 0x3cf3f0.,P1,unassigned
GC-0116,AI/state,AI aggro update,libDungeonHunter2.so,0x3cf3f0,CharAI::_UpdateAggro(void),port/level-world/character_ai_update.cpp; port/level-world/character_update_aggro_v108.cpp; port/android-native/app/src/main/cpp/source_campaign_ai_queue_v105.cpp; port/android-native/app/src/main/cpp/source_campaign_script_ai_v118.cpp,Compare source aggro decay/persistence timer branch for existing target.,.local-inputs/ida-apk-export-2026-10-07/libraries/libDungeonHunter2.so/pseudocode/003c/003cf3f0.c; assembly-functions.asm @ 0x3cf3f0,implemented,"IDA defer/timer/reseed branches match source dt, defer counter, debug switch, random200+100. character_update_aggro_v108.cpp:17-27.",not_run,Capture branch-specific runtime trace or deterministic fixture and compare state writes and downstream effects against .local-inputs/ida-apk-export-2026-10-07/libraries/libDungeonHunter2.so/pseudocode/003c/003cf3f0.c and 0x3cf3f0.,P1,unassigned
GC-0117,AI/state,AI aggro update,libDungeonHunter2.so,0x3cf3f0,CharAI::_UpdateAggro(void),port/level-world/character_ai_update.cpp; port/level-world/character_update_aggro_v108.cpp; port/android-native/app/src/main/cpp/source_campaign_ai_queue_v105.cpp; port/android-native/app/src/main/cpp/source_campaign_script_ai_v118.cpp,Verify search provider enforces faction/targetability before returning candidates.,.local-inputs/ida-apk-export-2026-10-07/libraries/libDungeonHunter2.so/pseudocode/003c/003cf3f0.c; assembly-functions.asm @ 0x3cf3f0,partial,"Source classifies candidate relations but delegates search/radius and candidate filters to callbacks. character_update_aggro_v108.cpp:47-56,64-75.",not_run,Capture branch-specific runtime trace or deterministic fixture and compare state writes and downstream effects against .local-inputs/ida-apk-export-2026-10-07/libraries/libDungeonHunter2.so/pseudocode/003c/003cf3f0.c and 0x3cf3f0.,P1,unassigned
GC-0118,AI/state,AI aggro update,libDungeonHunter2.so,0x3cf3f0,CharAI::_UpdateAggro(void),port/level-world/character_ai_update.cpp; port/level-world/character_update_aggro_v108.cpp; port/android-native/app/src/main/cpp/source_campaign_ai_queue_v105.cpp; port/android-native/app/src/main/cpp/source_campaign_script_ai_v118.cpp,Verify highest-threat switch threshold against current threat and authored factor.,.local-inputs/ida-apk-export-2026-10-07/libraries/libDungeonHunter2.so/pseudocode/003c/003cf3f0.c; assembly-functions.asm @ 0x3cf3f0,partial,IDA function compares current/highest threat using design factor; damage-source increments are outside this function. Source mirrors comparison. character_update_aggro_v108.cpp:34-42.,not_run,Capture branch-specific runtime trace or deterministic fixture and compare state writes and downstream effects against .local-inputs/ida-apk-export-2026-10-07/libraries/libDungeonHunter2.so/pseudocode/003c/003cf3f0.c and 0x3cf3f0.,P1,unassigned
GC-0119,AI/state,AI aggro update,libDungeonHunter2.so,0x3cf3f0,CharAI::_UpdateAggro(void),port/level-world/character_ai_update.cpp; port/level-world/character_update_aggro_v108.cpp; port/android-native/app/src/main/cpp/source_campaign_ai_queue_v105.cpp; port/android-native/app/src/main/cpp/source_campaign_script_ai_v118.cpp,Verify highest-aggro provider returns source-equivalent eligible actor.,.local-inputs/ida-apk-export-2026-10-07/libraries/libDungeonHunter2.so/pseudocode/003c/003cf3f0.c; assembly-functions.asm @ 0x3cf3f0,partial,IDA gets highest aggro and switches only when threshold permits; source delegates highest/threat/factor. character_update_aggro_v108.cpp:34-42.,not_run,Capture branch-specific runtime trace or deterministic fixture and compare state writes and downstream effects against .local-inputs/ida-apk-export-2026-10-07/libraries/libDungeonHunter2.so/pseudocode/003c/003cf3f0.c and 0x3cf3f0.,P1,unassigned
GC-0120,AI/state,AI aggro update,libDungeonHunter2.so,0x3cf3f0,CharAI::_UpdateAggro(void),port/level-world/character_ai_update.cpp; port/level-world/character_update_aggro_v108.cpp; port/android-native/app/src/main/cpp/source_campaign_ai_queue_v105.cpp; port/android-native/app/src/main/cpp/source_campaign_script_ai_v118.cpp,Verify tracked-target leash search clears only when candidate list is empty.,.local-inputs/ida-apk-export-2026-10-07/libraries/libDungeonHunter2.so/pseudocode/003c/003cf3f0.c; assembly-functions.asm @ 0x3cf3f0,partial,IDA searches configured leash radius and clears current aggro/target when results empty; source delegates search and clear. character_update_aggro_v108.cpp:44-50.,not_run,Capture branch-specific runtime trace or deterministic fixture and compare state writes and downstream effects against .local-inputs/ida-apk-export-2026-10-07/libraries/libDungeonHunter2.so/pseudocode/003c/003cf3f0.c and 0x3cf3f0.,P1,unassigned
GC-0121,AI/state,AI aggro update,libDungeonHunter2.so,0x3cf3f0,CharAI::_UpdateAggro(void),port/level-world/character_ai_update.cpp; port/level-world/character_update_aggro_v108.cpp; port/android-native/app/src/main/cpp/source_campaign_ai_queue_v105.cpp; port/android-native/app/src/main/cpp/source_campaign_script_ai_v118.cpp,Verify current-handle resolution and clear branches; audit target-death removal separately.,.local-inputs/ida-apk-export-2026-10-07/libraries/libDungeonHunter2.so/pseudocode/003c/003cf3f0.c; assembly-functions.asm @ 0x3cf3f0,partial,IDA has no explicit target-dead test/event; only handle/highest resolution and clear branches. character_update_aggro_v108.cpp:34-56.,not_run,Capture branch-specific runtime trace or deterministic fixture and compare state writes and downstream effects against .local-inputs/ida-apk-export-2026-10-07/libraries/libDungeonHunter2.so/pseudocode/003c/003cf3f0.c and 0x3cf3f0.,P1,unassigned
GC-0122,AI/state,AI aggro update,libDungeonHunter2.so,0x3cf3f0,CharAI::_UpdateAggro(void),port/level-world/character_ai_update.cpp; port/level-world/character_update_aggro_v108.cpp; port/android-native/app/src/main/cpp/source_campaign_ai_queue_v105.cpp; port/android-native/app/src/main/cpp/source_campaign_script_ai_v118.cpp,Verify conditional AI_ClearAggro/null-target/sync sequence; clear-all is separate.,.local-inputs/ida-apk-export-2026-10-07/libraries/libDungeonHunter2.so/pseudocode/003c/003cf3f0.c; assembly-functions.asm @ 0x3cf3f0,partial,"IDA clears one current target, nulls target, syncs last target; no clear-all loop. Source mirrors conditional sequence. character_update_aggro_v108.cpp:44-50.",not_run,Capture branch-specific runtime trace or deterministic fixture and compare state writes and downstream effects against .local-inputs/ida-apk-export-2026-10-07/libraries/libDungeonHunter2.so/pseudocode/003c/003cf3f0.c and 0x3cf3f0.,P1,unassigned
GC-0123,AI/state,AI aggro update,libDungeonHunter2.so,0x3cf3f0,CharAI::_UpdateAggro(void),port/level-world/character_ai_update.cpp; port/level-world/character_update_aggro_v108.cpp; port/android-native/app/src/main/cpp/source_campaign_ai_queue_v105.cpp; port/android-native/app/src/main/cpp/source_campaign_script_ai_v118.cpp,Verify master/current-target branch's conditional local-player spotted aggro.,.local-inputs/ida-apk-export-2026-10-07/libraries/libDungeonHunter2.so/pseudocode/003c/003cf3f0.c; assembly-functions.asm @ 0x3cf3f0,partial,IDA monster/master path may add local player EnemySpottedAggro after search/relation; no generic follower propagation. character_update_aggro_v108.cpp:34-56.,not_run,Capture branch-specific runtime trace or deterministic fixture and compare state writes and downstream effects against .local-inputs/ida-apk-export-2026-10-07/libraries/libDungeonHunter2.so/pseudocode/003c/003cf3f0.c and 0x3cf3f0.,P1,unassigned
GC-0124,AI/state,AI aggro update,libDungeonHunter2.so,0x3cf3f0,CharAI::_UpdateAggro(void),port/level-world/character_ai_update.cpp; port/level-world/character_update_aggro_v108.cpp; port/android-native/app/src/main/cpp/source_campaign_ai_queue_v105.cpp; port/android-native/app/src/main/cpp/source_campaign_script_ai_v118.cpp,Paused update suppresses refresh without clearing retained target.,.local-inputs/ida-apk-export-2026-10-07/libraries/libDungeonHunter2.so/pseudocode/003c/003cf3f0.c; assembly-functions.asm @ 0x3cf3f0,implemented,Timer defer returns before refresh and leaves target untouched. character_update_aggro_v108.cpp:17-27.,not_run,Capture branch-specific runtime trace or deterministic fixture and compare state writes and downstream effects against .local-inputs/ida-apk-export-2026-10-07/libraries/libDungeonHunter2.so/pseudocode/003c/003cf3f0.c and 0x3cf3f0.,P1,unassigned
GC-0125,AI/state,AI melee command,libDungeonHunter2.so,0x3d01ac,"CharAI::AI_DoMeleeAttack(GameObject *, bool)",port/level-world/character_ai_attack.cpp; port/level-world/character_world_ai_can_attack_v1.cpp; port/android-native/app/src/main/cpp/renderer_npc_attack_frame_v1.inc; port/android-native/app/src/main/cpp/renderer_npc_melee_event_v1.inc,Verify owner/command guards precede target selection/state transition.,.local-inputs/ida-apk-export-2026-10-07/libraries/libDungeonHunter2.so/pseudocode/003d/003d01ac.c; assembly-functions.asm @ 0x3d01ac,partial,"IDA guard order: owner-dead, owner flag, ranged redirect, ongoing attack; source uses callbacks, target validation delegated. character_ai_attack.cpp:35-43,66-73.",not_run,Capture branch-specific runtime trace or deterministic fixture and compare state writes and downstream effects against .local-inputs/ida-apk-export-2026-10-07/libraries/libDungeonHunter2.so/pseudocode/003d/003d01ac.c and 0x3d01ac.,P1,unassigned
GC-0126,AI/state,AI melee command,libDungeonHunter2.so,0x3d01ac,"CharAI::AI_DoMeleeAttack(GameObject *, bool)",port/level-world/character_ai_attack.cpp; port/level-world/character_world_ai_can_attack_v1.cpp; port/android-native/app/src/main/cpp/renderer_npc_attack_frame_v1.inc; port/android-native/app/src/main/cpp/renderer_npc_melee_event_v1.inc,Secondary boolean reaches its own command branch.,.local-inputs/ida-apk-export-2026-10-07/libraries/libDungeonHunter2.so/pseudocode/003d/003d01ac.c; assembly-functions.asm @ 0x3d01ac,implemented,"IDA a3 passed to range redirect and gates final attack state; source `speculative` does both. character_ai_attack.cpp:35-39,66-73.",not_run,Capture branch-specific runtime trace or deterministic fixture and compare state writes and downstream effects against .local-inputs/ida-apk-export-2026-10-07/libraries/libDungeonHunter2.so/pseudocode/003d/003d01ac.c and 0x3d01ac.,P1,unassigned
GC-0127,AI/state,AI melee command,libDungeonHunter2.so,0x3d01ac,"CharAI::AI_DoMeleeAttack(GameObject *, bool)",port/level-world/character_ai_attack.cpp; port/level-world/character_world_ai_can_attack_v1.cpp; port/android-native/app/src/main/cpp/renderer_npc_attack_frame_v1.inc; port/android-native/app/src/main/cpp/renderer_npc_melee_event_v1.inc,Verify ongoing-attack plus last flag exits early; this is not a delay timer.,.local-inputs/ida-apk-export-2026-10-07/libraries/libDungeonHunter2.so/pseudocode/003d/003d01ac.c; assembly-functions.asm @ 0x3d01ac,partial,IDA has no attack-delay timer; gates ongoing attack with `last`. Source matches. character_ai_attack.cpp:40-43.,not_run,Capture branch-specific runtime trace or deterministic fixture and compare state writes and downstream effects against .local-inputs/ida-apk-export-2026-10-07/libraries/libDungeonHunter2.so/pseudocode/003d/003d01ac.c and 0x3d01ac.,P1,unassigned
GC-0128,AI/state,AI melee command,libDungeonHunter2.so,0x3d01ac,"CharAI::AI_DoMeleeAttack(GameObject *, bool)",port/level-world/character_ai_attack.cpp; port/level-world/character_world_ai_can_attack_v1.cpp; port/android-native/app/src/main/cpp/renderer_npc_attack_frame_v1.inc; port/android-native/app/src/main/cpp/renderer_npc_melee_event_v1.inc,Out-of-melee-range target does not set attack animation.,.local-inputs/ida-apk-export-2026-10-07/libraries/libDungeonHunter2.so/pseudocode/003d/003d01ac.c; assembly-functions.asm @ 0x3d01ac,implemented,IDA returns without SM_SetAttackState if non-speculative target not in melee range; source query returns early. character_ai_attack.cpp:71-73.,not_run,Capture branch-specific runtime trace or deterministic fixture and compare state writes and downstream effects against .local-inputs/ida-apk-export-2026-10-07/libraries/libDungeonHunter2.so/pseudocode/003d/003d01ac.c and 0x3d01ac.,P1,unassigned
GC-0129,AI/state,AI melee command,libDungeonHunter2.so,0x3d01ac,"CharAI::AI_DoMeleeAttack(GameObject *, bool)",port/level-world/character_ai_attack.cpp; port/level-world/character_world_ai_can_attack_v1.cpp; port/android-native/app/src/main/cpp/renderer_npc_attack_frame_v1.inc; port/android-native/app/src/main/cpp/renderer_npc_melee_event_v1.inc,Accepted action faces target before animation.,.local-inputs/ida-apk-export-2026-10-07/libraries/libDungeonHunter2.so/pseudocode/003d/003d01ac.c; assembly-functions.asm @ 0x3d01ac,implemented,IDA sets target before attack state; source target updates precede final set-state call. character_ai_attack.cpp:58-73.,not_run,Capture branch-specific runtime trace or deterministic fixture and compare state writes and downstream effects against .local-inputs/ida-apk-export-2026-10-07/libraries/libDungeonHunter2.so/pseudocode/003d/003d01ac.c and 0x3d01ac.,P1,unassigned
GC-0130,AI/state,AI melee command,libDungeonHunter2.so,0x3d01ac,"CharAI::AI_DoMeleeAttack(GameObject *, bool)",port/level-world/character_ai_attack.cpp; port/level-world/character_world_ai_can_attack_v1.cpp; port/android-native/app/src/main/cpp/renderer_npc_attack_frame_v1.inc; port/android-native/app/src/main/cpp/renderer_npc_melee_event_v1.inc,"Authored animation event triggers damage, not command entry.",.local-inputs/ida-apk-export-2026-10-07/libraries/libDungeonHunter2.so/pseudocode/003d/003d01ac.c; assembly-functions.asm @ 0x3d01ac,implemented,IDA command sets target/state but does not calculate hit; animation event dispatch is separate in source. character_ai_attack.cpp:66-73; character_melee_animation_event_v1.cpp:31-46.,not_run,Capture branch-specific runtime trace or deterministic fixture and compare state writes and downstream effects against .local-inputs/ida-apk-export-2026-10-07/libraries/libDungeonHunter2.so/pseudocode/003d/003d01ac.c and 0x3d01ac.,P1,unassigned
GC-0131,AI/state,AI melee command,libDungeonHunter2.so,0x3d01ac,"CharAI::AI_DoMeleeAttack(GameObject *, bool)",port/level-world/character_ai_attack.cpp; port/level-world/character_world_ai_can_attack_v1.cpp; port/android-native/app/src/main/cpp/renderer_npc_attack_frame_v1.inc; port/android-native/app/src/main/cpp/renderer_npc_melee_event_v1.inc,Accepted command stores callback target identity.,.local-inputs/ida-apk-export-2026-10-07/libraries/libDungeonHunter2.so/pseudocode/003d/003d01ac.c; assembly-functions.asm @ 0x3d01ac,implemented,"IDA AI_SetTarget stores accepted target; source routes via attack_set_target and state target. character_ai_attack.cpp:18,58-69.",not_run,Capture branch-specific runtime trace or deterministic fixture and compare state writes and downstream effects against .local-inputs/ida-apk-export-2026-10-07/libraries/libDungeonHunter2.so/pseudocode/003d/003d01ac.c and 0x3d01ac.,P1,unassigned
GC-0132,AI/state,AI melee command,libDungeonHunter2.so,0x3d01ac,"CharAI::AI_DoMeleeAttack(GameObject *, bool)",port/level-world/character_ai_attack.cpp; port/level-world/character_world_ai_can_attack_v1.cpp; port/android-native/app/src/main/cpp/renderer_npc_attack_frame_v1.inc; port/android-native/app/src/main/cpp/renderer_npc_melee_event_v1.inc,Verify attack state only follows accepted command; audit AIS OnAttack in animation callback separately.,.local-inputs/ida-apk-export-2026-10-07/libraries/libDungeonHunter2.so/pseudocode/003d/003d01ac.c; assembly-functions.asm @ 0x3d01ac,partial,IDA has no OnAttack/timer mutation; it requests SM_SetAttackState after acceptance. OnAttack occurs in animation callback. character_ai_attack.cpp:66-73.,not_run,Capture branch-specific runtime trace or deterministic fixture and compare state writes and downstream effects against .local-inputs/ida-apk-export-2026-10-07/libraries/libDungeonHunter2.so/pseudocode/003d/003d01ac.c and 0x3d01ac.,P1,unassigned
GC-0133,AI/state,AI melee command,libDungeonHunter2.so,0x3d01ac,"CharAI::AI_DoMeleeAttack(GameObject *, bool)",port/level-world/character_ai_attack.cpp; port/level-world/character_world_ai_can_attack_v1.cpp; port/android-native/app/src/main/cpp/renderer_npc_attack_frame_v1.inc; port/android-native/app/src/main/cpp/renderer_npc_melee_event_v1.inc,Verify stun/interrupt cancellation in state/event owner; AI_DoMeleeAttack only selects target and requests state.,.local-inputs/ida-apk-export-2026-10-07/libraries/libDungeonHunter2.so/pseudocode/003d/003d01ac.c; assembly-functions.asm @ 0x3d01ac,partial,No stun/interrupt cancellation in cited IDA function or source command. Cancellation belongs to state/event owner. character_ai_attack.cpp:35-73.,not_run,Capture branch-specific runtime trace or deterministic fixture and compare state writes and downstream effects against .local-inputs/ida-apk-export-2026-10-07/libraries/libDungeonHunter2.so/pseudocode/003d/003d01ac.c and 0x3d01ac.,P1,unassigned
GC-0134,AI/state,AI melee command,libDungeonHunter2.so,0x3d01ac,"CharAI::AI_DoMeleeAttack(GameObject *, bool)",port/level-world/character_ai_attack.cpp; port/level-world/character_world_ai_can_attack_v1.cpp; port/android-native/app/src/main/cpp/renderer_npc_attack_frame_v1.inc; port/android-native/app/src/main/cpp/renderer_npc_melee_event_v1.inc,Melee command starts attack state only after its target/range branch accepts the command.,.local-inputs/ida-apk-export-2026-10-07/libraries/libDungeonHunter2.so/pseudocode/003d/003d01ac.c; assembly-functions.asm @ 0x3d01ac,partial,"IDA 0x3d01ac is command selection/start, not completion; it calls AI_SetTarget and conditionally SM_SetAttackState. Port character_ai_attack.cpp:35-73 implements entry only.",not_run,Capture branch-specific runtime trace or deterministic fixture and compare state writes and downstream effects against .local-inputs/ida-apk-export-2026-10-07/libraries/libDungeonHunter2.so/pseudocode/003d/003d01ac.c and 0x3d01ac.,P1,unassigned
GC-0135,AI/state,ranged attack command,libDungeonHunter2.so,0x3d076c,"CharAI::AI_DoRangeAttack(GameObject *, bool)",port/level-world/character_ranged_attack_v41.cpp; port/level-world/character_world_ranged_attack_v41.cpp; port/android-native/app/src/main/cpp/renderer_npc_attack_frame_v1.inc; port/android-native/app/src/main/cpp/renderer_campaign_projectiles_v111.inc,CanRangeAttack failure does not silently substitute melee attack.,.local-inputs/ida-apk-export-2026-10-07/libraries/libDungeonHunter2.so/pseudocode/003d/003d076c.c; assembly-functions.asm @ 0x3d076c,implemented,IDA 0x3d076c calls CanRangeAttack and routes false to AI_DoMeleeAttack. Port character_ranged_attack_v41.cpp:13-14 routes disabled range parameters through melee_fallback; renderer_npc_attack_frame_v1.inc:34-39 provides backend. Runtime unverified.,not_run,Capture branch-specific runtime trace or deterministic fixture and compare state writes and downstream effects against .local-inputs/ida-apk-export-2026-10-07/libraries/libDungeonHunter2.so/pseudocode/003d/003d076c.c and 0x3d076c.,P1,unassigned
GC-0136,AI/state,ranged attack command,libDungeonHunter2.so,0x3d076c,"CharAI::AI_DoRangeAttack(GameObject *, bool)",port/level-world/character_ranged_attack_v41.cpp; port/level-world/character_world_ranged_attack_v41.cpp; port/android-native/app/src/main/cpp/renderer_npc_attack_frame_v1.inc; port/android-native/app/src/main/cpp/renderer_campaign_projectiles_v111.inc,Range availability is checked before ranged target search/state start; verify any sight predicate in the called range/search routines.,.local-inputs/ida-apk-export-2026-10-07/libraries/libDungeonHunter2.so/pseudocode/003d/003d076c.c; assembly-functions.asm @ 0x3d076c,partial,"IDA 0x3d076c gets range parameters before search/state start. Port character_ranged_attack_v41.cpp:13-15,24-50 follows this ordering. A distinct sight test is not shown by this pseudocode; search semantics are delegated.",not_run,Capture branch-specific runtime trace or deterministic fixture and compare state writes and downstream effects against .local-inputs/ida-apk-export-2026-10-07/libraries/libDungeonHunter2.so/pseudocode/003d/003d076c.c and 0x3d076c.,P1,unassigned
GC-0137,AI/state,ranged attack command,libDungeonHunter2.so,0x3d076c,"CharAI::AI_DoRangeAttack(GameObject *, bool)",port/level-world/character_ranged_attack_v41.cpp; port/level-world/character_world_ranged_attack_v41.cpp; port/android-native/app/src/main/cpp/renderer_npc_attack_frame_v1.inc; port/android-native/app/src/main/cpp/renderer_campaign_projectiles_v111.inc,Accepted range command stores the selected target and turns the actor toward it.,.local-inputs/ida-apk-export-2026-10-07/libraries/libDungeonHunter2.so/pseudocode/003d/003d076c.c; assembly-functions.asm @ 0x3d076c,implemented,IDA 0x3d076c calls AI_SetTarget for a selected target then LookAt. Port character_ranged_attack_v41.cpp:43-48 sets target then looks at selected target. Projectile payload is outside this command function; runtime unverified.,not_run,Capture branch-specific runtime trace or deterministic fixture and compare state writes and downstream effects against .local-inputs/ida-apk-export-2026-10-07/libraries/libDungeonHunter2.so/pseudocode/003d/003d076c.c and 0x3d076c.,P1,unassigned
GC-0138,AI/state,ranged attack command,libDungeonHunter2.so,0x003D076C; 0x003D4434,"CharAI::AI_DoRangeAttack(GameObject *, bool)",port/level-world/character_ranged_attack_v41.cpp; port/level-world/character_world_ranged_attack_v41.cpp; port/android-native/app/src/main/cpp/renderer_npc_attack_frame_v1.inc; port/android-native/app/src/main/cpp/renderer_campaign_projectiles_v111.inc; port/level-world/character_melee_animation_event_v1.cpp; port/android-native/app/src/main/cpp/source_campaign_character_fsm_v101.cpp,"Verify ranged attack command entry only selects/turns toward the target and starts attack state, and the authored attack_ranged/attack_mainhand/do_skill event in attacking state obtains the actual projectile row and invokes ProjectileManager::Spawn through a bound live continuation.",Second review pseudocode references: pseudocode/003d/003d076c.c; pseudocode/003d/003d4434.c:40-63,disconnected,"IDA AI_DoRangeAttack 0x3d076c (pseudocode/003d/003d076c.c) selects/turns toward targets and starts attack state; it does not spawn. Positive event-side evidence is CharAI::_OnAnimEvent 0x3d4434 (pseudocode/003d/003d4434.c:40-63): attacking state + CanRangeAttack + attack_ranged/attack_mainhand/do_skill invokes ProjectileManager::Spawn. port/level-world/character_ranged_attack_v41.cpp:7-56 has only command selection/state services; port/level-world/character_melee_animation_event_v1.cpp:34-36 and :46 dispatch the corresponding projectile operation from the authored event. Actual campaign connection reaches this dispatcher at port/android-native/app/src/main/cpp/source_campaign_character_fsm_v101.cpp:1114-1137, but :1131 supplies only the CanRangeAttack boolean (not projectile output), and :1132 delegates spawn. Its bound continuation in renderer_character_campaign_v62.inc:33 reaches source_campaign_combat_v115.cpp:196-199, which rejects every operation except melee_event_attack, including melee_event_projectile. The NPC ranged command redirect also explicitly fails at source_campaign_character_fsm_v101.cpp:174-175 instead of calling the existing ranged owner. Thus separation is represented in reusable source, but the live campaign ranged-command/event-to-ProjectileManager spawn route is disconnected. No runtime claim.",not_run,Capture branch-specific runtime trace or deterministic fixture and compare state writes and downstream effects against .local-inputs/ida-apk-export-2026-10-07/libraries/libDungeonHunter2.so/pseudocode/003d/003d076c.c and 0x3d076c.,P1,unassigned
GC-0139,AI/state,ranged attack command,libDungeonHunter2.so,0x003D4434;0x003FFEBC,"CharAI::AI_DoRangeAttack(GameObject *, bool)",port/level-world/character_ranged_attack_v41.cpp; port/level-world/character_world_ranged_attack_v41.cpp; port/android-native/app/src/main/cpp/renderer_npc_attack_frame_v1.inc; port/android-native/app/src/main/cpp/renderer_campaign_projectiles_v111.inc; port/level-world/character_melee_animation_event_v1.cpp; port/android-native/app/src/main/cpp/renderer_player_melee_event_v1.inc; port/android-native/app/src/main/cpp/source_campaign_projectile_methods_v112.cpp,"For normal ranged attacks, the attack animation event uses the projectile-table ID returned by Character::CanRangeAttack from the active weapon/property source and spawns with the source CharAI::_HandleProjectile callback and original owner/target/check/userdata/crit arguments.",Second review pseudocode references: pseudocode/003d/003d4434.c:40-63; pseudocode/003f/003ffebc.c:12-18,partial,"The original row cites the wrong stage and calls a projectile-table ID a damager ID. CharAI::AI_DoRangeAttack 0x3d076c only selects/orients targets and enters attack state. Actual source behavior is CharAI::_OnAnimEvent 0x3d4434 (pseudocode/003d/003d4434.c:40-63): state 5 queries Character::CanRangeAttack output v21 and passes that projectile-table ID to Spawn with owner, null target/check/userdata, CharAI::_HandleProjectile hit callback and false crit. ItemInventory::CanRangeAttack 0x3ffebc (pseudocode/003f/003ffebc.c:12-18) reads selected equipment and item words at 152/156/160. Port port/level-world/character_world_ranged_attack_v41.cpp:15-23 reads the actual selected main-hand ItemTable words38-40, and port/level-world/character_melee_animation_event_v1.cpp:34-46 carries r.projectile into the projectile service. However port/android-native/app/src/main/cpp/renderer_player_melee_event_v1.inc:27-34 explicitly fails positive CanRangeAttack because the projectile output adapter is missing, and :45 has no melee_event_projectile provider. Skill projectile support exists independently at port/android-native/app/src/main/cpp/source_campaign_projectile_methods_v112.cpp:207-228; it does not complete normal weapon ranged event output/Spawn. Static source only; runtime not checked.",not_run,Capture branch-specific runtime trace or deterministic fixture and compare state writes and downstream effects against .local-inputs/ida-apk-export-2026-10-07/libraries/libDungeonHunter2.so/pseudocode/003d/003d076c.c and 0x3d076c.,P1,unassigned
GC-0140,AI/state,ranged attack command,libDungeonHunter2.so,0x3d076c,"CharAI::AI_DoRangeAttack(GameObject *, bool)",port/level-world/character_ranged_attack_v41.cpp; port/level-world/character_world_ranged_attack_v41.cpp; port/android-native/app/src/main/cpp/renderer_npc_attack_frame_v1.inc; port/android-native/app/src/main/cpp/renderer_campaign_projectiles_v111.inc,An already-active ranged attack with the source continuation flag set returns before another target search.,.local-inputs/ida-apk-export-2026-10-07/libraries/libDungeonHunter2.so/pseudocode/003d/003d076c.c; assembly-functions.asm @ 0x3d076c,partial,"IDA 0x3d076c returns when attacking and CharAI byte 121 is set; it shows no range-delay timer. Port character_ranged_attack_v41.cpp:16-19 checks attacking/state.last and returns, with no expiry check.",not_run,Capture branch-specific runtime trace or deterministic fixture and compare state writes and downstream effects against .local-inputs/ida-apk-export-2026-10-07/libraries/libDungeonHunter2.so/pseudocode/003d/003d076c.c and 0x3d076c.,P1,unassigned
GC-0141,AI/state,ranged attack command,libDungeonHunter2.so,0x003CC280,"CharAI::AI_DoRangeAttack(GameObject *, bool)",port/level-world/character_ranged_attack_v41.cpp; port/level-world/character_world_ranged_attack_v41.cpp; port/android-native/app/src/main/cpp/renderer_npc_attack_frame_v1.inc; port/android-native/app/src/main/cpp/renderer_campaign_projectiles_v111.inc; port/android-native/app/src/main/cpp/source_campaign_projectile_methods_v112.cpp; port/android-native/app/src/main/cpp/renderer_player_melee_event_v1.inc,"The normal ranged CharAI::_HandleProjectile callback dispatches OnProjectileHit, applies F_MeleeAttack and F_ApplyResult for Character collision victims with source offhand/crit arguments, and returns 1 iff combat result mask &3 is nonzero; non-Character interaction8 victims receive source activation.",Second review pseudocode references: pseudocode/003c/003cc280.c:54-71,missing,"Original expected behavior is reversed: result application is not gated by a later hit receipt. CharAI::AI_DoRangeAttack 0x3d076c contains no impact processing. CharAI::_HandleProjectile 0x3cc280 (pseudocode/003c/003cc280.c:54-71) dispatches owner OnProjectileHit, handles non-Character interaction8 activation, and for a Character executes F_MeleeAttack(offhand=false, actual crit byte) then F_ApplyResult before returning whether result mask &3 is nonzero. The native campaign projectile callback dispatcher port/android-native/app/src/main/cpp/source_campaign_projectile_methods_v112.cpp:65-66 explicitly accepts only skill callback IDs 0x3dae7c/0x3daff4 and rejects ordinary CharAI::_HandleProjectile 0x3cc280; :84-97 implements those Skill callbacks, not this Character combat callback. Repository source searches found no implementation of the ordinary callback; port/android-native/app/src/main/cpp/renderer_player_melee_event_v1.inc:34,45 also blocks ordinary ranged spawn. Existing shared projectile update and combat kernels do not supply the missing ordinary callback adapter. Classification is bounded to that callback behavior; not a claim that projectile or combat systems are wholly absent. Static source only; runtime not checked.",not_run,Capture branch-specific runtime trace or deterministic fixture and compare state writes and downstream effects against .local-inputs/ida-apk-export-2026-10-07/libraries/libDungeonHunter2.so/pseudocode/003d/003d076c.c and 0x3d076c.,P1,unassigned
GC-0142,AI/state,ranged attack command,libDungeonHunter2.so,0x3d076c,"CharAI::AI_DoRangeAttack(GameObject *, bool)",port/level-world/character_ranged_attack_v41.cpp; port/level-world/character_world_ranged_attack_v41.cpp; port/android-native/app/src/main/cpp/renderer_npc_attack_frame_v1.inc; port/android-native/app/src/main/cpp/renderer_campaign_projectiles_v111.inc,Target invalidation before launch follows source cancellation/redirect branch.,.local-inputs/ida-apk-export-2026-10-07/libraries/libDungeonHunter2.so/pseudocode/003d/003d076c.c; assembly-functions.asm @ 0x3d076c,implemented,IDA 0x3d076c checks current target attackability/death on continuation and searches when invalid. Port character_ranged_attack_v41.cpp:29-40 mirrors CanAttack/current-target-dead then search. Runtime unverified.,not_run,Capture branch-specific runtime trace or deterministic fixture and compare state writes and downstream effects against .local-inputs/ida-apk-export-2026-10-07/libraries/libDungeonHunter2.so/pseudocode/003d/003d076c.c and 0x3d076c.,P1,unassigned
GC-0143,AI/state,ranged attack command,libDungeonHunter2.so,0x003D3E44,"CharAI::AI_DoRangeAttack(GameObject *, bool)",port/level-world/character_ranged_attack_v41.cpp; port/level-world/character_world_ranged_attack_v41.cpp; port/android-native/app/src/main/cpp/renderer_npc_attack_frame_v1.inc; port/android-native/app/src/main/cpp/renderer_campaign_projectiles_v111.inc; port/level-world/character_attack_animation_v1.cpp; port/android-native/app/src/main/cpp/source_campaign_character_fsm_v101.cpp,"Attack-step completion uses the combo, continuation, step-index and CanRangeAttack gates for nonsticky-target cleanup; it does not unconditionally clear ranged targets or an assumed pending projectile.",Second review pseudocode references: pseudocode/003d/003d076c.c; pseudocode/003d/003d3e44.c,implemented,"Original check overstates the IDA contract: CharAI::AI_DoRangeAttack 0x3d076c (.local-inputs/ida-apk-export-2026-10-07/libraries/libDungeonHunter2.so/pseudocode/003d/003d076c.c) contains command selection/state entry and no pending-projectile completion cleanup. Broader completion owner CharAI::_OnAnimStepEnd_Attack 0x3d3e44 (pseudocode/003d/003d3e44.c) exits immediately without HasComboAttack; depth-zero last-step clears nonsticky target only when continued XOR 1 is nonzero, otherwise loops to step zero; an earlier step clears only when noncontinuing and CanRangeAttack is false. Port/level-world/character_animation_ai.cpp:51-63 and port/level-world/character_attack_animation_v1.cpp:49-74 reproduce these conditional completion branches; actual target binding is port/android-native/app/src/main/cpp/source_campaign_character_fsm_v101.cpp:1091 and player binding renderer_player_attack_animation_v1.inc:42-47. This verdict covers conditional target completion behavior after correcting the unsupported pending-payload premise; static only.",not_run,Capture branch-specific runtime trace or deterministic fixture and compare state writes and downstream effects against .local-inputs/ida-apk-export-2026-10-07/libraries/libDungeonHunter2.so/pseudocode/003d/003d076c.c and 0x3d076c.,P1,unassigned
GC-0144,AI/state,ranged attack command,libDungeonHunter2.so,0x003D4434,"CharAI::AI_DoRangeAttack(GameObject *, bool)",port/level-world/character_ranged_attack_v41.cpp; port/level-world/character_world_ranged_attack_v41.cpp; port/android-native/app/src/main/cpp/renderer_npc_attack_frame_v1.inc; port/android-native/app/src/main/cpp/renderer_campaign_projectiles_v111.inc; port/android-native/app/src/main/cpp/source_campaign_character_fsm_v101.cpp,"After interruption moves the actor out of attack state 5, ranged attack animation markers must not launch an attack projectile; audit the current-state gate rather than assuming an unlaunched payload already exists.",Second review pseudocode references: pseudocode/003d/003d4434.c,implemented,"Original unlaunched-payload-removal assertion is unsupported by cited AI_DoRangeAttack 0x3d076c. Broader CharAI::_OnAnimEvent 0x3d4434 (.local-inputs/ida-apk-export-2026-10-07/libraries/libDungeonHunter2.so/pseudocode/003d/003d4434.c) creates the projectile directly through ProjectileManager::Spawn only in state 5 after CanRangeAttack and attack_ranged/attack_mainhand/do_skill marker checks; it provides no preallocated-payload cancellation contract. Port/level-world/character_melee_animation_event_v1.cpp:31-45 gates projectile dispatch on current state 5 and those markers. Actual campaign binding reads the same FSM state in port/android-native/app/src/main/cpp/source_campaign_character_fsm_v101.cpp:1120 and invokes that dispatcher at :1137. Thus a ranged marker after an interrupt has changed the actor out of state 5 cannot launch the attack projectile. Verdict covers this corrected suppression contract, not successful projectile spawning or a claim about animation-stop details; static only.",not_run,Capture branch-specific runtime trace or deterministic fixture and compare state writes and downstream effects against .local-inputs/ida-apk-export-2026-10-07/libraries/libDungeonHunter2.so/pseudocode/003d/003d076c.c and 0x3d076c.,P1,unassigned
GC-0145,AI/state,AI death callback,libDungeonHunter2.so,0x3d1000,CharAI::OnDied(GameObject *),port/level-world/character_ai_death.cpp; port/level-world/character_ais_death_vm_v56.cpp; port/level-world/npc_death_owner_v2.cpp; port/android-native/app/src/main/cpp/renderer_npc_death_v2.inc,Death callback sets terminal AI state and blocks the next action update.,.local-inputs/ida-apk-export-2026-10-07/libraries/libDungeonHunter2.so/pseudocode/003d/003d1000.c; assembly-functions.asm @ 0x3d1000,implemented,IDA 0x3d1000 invokes AI_SetDead after optional group/AIS callbacks. Port character_ai_death.cpp:22-33 implements target/timer/aggro/skill cleanup; character_death_owner_v56.cpp:36-43 routes state/cleanup. Runtime unverified.,not_run,Capture branch-specific runtime trace or deterministic fixture and compare state writes and downstream effects against .local-inputs/ida-apk-export-2026-10-07/libraries/libDungeonHunter2.so/pseudocode/003d/003d1000.c and 0x3d1000.,P1,unassigned
GC-0146,AI/state,AI death callback,libDungeonHunter2.so,0x3d1000,CharAI::OnDied(GameObject *),port/level-world/character_ai_death.cpp; port/level-world/character_ais_death_vm_v56.cpp; port/level-world/npc_death_owner_v2.cpp; port/android-native/app/src/main/cpp/renderer_npc_death_v2.inc,Killer identity forwards to script/death event.,.local-inputs/ida-apk-export-2026-10-07/libraries/libDungeonHunter2.so/pseudocode/003d/003d1000.c; assembly-functions.asm @ 0x3d1000,implemented,IDA 0x3d1000 forwards killer a2 to group and active-AIS callbacks. Port character_ai_death.cpp:41-43 forwards attacker; canonical_character_death_v84.cpp:41-44 binds AIS callback. Runtime unverified.,not_run,Capture branch-specific runtime trace or deterministic fixture and compare state writes and downstream effects against .local-inputs/ida-apk-export-2026-10-07/libraries/libDungeonHunter2.so/pseudocode/003d/003d1000.c and 0x3d1000.,P1,unassigned
GC-0147,AI/state,AI death callback,libDungeonHunter2.so,0x3d1000,CharAI::OnDied(GameObject *),port/level-world/character_ai_death.cpp; port/level-world/character_ais_death_vm_v56.cpp; port/level-world/npc_death_owner_v2.cpp; port/android-native/app/src/main/cpp/renderer_npc_death_v2.inc,The AIS death callback is invoked only when an active AIS exists.,.local-inputs/ida-apk-export-2026-10-07/libraries/libDungeonHunter2.so/pseudocode/003d/003d1000.c; assembly-functions.asm @ 0x3d1000,partial,"IDA 0x3d1000 gates AIS callback on active AIS, not visibility. Port character_ai_death.cpp:42 invokes only when active and validates its virtual; no visibility condition.",not_run,Capture branch-specific runtime trace or deterministic fixture and compare state writes and downstream effects against .local-inputs/ida-apk-export-2026-10-07/libraries/libDungeonHunter2.so/pseudocode/003d/003d1000.c and 0x3d1000.,P1,unassigned
GC-0148,AI/state,AI death callback,libDungeonHunter2.so,0x3d1000,CharAI::OnDied(GameObject *),port/level-world/character_ai_death.cpp; port/level-world/character_ais_death_vm_v56.cpp; port/level-world/npc_death_owner_v2.cpp; port/android-native/app/src/main/cpp/renderer_npc_death_v2.inc,AI_SetDead clears target/aggro state and performs death cleanup.,.local-inputs/ida-apk-export-2026-10-07/libraries/libDungeonHunter2.so/pseudocode/003d/003d1000.c; assembly-functions.asm @ 0x3d1000,implemented,"IDA OnDied calls AI_SetDead. Port character_ai_death.cpp:23-32 clears target/last target, timers, aggro, skills and spells; character_death_owner_v56.cpp:40-43 routes cleanup. Runtime unverified.",not_run,Capture branch-specific runtime trace or deterministic fixture and compare state writes and downstream effects against .local-inputs/ida-apk-export-2026-10-07/libraries/libDungeonHunter2.so/pseudocode/003d/003d1000.c and 0x3d1000.,P1,unassigned
GC-0149,AI/state,AI death callback,libDungeonHunter2.so,0x3d1000,CharAI::OnDied(GameObject *),port/level-world/character_ai_death.cpp; port/level-world/character_ais_death_vm_v56.cpp; port/level-world/npc_death_owner_v2.cpp; port/android-native/app/src/main/cpp/renderer_npc_death_v2.inc,AI_SetDead selects actor death-state presentation through its state transition.,.local-inputs/ida-apk-export-2026-10-07/libraries/libDungeonHunter2.so/pseudocode/003d/003d1000.c; assembly-functions.asm @ 0x3d1000,partial,"IDA 0x3d1000 does not select animation/FX itself; it invokes AI_SetDead/state dispatch. Port canonical_character_death_v84.cpp:37,45 binds NpcDeadStateV1/set_dead, but authored animation/FX output is downstream and not proved here.",not_run,Capture branch-specific runtime trace or deterministic fixture and compare state writes and downstream effects against .local-inputs/ida-apk-export-2026-10-07/libraries/libDungeonHunter2.so/pseudocode/003d/003d1000.c and 0x3d1000.,P1,unassigned
GC-0150,AI/state,AI death callback,libDungeonHunter2.so,0x003A5B18; 0x003AD528,CharAI::OnDied(GameObject *),port/level-world/character_ai_death.cpp; port/level-world/character_ais_death_vm_v56.cpp; port/level-world/npc_death_owner_v2.cpp; port/android-native/app/src/main/cpp/renderer_npc_death_v2.inc; port/level-world/character_kill.cpp; port/level-world/combat_ctrl_kill_owner_v1.cpp; port/level-world/character_kill_rewards_live_v31.cpp,Preserve death sequencing: gated DropLoot occurs before contributor kill accounting; credited XP follows that accounting; Ctrl_Kill raises victim death event 2 after Kill returns.,Second review pseudocode references: pseudocode/003d/003d1000.c:6-13; pseudocode/003a/003a5b18.c:88-89; pseudocode/003a/003ad528.c:8-11,implemented,"Original wording incorrectly conflates loot and XP. IDA CharAI::OnDied 0x3d1000, pseudocode/003d/003d1000.c:6-13 only calls optional group/AIS then AI_SetDead. Broader IDA Character::Kill 0x3a5b18, pseudocode/003a/003a5b18.c:88-89 performs gated DropLoot BEFORE contributor counters at lines 123-124; credited XP occurs at line 172 AFTER those counters. IDA Ctrl_Kill 0x3ad528, pseudocode/003a/003ad528.c:8-11 raises victim event 2 after Kill returns. Source port/level-world/character_kill.cpp:54,68-81,112-113 mirrors this ordering; port/level-world/combat_ctrl_kill_owner_v1.cpp:20-24,35-36 publishes actual life authority around provider calls; port/level-world/character_kill_rewards_live_v31.cpp:6-13 routes ordered loot and XP requests; port/level-world/character_ai_death.cpp:41-43 and canonical_character_death_v84.cpp:79-90 deliver group/AIS/dead handling downstream. Static ordering implemented; no general actor-retirement or runtime assertion. If corrected check adopted, primary IDA function/address should become Character::Kill 0x3a5b18 and source list should include character_kill.cpp.",not_run,Capture branch-specific runtime trace or deterministic fixture and compare state writes and downstream effects against .local-inputs/ida-apk-export-2026-10-07/libraries/libDungeonHunter2.so/pseudocode/003d/003d1000.c and 0x3d1000.,P1,unassigned
GC-0151,AI/state,AI death callback,libDungeonHunter2.so,0x003A59AC; 0x003C34CC; 0x003C5294; 0x003C53EC,CharAI::OnDied(GameObject *),port/level-world/character_ai_death.cpp; port/level-world/character_ais_death_vm_v56.cpp; port/level-world/npc_death_owner_v2.cpp; port/android-native/app/src/main/cpp/renderer_npc_death_v2.inc; port/level-world/character_revive_owner_v1.cpp; port/level-world/canonical_character_candidate_v60.cpp,Locate the original owner and condition for any death-animation or death-FX cleanup during revive before treating that cleanup as a required implementation behavior; OnDied and Character::Revive do not establish such a requirement.,Second review pseudocode references: pseudocode/003d/003d1000.c:6-13; pseudocode/003a/003a59ac.c,unclear,"Unsupported original premise, rather than an established implementation gap. Cited IDA OnDied 0x3d1000, pseudocode/003d/003d1000.c:6-13 has no revive path. Actual IDA Character::Revive 0x3a59ac, pseudocode/003a/003a59ac.c resets life/HP/MP/network fields, optionally initializes physics and position, then updates skills; no death animation/FX handle clear. Broader IDA CSRevived::OnFocus 0x3c34cc selects revived animation; CSReviving::OnFocus 0x3c5294 selects reviving animation and clears/syncs target; CSRevived::OnBlur 0x3c53ec calls Revive(NULL,true), clears collision-disable byte and adds multiplayer highlight; CSReviving::OnBlur 0x3c6724 selects target revived state and clears collision-disable byte. None establish requested stale death-animation/effect handle cleanup. Source port/level-world/character_revive_owner_v1.cpp:13-31 follows actual Revive stores/call order; port/level-world/canonical_character_candidate_v60.cpp:150-174 binds it to actual actor/life/physical/skill services. Cannot infer missing cleanup from absent handle stores when original has no such requirement. Recommend retiring unsupported check or replacing it only after locating an original cleanup owner; do not mark it missing.",not_run,Capture branch-specific runtime trace or deterministic fixture and compare state writes and downstream effects against .local-inputs/ida-apk-export-2026-10-07/libraries/libDungeonHunter2.so/pseudocode/003d/003d1000.c and 0x3d1000.,P1,unassigned
GC-0152,AI/state,AI death callback,libDungeonHunter2.so,0x003A59AC; 0x003B3A70,CharAI::OnDied(GameObject *),port/level-world/character_ai_death.cpp; port/level-world/character_ais_death_vm_v56.cpp; port/level-world/npc_death_owner_v2.cpp; port/android-native/app/src/main/cpp/renderer_npc_death_v2.inc,"Revive conditionally raises event 3 when dead, rearms the low-health marker, clears dead, regenerates HP then MP, clears the remote marker, resets network fields online, and optionally initializes physics in source order.",Second review pseudocode references: pseudocode/003a/003a59ac.c:11-23; pseudocode/003b/003b3a70.c:3-4,implemented,"Original wording and anchor are too broad: CharAI::OnDied 0x3d1000 only dispatches group/script death notifications and AI_SetDead. Actual Character::Revive 0x3a59ac (.local-inputs/ida-apk-export-2026-10-07/libraries/libDungeonHunter2.so/pseudocode/003a/003a59ac.c:11-23) conditionally raises event 3 then sets byte5192=1/dead5193=0, calls _InitHpMp, clears byte280, resets network fields online, and optionally initializes physics. Port character_revive_owner_v1.cpp:14-20 matches those writes/order using the shared life authority. This is connected: canonical_character_candidate_v60.cpp:150-173 borrows the same actor life/state fields and binds services; :670-673 delivers _InitHpMp to character_script_init_vitals.cpp:40-42 (HP then MP regeneration). Character::_InitHpMp 0x3b3a70 pseudocode/003b/003b3a70.c:3-4 also calls RegenHP(-1) then RegenMP(-1). Change primary IDA anchor to Character::Revive 0x3a59ac and include the revive owner/canonical binding as source evidence. Static implemented for this bounded check; no claim about restoring all properties or runtime verification.",not_run,Capture branch-specific runtime trace or deterministic fixture and compare state writes and downstream effects against .local-inputs/ida-apk-export-2026-10-07/libraries/libDungeonHunter2.so/pseudocode/003d/003d1000.c and 0x3d1000.,P1,unassigned
GC-0153,AI/state,AI death callback,libDungeonHunter2.so,0x003A59AC; 0x003D8894,CharAI::OnDied(GameObject *),port/level-world/character_ai_death.cpp; port/level-world/character_ais_death_vm_v56.cpp; port/level-world/npc_death_owner_v2.cpp; port/android-native/app/src/main/cpp/renderer_npc_death_v2.inc,Revive invokes UpdateAllSkills only after life/vitals/remote/network/optional-physics and applicable offline-player position setup; successful completion is recorded after that final call.,Second review pseudocode references: pseudocode/003a/003a59ac.c:13-41; pseudocode/003d/003d8894.c,implemented,"AI timer resume is unsupported by either cited source function. CharAI::OnDied 0x3d1000 contains no revive operation; Character::Revive 0x3a59ac (.local-inputs/ida-apk-export-2026-10-07/libraries/libDungeonHunter2.so/pseudocode/003a/003a59ac.c:13-41) performs life/vitals/remote/network/optional-physics/offline-player-position setup then ends with UpdateAllSkills. Port character_revive_owner_v1.cpp:15-31 matches this ordering, invokes 0x3d8894 last, and :32 marks completion after successful delivery. canonical_character_candidate_v60.cpp:162-173 and :658-667 bind this to the player skill owner or NPC skill owner/source FSM gates and actual constructor empty vectors. CharAI::UpdateAllSkills 0x3d8894 pseudocode/003d/003d8894.c gates on using-skill/casting then iterates skills/spells; it contains no timer-resume instruction. Change primary IDA anchor to Character::Revive 0x3a59ac and source references to revive/canonical binding. The corrected ordering check is statically implemented; the discarded timer claim cannot establish a missing system.",not_run,Capture branch-specific runtime trace or deterministic fixture and compare state writes and downstream effects against .local-inputs/ida-apk-export-2026-10-07/libraries/libDungeonHunter2.so/pseudocode/003d/003d1000.c and 0x3d1000.,P1,unassigned
GC-0154,AI/state,AI death callback,libDungeonHunter2.so,0x003A5B18; 0x003AD528,CharAI::OnDied(GameObject *),port/level-world/character_ai_death.cpp; port/level-world/character_ais_death_vm_v56.cpp; port/level-world/npc_death_owner_v2.cpp; port/android-native/app/src/main/cpp/renderer_npc_death_v2.inc; port/level-world/character_kill.cpp,"Repeated Kill/Ctrl_Kill on a character whose dead flag remains set returns before loot, XP, quest rewards, and downstream death-event delivery; CharAI::OnDied itself has no once-only reward guard.",Second review pseudocode references: pseudocode/003d/003d1000.c:6-12; pseudocode/003a/003a5b18.c:55-59,implemented,"Original wording overclaims arbitrary death-event reward idempotence: IDA CharAI::OnDied 0x3d1000, pseudocode/003d/003d1000.c:6-12, performs group callback, AIS callback, AI_SetDead with no duplicate guard; port/level-world/character_ai_death.cpp:39-43 matches that sequence. The actual loot/reward gate is upstream: IDA Character::Kill 0x3a5b18, pseudocode/003a/003a5b18.c:55-59, returns on IsDead before setting dead1449 and before DropLoot/rewards. port/level-world/character_kill.cpp:37-40 and :110-114 implement both Kill and Ctrl_Kill dead gates; character_kill_live_v21.cpp:68 queries the SAME retained life.dead; combat_ctrl_kill_owner_v1.cpp:9-15, :20-24 publish the death store before callbacks, and :29-31 handle reentry after publication. Static evidence supports repeated Kill while still dead, not an absolute promise across Revive or arbitrary direct OnDied calls.",not_run,Capture branch-specific runtime trace or deterministic fixture and compare state writes and downstream effects against .local-inputs/ida-apk-export-2026-10-07/libraries/libDungeonHunter2.so/pseudocode/003d/003d1000.c and 0x3d1000.,P1,unassigned
GC-0155,death,character revive,libDungeonHunter2.so,0x3a59ac,"Character::Revive(GameObject *, bool)",port/level-world/canonical_character_death_v84.cpp; port/level-world/character_death_owner_v56.cpp; port/level-world/character_revive_owner_v1.cpp; port/android-native/app/src/main/cpp/renderer_player_death_v56.inc,"Revive raises event 3 only when source dead marker is set, then sets alive and clears dead markers.",.local-inputs/ida-apk-export-2026-10-07/libraries/libDungeonHunter2.so/pseudocode/003a/003a59ac.c; assembly-functions.asm @ 0x3a59ac,partial,"Revive 0x3a59ac does not reject nondead actors: if byte 5193 set, raise event 3; then unconditionally set alive byte 5192 and clear 5193. Port character_revive_owner_v1.cpp:14-15 mirrors marker logic but can fail later after mutation.",not_run,Capture branch-specific runtime trace or deterministic fixture and compare state writes and downstream effects against .local-inputs/ida-apk-export-2026-10-07/libraries/libDungeonHunter2.so/pseudocode/003a/003a59ac.c and 0x3a59ac.,P1,unassigned
GC-0156,death,character revive,libDungeonHunter2.so,0x3a59ac,"Character::Revive(GameObject *, bool)",port/level-world/canonical_character_death_v84.cpp; port/level-world/character_death_owner_v56.cpp; port/level-world/character_revive_owner_v1.cpp; port/android-native/app/src/main/cpp/renderer_player_death_v56.inc,Boolean mode reaches corresponding revive branch unchanged.,.local-inputs/ida-apk-export-2026-10-07/libraries/libDungeonHunter2.so/pseudocode/003a/003a59ac.c; assembly-functions.asm @ 0x3a59ac,implemented,IDA Revive 0x3a59ac calls InitPhysicalObject only when bool a3 is true. Port character_revive_owner_v1.cpp:20 gates corresponding call on physical; runtime unverified.,not_run,Capture branch-specific runtime trace or deterministic fixture and compare state writes and downstream effects against .local-inputs/ida-apk-export-2026-10-07/libraries/libDungeonHunter2.so/pseudocode/003a/003a59ac.c and 0x3a59ac.,P1,unassigned
GC-0157,death,character revive,libDungeonHunter2.so,0x3a59ac,"Character::Revive(GameObject *, bool)",port/level-world/canonical_character_death_v84.cpp; port/level-world/character_death_owner_v56.cpp; port/level-world/character_revive_owner_v1.cpp; port/android-native/app/src/main/cpp/renderer_player_death_v56.inc,Dead marker clears before AI and animation resume.,.local-inputs/ida-apk-export-2026-10-07/libraries/libDungeonHunter2.so/pseudocode/003a/003a59ac.c; assembly-functions.asm @ 0x3a59ac,implemented,"IDA Revive 0x3a59ac sets byte 5192 and clears 5193 before _InitHpMp and UpdateAllSkills. Port character_revive_owner_v1.cpp:14-16,31 matches order; runtime unverified.",not_run,Capture branch-specific runtime trace or deterministic fixture and compare state writes and downstream effects against .local-inputs/ida-apk-export-2026-10-07/libraries/libDungeonHunter2.so/pseudocode/003a/003a59ac.c and 0x3a59ac.,P1,unassigned
GC-0158,death,character revive,libDungeonHunter2.so,0x3a59ac,"Character::Revive(GameObject *, bool)",port/level-world/canonical_character_death_v84.cpp; port/level-world/character_death_owner_v56.cpp; port/level-world/character_revive_owner_v1.cpp; port/android-native/app/src/main/cpp/renderer_player_death_v56.inc,Revive calls _InitHpMp to restore HP/MP; verify the callee exact source-value and clamp semantics.,.local-inputs/ida-apk-export-2026-10-07/libraries/libDungeonHunter2.so/pseudocode/003a/003a59ac.c; assembly-functions.asm @ 0x3a59ac,partial,"IDA Revive calls _InitHpMp at 0x3b3a70; restoration/clamp semantics are in that callee, not this function. Port character_revive_owner_v1.cpp:16 delegates. Inspect _InitHpMp separately for clamp/source semantics.",not_run,Capture branch-specific runtime trace or deterministic fixture and compare state writes and downstream effects against .local-inputs/ida-apk-export-2026-10-07/libraries/libDungeonHunter2.so/pseudocode/003a/003a59ac.c and 0x3a59ac.,P1,unassigned
GC-0159,death,character revive,libDungeonHunter2.so,0x003A59AC,"Character::Revive(GameObject *, bool)",port/level-world/canonical_character_death_v84.cpp; port/level-world/character_death_owner_v56.cpp; port/level-world/character_revive_owner_v1.cpp; port/android-native/app/src/main/cpp/renderer_player_death_v56.inc,Revive clears source remote/death bookkeeping and resets online fields when online branch applies.,Second review pseudocode references: pseudocode/003a/003a59ac.c:11-20,implemented,"IDA Character::Revive 0x3a59ac, pseudocode/003a/003a59ac.c:11-20 raises event3 if dead1449, arms cue1448, clears dead1449, initializes HP/MP, clears ObjectBase byte118 (decimal280), and only when online byte5 is positive sets network110=-1/network114=0. port/level-world/character_revive_owner_v1.cpp:14-19 mirrors those writes and conditional query. Broader caller canonical_character_candidate_v60.cpp:150-157 borrows SAME life, inherited byte118, machine combat network_id, source_network114_v70 and invokes actual online_byte5; :172-174 invokes the revive owner and :669 routes source entry3a59ac into it. The prior unclear explanation already described matching semantics; neither IDA nor check requires killer-attribution/target clearing. Static implementation classification only.",not_run,Capture branch-specific runtime trace or deterministic fixture and compare state writes and downstream effects against .local-inputs/ida-apk-export-2026-10-07/libraries/libDungeonHunter2.so/pseudocode/003a/003a59ac.c and 0x3a59ac.,P1,unassigned
GC-0160,death,character revive,libDungeonHunter2.so,0x003A59AC; 0x003A4D5C; 0x003CBB34; 0x003D0F1C,"Character::Revive(GameObject *, bool)",port/level-world/canonical_character_death_v84.cpp; port/level-world/character_death_owner_v56.cpp; port/level-world/character_revive_owner_v1.cpp; port/android-native/app/src/main/cpp/renderer_player_death_v56.inc,"Revive ignores its incoming GameObject argument and, when dead, raises event 3 with a null payload.",Second review pseudocode references: pseudocode/003a/003a59ac.c:1-42,implemented,"Original check requires a callback payload the original never supplies. IDA Character::Revive 0x3a59ac, .local-inputs/ida-apk-export-2026-10-07/libraries/libDungeonHunter2.so/pseudocode/003a/003a59ac.c:1-42 never reads a2; line 12 explicitly calls RaiseEvent(3,nullptr). Assembly port/level-world/reference/object-save-restore-v3/helpers-original.asm:380-455 confirms incoming r1 is unused and 3a5a44/48 overwrite callback arguments with 3/null. port/level-world/character_revive_owner_v1.cpp:4 ignores the corresponding target, lines 8-14 construct null payload for event 3, and canonical_character_candidate_v60.cpp:150-173 forwards target only into that ignored signature. Broader original RaiseEvent 0x3a4d5c -> RaiseAIEvent 0x3cbb34 event 3 -> OnRevived 0x3d0f1c can call selected AIS, but receives null rather than supplied reviver. Static parity for corrected check; gameplay unverified.",not_run,Capture branch-specific runtime trace or deterministic fixture and compare state writes and downstream effects against .local-inputs/ida-apk-export-2026-10-07/libraries/libDungeonHunter2.so/pseudocode/003a/003a59ac.c and 0x3a59ac.,P1,unassigned
GC-0161,death,character revive,libDungeonHunter2.so,0x3a59ac,"Character::Revive(GameObject *, bool)",port/level-world/canonical_character_death_v84.cpp; port/level-world/character_death_owner_v56.cpp; port/level-world/character_revive_owner_v1.cpp; port/android-native/app/src/main/cpp/renderer_player_death_v56.inc,"When online mode is active, Revive resets source fields 68/69 to -1/0.",.local-inputs/ida-apk-export-2026-10-07/libraries/libDungeonHunter2.so/pseudocode/003a/003a59ac.c; assembly-functions.asm @ 0x3a59ac,partial,IDA Revive resets fields 68/69 to -1/0 only if GetOnline byte 5 is true; pseudocode does not identify them as death timers. Port character_revive_owner_v1.cpp:18-19 matches conditional reset; field meaning unconfirmed.,not_run,Capture branch-specific runtime trace or deterministic fixture and compare state writes and downstream effects against .local-inputs/ida-apk-export-2026-10-07/libraries/libDungeonHunter2.so/pseudocode/003a/003a59ac.c and 0x3a59ac.,P1,unassigned
GC-0162,death,character revive,libDungeonHunter2.so,0x003A59AC; 0x003D0F1C,"Character::Revive(GameObject *, bool)",port/level-world/canonical_character_death_v84.cpp; port/level-world/character_death_owner_v56.cpp; port/level-world/character_revive_owner_v1.cpp; port/android-native/app/src/main/cpp/renderer_player_death_v56.inc,"Revive itself does not directly re-enter Kill/OnDied or allocate loot, XP, or death rewards.",Second review pseudocode references: pseudocode/003a/003a59ac.c:11-41,implemented,"Bound claim to the direct function: IDA Character::Revive 0x3a59ac, .local-inputs/ida-apk-export-2026-10-07/libraries/libDungeonHunter2.so/pseudocode/003a/003a59ac.c:11-41 contains event 3, vitals/online/physics/player/floor/position setup and UpdateAllSkills; no direct Kill, OnDied, drop, XP or reward call. port/level-world/character_revive_owner_v1.cpp:14-31 preserves that call set, and canonical_character_candidate_v60.cpp:155-169 dispatches the matching helpers without direct reward allocation. Broader original event3 reaches CharAI::OnRevived 0x3d0f1c, whose pseudocode stops/restarts AI/DoT timers and optionally invokes AIS OnRevived. Original wording asserted a global duplicate-reward guarantee not established by this function; selected script effects and later death/drop cycles require separate evidence. Corrected direct-function absence is implemented in source; no runtime assertion.",not_run,Capture branch-specific runtime trace or deterministic fixture and compare state writes and downstream effects against .local-inputs/ida-apk-export-2026-10-07/libraries/libDungeonHunter2.so/pseudocode/003a/003a59ac.c and 0x3a59ac.,P1,unassigned
GC-0163,death,character revive,libDungeonHunter2.so,0x003A59AC; 0x003D8894,"Character::Revive(GameObject *, bool)",port/level-world/canonical_character_death_v84.cpp; port/level-world/character_death_owner_v56.cpp; port/level-world/character_revive_owner_v1.cpp; port/android-native/app/src/main/cpp/renderer_player_death_v56.inc; port/level-world/canonical_character_candidate_v60.cpp; port/level-world/character_player_skills_v6.cpp,Revive performs UpdateAllSkills after alive/property/position setup.,Second review pseudocode references: pseudocode/003a/003a59ac.c:13-41,implemented,"IDA Character::Revive 0x3a59ac, .local-inputs/ida-apk-export-2026-10-07/libraries/libDungeonHunter2.so/pseudocode/003a/003a59ac.c:13-41 resets life, initializes HP/MP, optionally initializes physical state/repositions the player, then unconditionally calls CharAI::UpdateAllSkills. port/level-world/character_revive_owner_v1.cpp:14-31 preserves that order and last call. This is connected: port/level-world/canonical_character_candidate_v60.cpp:150-174 binds Revive callbacks, dispatches 0x3d8894 to the actual player skill owner at :162-163, or init_service at :167-168; :658-667 dispatches the same call to player/NPC skill update or the source empty-vector/FSM branch. port/level-world/character_player_skills_v6.cpp:40-45 executes the skill owner update. The row-specific ordering is implemented; runtime remains unverified.",not_run,Capture branch-specific runtime trace or deterministic fixture and compare state writes and downstream effects against .local-inputs/ida-apk-export-2026-10-07/libraries/libDungeonHunter2.so/pseudocode/003a/003a59ac.c and 0x3a59ac.,P1,unassigned
GC-0164,death,character revive,libDungeonHunter2.so,0x3a59ac,"Character::Revive(GameObject *, bool)",port/level-world/canonical_character_death_v84.cpp; port/level-world/character_death_owner_v56.cpp; port/level-world/character_revive_owner_v1.cpp; port/android-native/app/src/main/cpp/renderer_player_death_v56.inc,Revive mutates alive/dead state before later initialization calls; callback failure does not roll back those writes.,.local-inputs/ida-apk-export-2026-10-07/libraries/libDungeonHunter2.so/pseudocode/003a/003a59ac.c; assembly-functions.asm @ 0x3a59ac,partial,IDA Revive 0x3a59ac has no transactional failure/retry branch; it mutates markers and performs ordered calls. Port character_revive_owner_v1.cpp:14-32 may fail after mutation and does not roll back.,not_run,Capture branch-specific runtime trace or deterministic fixture and compare state writes and downstream effects against .local-inputs/ida-apk-export-2026-10-07/libraries/libDungeonHunter2.so/pseudocode/003a/003a59ac.c and 0x3a59ac.,P1,unassigned
GC-0165,interactions,character interaction route,libDungeonHunter2.so,0x003A4D78; 0x003C0408,Character::Interact(GameObject *),port/android-native/app/src/main/cpp/source_campaign_character_interaction_v114.cpp; port/level-world/character_world_target_owner_v1.cpp; port/level-world/openable_container_interaction_v2.cpp; port/android-native/app/src/main/cpp/source_campaign_character_interaction_v114.cpp; port/android-native/app/src/main/cpp/source_campaign_character_fsm_v101.cpp,"Character::Interact raises the TalkToNPC quest event only when not already interacting, then always invokes SM_SetInteractState(3, true, other, false).",Second review pseudocode references: pseudocode/003a/003a4d78.c:42-74; pseudocode/003c/003c0408.c:3,implemented,"The old check incorrectly asserted an already-interacting early return. IDA Character::Interact 0x3a4d78, .local-inputs/ida-apk-export-2026-10-07/libraries/libDungeonHunter2.so/pseudocode/003a/003a4d78.c:42-74 guards only TalkToNPC quest-event construction/RaiseAsync with !SM_IsInteracting; SM_SetInteractState(3,1,other,0) remains unconditional. SM_IsInteracting 0x3c0408, pseudocode/003c/003c0408.c:3 compares state==13. port/android-native/app/src/main/cpp/source_campaign_character_interaction_v114.cpp:43-59 exactly uses state!=13 around event creation/delivery and then always calls set_interact. Active AISDefault.OnInteract reaches it at port/android-native/app/src/main/cpp/source_campaign_character_fsm_v101.cpp:1214-1221, and :1296-1298 forwards to the actual FSM owner. This narrow event/state behavior is implemented; runtime remains unverified.",not_run,Capture branch-specific runtime trace or deterministic fixture and compare state writes and downstream effects against .local-inputs/ida-apk-export-2026-10-07/libraries/libDungeonHunter2.so/pseudocode/003a/003a4d78.c and 0x3a4d78.,P1,unassigned
GC-0166,interactions,character interaction route,libDungeonHunter2.so,0x3a4d78,Character::Interact(GameObject *),port/android-native/app/src/main/cpp/source_campaign_character_interaction_v114.cpp; port/level-world/character_world_target_owner_v1.cpp; port/level-world/openable_container_interaction_v2.cpp; port/android-native/app/src/main/cpp/source_campaign_character_interaction_v114.cpp; port/level-world/character_target_search.cpp,Character::Interact passes the supplied object to interaction state; target eligibility is handled elsewhere.,Second review pseudocode references: pseudocode/003a/003a4d78.c:74,implemented,"IDA Character::Interact 0x3a4d78 (.local-inputs/ida-apk-export-2026-10-07/libraries/libDungeonHunter2.so/pseudocode/003a/003a4d78.c:74) directly passes a2 to SM_SetInteractState(3,1,a2,0), with no interactive/radius predicate. port/android-native/app/src/main/cpp/source_campaign_character_interaction_v114.cpp:59 passes the same other identity with those arguments; source_campaign_character_fsm_v101.cpp:1296-1298 resolves the same FSM owner and :627-644 stores other into target cell 0x54c and dispatches the interaction event. Eligibility filtering exists separately in port/level-world/character_target_search.cpp:104-119. Bounded direct-call behavior is statically implemented; no runtime conclusion.",not_run,Capture branch-specific runtime trace or deterministic fixture and compare state writes and downstream effects against .local-inputs/ida-apk-export-2026-10-07/libraries/libDungeonHunter2.so/pseudocode/003a/003a4d78.c and 0x3a4d78.,P1,unassigned
GC-0167,interactions,character interaction route,libDungeonHunter2.so,0x3a4d78,Character::Interact(GameObject *),port/android-native/app/src/main/cpp/source_campaign_character_interaction_v114.cpp; port/level-world/character_world_target_owner_v1.cpp; port/level-world/openable_container_interaction_v2.cpp; port/android-native/app/src/main/cpp/source_campaign_character_interaction_v114.cpp,NPC talk/merchant branches differ from hostile attack.,.local-inputs/ida-apk-export-2026-10-07/libraries/libDungeonHunter2.so/pseudocode/003a/003a4d78.c; assembly-functions.asm @ 0x3a4d78,implemented,IDA Character::Interact branches to merchant/cleaner behavior after state/event setup. Port source_campaign_character_interaction_v114.cpp:62-80 has type 7 merchant and type 8 cleaner branches. Runtime unverified.,not_run,Capture branch-specific runtime trace or deterministic fixture and compare state writes and downstream effects against .local-inputs/ida-apk-export-2026-10-07/libraries/libDungeonHunter2.so/pseudocode/003a/003a4d78.c and 0x3a4d78.,P1,unassigned
GC-0168,interactions,character interaction route,libDungeonHunter2.so,0x004A2F34; 0x003A4D78,Character::Interact(GameObject *),port/android-native/app/src/main/cpp/source_campaign_character_interaction_v114.cpp; port/level-world/character_world_target_owner_v1.cpp; port/level-world/openable_container_interaction_v2.cpp; port/android-native/app/src/main/cpp/source_campaign_character_interaction_v114.cpp; port/level-world/character_target_search.cpp; port/android-native/app/src/main/cpp/source_campaign_character_interest_v111.cpp,ObjectSearcher::TargetList::Search subtracts the target interaction radius and reference character melee radius from target-position distance before comparing against maxRange; Character::Interact itself forwards the supplied object without repeating that distance filter.,Second review pseudocode references: pseudocode/004a/004a2f34.c:106-114,implemented,"The original cited Character::Interact 0x3a4d78 does not establish a universal before-Interact filter. The actual behavior is in ObjectSearcher::TargetList::Search 0x4a2f34 (.local-inputs/ida-apk-export-2026-10-07/libraries/libDungeonHunter2.so/pseudocode/004a/004a2f34.c:106-114): virtual GetInteractionRadius, target-position distance minus target radius minus reference melee radius, then maxRange test. port/level-world/character_target_search.cpp:116-119 matches that calculation/admission; character_world_target_owner_v1.cpp:47-49 supplies character AI interact_radius or noncharacter AABB radius. The campaign OOI caller at port/android-native/app/src/main/cpp/source_campaign_character_interest_v111.cpp:33-58 binds the actual room objects and invokes that search. Character::Interact itself intentionally does not recheck the radius at source_campaign_character_interaction_v114.cpp:59. This resolves the narrowed search behavior as implemented, without asserting that every direct interaction call must first search.",not_run,Capture branch-specific runtime trace or deterministic fixture and compare state writes and downstream effects against .local-inputs/ida-apk-export-2026-10-07/libraries/libDungeonHunter2.so/pseudocode/003a/003a4d78.c and 0x3a4d78.,P1,unassigned
GC-0169,interactions,character interaction route,libDungeonHunter2.so,0x3a4d78,Character::Interact(GameObject *),port/android-native/app/src/main/cpp/source_campaign_character_interaction_v114.cpp; port/level-world/character_world_target_owner_v1.cpp; port/level-world/openable_container_interaction_v2.cpp; port/android-native/app/src/main/cpp/source_campaign_character_interaction_v114.cpp,Accepted command stores object-of-interest for interaction animation/state.,.local-inputs/ida-apk-export-2026-10-07/libraries/libDungeonHunter2.so/pseudocode/003a/003a4d78.c; assembly-functions.asm @ 0x3a4d78,implemented,IDA 0x3a4d78 passes a2 into SM_SetInteractState. Port source_campaign_character_interaction_v114.cpp:59 passes other as target. Runtime unverified.,not_run,Capture branch-specific runtime trace or deterministic fixture and compare state writes and downstream effects against .local-inputs/ida-apk-export-2026-10-07/libraries/libDungeonHunter2.so/pseudocode/003a/003a4d78.c and 0x3a4d78.,P1,unassigned
GC-0170,interactions,character interaction route,libDungeonHunter2.so,0x3a4d78,Character::Interact(GameObject *),port/android-native/app/src/main/cpp/source_campaign_character_interaction_v114.cpp; port/level-world/character_world_target_owner_v1.cpp; port/level-world/openable_container_interaction_v2.cpp; port/android-native/app/src/main/cpp/source_campaign_character_interaction_v114.cpp,TalkToNPC quest event precedes interaction-state start; this function has no pre-callback cancellation result.,.local-inputs/ida-apk-export-2026-10-07/libraries/libDungeonHunter2.so/pseudocode/003a/003a4d78.c; assembly-functions.asm @ 0x3a4d78,partial,"IDA 0x3a4d78 raises TalkToNPC quest event before SM_SetInteractState, then event 5; no callback result/cancel branch. Port source_campaign_character_interaction_v114.cpp:47-61 follows order.",not_run,Capture branch-specific runtime trace or deterministic fixture and compare state writes and downstream effects against .local-inputs/ida-apk-export-2026-10-07/libraries/libDungeonHunter2.so/pseudocode/003a/003a4d78.c and 0x3a4d78.,P1,unassigned
GC-0171,interactions,character interaction route,libDungeonHunter2.so,0x3a4d78,Character::Interact(GameObject *),port/android-native/app/src/main/cpp/source_campaign_character_interaction_v114.cpp; port/level-world/character_world_target_owner_v1.cpp; port/level-world/openable_container_interaction_v2.cpp; port/android-native/app/src/main/cpp/source_campaign_character_interaction_v114.cpp,"After entering interaction state, Character raises event 5 immediately; it is not a completion callback.",.local-inputs/ida-apk-export-2026-10-07/libraries/libDungeonHunter2.so/pseudocode/003a/003a4d78.c; assembly-functions.asm @ 0x3a4d78,partial,"IDA 0x3a4d78 calls SM_SetInteractState then RaiseEvent(5,a2) immediately, not after completion. Port source_campaign_character_interaction_v114.cpp:59-61 follows order.",not_run,Capture branch-specific runtime trace or deterministic fixture and compare state writes and downstream effects against .local-inputs/ida-apk-export-2026-10-07/libraries/libDungeonHunter2.so/pseudocode/003a/003a4d78.c and 0x3a4d78.,P1,unassigned
GC-0172,interactions,character interaction route,libDungeonHunter2.so,0x003C4F8C,Character::Interact(GameObject *),port/android-native/app/src/main/cpp/source_campaign_character_interaction_v114.cpp; port/level-world/character_world_target_owner_v1.cpp; port/level-world/openable_container_interaction_v2.cpp; port/android-native/app/src/main/cpp/source_campaign_character_interaction_v114.cpp; port/android-native/app/src/main/cpp/source_campaign_character_fsm_v101.cpp; port/level-world/character_state_owner.cpp,"CSInteract::OnBlur restores nonsitting NPC rotation; for interaction kinds 4/5 leaving to a state outside mask 0xC2000, it drops a held type-6 Liftable owned by this Character and clears the held target.",Second review pseudocode references: pseudocode/003c/003c4f8c.c:18-33,partial,"Reanchor this check to CSInteract::OnBlur 0x3c4f8c (.local-inputs/ida-apk-export-2026-10-07/libraries/libDungeonHunter2.so/pseudocode/003c/003c4f8c.c:18-33): Character::Interact 0x3a4d78 has no cancellation branch or stop event. The actual blur restores nonsitting NPC rotation, then for interaction kinds 4/5 outside destination mask 0xC2000 conditionally drops an owned type-6 Liftable and clears Character+0x54c. Port port/android-native/app/src/main/cpp/source_campaign_character_fsm_v101.cpp:574-588 implements rotation, kind and destination guards, but rejects every nonnull held target at line 588 instead of performing the original ownership check, Drop and pointer clear. port/level-world/character_state_owner.cpp:74-75 implements separate CanStop/AfterInteraction predicates, which do not provide the missing Drop continuation. Confirmed source gap in this reached held-target branch; no runtime assertion. Master IDA address/function/evidence should be changed to OnBlur 0x3c4f8c when adopting the corrected check.",not_run,Capture branch-specific runtime trace or deterministic fixture and compare state writes and downstream effects against .local-inputs/ida-apk-export-2026-10-07/libraries/libDungeonHunter2.so/pseudocode/003a/003a4d78.c and 0x3a4d78.,P1,unassigned
GC-0173,interactions,character interaction route,libDungeonHunter2.so,0x3a4d78,Character::Interact(GameObject *),port/android-native/app/src/main/cpp/source_campaign_character_interaction_v114.cpp; port/level-world/character_world_target_owner_v1.cpp; port/level-world/openable_container_interaction_v2.cpp; port/android-native/app/src/main/cpp/source_campaign_character_interaction_v114.cpp; port/android-native/app/src/main/cpp/source_campaign_character_fsm_v101.cpp; port/level-world/character_target_providers.cpp,Character::Interact has no direct dead-state guard; being already in interaction state suppresses the TalkToNPC quest event but does not skip SM_SetInteractState or later interaction behavior.,Second review pseudocode references: pseudocode/003a/003a4d78.c:41-77; pseudocode/003a/003a4870.c:3-9,implemented,"IDA Character::Interact 0x3a4d78 (.local-inputs/ida-apk-export-2026-10-07/libraries/libDungeonHunter2.so/pseudocode/003a/003a4d78.c:41-77) performs no direct dead-state query. Its SM_IsInteracting guard gates only TalkToNPC event construction; SM_SetInteractState and subsequent behavior still execute. Port port/android-native/app/src/main/cpp/source_campaign_character_interaction_v114.cpp:43-61 preserves that scope and forwards other to the FSM without reading death state; port/android-native/app/src/main/cpp/source_campaign_character_fsm_v101.cpp:627-644 implements the downstream state request. Remove the unsupported general caller-eligibility assertion: IDA Character::IsInteractive 0x3a4870 (.local-inputs/ida-apk-export-2026-10-07/libraries/libDungeonHunter2.so/pseudocode/003a/003a4870.c:3-9) deliberately permits dead friendly nonmonsters, mirrored in port/level-world/character_target_providers.cpp:25-30. Thus absence of a dead guard in this function is matching source behavior rather than a missing safeguard. Static verdict only.",not_run,Capture branch-specific runtime trace or deterministic fixture and compare state writes and downstream effects against .local-inputs/ida-apk-export-2026-10-07/libraries/libDungeonHunter2.so/pseudocode/003a/003a4d78.c and 0x3a4d78.,P1,unassigned
GC-0174,interactions,character interaction route,libDungeonHunter2.so,0x3a4d78,Character::Interact(GameObject *),port/android-native/app/src/main/cpp/source_campaign_character_interaction_v114.cpp; port/level-world/character_world_target_owner_v1.cpp; port/level-world/openable_container_interaction_v2.cpp; port/android-native/app/src/main/cpp/source_campaign_character_interaction_v114.cpp,Same Character owner persists through interaction callback.,.local-inputs/ida-apk-export-2026-10-07/libraries/libDungeonHunter2.so/pseudocode/003a/003a4d78.c; assembly-functions.asm @ 0x3a4d78,implemented,IDA 0x3a4d78 raises event and calls SM_SetInteractState on same Character receiver. Port source_campaign_character_interaction_v114.cpp:40-61 keeps id for both. Runtime unverified.,not_run,Capture branch-specific runtime trace or deterministic fixture and compare state writes and downstream effects against .local-inputs/ida-apk-export-2026-10-07/libraries/libDungeonHunter2.so/pseudocode/003a/003a4d78.c and 0x3a4d78.,P1,unassigned
GC-0175,loot,pickup and inventory award,libDungeonHunter2.so,0x3a0b38,Container::Interact(GameObject *),port/level-world/character_loot_interact_v8.cpp; port/level-world/world_loot_pickup_v23.cpp; port/level-world/character_loot_drop_award_v8.cpp; port/android-native/app/src/main/cpp/renderer_character_loot_gameplay_v23.inc; port/level-world/openable_container_owner_v1.cpp; port/level-world/canonical_destructible_container_v16.cpp; port/level-world/openable_container_interaction_v2.cpp; port/android-native/app/src/main/cpp/source_campaign_container_targets_v104.cpp; port/level-world/canonical_openable_graph_v21.hpp,"Container::Interact skips states 3/4; otherwise stores the interactor, sets state 4, detaches physics when KeepPhysics is false, and uses visual activate/state 3 or direct DoOpen before sound and object Update.",Second review pseudocode references: pseudocode/003a/003a0b38.c:11-37,implemented,"IDA Container::Interact 0x3a0b38, .local-inputs/ida-apk-export-2026-10-07/libraries/libDungeonHunter2.so/pseudocode/003a/003a0b38.c:11-37, skips states 3/4; stores actor at +920; sets state 4; conditionally detaches physics; selects visual state 3 plus activate or direct DoOpen; then plays sound and virtual +44 Update. Matching base body exists in port/level-world/openable_container_owner_v1.cpp:120-129 (opener398 maps +920), with DoOpen/animation-open delivery at :131-141; independent destructible base equivalent at port/level-world/canonical_destructible_container_v16.cpp:46-48. The earlier review inspected only the derived wrapper; port/level-world/openable_container_interaction_v2.cpp:25 explicitly calls receiver.interact_base. Production routing is present: port/android-native/app/src/main/cpp/source_campaign_container_targets_v104.cpp:113 binds the retained graph interaction, port/level-world/canonical_openable_graph_v21.hpp:52 calls derived wrapper, and renderer_campaign_noncharacter_v69.inc:895-908 / :914-935 supplies actual sound/Update services. Static evidence only; no runtime claim.",not_run,Capture branch-specific runtime trace or deterministic fixture and compare state writes and downstream effects against .local-inputs/ida-apk-export-2026-10-07/libraries/libDungeonHunter2.so/pseudocode/003a/003a0b38.c and 0x3a0b38.,P1,unassigned
GC-0176,loot,pickup and inventory award,libDungeonHunter2.so,0x3a0b38,Container::Interact(GameObject *),port/level-world/character_loot_interact_v8.cpp; port/level-world/world_loot_pickup_v23.cpp; port/level-world/character_loot_drop_award_v8.cpp; port/android-native/app/src/main/cpp/renderer_character_loot_gameplay_v23.inc; port/level-world/openable_container_owner_v1.cpp,"After successful OpenableContainer unlock, base Container::Interact skips states 3/4; otherwise stores opener, enters state4, optionally detaches physics, and plays activate in state3 when a visual exists or calls DoOpen directly. Container opening has no inventory-capacity gate; item pickup applies capacity separately.",Second review pseudocode references: pseudocode/003a/003a0b38.c:11-27; pseudocode/003a/003a1904.c:20-54; pseudocode/003e/003ed144.c:105,implemented,"Resolved by inspecting actual container owner and callers, rather than the listed pickup files. IDA Container::Interact 0x3a0b38 (.local-inputs/ida-apk-export-2026-10-07/libraries/libDungeonHunter2.so/pseudocode/003a/003a0b38.c:11-27) skips states 3/4, stores opener, enters state4, optionally detaches physics, and either enters state3/plays activate or calls DoOpen; it has no inventory-capacity gate. port/level-world/openable_container_owner_v1.cpp:120-129 implements those same branches and openable_container_interaction_v2.cpp:13-25 calls the base only after successful try_unlock, matching OpenableContainer::Interact 0x3a1904 pseudocode/003a/003a1904.c:20-54. Native target callback source_campaign_container_targets_v104.cpp:113 calls graph->interact; canonical_openable_graph_v21.hpp:52 calls this wrapper. Inventory-full/potion-capacity checks belong to separate ItemObject pickup code (character_loot_interact_v8.cpp:19-20; IDA ItemObject::Interact 0x3ed144 pseudocode/003e/003ed144.c:105,229). Source-level conclusion for this bounded container-opening check; runtime not run.",not_run,Capture branch-specific runtime trace or deterministic fixture and compare state writes and downstream effects against .local-inputs/ida-apk-export-2026-10-07/libraries/libDungeonHunter2.so/pseudocode/003a/003a0b38.c and 0x3a0b38.,P1,unassigned
GC-0177,loot,pickup and inventory award,libDungeonHunter2.so,0x3a0b38,Container::Interact(GameObject *),port/level-world/character_loot_interact_v8.cpp; port/level-world/world_loot_pickup_v23.cpp; port/level-world/character_loot_drop_award_v8.cpp; port/android-native/app/src/main/cpp/renderer_character_loot_gameplay_v23.inc; port/level-world/openable_container_owner_v1.cpp; port/level-world/canonical_destructible_container_v16.cpp; port/android-native/app/src/main/cpp/source_campaign_container_targets_v104.cpp; port/level-world/canonical_openable_graph_v21.hpp,"Container::Interact handles opening and loot spawning without branching on inventory-add success. Inventory capacity checks and retaining uncollected contents belong to ItemObject::Interact, whose completion effects run only after the item object has been fully looted.",Second review pseudocode references: pseudocode/003a/003a0b38.c:11-37; pseudocode/003e/003ed144.c:222-237,implemented,"Resolved by inspecting actual Container base bodies and selected-object callers. IDA Container::Interact 0x3a0b38 (.local-inputs/ida-apk-export-2026-10-07/libraries/libDungeonHunter2.so/pseudocode/003a/003a0b38.c:11-37) checks state, stores opener, changes state, detaches physics when required, activates animation or DoOpen, plays sound, then invokes the base update virtual; there is no inventory add/transfer result or retry branch. Port port/level-world/openable_container_owner_v1.cpp:120-137 mirrors that separation, and port/level-world/canonical_destructible_container_v16.cpp:45-49 likewise implements the Container base interaction without an award-failure path. Native selected-object dispatch separates Item receivers at port/android-native/app/src/main/cpp/source_campaign_container_targets_v104.cpp:81-86 from Container graph interaction at :113 and :126; Openable graph calls the interaction owner at port/level-world/canonical_openable_graph_v21.hpp:52. Related IDA ItemObject::Interact 0x3ed144 (pseudocode/003e/003ed144.c:222-237) handles inventory-full feedback and cleanup only after HasBeenLooted; port/level-world/character_loot_interact_v8.cpp:19-20 and :38-44 retain uncollected item contents and skip completion effects. The original phrase pickup retry is broader than the cited Container function establishes, so corrected to distinguish capacity/remaining-content behavior without asserting a generic AddItem failure retry contract. Static evidence only; runtime remains not_run.",not_run,Capture branch-specific runtime trace or deterministic fixture and compare state writes and downstream effects against .local-inputs/ida-apk-export-2026-10-07/libraries/libDungeonHunter2.so/pseudocode/003a/003a0b38.c and 0x3a0b38.,P1,unassigned
GC-0178,loot,pickup and inventory award,libDungeonHunter2.so,0x3a0b38,Container::Interact(GameObject *),port/level-world/character_loot_interact_v8.cpp; port/level-world/world_loot_pickup_v23.cpp; port/level-world/character_loot_drop_award_v8.cpp; port/android-native/app/src/main/cpp/renderer_character_loot_gameplay_v23.inc; port/level-world/openable_container_owner_v1.cpp; port/level-world/canonical_openable_graph_v21.cpp; port/android-native/app/src/main/cpp/renderer_campaign_noncharacter_v69.inc; port/android-native/app/src/main/cpp/source_campaign_container_targets_v104.cpp; port/level-world/canonical_openable_graph_v21.hpp,"For Container::Interact, states 3 and 4 skip reopening; otherwise retain the opener, transition state, detach physics when requested, play activate or call DoOpen, then submit sound and Update. Keep this container interaction distinct from pickup actor retirement.",Second review pseudocode references: pseudocode/003a/003a0b38.c:11-42,implemented,"IDA Container::Interact 0x003a0b38 (.local-inputs/ida-apk-export-2026-10-07/libraries/libDungeonHunter2.so/pseudocode/003a/003a0b38.c:11-42) returns without opening for states 3/4; otherwise stores opener, sets state 4, conditionally detaches physical object, plays activate with state 3 when a visual exists or calls DoOpen, then submits sound and virtual Update. No pickup actor retirement occurs. The matching port leaf is port/level-world/openable_container_owner_v1.cpp:120-129, with DoOpen at :131-137; the initially cited openable_container_interaction_v2.cpp:25 reaches this leaf. Canonical graph connects actual visual animation/state and physical detach services at port/level-world/canonical_openable_graph_v21.cpp:31-47. Gameplay factory selects the retained Openable target at port/android-native/app/src/main/cpp/renderer_campaign_noncharacter_v69.inc:1053-1056 and its interaction invokes graph->interact at port/android-native/app/src/main/cpp/source_campaign_container_targets_v104.cpp:113; the graph invokes openable_container_interact_v2 at port/level-world/canonical_openable_graph_v21.hpp:52. Source matches this bounded container-opening check. Static only; runtime remains unverified.",not_run,Capture branch-specific runtime trace or deterministic fixture and compare state writes and downstream effects against .local-inputs/ida-apk-export-2026-10-07/libraries/libDungeonHunter2.so/pseudocode/003a/003a0b38.c and 0x3a0b38.,P1,unassigned
GC-0179,loot,pickup and inventory award,libDungeonHunter2.so,0x3a0b38,Container::Interact(GameObject *),port/level-world/character_loot_interact_v8.cpp; port/level-world/world_loot_pickup_v23.cpp; port/level-world/character_loot_drop_award_v8.cpp; port/android-native/app/src/main/cpp/renderer_character_loot_gameplay_v23.inc; port/level-world/openable_container_owner_v1.cpp; port/level-world/canonical_openable_graph_v21.hpp; port/level-world/openable_container_interaction_v2.cpp,"Container::Interact performs no direct character currency/property award in its own body; it may trigger DoOpen (immediately without a visual or later through the opened animation event), whose loot/script calls can have separate downstream effects.",Second review pseudocode references: pseudocode/003a/003a0b38.c:11-37; pseudocode/003a/003a0a98.c:10-20,implemented,"Implemented for the bounded direct-award check. IDA Container::Interact 0x3a0b38 (.local-inputs/ida-apk-export-2026-10-07/libraries/libDungeonHunter2.so/pseudocode/003a/003a0b38.c:11-37) stores opener/state, detaches physics, starts activate or calls DoOpen, plays sound and invokes final virtual; it contains no direct character gold/property write. Port port/level-world/openable_container_owner_v1.cpp:120-129 mirrors those steps without a direct currency update; port/level-world/canonical_openable_graph_v21.hpp:52 and port/level-world/openable_container_interaction_v2.cpp:24 select this base body. Downstream loot effects must remain allowed: IDA Container::DoOpen 0x3a0a98 (pseudocode/003a/003a0a98.c:10-20) calls DropLootTable and OnOpen, matched by port/level-world/openable_container_owner_v1.cpp:131-137 and opened animation event at :139-141. This does not establish that opening a chest can never indirectly award gold; that broader claim was not supported. Static source assessment only.",not_run,Capture branch-specific runtime trace or deterministic fixture and compare state writes and downstream effects against .local-inputs/ida-apk-export-2026-10-07/libraries/libDungeonHunter2.so/pseudocode/003a/003a0b38.c and 0x3a0b38.,P1,unassigned
GC-0180,loot,pickup and inventory award,libDungeonHunter2.so,0x3a0b38,Container::Interact(GameObject *),port/level-world/character_loot_interact_v8.cpp; port/level-world/world_loot_pickup_v23.cpp; port/level-world/character_loot_drop_award_v8.cpp; port/android-native/app/src/main/cpp/renderer_character_loot_gameplay_v23.inc,OpenableContainer raises OpenGameObject before base interaction when local player is hosting.,.local-inputs/ida-apk-export-2026-10-07/libraries/libDungeonHunter2.so/pseudocode/003a/003a0b38.c; assembly-functions.asm @ 0x3a0b38,partial,IDA Container::Interact 0x3a0b38 has no pickup quest event. Separate OpenableContainer wrapper raises OpenGameObject when local player is hosting; port openable_container_interaction_v2.cpp:15-20 does this before interact_base.,not_run,Capture branch-specific runtime trace or deterministic fixture and compare state writes and downstream effects against .local-inputs/ida-apk-export-2026-10-07/libraries/libDungeonHunter2.so/pseudocode/003a/003a0b38.c and 0x3a0b38.,P1,unassigned
GC-0181,loot,pickup and inventory award,libDungeonHunter2.so,0x3a0b38,Container::Interact(GameObject *),port/level-world/character_loot_interact_v8.cpp; port/level-world/world_loot_pickup_v23.cpp; port/level-world/character_loot_drop_award_v8.cpp; port/android-native/app/src/main/cpp/renderer_character_loot_gameplay_v23.inc; port/level-world/openable_container_owner_v1.cpp; port/android-native/app/src/main/cpp/renderer_campaign_noncharacter_v69.inc; port/engine-audio/audio_world_producer_v38.hpp; port/android-native/app/src/main/cpp/renderer_campaign_audio_v46.inc,"For Container::Interact outside states 3/4, play the authored open sound after starting activate when a visual exists, or after immediate DoOpen when no visual exists; capture the Vox manager before the virtual sound lookup, pass raw object XYZ and Play3D(false,1,-1,-1), then call GameObject::Update. The cited function contains no pickup FX.",Second review pseudocode references: pseudocode/003a/003a0b38.c:11-37,implemented,"IDA Container::Interact 0x3a0b38, .local-inputs/ida-apk-export-2026-10-07/libraries/libDungeonHunter2.so/pseudocode/003a/003a0b38.c:11-37: states 3/4 skip interaction; otherwise activate the visual timeline or call DoOpen if no visual, then capture Vox manager, resolve virtual GetSound, read raw XYZ, Play3D(false,1,-1,-1), and Update. The prior check incorrectly made DoOpen unconditional. Source port/level-world/openable_container_owner_v1.cpp:120-129 matches this branch/order including play_sound_3d after activate or immediate do_open. Production binder port/android-native/app/src/main/cpp/renderer_campaign_noncharacter_v69.inc:895-906 captures the actual audio manager, resolves the SAME authored Openable table sound, copies base vector3(0x160), and submits the container audio request. port/engine-audio/audio_world_producer_v38.hpp:10-19 sets the original Play3D arguments; port/android-native/app/src/main/cpp/renderer_campaign_audio_v46.inc:65-102 routes through the source audio delivery/gates. No pickup FX occurs in the cited IDA function. Static evidence only; audible gameplay not verified.",not_run,Capture branch-specific runtime trace or deterministic fixture and compare state writes and downstream effects against .local-inputs/ida-apk-export-2026-10-07/libraries/libDungeonHunter2.so/pseudocode/003a/003a0b38.c and 0x3a0b38.,P1,unassigned
GC-0182,loot,pickup and inventory award,libDungeonHunter2.so,0x3a0b38,Container::Interact(GameObject *),port/level-world/character_loot_interact_v8.cpp; port/level-world/world_loot_pickup_v23.cpp; port/level-world/character_loot_drop_award_v8.cpp; port/android-native/app/src/main/cpp/renderer_character_loot_gameplay_v23.inc,"For Container::Interact when state is outside 3/4, preserve actor as opener and set state 4 before continuing.",.local-inputs/ida-apk-export-2026-10-07/libraries/libDungeonHunter2.so/pseudocode/003a/003a0b38.c; assembly-functions.asm @ 0x3a0b38,implemented,IDA .local-inputs/ida-apk-export-2026-10-07/libraries/libDungeonHunter2.so/pseudocode/003a/003a0b38.c @0x3a0b38: nonterminal branch stores opener and sets state 4. Source: port/level-world/canonical_destructible_container_v16.cpp:46.,not_run,Capture branch-specific runtime trace or deterministic fixture and compare state writes and downstream effects against .local-inputs/ida-apk-export-2026-10-07/libraries/libDungeonHunter2.so/pseudocode/003a/003a0b38.c and 0x3a0b38.,P1,unassigned
GC-0183,loot,pickup and inventory award,libDungeonHunter2.so,0x3a0b38,Container::Interact(GameObject *),port/level-world/character_loot_interact_v8.cpp; port/level-world/world_loot_pickup_v23.cpp; port/level-world/character_loot_drop_award_v8.cpp; port/android-native/app/src/main/cpp/renderer_character_loot_gameplay_v23.inc,"After state4, detach physical only when KeepPhysics is false; then use state3/activate when a visual exists, otherwise DoOpen.",.local-inputs/ida-apk-export-2026-10-07/libraries/libDungeonHunter2.so/pseudocode/003a/003a0b38.c; assembly-functions.asm @ 0x3a0b38,implemented,"IDA .local-inputs/ida-apk-export-2026-10-07/libraries/libDungeonHunter2.so/pseudocode/003a/003a0b38.c @0x3a0b38: detach physical object when KeepPhysics is false; visual branch sets state3/plays activate, otherwise DoOpen. Source: port/level-world/canonical_destructible_container_v16.cpp:46-47.",not_run,Capture branch-specific runtime trace or deterministic fixture and compare state writes and downstream effects against .local-inputs/ida-apk-export-2026-10-07/libraries/libDungeonHunter2.so/pseudocode/003a/003a0b38.c and 0x3a0b38.,P1,unassigned
GC-0184,loot,pickup and inventory award,libDungeonHunter2.so,0x3a0b38,Container::Interact(GameObject *),port/level-world/character_loot_interact_v8.cpp; port/level-world/world_loot_pickup_v23.cpp; port/level-world/character_loot_drop_award_v8.cpp; port/android-native/app/src/main/cpp/renderer_character_loot_gameplay_v23.inc,"After the activate/DoOpen branch, play the container 3D sound at its position and invoke GameObject::Update.",.local-inputs/ida-apk-export-2026-10-07/libraries/libDungeonHunter2.so/pseudocode/003a/003a0b38.c; assembly-functions.asm @ 0x3a0b38,implemented,IDA .local-inputs/ida-apk-export-2026-10-07/libraries/libDungeonHunter2.so/pseudocode/003a/003a0b38.c @0x3a0b38: both open branches converge on positional Play3D and GameObject::Update. Source: port/level-world/canonical_destructible_container_v16.cpp:47-48.,not_run,Capture branch-specific runtime trace or deterministic fixture and compare state writes and downstream effects against .local-inputs/ida-apk-export-2026-10-07/libraries/libDungeonHunter2.so/pseudocode/003a/003a0b38.c and 0x3a0b38.,P1,unassigned
