ID,System,Subsystem,IDA library,IDA address,IDA function,Source path(s),Check / expected behavior,IDA evidence,Implementation status,Implementation evidence,Runtime status,Acceptance evidence,Priority,Owner/session
SS-0001,Script runtime,Command kind dispatch and payload,libDungeonHunter2.so,0x458d40,GetNewScriptCmdImplInstance<Script_ExecScript>,port/level-loader/command_c1_descriptors_v59.inc; port/level-loader/script_data_schemas_v52.inc; port/level-loader/script_manager_owner_v52.cpp,"Verify kind 0 selects Script_ExecScript with C1 size 20, reads generated data size 28 via 0x4ffc24, then binds and initializes the same kind/data.",functions.jsonl 0x458d40; pseudocode/0045/00458d40.c; generated data Read 0x4ffc24 pseudocode/004f/004ffc24.c; C1/Init address from source descriptor,implemented,"IDA factory 0x458d40 and generated Read 0x4ffc24 are represented by C1 descriptor kind 0 at command_c1_descriptors_v59.inc:4 and schema kind 0 at script_data_schemas_v52.inc:4. script_manager_owner_v52.cpp:40-53 validates kind, invokes factory, reads data, binds same kind/data, and calls Init.",not_run,"Replay kind 0 and log selected factory, data Read, kind/data identity binding and Init ordering.",P1,unassigned
SS-0002,Script runtime,Command kind dispatch and payload,libDungeonHunter2.so,0x458cf8,GetNewScriptCmdImplInstance<Script_EnterCutSceneMode>,port/level-loader/command_c1_descriptors_v59.inc; port/level-loader/script_data_schemas_v52.inc; port/level-loader/script_manager_owner_v52.cpp,"Verify kind 1 selects Script_EnterCutSceneMode with C1 size 16, reads generated data size 8 via 0x4ff9b0, then binds and initializes the same kind/data.",functions.jsonl 0x458cf8; pseudocode/0045/00458cf8.c; generated data Read 0x4ff9b0 pseudocode/004f/004ff9b0.c; C1/Init address from source descriptor,implemented,IDA factory 0x458cf8 and generated Read 0x4ff9b0 are represented by descriptor kind 1 at command_c1_descriptors_v59.inc:5 and schema kind 1 at script_data_schemas_v52.inc:5. script_manager_owner_v52.cpp:40-53 performs factory/read/bind/Init in that order.,not_run,"Replay kind 1 and log selected factory, data Read, kind/data identity binding and Init ordering.",P1,unassigned
SS-0003,Script runtime,Command kind dispatch and payload,libDungeonHunter2.so,0x458cb0,GetNewScriptCmdImplInstance<Script_ExitCutSceneMode>,port/level-loader/command_c1_descriptors_v59.inc; port/level-loader/script_data_schemas_v52.inc; port/level-loader/script_manager_owner_v52.cpp,"Verify kind 2 selects Script_ExitCutSceneMode with C1 size 16, reads generated data size 8 via 0x4ff9ac, then binds and initializes the same kind/data.",functions.jsonl 0x458cb0; pseudocode/0045/00458cb0.c; generated data Read 0x4ff9ac pseudocode/004f/004ff9ac.c; C1/Init address from source descriptor,implemented,IDA factory 0x458cb0 and generated Read 0x4ff9ac are represented by descriptor kind 2 at command_c1_descriptors_v59.inc:6 and schema kind 2 at script_data_schemas_v52.inc:6. script_manager_owner_v52.cpp:40-53 performs factory/read/bind/Init in that order.,not_run,"Replay kind 2 and log selected factory, data Read, kind/data identity binding and Init ordering.",P1,unassigned
SS-0004,Script runtime,Command kind dispatch and payload,libDungeonHunter2.so,0x458c68,GetNewScriptCmdImplInstance<Script_CONSOLE>,port/level-loader/command_c1_descriptors_v59.inc; port/level-loader/script_data_schemas_v52.inc; port/level-loader/script_manager_owner_v52.cpp,"Verify kind 3 selects Script_CONSOLE with C1 size 16, reads generated data size 16 via 0x5029bc, then binds and initializes the same kind/data.",functions.jsonl 0x458c68; pseudocode/0045/00458c68.c; generated data Read 0x5029bc pseudocode/0050/005029bc.c; C1/Init address from source descriptor,implemented,IDA factory 0x458c68 and generated Read 0x5029bc are represented by descriptor kind 3 at command_c1_descriptors_v59.inc:7 and schema kind 3 at script_data_schemas_v52.inc:7. script_manager_owner_v52.cpp:40-53 performs factory/read/bind/Init in that order.,not_run,"Replay kind 3 and log selected factory, data Read, kind/data identity binding and Init ordering.",P1,unassigned
SS-0005,Script runtime,Command kind dispatch and payload,libDungeonHunter2.so,0x458c20,GetNewScriptCmdImplInstance<Script_SetCamera>,port/level-loader/command_c1_descriptors_v59.inc; port/level-loader/script_data_schemas_v52.inc; port/level-loader/script_manager_owner_v52.cpp,"Verify kind 4 selects Script_SetCamera with C1 size 16, reads generated data size 32 via 0x5027f0, then binds and initializes the same kind/data.",functions.jsonl 0x458c20; pseudocode/0045/00458c20.c; generated data Read 0x5027f0 pseudocode/0050/005027f0.c; C1/Init address from source descriptor,implemented,IDA factory 0x458c20 and generated Read 0x5027f0 are represented by descriptor kind 4 at command_c1_descriptors_v59.inc:8 and schema kind 4 at script_data_schemas_v52.inc:8. script_manager_owner_v52.cpp:40-53 performs factory/read/bind/Init in that order.,not_run,"Replay kind 4 and log selected factory, data Read, kind/data identity binding and Init ordering.",P1,unassigned
SS-0006,Script runtime,Command kind dispatch and payload,libDungeonHunter2.so,0x458bd8,GetNewScriptCmdImplInstance<Script_PlayCamera>,port/level-loader/command_c1_descriptors_v59.inc; port/level-loader/script_data_schemas_v52.inc; port/level-loader/script_manager_owner_v52.cpp,"Verify kind 5 selects Script_PlayCamera with C1 size 16, reads generated data size 16 via 0x4ffba0, then binds and initializes the same kind/data.",functions.jsonl 0x458bd8; pseudocode/0045/00458bd8.c; generated data Read 0x4ffba0 pseudocode/004f/004ffba0.c; C1/Init address from source descriptor,implemented,IDA factory 0x458bd8 and generated Read 0x4ffba0 are represented by descriptor kind 5 at command_c1_descriptors_v59.inc:9 and schema kind 5 at script_data_schemas_v52.inc:9. script_manager_owner_v52.cpp:40-53 performs factory/read/bind/Init in that order.,not_run,"Replay kind 5 and log selected factory, data Read, kind/data identity binding and Init ordering.",P1,unassigned
SS-0007,Script runtime,Command kind dispatch and payload,libDungeonHunter2.so,0x458b90,GetNewScriptCmdImplInstance<Script_SetCameraClip>,port/level-loader/command_c1_descriptors_v59.inc; port/level-loader/script_data_schemas_v52.inc; port/level-loader/script_manager_owner_v52.cpp,"Verify kind 6 selects Script_SetCameraClip with C1 size 16, reads generated data size 16 via 0x4ff8d8, then binds and initializes the same kind/data.",functions.jsonl 0x458b90; pseudocode/0045/00458b90.c; generated data Read 0x4ff8d8 pseudocode/004f/004ff8d8.c; C1/Init address from source descriptor,implemented,IDA factory 0x458b90 and generated Read 0x4ff8d8 are represented by descriptor kind 6 at command_c1_descriptors_v59.inc:10 and schema kind 6 at script_data_schemas_v52.inc:10. script_manager_owner_v52.cpp:40-53 performs factory/read/bind/Init in that order.,not_run,"Replay kind 6 and log selected factory, data Read, kind/data identity binding and Init ordering.",P1,unassigned
SS-0008,Script runtime,Command kind dispatch and payload,libDungeonHunter2.so,0x458b48,GetNewScriptCmdImplInstance<Script_WaitCamera>,port/level-loader/command_c1_descriptors_v59.inc; port/level-loader/script_data_schemas_v52.inc; port/level-loader/script_manager_owner_v52.cpp,"Verify kind 7 selects Script_WaitCamera with C1 size 16, reads generated data size 12 via 0x4ffdc0, then binds and initializes the same kind/data.",functions.jsonl 0x458b48; pseudocode/0045/00458b48.c; generated data Read 0x4ffdc0 pseudocode/004f/004ffdc0.c; C1/Init address from source descriptor,implemented,IDA factory 0x458b48 and generated Read 0x4ffdc0 are represented by descriptor kind 7 at command_c1_descriptors_v59.inc:11 and schema kind 7 at script_data_schemas_v52.inc:11. script_manager_owner_v52.cpp:40-53 performs factory/read/bind/Init in that order.,not_run,"Replay kind 7 and log selected factory, data Read, kind/data identity binding and Init ordering.",P1,unassigned
SS-0009,Script runtime,Command kind dispatch and payload,libDungeonHunter2.so,0x458b00,GetNewScriptCmdImplInstance<Script_SetCameraTarget>,port/level-loader/command_c1_descriptors_v59.inc; port/level-loader/script_data_schemas_v52.inc; port/level-loader/script_manager_owner_v52.cpp,"Verify kind 8 selects Script_SetCameraTarget with C1 size 16, reads generated data size 24 via 0x5026c8, then binds and initializes the same kind/data.",functions.jsonl 0x458b00; pseudocode/0045/00458b00.c; generated data Read 0x5026c8 pseudocode/0050/005026c8.c; C1/Init address from source descriptor,implemented,IDA factory 0x458b00 and generated Read 0x5026c8 are represented by descriptor kind 8 at command_c1_descriptors_v59.inc:12 and schema kind 8 at script_data_schemas_v52.inc:12. script_manager_owner_v52.cpp:40-53 performs factory/read/bind/Init in that order.,not_run,"Replay kind 8 and log selected factory, data Read, kind/data identity binding and Init ordering.",P1,unassigned
SS-0010,Script runtime,Command kind dispatch and payload,libDungeonHunter2.so,0x458ab8,GetNewScriptCmdImplInstance<Script_EmptyImpl>,port/level-loader/command_c1_descriptors_v59.inc; port/level-loader/script_data_schemas_v52.inc; port/level-loader/script_manager_owner_v52.cpp,"Verify kind 9 selects Script_EmptyImpl with C1 size 16, reads generated data size 8 via 0x4ff8d4, then binds and initializes the same kind/data.",functions.jsonl 0x458ab8; pseudocode/0045/00458ab8.c; generated data Read 0x4ff8d4 pseudocode/004f/004ff8d4.c; C1/Init address from source descriptor,implemented,IDA factory 0x458ab8 and generated Read 0x4ff8d4 are represented by descriptor kind 9 at command_c1_descriptors_v59.inc:52 and schema kind 9 at script_data_schemas_v52.inc:52. script_manager_owner_v52.cpp:40-53 performs factory/read/bind/Init in that order.,not_run,"Replay kind 9 and log selected factory, data Read, kind/data identity binding and Init ordering.",P1,unassigned
SS-0011,Script runtime,Command kind dispatch and payload,libDungeonHunter2.so,0x458a70,GetNewScriptCmdImplInstance<Script_StartDialog>,port/level-loader/command_c1_descriptors_v59.inc; port/level-loader/script_data_schemas_v52.inc; port/level-loader/script_manager_owner_v52.cpp,"Verify kind 10 selects Script_StartDialog with C1 size 16, reads generated data size 20 via 0x50345c, then binds and initializes the same kind/data at its source Init address.",functions.jsonl 0x458a70; pseudocode/0045/00458a70.c; generated data Read 0x50345c pseudocode/0050/0050345c.c; C1/Init address from source descriptor,implemented,"IDA factory 0x458a70, Init 0x459034, and generated Read 0x50345c are represented by descriptor kind 10 at command_c1_descriptors_v59.inc:13 and schema kind 10 at script_data_schemas_v52.inc:13. script_manager_owner_v52.cpp:40-53 performs factory/read/bind/Init in that order.",not_run,"Replay kind 10 and log selected factory, data Read, kind/data identity binding and Init ordering.",P1,unassigned
SS-0012,Script runtime,Command kind dispatch and payload,libDungeonHunter2.so,0x458a28,GetNewScriptCmdImplInstance<Script_StartDialogID>,port/level-loader/command_c1_descriptors_v59.inc; port/level-loader/script_data_schemas_v52.inc; port/level-loader/script_manager_owner_v52.cpp,"Verify kind 11 selects Script_StartDialogID with C1 size 16, reads generated data size 12 via 0x5033e4, then binds and initializes the same kind/data.",functions.jsonl 0x458a28; pseudocode/0045/00458a28.c; generated data Read 0x5033e4 pseudocode/0050/005033e4.c; C1/Init address from source descriptor,implemented,IDA factory 0x458a28 and generated Read 0x5033e4 are represented by descriptor kind 11 at command_c1_descriptors_v59.inc:53 and schema kind 11 at script_data_schemas_v52.inc:53. script_manager_owner_v52.cpp:40-53 performs factory/read/bind/Init in that order.,not_run,"Replay kind 11 and log selected factory, data Read, kind/data identity binding and Init ordering.",P1,unassigned
SS-0013,Script runtime,Command kind dispatch and payload,libDungeonHunter2.so,0x4589e0,GetNewScriptCmdImplInstance<Script_WaitDialog>,port/level-loader/command_c1_descriptors_v59.inc; port/level-loader/script_data_schemas_v52.inc; port/level-loader/script_manager_owner_v52.cpp,"Verify kind 12 selects Script_WaitDialog with C1 size 16, reads generated data size 8 via 0x4ff8d0, then binds and initializes the same kind/data.",functions.jsonl 0x4589e0; pseudocode/0045/004589e0.c; generated data Read 0x4ff8d0 pseudocode/004f/004ff8d0.c; C1/Init address from source descriptor,implemented,IDA factory 0x4589e0 and generated Read 0x4ff8d0 are represented by descriptor kind 12 at command_c1_descriptors_v59.inc:14 and schema kind 12 at script_data_schemas_v52.inc:14. script_manager_owner_v52.cpp:40-53 performs factory/read/bind/Init in that order.,not_run,"Replay kind 12 and log selected factory, data Read, kind/data identity binding and Init ordering.",P1,unassigned
SS-0014,Script runtime,Command kind dispatch and payload,libDungeonHunter2.so,0x458998,GetNewScriptCmdImplInstance<Script_PlaySound>,port/level-loader/command_c1_descriptors_v59.inc; port/level-loader/script_data_schemas_v52.inc; port/level-loader/script_manager_owner_v52.cpp,"Verify kind 13 selects Script_PlaySound with C1 size 16, reads generated data size 20 via 0x4ffab4, then binds and initializes the same kind/data.",functions.jsonl 0x458998; pseudocode/0045/00458998.c; generated data Read 0x4ffab4 pseudocode/004f/004ffab4.c; C1/Init address from source descriptor,implemented,IDA factory 0x458998 and generated Read 0x4ffab4 are represented by descriptor kind 13 at command_c1_descriptors_v59.inc:15 and schema kind 13 at script_data_schemas_v52.inc:15. script_manager_owner_v52.cpp:40-53 performs factory/read/bind/Init in that order.,not_run,"Replay kind 13 and log selected factory, data Read, kind/data identity binding and Init ordering.",P1,unassigned
SS-0015,Script runtime,Command kind dispatch and payload,libDungeonHunter2.so,0x458950,GetNewScriptCmdImplInstance<Script_StopSound>,port/level-loader/command_c1_descriptors_v59.inc; port/level-loader/script_data_schemas_v52.inc; port/level-loader/script_manager_owner_v52.cpp,"Verify kind 14 selects Script_StopSound with C1 size 16, reads generated data size 20 via 0x4ff9d4, then binds and initializes the same kind/data.",functions.jsonl 0x458950; pseudocode/0045/00458950.c; generated data Read 0x4ff9d4 pseudocode/004f/004ff9d4.c; C1/Init address from source descriptor,implemented,IDA factory 0x458950 and generated Read 0x4ff9d4 are represented by descriptor kind 14 at command_c1_descriptors_v59.inc:16 and schema kind 14 at script_data_schemas_v52.inc:16. script_manager_owner_v52.cpp:40-53 performs factory/read/bind/Init in that order.,not_run,"Replay kind 14 and log selected factory, data Read, kind/data identity binding and Init ordering.",P1,unassigned
SS-0016,Script runtime,Command kind dispatch and payload,libDungeonHunter2.so,0x458908,GetNewScriptCmdImplInstance<Script_PlayLevelMusic>,port/level-loader/command_c1_descriptors_v59.inc; port/level-loader/script_data_schemas_v52.inc; port/level-loader/script_manager_owner_v52.cpp,"Verify kind 15 selects Script_PlayLevelMusic with C1 size 16, reads generated data size 12 via 0x50336c, then binds and initializes the same kind/data.",functions.jsonl 0x458908; pseudocode/0045/00458908.c; generated data Read 0x50336c pseudocode/0050/0050336c.c; C1/Init address from source descriptor,implemented,IDA factory 0x458908 and generated Read 0x50336c are represented by descriptor kind 15 at command_c1_descriptors_v59.inc:17 and schema kind 15 at script_data_schemas_v52.inc:17. script_manager_owner_v52.cpp:40-53 performs factory/read/bind/Init in that order.,not_run,"Replay kind 15 and log selected factory, data Read, kind/data identity binding and Init ordering.",P1,unassigned
SS-0017,Script runtime,Command kind dispatch and payload,libDungeonHunter2.so,0x4588c0,GetNewScriptCmdImplInstance<Script_EnterSafeZone>,port/level-loader/command_c1_descriptors_v59.inc; port/level-loader/script_data_schemas_v52.inc; port/level-loader/script_manager_owner_v52.cpp,"Verify kind 16 selects Script_EnterSafeZone with C1 size 16, reads generated data size 8 via 0x4ff8cc, then binds and initializes the same kind/data.",functions.jsonl 0x4588c0; pseudocode/0045/004588c0.c; generated data Read 0x4ff8cc pseudocode/004f/004ff8cc.c; C1/Init address from source descriptor,implemented,IDA factory 0x4588c0 and generated Read 0x4ff8cc are represented by descriptor kind 16 at command_c1_descriptors_v59.inc:18 and schema kind 16 at script_data_schemas_v52.inc:18. script_manager_owner_v52.cpp:40-53 performs factory/read/bind/Init in that order.,not_run,"Replay kind 16 and log selected factory, data Read, kind/data identity binding and Init ordering.",P1,unassigned
SS-0018,Script runtime,Command kind dispatch and payload,libDungeonHunter2.so,0x458878,GetNewScriptCmdImplInstance<Script_LeaveSafeZone>,port/level-loader/command_c1_descriptors_v59.inc; port/level-loader/script_data_schemas_v52.inc; port/level-loader/script_manager_owner_v52.cpp,"Verify kind 17 selects Script_LeaveSafeZone with C1 size 16, reads generated data size 8 via 0x4ff8c8, then binds and initializes the same kind/data.",functions.jsonl 0x458878; pseudocode/0045/00458878.c; generated data Read 0x4ff8c8 pseudocode/004f/004ff8c8.c; C1/Init address from source descriptor,implemented,IDA factory 0x458878 and generated Read 0x4ff8c8 are represented by descriptor kind 17 at command_c1_descriptors_v59.inc:19 and schema kind 17 at script_data_schemas_v52.inc:19. script_manager_owner_v52.cpp:40-53 performs factory/read/bind/Init in that order.,not_run,"Replay kind 17 and log selected factory, data Read, kind/data identity binding and Init ordering.",P1,unassigned
SS-0019,Script runtime,Command kind dispatch and payload,libDungeonHunter2.so,0x458830,GetNewScriptCmdImplInstance<Script_PlayAnimById>,port/level-loader/command_c1_descriptors_v59.inc; port/level-loader/script_data_schemas_v52.inc; port/level-loader/script_manager_owner_v52.cpp,"Verify kind 18 selects Script_PlayAnimById with C1 size 16, reads generated data size 28 via 0x502594, then binds and initializes the same kind/data.",functions.jsonl 0x458830; pseudocode/0045/00458830.c; generated data Read 0x502594 pseudocode/0050/00502594.c; C1/Init address from source descriptor,implemented,IDA factory 0x458830 and generated Read 0x502594 are represented by descriptor kind 18 at command_c1_descriptors_v59.inc:54 and schema kind 18 at script_data_schemas_v52.inc:54. script_manager_owner_v52.cpp:40-53 performs factory/read/bind/Init in that order.,not_run,"Replay kind 18 and log selected factory, data Read, kind/data identity binding and Init ordering.",P1,unassigned
SS-0020,Script runtime,Command kind dispatch and payload,libDungeonHunter2.so,0x4587e8,GetNewScriptCmdImplInstance<Script_PlayAnimByName>,port/level-loader/command_c1_descriptors_v59.inc; port/level-loader/script_data_schemas_v52.inc; port/level-loader/script_manager_owner_v52.cpp,"Verify kind 19 selects Script_PlayAnimByName with C1 size 16, reads generated data size 32 via 0x502418, then binds and initializes the same kind/data.",functions.jsonl 0x4587e8; pseudocode/0045/004587e8.c; generated data Read 0x502418 pseudocode/0050/00502418.c; C1/Init address from source descriptor,implemented,IDA factory 0x4587e8 and generated Read 0x502418 are represented by descriptor kind 19 at command_c1_descriptors_v59.inc:20 and schema kind 19 at script_data_schemas_v52.inc:20. script_manager_owner_v52.cpp:40-53 performs factory/read/bind/Init in that order.,not_run,"Replay kind 19 and log selected factory, data Read, kind/data identity binding and Init ordering.",P1,unassigned
SS-0021,Script runtime,Command kind dispatch and payload,libDungeonHunter2.so,0x4587a0,GetNewScriptCmdImplInstance<Script_PlayEffect>,port/level-loader/command_c1_descriptors_v59.inc; port/level-loader/script_data_schemas_v52.inc; port/level-loader/script_manager_owner_v52.cpp,"Verify kind 20 selects Script_PlayEffect with C1 size 16, reads generated data size 40 via 0x5022e4, then binds and initializes the same kind/data at its source Init address.",functions.jsonl 0x4587a0; pseudocode/0045/004587a0.c; generated data Read 0x5022e4 pseudocode/0050/005022e4.c; C1/Init address from source descriptor,implemented,"IDA factory 0x4587a0, Init 0x4598b4, and generated Read 0x5022e4 are represented by descriptor kind 20 at command_c1_descriptors_v59.inc:21 and schema kind 20 at script_data_schemas_v52.inc:21. script_manager_owner_v52.cpp:40-53 performs factory/read/bind/Init in that order.",not_run,"Replay kind 20 and log selected factory, data Read, kind/data identity binding and Init ordering.",P1,unassigned
SS-0022,Script runtime,Command kind dispatch and payload,libDungeonHunter2.so,0x458758,GetNewScriptCmdImplInstance<Script_StopEffect>,port/level-loader/command_c1_descriptors_v59.inc; port/level-loader/script_data_schemas_v52.inc; port/level-loader/script_manager_owner_v52.cpp,"Verify kind 21 selects Script_StopEffect with C1 size 16, reads generated data size 12 via 0x5032f4, then binds and initializes the same kind/data.",functions.jsonl 0x458758; pseudocode/0045/00458758.c; generated data Read 0x5032f4 pseudocode/0050/005032f4.c; C1/Init address from source descriptor,implemented,IDA factory 0x458758 and generated Read 0x5032f4 are represented by descriptor kind 21 at command_c1_descriptors_v59.inc:22 and schema kind 21 at script_data_schemas_v52.inc:22. script_manager_owner_v52.cpp:40-53 performs factory/read/bind/Init in that order.,not_run,"Replay kind 21 and log selected factory, data Read, kind/data identity binding and Init ordering.",P1,unassigned
SS-0023,Script runtime,Command kind dispatch and payload,libDungeonHunter2.so,0x45870c,GetNewScriptCmdImplInstance<Script_ShowFlash>,port/level-loader/command_c1_descriptors_v59.inc; port/level-loader/script_data_schemas_v52.inc; port/level-loader/script_manager_owner_v52.cpp,"Verify kind 22 selects Script_ShowFlash with C1 size 20, reads generated data size 24 via 0x5021b8, then binds and initializes the same kind/data at its source Init address.",functions.jsonl 0x45870c; pseudocode/0045/0045870c.c; generated data Read 0x5021b8 pseudocode/0050/005021b8.c; C1/Init address from source descriptor,implemented,"IDA factory 0x45870c, Init 0x45983c, and generated Read 0x5021b8 are represented by descriptor kind 22 at command_c1_descriptors_v59.inc:23 and schema kind 22 at script_data_schemas_v52.inc:23. script_manager_owner_v52.cpp:40-53 performs factory/read/bind/Init in that order.",not_run,"Replay kind 22 and log selected factory, data Read, kind/data identity binding and Init ordering.",P1,unassigned
SS-0024,Script runtime,Command kind dispatch and payload,libDungeonHunter2.so,0x4586c0,GetNewScriptCmdImplInstance<Script_HideFlash>,port/level-loader/command_c1_descriptors_v59.inc; port/level-loader/script_data_schemas_v52.inc; port/level-loader/script_manager_owner_v52.cpp,"Kind 23 maps to Script_HideFlash using the IDA 20-byte C1 layout; decode the 24 serialized data bytes according to the generated reader at 0x50208c, then bind that same kind/data before Init at 0x4597e8.",functions.jsonl 0x4586c0; pseudocode/0045/004586c0.c; generated data Read 0x50208c pseudocode/0050/0050208c.c; C1/Init address from source descriptor,implemented,"implemented at source level; descriptor port/level-loader/command_c1_descriptors_v59.inc:24, schema port/level-loader/script_data_schemas_v52.inc:24, concrete kind dispatch port/level-loader/script_command_receivers_v59.cpp:105; owner parses schema data and binds kind/data before calling Init at port/level-loader/script_manager_owner_v52.cpp:41-52; IDA factory pseudocode/0045/004586c0.c and reader pseudocode/0050/0050208c.c. The port uses schema-based equivalent parsing; IDA functions are static reference evidence, not invoked at runtime.",not_run,"Replay kind 23 and log selected factory, data Read, kind/data identity binding and Init ordering.",P1,unassigned
SS-0025,Script runtime,Command kind dispatch and payload,libDungeonHunter2.so,0x458678,GetNewScriptCmdImplInstance<Script_LockCharacter>,port/level-loader/command_c1_descriptors_v59.inc; port/level-loader/script_data_schemas_v52.inc; port/level-loader/script_manager_owner_v52.cpp,"Kind 24 maps to Script_LockCharacter using the IDA 16-byte C1 layout; decode the 16 serialized data bytes according to the generated reader at 0x501fcc, then bind that same kind/data before Init at 0x455628.",functions.jsonl 0x458678; pseudocode/0045/00458678.c; generated data Read 0x501fcc pseudocode/0050/00501fcc.c; C1/Init address from source descriptor,implemented,"implemented at source level; descriptor port/level-loader/command_c1_descriptors_v59.inc:25, schema port/level-loader/script_data_schemas_v52.inc:25, concrete kind dispatch port/level-loader/script_command_receivers_v59.cpp:106; owner parses schema data and binds kind/data before calling Init at port/level-loader/script_manager_owner_v52.cpp:41-52; IDA factory pseudocode/0045/00458678.c and reader pseudocode/0050/00501fcc.c. The port uses schema-based equivalent parsing; IDA functions are static reference evidence, not invoked at runtime.",not_run,"Replay kind 24 and log selected factory, data Read, kind/data identity binding and Init ordering.",P1,unassigned
SS-0026,Script runtime,Command kind dispatch and payload,libDungeonHunter2.so,0x458630,GetNewScriptCmdImplInstance<Script_UnlockCharacter>,port/level-loader/command_c1_descriptors_v59.inc; port/level-loader/script_data_schemas_v52.inc; port/level-loader/script_manager_owner_v52.cpp,"Kind 25 maps to Script_UnlockCharacter using the IDA 16-byte C1 layout; decode the 16 serialized data bytes according to the generated reader at 0x501f0c, then bind that same kind/data before Init at 0x455628.",functions.jsonl 0x458630; pseudocode/0045/00458630.c; generated data Read 0x501f0c pseudocode/0050/00501f0c.c; C1/Init address from source descriptor,implemented,"implemented at source level; descriptor port/level-loader/command_c1_descriptors_v59.inc:26, schema port/level-loader/script_data_schemas_v52.inc:26, concrete kind dispatch port/level-loader/script_command_receivers_v59.cpp:107; owner parses schema data and binds kind/data before calling Init at port/level-loader/script_manager_owner_v52.cpp:41-52; IDA factory pseudocode/0045/00458630.c and reader pseudocode/0050/00501f0c.c. The port uses schema-based equivalent parsing; IDA functions are static reference evidence, not invoked at runtime.",not_run,"Replay kind 25 and log selected factory, data Read, kind/data identity binding and Init ordering.",P1,unassigned
SS-0027,Script runtime,Command kind dispatch and payload,libDungeonHunter2.so,0x4585e0,GetNewScriptCmdImplInstance<Script_Wait>,port/level-loader/command_c1_descriptors_v59.inc; port/level-loader/script_data_schemas_v52.inc; port/level-loader/script_manager_owner_v52.cpp,"Kind 26 maps to Script_Wait using the IDA 24-byte C1 layout; decode the 12 serialized data bytes according to the generated reader at 0x50327c, then bind that same kind/data before Init at 0x455628.",functions.jsonl 0x4585e0; pseudocode/0045/004585e0.c; generated data Read 0x50327c pseudocode/0050/0050327c.c; C1/Init address from source descriptor,implemented,"implemented at source level; descriptor port/level-loader/command_c1_descriptors_v59.inc:27, schema port/level-loader/script_data_schemas_v52.inc:27, concrete kind dispatch port/level-loader/script_command_receivers_v59.cpp:108; owner parses schema data and binds kind/data before calling Init at port/level-loader/script_manager_owner_v52.cpp:41-52; IDA factory pseudocode/0045/004585e0.c and reader pseudocode/0050/0050327c.c. The port uses schema-based equivalent parsing; IDA functions are static reference evidence, not invoked at runtime.",not_run,"Replay kind 26 and log selected factory, data Read, kind/data identity binding and Init ordering.",P1,unassigned
SS-0028,Script runtime,Command kind dispatch and payload,libDungeonHunter2.so,0x458598,GetNewScriptCmdImplInstance<Script_SetFaeryState>,port/level-loader/command_c1_descriptors_v59.inc; port/level-loader/script_data_schemas_v52.inc; port/level-loader/script_manager_owner_v52.cpp,"Kind 27 maps to Script_SetFaeryState using the IDA 16-byte C1 layout; decode the 16 serialized data bytes according to the generated reader at 0x5031a8, then bind that same kind/data before Init at 0x455628.",functions.jsonl 0x458598; pseudocode/0045/00458598.c; generated data Read 0x5031a8 pseudocode/0050/005031a8.c; C1/Init address from source descriptor,implemented,"implemented at source level; descriptor port/level-loader/command_c1_descriptors_v59.inc:28, schema port/level-loader/script_data_schemas_v52.inc:28, concrete kind dispatch port/level-loader/script_command_receivers_v59.cpp:109; owner parses schema data and binds kind/data before calling Init at port/level-loader/script_manager_owner_v52.cpp:41-52; IDA factory pseudocode/0045/00458598.c and reader pseudocode/0050/005031a8.c. The port uses schema-based equivalent parsing; IDA functions are static reference evidence, not invoked at runtime.",not_run,"Replay kind 27 and log selected factory, data Read, kind/data identity binding and Init ordering.",P1,unassigned
SS-0029,Script runtime,Command kind dispatch and payload,libDungeonHunter2.so,0x458550,GetNewScriptCmdImplInstance<Script_IncFaeryLevel>,port/level-loader/command_c1_descriptors_v59.inc; port/level-loader/script_data_schemas_v52.inc; port/level-loader/script_manager_owner_v52.cpp,"Kind 28 maps to Script_IncFaeryLevel using the IDA 16-byte C1 layout; decode the 12 serialized data bytes according to the generated reader at 0x503130, then bind that same kind/data before Init at 0x455628.",functions.jsonl 0x458550; pseudocode/0045/00458550.c; generated data Read 0x503130 pseudocode/0050/00503130.c; C1/Init address from source descriptor,implemented,"implemented at source level; descriptor port/level-loader/command_c1_descriptors_v59.inc:55, schema port/level-loader/script_data_schemas_v52.inc:55, concrete kind dispatch port/level-loader/script_command_receivers_v59.cpp:136; owner parses schema data and binds kind/data before calling Init at port/level-loader/script_manager_owner_v52.cpp:41-52; IDA factory pseudocode/0045/00458550.c and reader pseudocode/0050/00503130.c. The port uses schema-based equivalent parsing; IDA functions are static reference evidence, not invoked at runtime.",not_run,"Replay kind 28 and log selected factory, data Read, kind/data identity binding and Init ordering.",P1,unassigned
SS-0030,Script runtime,Command kind dispatch and payload,libDungeonHunter2.so,0x458508,GetNewScriptCmdImplInstance<Script_PutCharacterInLimbus>,port/level-loader/command_c1_descriptors_v59.inc; port/level-loader/script_data_schemas_v52.inc; port/level-loader/script_manager_owner_v52.cpp,"Kind 29 maps to Script_PutCharacterInLimbus using the IDA 16-byte C1 layout; decode the 20 serialized data bytes according to the generated reader at 0x501e40, then bind that same kind/data before Init at 0x455628.",functions.jsonl 0x458508; pseudocode/0045/00458508.c; generated data Read 0x501e40 pseudocode/0050/00501e40.c; C1/Init address from source descriptor,implemented,"implemented at source level; descriptor port/level-loader/command_c1_descriptors_v59.inc:29, schema port/level-loader/script_data_schemas_v52.inc:29, concrete kind dispatch port/level-loader/script_command_receivers_v59.cpp:110; owner parses schema data and binds kind/data before calling Init at port/level-loader/script_manager_owner_v52.cpp:41-52; IDA factory pseudocode/0045/00458508.c and reader pseudocode/0050/00501e40.c. The port uses schema-based equivalent parsing; IDA functions are static reference evidence, not invoked at runtime.",not_run,"Replay kind 29 and log selected factory, data Read, kind/data identity binding and Init ordering.",P1,unassigned
SS-0031,Script runtime,Command kind dispatch and payload,libDungeonHunter2.so,0x4584c0,GetNewScriptCmdImplInstance<Script_SpawnCharacter>,port/level-loader/command_c1_descriptors_v59.inc; port/level-loader/script_data_schemas_v52.inc; port/level-loader/script_manager_owner_v52.cpp,"Kind 30 maps to Script_SpawnCharacter using the IDA 16-byte C1 layout; decode the 16 serialized data bytes according to the generated reader at 0x501d80, then bind that same kind/data before Init at 0x455628.",functions.jsonl 0x4584c0; pseudocode/0045/004584c0.c; generated data Read 0x501d80 pseudocode/0050/00501d80.c; C1/Init address from source descriptor,implemented,"implemented at source level; descriptor port/level-loader/command_c1_descriptors_v59.inc:30, schema port/level-loader/script_data_schemas_v52.inc:30, concrete kind dispatch port/level-loader/script_command_receivers_v59.cpp:111; owner parses schema data and binds kind/data before calling Init at port/level-loader/script_manager_owner_v52.cpp:41-52; IDA factory pseudocode/0045/004584c0.c and reader pseudocode/0050/00501d80.c. The port uses schema-based equivalent parsing; IDA functions are static reference evidence, not invoked at runtime.",not_run,"Replay kind 30 and log selected factory, data Read, kind/data identity binding and Init ordering.",P1,unassigned
SS-0032,Script runtime,Command kind dispatch and payload,libDungeonHunter2.so,0x458478,GetNewScriptCmdImplInstance<Script_PutCharacterInIdle>,port/level-loader/command_c1_descriptors_v59.inc; port/level-loader/script_data_schemas_v52.inc; port/level-loader/script_manager_owner_v52.cpp,"Kind 31 maps to Script_PutCharacterInIdle using the IDA 16-byte C1 layout; decode the 16 serialized data bytes according to the generated reader at 0x501cc0, then bind that same kind/data before Init at 0x455628.",functions.jsonl 0x458478; pseudocode/0045/00458478.c; generated data Read 0x501cc0 pseudocode/0050/00501cc0.c; C1/Init address from source descriptor,implemented,"implemented at source level; descriptor port/level-loader/command_c1_descriptors_v59.inc:31, schema port/level-loader/script_data_schemas_v52.inc:31, concrete kind dispatch port/level-loader/script_command_receivers_v59.cpp:112; owner parses schema data and binds kind/data before calling Init at port/level-loader/script_manager_owner_v52.cpp:41-52; IDA factory pseudocode/0045/00458478.c and reader pseudocode/0050/00501cc0.c. The port uses schema-based equivalent parsing; IDA functions are static reference evidence, not invoked at runtime.",not_run,"Replay kind 31 and log selected factory, data Read, kind/data identity binding and Init ordering.",P1,unassigned
SS-0033,Script runtime,Command kind dispatch and payload,libDungeonHunter2.so,0x458430,GetNewScriptCmdImplInstance<Script_MarkCharacterAsScripted>,port/level-loader/command_c1_descriptors_v59.inc; port/level-loader/script_data_schemas_v52.inc; port/level-loader/script_manager_owner_v52.cpp,"Kind 32 maps to Script_MarkCharacterAsScripted using the IDA 16-byte C1 layout; decode the 20 serialized data bytes according to the generated reader at 0x501bf4, then bind that same kind/data before Init at 0x455628.",functions.jsonl 0x458430; pseudocode/0045/00458430.c; generated data Read 0x501bf4 pseudocode/0050/00501bf4.c; C1/Init address from source descriptor,implemented,"implemented at source level; descriptor port/level-loader/command_c1_descriptors_v59.inc:32, schema port/level-loader/script_data_schemas_v52.inc:32, concrete kind dispatch port/level-loader/script_command_receivers_v59.cpp:113; owner parses schema data and binds kind/data before calling Init at port/level-loader/script_manager_owner_v52.cpp:41-52; IDA factory pseudocode/0045/00458430.c and reader pseudocode/0050/00501bf4.c. The port uses schema-based equivalent parsing; IDA functions are static reference evidence, not invoked at runtime.",not_run,"Replay kind 32 and log selected factory, data Read, kind/data identity binding and Init ordering.",P1,unassigned
SS-0034,Script runtime,Command kind dispatch and payload,libDungeonHunter2.so,0x4583e8,GetNewScriptCmdImplInstance<Script_AIEnableTimer>,port/level-loader/command_c1_descriptors_v59.inc; port/level-loader/script_data_schemas_v52.inc; port/level-loader/script_manager_owner_v52.cpp,"Kind 33 maps to Script_AIEnableTimer using the IDA 16-byte C1 layout; decode the 12 serialized data bytes according to the generated reader at 0x4ff9b4, then bind that same kind/data before Init at 0x455628.",functions.jsonl 0x4583e8; pseudocode/0045/004583e8.c; generated data Read 0x4ff9b4 pseudocode/004f/004ff9b4.c; C1/Init address from source descriptor,implemented,"implemented at source level; descriptor port/level-loader/command_c1_descriptors_v59.inc:56, schema port/level-loader/script_data_schemas_v52.inc:56, concrete kind dispatch port/level-loader/script_command_receivers_v59.cpp:137; owner parses schema data and binds kind/data before calling Init at port/level-loader/script_manager_owner_v52.cpp:41-52; IDA factory pseudocode/0045/004583e8.c and reader pseudocode/004f/004ff9b4.c. The port uses schema-based equivalent parsing; IDA functions are static reference evidence, not invoked at runtime.",not_run,"Replay kind 33 and log selected factory, data Read, kind/data identity binding and Init ordering.",P1,unassigned
SS-0035,Script runtime,Command kind dispatch and payload,libDungeonHunter2.so,0x4583a0,GetNewScriptCmdImplInstance<Script_AIResetTimer>,port/level-loader/command_c1_descriptors_v59.inc; port/level-loader/script_data_schemas_v52.inc; port/level-loader/script_manager_owner_v52.cpp,"Kind 34 maps to Script_AIResetTimer using the IDA 16-byte C1 layout; decode the 8 serialized data bytes according to the generated reader at 0x4ff8c4, then bind that same kind/data before Init at 0x455628.",functions.jsonl 0x4583a0; pseudocode/0045/004583a0.c; generated data Read 0x4ff8c4 pseudocode/004f/004ff8c4.c; C1/Init address from source descriptor,implemented,"implemented at source level; descriptor port/level-loader/command_c1_descriptors_v59.inc:57, schema port/level-loader/script_data_schemas_v52.inc:57, concrete kind dispatch port/level-loader/script_command_receivers_v59.cpp:138; owner parses schema data and binds kind/data before calling Init at port/level-loader/script_manager_owner_v52.cpp:41-52; IDA factory pseudocode/0045/004583a0.c and reader pseudocode/004f/004ff8c4.c. The port uses schema-based equivalent parsing; IDA functions are static reference evidence, not invoked at runtime.",not_run,"Replay kind 34 and log selected factory, data Read, kind/data identity binding and Init ordering.",P1,unassigned
SS-0036,Script runtime,Command kind dispatch and payload,libDungeonHunter2.so,0x458358,GetNewScriptCmdImplInstance<Script_AIDoSkill>,port/level-loader/command_c1_descriptors_v59.inc; port/level-loader/script_data_schemas_v52.inc; port/level-loader/script_manager_owner_v52.cpp,"Kind 35 maps to Script_AIDoSkill using the IDA 16-byte C1 layout; decode the 20 serialized data bytes according to the generated reader at 0x501ad8, then bind that same kind/data before Init at 0x455628.",functions.jsonl 0x458358; pseudocode/0045/00458358.c; generated data Read 0x501ad8 pseudocode/0050/00501ad8.c; C1/Init address from source descriptor,implemented,"implemented at source level; descriptor port/level-loader/command_c1_descriptors_v59.inc:58, schema port/level-loader/script_data_schemas_v52.inc:58, concrete kind dispatch port/level-loader/script_command_receivers_v59.cpp:139; owner parses schema data and binds kind/data before calling Init at port/level-loader/script_manager_owner_v52.cpp:41-52; IDA factory pseudocode/0045/00458358.c and reader pseudocode/0050/00501ad8.c. The port uses schema-based equivalent parsing; IDA functions are static reference evidence, not invoked at runtime.",not_run,"Replay kind 35 and log selected factory, data Read, kind/data identity binding and Init ordering.",P1,unassigned
SS-0037,Script runtime,Command kind dispatch and payload,libDungeonHunter2.so,0x458310,GetNewScriptCmdImplInstance<Script_AISetHP>,port/level-loader/command_c1_descriptors_v59.inc; port/level-loader/script_data_schemas_v52.inc; port/level-loader/script_manager_owner_v52.cpp,"Kind 36 maps to Script_AISetHP using the IDA 16-byte C1 layout; decode the 12 serialized data bytes according to the generated reader at 0x5030b8, then bind that same kind/data before Init at 0x455628.",functions.jsonl 0x458310; pseudocode/0045/00458310.c; generated data Read 0x5030b8 pseudocode/0050/005030b8.c; C1/Init address from source descriptor,implemented,"implemented at source level; descriptor port/level-loader/command_c1_descriptors_v59.inc:59, schema port/level-loader/script_data_schemas_v52.inc:59, concrete kind dispatch port/level-loader/script_command_receivers_v59.cpp:140; owner parses schema data and binds kind/data before calling Init at port/level-loader/script_manager_owner_v52.cpp:41-52; IDA factory pseudocode/0045/00458310.c and reader pseudocode/0050/005030b8.c. The port uses schema-based equivalent parsing; IDA functions are static reference evidence, not invoked at runtime.",not_run,"Replay kind 36 and log selected factory, data Read, kind/data identity binding and Init ordering.",P1,unassigned
SS-0038,Script runtime,Command kind dispatch and payload,libDungeonHunter2.so,0x4582c8,GetNewScriptCmdImplInstance<Script_AIChangeScript>,port/level-loader/command_c1_descriptors_v59.inc; port/level-loader/script_data_schemas_v52.inc; port/level-loader/script_manager_owner_v52.cpp,"Kind 37 maps to Script_AIChangeScript using the IDA 16-byte C1 layout; decode the 24 serialized data bytes according to the generated reader at 0x501974, then bind that same kind/data before Init at 0x455628.",functions.jsonl 0x4582c8; pseudocode/0045/004582c8.c; generated data Read 0x501974 pseudocode/0050/00501974.c; C1/Init address from source descriptor,implemented,"implemented at source level; descriptor port/level-loader/command_c1_descriptors_v59.inc:60, schema port/level-loader/script_data_schemas_v52.inc:60, concrete kind dispatch port/level-loader/script_command_receivers_v59.cpp:141; owner parses schema data and binds kind/data before calling Init at port/level-loader/script_manager_owner_v52.cpp:41-52; IDA factory pseudocode/0045/004582c8.c and reader pseudocode/0050/00501974.c. The port uses schema-based equivalent parsing; IDA functions are static reference evidence, not invoked at runtime.",not_run,"Replay kind 37 and log selected factory, data Read, kind/data identity binding and Init ordering.",P1,unassigned
SS-0039,Script runtime,Command kind dispatch and payload,libDungeonHunter2.so,0x458280,GetNewScriptCmdImplInstance<Script_AISetInt>,port/level-loader/command_c1_descriptors_v59.inc; port/level-loader/script_data_schemas_v52.inc; port/level-loader/script_manager_owner_v52.cpp,"Kind 38 maps to Script_AISetInt using the IDA 16-byte C1 layout; decode the 28 serialized data bytes according to the generated reader at 0x5017b4, then bind that same kind/data before Init at 0x455628.",functions.jsonl 0x458280; pseudocode/0045/00458280.c; generated data Read 0x5017b4 pseudocode/0050/005017b4.c; C1/Init address from source descriptor,implemented,"implemented at source level; descriptor port/level-loader/command_c1_descriptors_v59.inc:61, schema port/level-loader/script_data_schemas_v52.inc:61, concrete kind dispatch port/level-loader/script_command_receivers_v59.cpp:142; owner parses schema data and binds kind/data before calling Init at port/level-loader/script_manager_owner_v52.cpp:41-52; IDA factory pseudocode/0045/00458280.c and reader pseudocode/0050/005017b4.c. The port uses schema-based equivalent parsing; IDA functions are static reference evidence, not invoked at runtime.",not_run,"Replay kind 38 and log selected factory, data Read, kind/data identity binding and Init ordering.",P1,unassigned
SS-0040,Script runtime,Command kind dispatch and payload,libDungeonHunter2.so,0x458238,GetNewScriptCmdImplInstance<Script_StopActor>,port/level-loader/command_c1_descriptors_v59.inc; port/level-loader/script_data_schemas_v52.inc; port/level-loader/script_manager_owner_v52.cpp,"Kind 39 maps to Script_StopActor using the IDA 16-byte C1 layout; decode the 16 serialized data bytes according to the generated reader at 0x5016f4, then bind that same kind/data before Init at 0x455628.",functions.jsonl 0x458238; pseudocode/0045/00458238.c; generated data Read 0x5016f4 pseudocode/0050/005016f4.c; C1/Init address from source descriptor,implemented,"implemented at source level; descriptor port/level-loader/command_c1_descriptors_v59.inc:33, schema port/level-loader/script_data_schemas_v52.inc:33, concrete kind dispatch port/level-loader/script_command_receivers_v59.cpp:114; owner parses schema data and binds kind/data before calling Init at port/level-loader/script_manager_owner_v52.cpp:41-52; IDA factory pseudocode/0045/00458238.c and reader pseudocode/0050/005016f4.c. The port uses schema-based equivalent parsing; IDA functions are static reference evidence, not invoked at runtime.",not_run,"Replay kind 39 and log selected factory, data Read, kind/data identity binding and Init ordering.",P1,unassigned
SS-0041,Script runtime,Command kind dispatch and payload,libDungeonHunter2.so,0x4581e4,GetNewScriptCmdImplInstance<Script_MoveActor>,port/level-loader/command_c1_descriptors_v59.inc; port/level-loader/script_data_schemas_v52.inc; port/level-loader/script_manager_owner_v52.cpp,"Kind 40 maps to Script_MoveActor using the IDA 28-byte C1 layout; decode the 32 serialized data bytes according to the generated reader at 0x501578, then bind that same kind/data before Init at 0x455628.",functions.jsonl 0x4581e4; pseudocode/0045/004581e4.c; generated data Read 0x501578 pseudocode/0050/00501578.c; C1/Init address from source descriptor,implemented,"implemented at source level; descriptor port/level-loader/command_c1_descriptors_v59.inc:34, schema port/level-loader/script_data_schemas_v52.inc:34, concrete kind dispatch port/level-loader/script_command_receivers_v59.cpp:115; owner parses schema data and binds kind/data before calling Init at port/level-loader/script_manager_owner_v52.cpp:41-52; IDA factory pseudocode/0045/004581e4.c and reader pseudocode/0050/00501578.c. The port uses schema-based equivalent parsing; IDA functions are static reference evidence, not invoked at runtime.",not_run,"Replay kind 40 and log selected factory, data Read, kind/data identity binding and Init ordering.",P1,unassigned
SS-0042,Script runtime,Command kind dispatch and payload,libDungeonHunter2.so,0x45819c,GetNewScriptCmdImplInstance<Script_LookActor>,port/level-loader/command_c1_descriptors_v59.inc; port/level-loader/script_data_schemas_v52.inc; port/level-loader/script_manager_owner_v52.cpp,"Kind 41 maps to Script_LookActor using the IDA 16-byte C1 layout; decode the 24 serialized data bytes according to the generated reader at 0x501414, then bind that same kind/data before Init at 0x455628.",functions.jsonl 0x45819c; pseudocode/0045/0045819c.c; generated data Read 0x501414 pseudocode/0050/00501414.c; C1/Init address from source descriptor,implemented,"implemented at source level; descriptor port/level-loader/command_c1_descriptors_v59.inc:35, schema port/level-loader/script_data_schemas_v52.inc:35, concrete kind dispatch port/level-loader/script_command_receivers_v59.cpp:116; owner parses schema data and binds kind/data before calling Init at port/level-loader/script_manager_owner_v52.cpp:41-52; IDA factory pseudocode/0045/0045819c.c and reader pseudocode/0050/00501414.c. The port uses schema-based equivalent parsing; IDA functions are static reference evidence, not invoked at runtime.",not_run,"Replay kind 41 and log selected factory, data Read, kind/data identity binding and Init ordering.",P1,unassigned
SS-0043,Script runtime,Command kind dispatch and payload,libDungeonHunter2.so,0x458154,GetNewScriptCmdImplInstance<Script_ShowActor>,port/level-loader/command_c1_descriptors_v59.inc; port/level-loader/script_data_schemas_v52.inc; port/level-loader/script_manager_owner_v52.cpp,"Kind 42 maps to Script_ShowActor using the IDA 16-byte C1 layout; decode the 16 serialized data bytes according to the generated reader at 0x501354, then bind that same kind/data before Init at 0x455628.",functions.jsonl 0x458154; pseudocode/0045/00458154.c; generated data Read 0x501354 pseudocode/0050/00501354.c; C1/Init address from source descriptor,implemented,"implemented at source level; descriptor port/level-loader/command_c1_descriptors_v59.inc:36, schema port/level-loader/script_data_schemas_v52.inc:36, concrete kind dispatch port/level-loader/script_command_receivers_v59.cpp:117; owner parses schema data and binds kind/data before calling Init at port/level-loader/script_manager_owner_v52.cpp:41-52; IDA factory pseudocode/0045/00458154.c and reader pseudocode/0050/00501354.c. The port uses schema-based equivalent parsing; IDA functions are static reference evidence, not invoked at runtime.",not_run,"Replay kind 42 and log selected factory, data Read, kind/data identity binding and Init ordering.",P1,unassigned
SS-0044,Script runtime,Command kind dispatch and payload,libDungeonHunter2.so,0x45810c,GetNewScriptCmdImplInstance<Script_HideActor>,port/level-loader/command_c1_descriptors_v59.inc; port/level-loader/script_data_schemas_v52.inc; port/level-loader/script_manager_owner_v52.cpp,"Kind 43 maps to Script_HideActor using the IDA 16-byte C1 layout; decode the 16 serialized data bytes according to the generated reader at 0x501294, then bind that same kind/data before Init at 0x455628.",functions.jsonl 0x45810c; pseudocode/0045/0045810c.c; generated data Read 0x501294 pseudocode/0050/00501294.c; C1/Init address from source descriptor,implemented,"implemented at source level; descriptor port/level-loader/command_c1_descriptors_v59.inc:37, schema port/level-loader/script_data_schemas_v52.inc:37, concrete kind dispatch port/level-loader/script_command_receivers_v59.cpp:118; owner parses schema data and binds kind/data before calling Init at port/level-loader/script_manager_owner_v52.cpp:41-52; IDA factory pseudocode/0045/0045810c.c and reader pseudocode/0050/00501294.c. The port uses schema-based equivalent parsing; IDA functions are static reference evidence, not invoked at runtime.",not_run,"Replay kind 43 and log selected factory, data Read, kind/data identity binding and Init ordering.",P1,unassigned
SS-0045,Script runtime,Command kind dispatch and payload,libDungeonHunter2.so,0x4580c4,GetNewScriptCmdImplInstance<Script_KillActor>,port/level-loader/command_c1_descriptors_v59.inc; port/level-loader/script_data_schemas_v52.inc; port/level-loader/script_manager_owner_v52.cpp,"Kind 44 maps to Script_KillActor using the IDA 16-byte C1 layout; decode the 16 serialized data bytes according to the generated reader at 0x5011d4, then bind that same kind/data before Init at 0x455628.",functions.jsonl 0x4580c4; pseudocode/0045/004580c4.c; generated data Read 0x5011d4 pseudocode/0050/005011d4.c; C1/Init address from source descriptor,implemented,"implemented at source level; descriptor port/level-loader/command_c1_descriptors_v59.inc:38, schema port/level-loader/script_data_schemas_v52.inc:38, concrete kind dispatch port/level-loader/script_command_receivers_v59.cpp:119; owner parses schema data and binds kind/data before calling Init at port/level-loader/script_manager_owner_v52.cpp:41-52; IDA factory pseudocode/0045/004580c4.c and reader pseudocode/0050/005011d4.c. The port uses schema-based equivalent parsing; IDA functions are static reference evidence, not invoked at runtime.",not_run,"Replay kind 44 and log selected factory, data Read, kind/data identity binding and Init ordering.",P1,unassigned
SS-0046,Script runtime,Command kind dispatch and payload,libDungeonHunter2.so,0x4595c8,GetNewScriptCmdImplInstance<Script_PlayActorAnim>,port/level-loader/command_c1_descriptors_v59.inc; port/level-loader/script_data_schemas_v52.inc; port/level-loader/script_manager_owner_v52.cpp,"Kind 45 maps to Script_PlayActorAnim using the IDA 28-byte C1 layout; decode the 32 serialized data bytes according to the generated reader at 0x500ff4, then bind that same kind/data before Init at 0x45a2ec.",functions.jsonl 0x4595c8; pseudocode/0045/004595c8.c; generated data Read 0x500ff4 pseudocode/0050/00500ff4.c; C1/Init address from source descriptor,implemented,"implemented at source level; descriptor port/level-loader/command_c1_descriptors_v59.inc:39, schema port/level-loader/script_data_schemas_v52.inc:39, concrete kind dispatch port/level-loader/script_command_receivers_v59.cpp:120; owner parses schema data and binds kind/data before calling Init at port/level-loader/script_manager_owner_v52.cpp:41-52; IDA factory pseudocode/0045/004595c8.c and reader pseudocode/0050/00500ff4.c. The port uses schema-based equivalent parsing; IDA functions are static reference evidence, not invoked at runtime.",not_run,"Replay kind 45 and log selected factory, data Read, kind/data identity binding and Init ordering.",P1,unassigned
SS-0047,Script runtime,Command kind dispatch and payload,libDungeonHunter2.so,0x45807c,GetNewScriptCmdImplInstance<Script_SetActorPosition>,port/level-loader/command_c1_descriptors_v59.inc; port/level-loader/script_data_schemas_v52.inc; port/level-loader/script_manager_owner_v52.cpp,"Kind 46 maps to Script_SetActorPosition using the IDA 16-byte C1 layout; decode the 24 serialized data bytes according to the generated reader at 0x500e90, then bind that same kind/data before Init at 0x455628.",functions.jsonl 0x45807c; pseudocode/0045/0045807c.c; generated data Read 0x500e90 pseudocode/0050/00500e90.c; C1/Init address from source descriptor,implemented,"implemented at source level; descriptor port/level-loader/command_c1_descriptors_v59.inc:40, schema port/level-loader/script_data_schemas_v52.inc:40, concrete kind dispatch port/level-loader/script_command_receivers_v59.cpp:121; owner parses schema data and binds kind/data before calling Init at port/level-loader/script_manager_owner_v52.cpp:41-52; IDA factory pseudocode/0045/0045807c.c and reader pseudocode/0050/00500e90.c. The port uses schema-based equivalent parsing; IDA functions are static reference evidence, not invoked at runtime.",not_run,"Replay kind 46 and log selected factory, data Read, kind/data identity binding and Init ordering.",P1,unassigned
SS-0048,Script runtime,Command kind dispatch and payload,libDungeonHunter2.so,0x458034,GetNewScriptCmdImplInstance<Script_SetActorMaster>,port/level-loader/command_c1_descriptors_v59.inc; port/level-loader/script_data_schemas_v52.inc; port/level-loader/script_manager_owner_v52.cpp,"Kind 47 maps to Script_SetActorMaster using the IDA 16-byte C1 layout; decode the 32 serialized data bytes according to the generated reader at 0x500d14, then bind that same kind/data before Init at 0x455628.",functions.jsonl 0x458034; pseudocode/0045/00458034.c; generated data Read 0x500d14 pseudocode/0050/00500d14.c; C1/Init address from source descriptor,implemented,"implemented at source level; descriptor port/level-loader/command_c1_descriptors_v59.inc:62, schema port/level-loader/script_data_schemas_v52.inc:62, concrete kind dispatch port/level-loader/script_command_receivers_v59.cpp:143; owner parses schema data and binds kind/data before calling Init at port/level-loader/script_manager_owner_v52.cpp:41-52; IDA factory pseudocode/0045/00458034.c and reader pseudocode/0050/00500d14.c. The port uses schema-based equivalent parsing; IDA functions are static reference evidence, not invoked at runtime.",not_run,"Replay kind 47 and log selected factory, data Read, kind/data identity binding and Init ordering.",P1,unassigned
SS-0049,Script runtime,Command kind dispatch and payload,libDungeonHunter2.so,0x457fec,GetNewScriptCmdImplInstance<Script_DropLoot>,port/level-loader/command_c1_descriptors_v59.inc; port/level-loader/script_data_schemas_v52.inc; port/level-loader/script_manager_owner_v52.cpp,"Kind 48 maps to Script_DropLoot using the IDA 16-byte C1 layout; decode the 24 serialized data bytes according to the generated reader at 0x500bb0, then bind that same kind/data before Init at 0x455628.",functions.jsonl 0x457fec; pseudocode/0045/00457fec.c; generated data Read 0x500bb0 pseudocode/0050/00500bb0.c; C1/Init address from source descriptor,implemented,"implemented at source level; descriptor port/level-loader/command_c1_descriptors_v59.inc:63, schema port/level-loader/script_data_schemas_v52.inc:63, concrete kind dispatch port/level-loader/script_command_receivers_v59.cpp:144; owner parses schema data and binds kind/data before calling Init at port/level-loader/script_manager_owner_v52.cpp:41-52; IDA factory pseudocode/0045/00457fec.c and reader pseudocode/0050/00500bb0.c. The port uses schema-based equivalent parsing; IDA functions are static reference evidence, not invoked at runtime.",not_run,"Replay kind 48 and log selected factory, data Read, kind/data identity binding and Init ordering.",P1,unassigned
SS-0050,Script runtime,Command kind dispatch and payload,libDungeonHunter2.so,0x457fa4,GetNewScriptCmdImplInstance<Script_AutoEquip>,port/level-loader/command_c1_descriptors_v59.inc; port/level-loader/script_data_schemas_v52.inc; port/level-loader/script_manager_owner_v52.cpp,"Kind 49 maps to Script_AutoEquip using the IDA 16-byte C1 layout; decode the 16 serialized data bytes according to the generated reader at 0x500af0, then bind that same kind/data before Init at 0x455628.",functions.jsonl 0x457fa4; pseudocode/0045/00457fa4.c; generated data Read 0x500af0 pseudocode/0050/00500af0.c; C1/Init address from source descriptor,implemented,"implemented at source level; descriptor port/level-loader/command_c1_descriptors_v59.inc:64, schema port/level-loader/script_data_schemas_v52.inc:64, concrete kind dispatch port/level-loader/script_command_receivers_v59.cpp:145; owner parses schema data and binds kind/data before calling Init at port/level-loader/script_manager_owner_v52.cpp:41-52; IDA factory pseudocode/0045/00457fa4.c and reader pseudocode/0050/00500af0.c. The port uses schema-based equivalent parsing; IDA functions are static reference evidence, not invoked at runtime.",not_run,"Replay kind 49 and log selected factory, data Read, kind/data identity binding and Init ordering.",P1,unassigned
SS-0051,Script runtime,Command kind dispatch and payload,libDungeonHunter2.so,0x457f5c,GetNewScriptCmdImplInstance<Script_UnEquipItemFromSlot>,port/level-loader/command_c1_descriptors_v59.inc; port/level-loader/script_data_schemas_v52.inc; port/level-loader/script_manager_owner_v52.cpp,"Kind 50 maps to Script_UnEquipItemFromSlot using the IDA 16-byte C1 layout; decode the 20 serialized data bytes according to the generated reader at 0x5009d4, then bind that same kind/data before Init at 0x455628.",functions.jsonl 0x457f5c; pseudocode/0045/00457f5c.c; generated data Read 0x5009d4 pseudocode/0050/005009d4.c; C1/Init address from source descriptor,implemented,"implemented at source level; descriptor port/level-loader/command_c1_descriptors_v59.inc:65, schema port/level-loader/script_data_schemas_v52.inc:65, concrete kind dispatch port/level-loader/script_command_receivers_v59.cpp:146; owner parses schema data and binds kind/data before calling Init at port/level-loader/script_manager_owner_v52.cpp:41-52; IDA factory pseudocode/0045/00457f5c.c and reader pseudocode/0050/005009d4.c. The port uses schema-based equivalent parsing; IDA functions are static reference evidence, not invoked at runtime.",not_run,"Replay kind 50 and log selected factory, data Read, kind/data identity binding and Init ordering.",P1,unassigned
SS-0052,Script runtime,Command kind dispatch and payload,libDungeonHunter2.so,0x457f14,GetNewScriptCmdImplInstance<Script_UnEquipHands>,port/level-loader/command_c1_descriptors_v59.inc; port/level-loader/script_data_schemas_v52.inc; port/level-loader/script_manager_owner_v52.cpp,"Kind 51 maps to Script_UnEquipHands using the IDA 16-byte C1 layout; decode the 16 serialized data bytes according to the generated reader at 0x500914, then bind that same kind/data before Init at 0x455628.",functions.jsonl 0x457f14; pseudocode/0045/00457f14.c; generated data Read 0x500914 pseudocode/0050/00500914.c; C1/Init address from source descriptor,implemented,"implemented at source level; descriptor port/level-loader/command_c1_descriptors_v59.inc:41, schema port/level-loader/script_data_schemas_v52.inc:41, concrete kind dispatch port/level-loader/script_command_receivers_v59.cpp:122; owner parses schema data and binds kind/data before calling Init at port/level-loader/script_manager_owner_v52.cpp:41-52; IDA factory pseudocode/0045/00457f14.c and reader pseudocode/0050/00500914.c. The port uses schema-based equivalent parsing; IDA functions are static reference evidence, not invoked at runtime.",not_run,"Replay kind 51 and log selected factory, data Read, kind/data identity binding and Init ordering.",P1,unassigned
SS-0053,Script runtime,Command kind dispatch and payload,libDungeonHunter2.so,0x457ecc,GetNewScriptCmdImplInstance<Script_ReEquipHands>,port/level-loader/command_c1_descriptors_v59.inc; port/level-loader/script_data_schemas_v52.inc; port/level-loader/script_manager_owner_v52.cpp,"Kind 52 maps to Script_ReEquipHands using the IDA 16-byte C1 layout; decode the 16 serialized data bytes according to the generated reader at 0x500854, then bind that same kind/data before Init at 0x455628.",functions.jsonl 0x457ecc; pseudocode/0045/00457ecc.c; generated data Read 0x500854 pseudocode/0050/00500854.c; C1/Init address from source descriptor,implemented,"implemented at source level; descriptor port/level-loader/command_c1_descriptors_v59.inc:42, schema port/level-loader/script_data_schemas_v52.inc:42, concrete kind dispatch port/level-loader/script_command_receivers_v59.cpp:123; owner parses schema data and binds kind/data before calling Init at port/level-loader/script_manager_owner_v52.cpp:41-52; IDA factory pseudocode/0045/00457ecc.c and reader pseudocode/0050/00500854.c. The port uses schema-based equivalent parsing; IDA functions are static reference evidence, not invoked at runtime.",not_run,"Replay kind 52 and log selected factory, data Read, kind/data identity binding and Init ordering.",P1,unassigned
SS-0054,Script runtime,Command kind dispatch and payload,libDungeonHunter2.so,0x457e84,GetNewScriptCmdImplInstance<Script_SetStatic>,port/level-loader/command_c1_descriptors_v59.inc; port/level-loader/script_data_schemas_v52.inc; port/level-loader/script_manager_owner_v52.cpp,"Kind 53 maps to Script_SetStatic using the IDA 16-byte C1 layout; decode the 20 serialized data bytes according to the generated reader at 0x500788, then bind that same kind/data before Init at 0x455628.",functions.jsonl 0x457e84; pseudocode/0045/00457e84.c; generated data Read 0x500788 pseudocode/0050/00500788.c; C1/Init address from source descriptor,implemented,"implemented at source level; descriptor port/level-loader/command_c1_descriptors_v59.inc:66, schema port/level-loader/script_data_schemas_v52.inc:66, concrete kind dispatch port/level-loader/script_command_receivers_v59.cpp:147; owner parses schema data and binds kind/data before calling Init at port/level-loader/script_manager_owner_v52.cpp:41-52; IDA factory pseudocode/0045/00457e84.c and reader pseudocode/0050/00500788.c. The port uses schema-based equivalent parsing; IDA functions are static reference evidence, not invoked at runtime.",not_run,"Replay kind 53 and log selected factory, data Read, kind/data identity binding and Init ordering.",P1,unassigned
SS-0055,Script runtime,Command kind dispatch and payload,libDungeonHunter2.so,0x457e34,GetNewScriptCmdImplInstance<Script_OpenDoor>,port/level-loader/command_c1_descriptors_v59.inc; port/level-loader/script_data_schemas_v52.inc; port/level-loader/script_manager_owner_v52.cpp,"Kind 54 maps to Script_OpenDoor using the IDA 24-byte C1 layout; decode the 20 serialized data bytes according to the generated reader at 0x5006bc, then bind that same kind/data before Init at 0x455628.",functions.jsonl 0x457e34; pseudocode/0045/00457e34.c; generated data Read 0x5006bc pseudocode/0050/005006bc.c; C1/Init address from source descriptor,implemented,"implemented at source level; descriptor port/level-loader/command_c1_descriptors_v59.inc:43, schema port/level-loader/script_data_schemas_v52.inc:43, concrete kind dispatch port/level-loader/script_command_receivers_v59.cpp:124; owner parses schema data and binds kind/data before calling Init at port/level-loader/script_manager_owner_v52.cpp:41-52; IDA factory pseudocode/0045/00457e34.c and reader pseudocode/0050/005006bc.c. The port uses schema-based equivalent parsing; IDA functions are static reference evidence, not invoked at runtime.",not_run,"Replay kind 54 and log selected factory, data Read, kind/data identity binding and Init ordering.",P1,unassigned
SS-0056,Script runtime,Command kind dispatch and payload,libDungeonHunter2.so,0x457de4,GetNewScriptCmdImplInstance<Script_CloseDoor>,port/level-loader/command_c1_descriptors_v59.inc; port/level-loader/script_data_schemas_v52.inc; port/level-loader/script_manager_owner_v52.cpp,"Kind 55 maps to Script_CloseDoor using the IDA 24-byte C1 layout; decode the 20 serialized data bytes according to the generated reader at 0x5005f0, then bind that same kind/data before Init at 0x455628.",functions.jsonl 0x457de4; pseudocode/0045/00457de4.c; generated data Read 0x5005f0 pseudocode/0050/005005f0.c; C1/Init address from source descriptor,implemented,"implemented at source level; descriptor port/level-loader/command_c1_descriptors_v59.inc:44, schema port/level-loader/script_data_schemas_v52.inc:44, concrete kind dispatch port/level-loader/script_command_receivers_v59.cpp:125; owner parses schema data and binds kind/data before calling Init at port/level-loader/script_manager_owner_v52.cpp:41-52; IDA factory pseudocode/0045/00457de4.c and reader pseudocode/0050/005005f0.c. The port uses schema-based equivalent parsing; IDA functions are static reference evidence, not invoked at runtime.",not_run,"Replay kind 55 and log selected factory, data Read, kind/data identity binding and Init ordering.",P1,unassigned
SS-0057,Script runtime,Command kind dispatch and payload,libDungeonHunter2.so,0x457d98,GetNewScriptCmdImplInstance<Script_ActivateProjectileTrap>,port/level-loader/command_c1_descriptors_v59.inc; port/level-loader/script_data_schemas_v52.inc; port/level-loader/script_manager_owner_v52.cpp,"Kind 56 maps to Script_ActivateProjectileTrap using the IDA 20-byte C1 layout; decode the 16 serialized data bytes according to the generated reader at 0x500530, then bind that same kind/data before Init at 0x455628.",functions.jsonl 0x457d98; pseudocode/0045/00457d98.c; generated data Read 0x500530 pseudocode/0050/00500530.c; C1/Init address from source descriptor,implemented,"implemented at source level; descriptor port/level-loader/command_c1_descriptors_v59.inc:67, schema port/level-loader/script_data_schemas_v52.inc:67, concrete kind dispatch port/level-loader/script_command_receivers_v59.cpp:148; owner parses schema data and binds kind/data before calling Init at port/level-loader/script_manager_owner_v52.cpp:41-52; IDA factory pseudocode/0045/00457d98.c and reader pseudocode/0050/00500530.c. The port uses schema-based equivalent parsing; IDA functions are static reference evidence, not invoked at runtime.",not_run,"Replay kind 56 and log selected factory, data Read, kind/data identity binding and Init ordering.",P1,unassigned
SS-0058,Script runtime,Command kind dispatch and payload,libDungeonHunter2.so,0x457d4c,GetNewScriptCmdImplInstance<Script_DeactivateProjectileTrap>,port/level-loader/command_c1_descriptors_v59.inc; port/level-loader/script_data_schemas_v52.inc; port/level-loader/script_manager_owner_v52.cpp,"Kind 57 maps to Script_DeactivateProjectileTrap using the IDA 20-byte C1 layout; decode the 16 serialized data bytes according to the generated reader at 0x500470, then bind that same kind/data before Init at 0x455628.",functions.jsonl 0x457d4c; pseudocode/0045/00457d4c.c; generated data Read 0x500470 pseudocode/0050/00500470.c; C1/Init address from source descriptor,implemented,"implemented at source level; descriptor port/level-loader/command_c1_descriptors_v59.inc:68, schema port/level-loader/script_data_schemas_v52.inc:68, concrete kind dispatch port/level-loader/script_command_receivers_v59.cpp:149; owner parses schema data and binds kind/data before calling Init at port/level-loader/script_manager_owner_v52.cpp:41-52; IDA factory pseudocode/0045/00457d4c.c and reader pseudocode/0050/00500470.c. The port uses schema-based equivalent parsing; IDA functions are static reference evidence, not invoked at runtime.",not_run,"Replay kind 57 and log selected factory, data Read, kind/data identity binding and Init ordering.",P1,unassigned
SS-0059,Script runtime,Command kind dispatch and payload,libDungeonHunter2.so,0x457d00,GetNewScriptCmdImplInstance<Script_ActivateTriggerPlate>,port/level-loader/command_c1_descriptors_v59.inc; port/level-loader/script_data_schemas_v52.inc; port/level-loader/script_manager_owner_v52.cpp,"Kind 58 maps to Script_ActivateTriggerPlate using the IDA 20-byte C1 layout; decode the 16 serialized data bytes according to the generated reader at 0x5003b0, then bind that same kind/data before Init at 0x455628.",functions.jsonl 0x457d00; pseudocode/0045/00457d00.c; generated data Read 0x5003b0 pseudocode/0050/005003b0.c; C1/Init address from source descriptor,implemented,"implemented at source level; descriptor port/level-loader/command_c1_descriptors_v59.inc:69, schema port/level-loader/script_data_schemas_v52.inc:69, concrete kind dispatch port/level-loader/script_command_receivers_v59.cpp:150; owner parses schema data and binds kind/data before calling Init at port/level-loader/script_manager_owner_v52.cpp:41-52; IDA factory pseudocode/0045/00457d00.c and reader pseudocode/0050/005003b0.c. The port uses schema-based equivalent parsing; IDA functions are static reference evidence, not invoked at runtime.",not_run,"Replay kind 58 and log selected factory, data Read, kind/data identity binding and Init ordering.",P1,unassigned
SS-0060,Script runtime,Command kind dispatch and payload,libDungeonHunter2.so,0x457cb4,GetNewScriptCmdImplInstance<Script_DeactivateTriggerPlate>,port/level-loader/command_c1_descriptors_v59.inc; port/level-loader/script_data_schemas_v52.inc; port/level-loader/script_manager_owner_v52.cpp,"Kind 59 maps to Script_DeactivateTriggerPlate using the IDA 20-byte C1 layout; decode the 16 serialized data bytes according to the generated reader at 0x5002f0, then bind that same kind/data before Init at 0x455628.",functions.jsonl 0x457cb4; pseudocode/0045/00457cb4.c; generated data Read 0x5002f0 pseudocode/0050/005002f0.c; C1/Init address from source descriptor,implemented,"implemented at source level; descriptor port/level-loader/command_c1_descriptors_v59.inc:70, schema port/level-loader/script_data_schemas_v52.inc:70, concrete kind dispatch port/level-loader/script_command_receivers_v59.cpp:151; owner parses schema data and binds kind/data before calling Init at port/level-loader/script_manager_owner_v52.cpp:41-52; IDA factory pseudocode/0045/00457cb4.c and reader pseudocode/0050/005002f0.c. The port uses schema-based equivalent parsing; IDA functions are static reference evidence, not invoked at runtime.",not_run,"Replay kind 59 and log selected factory, data Read, kind/data identity binding and Init ordering.",P1,unassigned
SS-0061,Script runtime,Command kind dispatch and payload,libDungeonHunter2.so,0x457c6c,GetNewScriptCmdImplInstance<Script_SpawnContainer>,port/level-loader/command_c1_descriptors_v59.inc; port/level-loader/script_data_schemas_v52.inc; port/level-loader/script_manager_owner_v52.cpp,"Kind 60 maps to Script_SpawnContainer using the IDA 16-byte C1 layout; decode the 16 serialized data bytes according to the generated reader at 0x500230, then bind that same kind/data before Init at 0x455628.",functions.jsonl 0x457c6c; pseudocode/0045/00457c6c.c; generated data Read 0x500230 pseudocode/0050/00500230.c; C1/Init address from source descriptor,implemented,"implemented at source level; descriptor port/level-loader/command_c1_descriptors_v59.inc:71, schema port/level-loader/script_data_schemas_v52.inc:71, concrete kind dispatch port/level-loader/script_command_receivers_v59.cpp:152; owner parses schema data and binds kind/data before calling Init at port/level-loader/script_manager_owner_v52.cpp:41-52; IDA factory pseudocode/0045/00457c6c.c and reader pseudocode/0050/00500230.c. The port uses schema-based equivalent parsing; IDA functions are static reference evidence, not invoked at runtime.",not_run,"Replay kind 60 and log selected factory, data Read, kind/data identity binding and Init ordering.",P1,unassigned
SS-0062,Script runtime,Command kind dispatch and payload,libDungeonHunter2.so,0x457c24,GetNewScriptCmdImplInstance<Script_SetLevelState>,port/level-loader/command_c1_descriptors_v59.inc; port/level-loader/script_data_schemas_v52.inc; port/level-loader/script_manager_owner_v52.cpp,"Kind 61 maps to Script_SetLevelState using the IDA 16-byte C1 layout; decode the 16 serialized data bytes according to the generated reader at 0x502fe4, then bind that same kind/data before Init at 0x455628.",functions.jsonl 0x457c24; pseudocode/0045/00457c24.c; generated data Read 0x502fe4 pseudocode/0050/00502fe4.c; C1/Init address from source descriptor,implemented,"implemented at source level; descriptor port/level-loader/command_c1_descriptors_v59.inc:72, schema port/level-loader/script_data_schemas_v52.inc:72, concrete kind dispatch port/level-loader/script_command_receivers_v59.cpp:153; owner parses schema data and binds kind/data before calling Init at port/level-loader/script_manager_owner_v52.cpp:41-52; IDA factory pseudocode/0045/00457c24.c and reader pseudocode/0050/00502fe4.c. The port uses schema-based equivalent parsing; IDA functions are static reference evidence, not invoked at runtime.",not_run,"Replay kind 61 and log selected factory, data Read, kind/data identity binding and Init ordering.",P1,unassigned
SS-0063,Script runtime,Command kind dispatch and payload,libDungeonHunter2.so,0x457bdc,GetNewScriptCmdImplInstance<Script_SetWorldMapLocationState>,port/level-loader/command_c1_descriptors_v59.inc; port/level-loader/script_data_schemas_v52.inc; port/level-loader/script_manager_owner_v52.cpp,"Kind 62 maps to Script_SetWorldMapLocationState using the IDA 16-byte C1 layout; decode the 16 serialized data bytes according to the generated reader at 0x502f10, then bind that same kind/data before Init at 0x455628.",functions.jsonl 0x457bdc; pseudocode/0045/00457bdc.c; generated data Read 0x502f10 pseudocode/0050/00502f10.c; C1/Init address from source descriptor,implemented,"implemented at source level; descriptor port/level-loader/command_c1_descriptors_v59.inc:73, schema port/level-loader/script_data_schemas_v52.inc:73, concrete kind dispatch port/level-loader/script_command_receivers_v59.cpp:154; owner parses schema data and binds kind/data before calling Init at port/level-loader/script_manager_owner_v52.cpp:41-52; IDA factory pseudocode/0045/00457bdc.c and reader pseudocode/0050/00502f10.c. The port uses schema-based equivalent parsing; IDA functions are static reference evidence, not invoked at runtime.",not_run,"Replay kind 62 and log selected factory, data Read, kind/data identity binding and Init ordering.",P1,unassigned
SS-0064,Script runtime,Command kind dispatch and payload,libDungeonHunter2.so,0x457b94,GetNewScriptCmdImplInstance<Script_RestartLevel>,port/level-loader/command_c1_descriptors_v59.inc; port/level-loader/script_data_schemas_v52.inc; port/level-loader/script_manager_owner_v52.cpp,"Kind 63 maps to Script_RestartLevel using the IDA 16-byte C1 layout; decode the 8 serialized data bytes according to the generated reader at 0x4ff8c0, then bind that same kind/data before Init at 0x455628.",functions.jsonl 0x457b94; pseudocode/0045/00457b94.c; generated data Read 0x4ff8c0 pseudocode/004f/004ff8c0.c; C1/Init address from source descriptor,implemented,"implemented at source level; descriptor port/level-loader/command_c1_descriptors_v59.inc:45, schema port/level-loader/script_data_schemas_v52.inc:45, concrete kind dispatch port/level-loader/script_command_receivers_v59.cpp:126; owner parses schema data and binds kind/data before calling Init at port/level-loader/script_manager_owner_v52.cpp:41-52; IDA factory pseudocode/0045/00457b94.c and reader pseudocode/004f/004ff8c0.c. The port uses schema-based equivalent parsing; IDA functions are static reference evidence, not invoked at runtime.",not_run,"Replay kind 63 and log selected factory, data Read, kind/data identity binding and Init ordering.",P1,unassigned
SS-0065,Script runtime,Command kind dispatch and payload,libDungeonHunter2.so,0x457b4c,GetNewScriptCmdImplInstance<Script_ChangeLevel>,port/level-loader/command_c1_descriptors_v59.inc; port/level-loader/script_data_schemas_v52.inc; port/level-loader/script_manager_owner_v52.cpp,"Kind 64 maps to Script_ChangeLevel using the IDA 16-byte C1 layout; decode the 20 serialized data bytes according to the generated reader at 0x500114, then bind that same kind/data before Init at 0x455628.",functions.jsonl 0x457b4c; pseudocode/0045/00457b4c.c; generated data Read 0x500114 pseudocode/0050/00500114.c; C1/Init address from source descriptor,implemented,"implemented at source level; descriptor port/level-loader/command_c1_descriptors_v59.inc:74, schema port/level-loader/script_data_schemas_v52.inc:74, concrete kind dispatch port/level-loader/script_command_receivers_v59.cpp:155; owner parses schema data and binds kind/data before calling Init at port/level-loader/script_manager_owner_v52.cpp:41-52; IDA factory pseudocode/0045/00457b4c.c and reader pseudocode/0050/00500114.c. The port uses schema-based equivalent parsing; IDA functions are static reference evidence, not invoked at runtime.",not_run,"Replay kind 64 and log selected factory, data Read, kind/data identity binding and Init ordering.",P1,unassigned
SS-0066,Script runtime,Command kind dispatch and payload,libDungeonHunter2.so,0x457b04,GetNewScriptCmdImplInstance<Script_EndGame>,port/level-loader/command_c1_descriptors_v59.inc; port/level-loader/script_data_schemas_v52.inc; port/level-loader/script_manager_owner_v52.cpp,"Kind 65 maps to Script_EndGame using the IDA 16-byte C1 layout; decode the 8 serialized data bytes according to the generated reader at 0x4ff8bc, then bind that same kind/data before Init at 0x455628.",functions.jsonl 0x457b04; pseudocode/0045/00457b04.c; generated data Read 0x4ff8bc pseudocode/004f/004ff8bc.c; C1/Init address from source descriptor,implemented,"implemented at source level; descriptor port/level-loader/command_c1_descriptors_v59.inc:75, schema port/level-loader/script_data_schemas_v52.inc:75, concrete kind dispatch port/level-loader/script_command_receivers_v59.cpp:156; owner parses schema data and binds kind/data before calling Init at port/level-loader/script_manager_owner_v52.cpp:41-52; IDA factory pseudocode/0045/00457b04.c and reader pseudocode/004f/004ff8bc.c. The port uses schema-based equivalent parsing; IDA functions are static reference evidence, not invoked at runtime.",not_run,"Replay kind 65 and log selected factory, data Read, kind/data identity binding and Init ordering.",P1,unassigned
SS-0067,Script runtime,Command kind dispatch and payload,libDungeonHunter2.so,0x457abc,GetNewScriptCmdImplInstance<Script_AwardTrophy>,port/level-loader/command_c1_descriptors_v59.inc; port/level-loader/script_data_schemas_v52.inc; port/level-loader/script_manager_owner_v52.cpp,"Kind 66 maps to Script_AwardTrophy using the IDA 16-byte C1 layout; decode the 12 serialized data bytes according to the generated reader at 0x502e98, then bind that same kind/data before Init at 0x455628.",functions.jsonl 0x457abc; pseudocode/0045/00457abc.c; generated data Read 0x502e98 pseudocode/0050/00502e98.c; C1/Init address from source descriptor,implemented,"implemented at source level; descriptor port/level-loader/command_c1_descriptors_v59.inc:76, schema port/level-loader/script_data_schemas_v52.inc:76, concrete kind dispatch port/level-loader/script_command_receivers_v59.cpp:157; owner parses schema data and binds kind/data before calling Init at port/level-loader/script_manager_owner_v52.cpp:41-52; IDA factory pseudocode/0045/00457abc.c and reader pseudocode/0050/00502e98.c. The port uses schema-based equivalent parsing; IDA functions are static reference evidence, not invoked at runtime.",not_run,"Replay kind 66 and log selected factory, data Read, kind/data identity binding and Init ordering.",P1,unassigned
SS-0068,Script runtime,Command kind dispatch and payload,libDungeonHunter2.so,0x457a74,GetNewScriptCmdImplInstance<Script_AwardEndGameTrophies>,port/level-loader/command_c1_descriptors_v59.inc; port/level-loader/script_data_schemas_v52.inc; port/level-loader/script_manager_owner_v52.cpp,"Kind 67 maps to Script_AwardEndGameTrophies using the IDA 16-byte C1 layout; decode the 8 serialized data bytes according to the generated reader at 0x4ff8b8, then bind that same kind/data before Init at 0x455628.",functions.jsonl 0x457a74; pseudocode/0045/00457a74.c; generated data Read 0x4ff8b8 pseudocode/004f/004ff8b8.c; C1/Init address from source descriptor,implemented,"implemented at source level; descriptor port/level-loader/command_c1_descriptors_v59.inc:77, schema port/level-loader/script_data_schemas_v52.inc:77, concrete kind dispatch port/level-loader/script_command_receivers_v59.cpp:158; owner parses schema data and binds kind/data before calling Init at port/level-loader/script_manager_owner_v52.cpp:41-52; IDA factory pseudocode/0045/00457a74.c and reader pseudocode/004f/004ff8b8.c. The port uses schema-based equivalent parsing; IDA functions are static reference evidence, not invoked at runtime.",not_run,"Replay kind 67 and log selected factory, data Read, kind/data identity binding and Init ordering.",P1,unassigned
SS-0069,Script runtime,Command kind dispatch and payload,libDungeonHunter2.so,0x457a2c,GetNewScriptCmdImplInstance<Script_ShowTrophies>,port/level-loader/command_c1_descriptors_v59.inc; port/level-loader/script_data_schemas_v52.inc; port/level-loader/script_manager_owner_v52.cpp,"Kind 68 maps to Script_ShowTrophies using the IDA 16-byte C1 layout; decode the 8 serialized data bytes according to the generated reader at 0x4ff8b4, then bind that same kind/data before Init at 0x455628.",functions.jsonl 0x457a2c; pseudocode/0045/00457a2c.c; generated data Read 0x4ff8b4 pseudocode/004f/004ff8b4.c; C1/Init address from source descriptor,implemented,"implemented at source level; descriptor port/level-loader/command_c1_descriptors_v59.inc:46, schema port/level-loader/script_data_schemas_v52.inc:46, concrete kind dispatch port/level-loader/script_command_receivers_v59.cpp:127; owner parses schema data and binds kind/data before calling Init at port/level-loader/script_manager_owner_v52.cpp:41-52; IDA factory pseudocode/0045/00457a2c.c and reader pseudocode/004f/004ff8b4.c. The port uses schema-based equivalent parsing; IDA functions are static reference evidence, not invoked at runtime.",not_run,"Replay kind 68 and log selected factory, data Read, kind/data identity binding and Init ordering.",P1,unassigned
SS-0070,Script runtime,Command kind dispatch and payload,libDungeonHunter2.so,0x4579e4,GetNewScriptCmdImplInstance<Script_SaveGame>,port/level-loader/command_c1_descriptors_v59.inc; port/level-loader/script_data_schemas_v52.inc; port/level-loader/script_manager_owner_v52.cpp,"Kind 69 maps to Script_SaveGame using the IDA 16-byte C1 layout; decode the 8 serialized data bytes according to the generated reader at 0x4ff8b0, then bind that same kind/data before Init at 0x455628.",functions.jsonl 0x4579e4; pseudocode/0045/004579e4.c; generated data Read 0x4ff8b0 pseudocode/004f/004ff8b0.c; C1/Init address from source descriptor,implemented,"implemented at source level; descriptor port/level-loader/command_c1_descriptors_v59.inc:47, schema port/level-loader/script_data_schemas_v52.inc:47, concrete kind dispatch port/level-loader/script_command_receivers_v59.cpp:128; owner parses schema data and binds kind/data before calling Init at port/level-loader/script_manager_owner_v52.cpp:41-52; IDA factory pseudocode/0045/004579e4.c and reader pseudocode/004f/004ff8b0.c. The port uses schema-based equivalent parsing; IDA functions are static reference evidence, not invoked at runtime.",not_run,"Replay kind 69 and log selected factory, data Read, kind/data identity binding and Init ordering.",P1,unassigned
SS-0071,Script runtime,Command kind dispatch and payload,libDungeonHunter2.so,0x45799c,GetNewScriptCmdImplInstance<Script_BlockSaveGame>,port/level-loader/command_c1_descriptors_v59.inc; port/level-loader/script_data_schemas_v52.inc; port/level-loader/script_manager_owner_v52.cpp,"Kind 70 maps to Script_BlockSaveGame using the IDA 16-byte C1 layout; decode the 8 serialized data bytes according to the generated reader at 0x4ff8ac, then bind that same kind/data before Init at 0x455628.",functions.jsonl 0x45799c; pseudocode/0045/0045799c.c; generated data Read 0x4ff8ac pseudocode/004f/004ff8ac.c; C1/Init address from source descriptor,implemented,"implemented at source level; descriptor port/level-loader/command_c1_descriptors_v59.inc:48, schema port/level-loader/script_data_schemas_v52.inc:48, concrete kind dispatch port/level-loader/script_command_receivers_v59.cpp:129; owner parses schema data and binds kind/data before calling Init at port/level-loader/script_manager_owner_v52.cpp:41-52; IDA factory pseudocode/0045/0045799c.c and reader pseudocode/004f/004ff8ac.c. The port uses schema-based equivalent parsing; IDA functions are static reference evidence, not invoked at runtime.",not_run,"Replay kind 70 and log selected factory, data Read, kind/data identity binding and Init ordering.",P1,unassigned
SS-0072,Script runtime,Command kind dispatch and payload,libDungeonHunter2.so,0x457954,GetNewScriptCmdImplInstance<Script_EnqueueTutorialMessage>,port/level-loader/command_c1_descriptors_v59.inc; port/level-loader/script_data_schemas_v52.inc; port/level-loader/script_manager_owner_v52.cpp,"Kind 71 must select Script_EnqueueTutorialMessage, use its 16-byte C1 descriptor, read its 16-byte generated data with original Read at 0x502dc4, then bind same kind/data before Init at 0x455628.",functions.jsonl 0x457954; pseudocode/0045/00457954.c; generated data Read 0x502dc4 pseudocode/0050/00502dc4.c; C1/Init address from source descriptor,implemented,"Source port/level-loader/script_manager_owner_v52.cpp:31-57 selects C1 factory, reads generated data, binds kind/data, then calls Init; descriptors command_c1_descriptors_v59.inc:78-83 and schemas script_data_schemas_v52.inc contain original factory/size/reader fields. IDA factory/data-reader pair is shown in the row pseudocode. Source-level only; runtime unverified. IDA evidence: functions.jsonl 0x457954; pseudocode/0045/00457954.c; generated data Read 0x502dc4 pseudocode/0050/00502dc4.c; C1/Init address from source descriptor.",not_run,"Replay kind 71 and log selected factory, data Read, kind/data identity binding and Init ordering.",P1,unassigned
SS-0073,Script runtime,Command kind dispatch and payload,libDungeonHunter2.so,0x45790c,GetNewScriptCmdImplInstance<Script_SkipTutorialMessage>,port/level-loader/command_c1_descriptors_v59.inc; port/level-loader/script_data_schemas_v52.inc; port/level-loader/script_manager_owner_v52.cpp,"Kind 72 must select Script_SkipTutorialMessage, use its 16-byte C1 descriptor, read its 8-byte generated data with original Read at 0x4ff8a8, then bind same kind/data before Init at 0x455628.",functions.jsonl 0x45790c; pseudocode/0045/0045790c.c; generated data Read 0x4ff8a8 pseudocode/004f/004ff8a8.c; C1/Init address from source descriptor,implemented,"Source port/level-loader/script_manager_owner_v52.cpp:31-57 selects C1 factory, reads generated data, binds kind/data, then calls Init; descriptors command_c1_descriptors_v59.inc:78-83 and schemas script_data_schemas_v52.inc contain original factory/size/reader fields. IDA factory/data-reader pair is shown in the row pseudocode. Source-level only; runtime unverified. IDA evidence: functions.jsonl 0x45790c; pseudocode/0045/0045790c.c; generated data Read 0x4ff8a8 pseudocode/004f/004ff8a8.c; C1/Init address from source descriptor.",not_run,"Replay kind 72 and log selected factory, data Read, kind/data identity binding and Init ordering.",P1,unassigned
SS-0074,Script runtime,Command kind dispatch and payload,libDungeonHunter2.so,0x4578c4,GetNewScriptCmdImplInstance<Script_SkipAllTutorialMessages>,port/level-loader/command_c1_descriptors_v59.inc; port/level-loader/script_data_schemas_v52.inc; port/level-loader/script_manager_owner_v52.cpp,"Kind 73 must select Script_SkipAllTutorialMessages, use its 16-byte C1 descriptor, read its 8-byte generated data with original Read at 0x4ff8a4, then bind same kind/data before Init at 0x455628.",functions.jsonl 0x4578c4; pseudocode/0045/004578c4.c; generated data Read 0x4ff8a4 pseudocode/004f/004ff8a4.c; C1/Init address from source descriptor,implemented,"Source port/level-loader/script_manager_owner_v52.cpp:31-57 selects C1 factory, reads generated data, binds kind/data, then calls Init; descriptors command_c1_descriptors_v59.inc:78-83 and schemas script_data_schemas_v52.inc contain original factory/size/reader fields. IDA factory/data-reader pair is shown in the row pseudocode. Source-level only; runtime unverified. IDA evidence: functions.jsonl 0x4578c4; pseudocode/0045/004578c4.c; generated data Read 0x4ff8a4 pseudocode/004f/004ff8a4.c; C1/Init address from source descriptor.",not_run,"Replay kind 73 and log selected factory, data Read, kind/data identity binding and Init ordering.",P1,unassigned
SS-0075,Script runtime,Command kind dispatch and payload,libDungeonHunter2.so,0x45787c,GetNewScriptCmdImplInstance<Script_EnqueueCharMenuTutorialMessage>,port/level-loader/command_c1_descriptors_v59.inc; port/level-loader/script_data_schemas_v52.inc; port/level-loader/script_manager_owner_v52.cpp,"Kind 74 must select Script_EnqueueCharMenuTutorialMessage, use its 16-byte C1 descriptor, read its 28-byte generated data with original Read at 0x4fff54, then bind same kind/data before Init at 0x455628.",functions.jsonl 0x45787c; pseudocode/0045/0045787c.c; generated data Read 0x4fff54 pseudocode/004f/004fff54.c; C1/Init address from source descriptor,implemented,"Source port/level-loader/script_manager_owner_v52.cpp:31-57 selects C1 factory, reads generated data, binds kind/data, then calls Init; descriptors command_c1_descriptors_v59.inc:78-83 and schemas script_data_schemas_v52.inc contain original factory/size/reader fields. IDA factory/data-reader pair is shown in the row pseudocode. Source-level only; runtime unverified. IDA evidence: functions.jsonl 0x45787c; pseudocode/0045/0045787c.c; generated data Read 0x4fff54 pseudocode/004f/004fff54.c; C1/Init address from source descriptor.",not_run,"Replay kind 74 and log selected factory, data Read, kind/data identity binding and Init ordering.",P1,unassigned
SS-0076,Script runtime,Command kind dispatch and payload,libDungeonHunter2.so,0x457834,GetNewScriptCmdImplInstance<Script_SkipCharMenuTutorialMessage>,port/level-loader/command_c1_descriptors_v59.inc; port/level-loader/script_data_schemas_v52.inc; port/level-loader/script_manager_owner_v52.cpp,"Kind 75 must select Script_SkipCharMenuTutorialMessage, use its 16-byte C1 descriptor, read its 8-byte generated data with original Read at 0x4ff8a0, then bind same kind/data before Init at 0x455628.",functions.jsonl 0x457834; pseudocode/0045/00457834.c; generated data Read 0x4ff8a0 pseudocode/004f/004ff8a0.c; C1/Init address from source descriptor,implemented,"Source port/level-loader/script_manager_owner_v52.cpp:31-57 selects C1 factory, reads generated data, binds kind/data, then calls Init; descriptors command_c1_descriptors_v59.inc:78-83 and schemas script_data_schemas_v52.inc contain original factory/size/reader fields. IDA factory/data-reader pair is shown in the row pseudocode. Source-level only; runtime unverified. IDA evidence: functions.jsonl 0x457834; pseudocode/0045/00457834.c; generated data Read 0x4ff8a0 pseudocode/004f/004ff8a0.c; C1/Init address from source descriptor.",not_run,"Replay kind 75 and log selected factory, data Read, kind/data identity binding and Init ordering.",P1,unassigned
SS-0077,Script runtime,Command kind dispatch and payload,libDungeonHunter2.so,0x4577ec,GetNewScriptCmdImplInstance<Script_SkipAllCharMenuTutorialMessages>,port/level-loader/command_c1_descriptors_v59.inc; port/level-loader/script_data_schemas_v52.inc; port/level-loader/script_manager_owner_v52.cpp,"Kind 76 must select Script_SkipAllCharMenuTutorialMessages, use its 16-byte C1 descriptor, read its 8-byte generated data with original Read at 0x4ff89c, then bind same kind/data before Init at 0x455628.",functions.jsonl 0x4577ec; pseudocode/0045/004577ec.c; generated data Read 0x4ff89c pseudocode/004f/004ff89c.c; C1/Init address from source descriptor,implemented,"Source port/level-loader/script_manager_owner_v52.cpp:31-57 selects C1 factory, reads generated data, binds kind/data, then calls Init; descriptors command_c1_descriptors_v59.inc:78-83 and schemas script_data_schemas_v52.inc contain original factory/size/reader fields. IDA factory/data-reader pair is shown in the row pseudocode. Source-level only; runtime unverified. IDA evidence: functions.jsonl 0x4577ec; pseudocode/0045/004577ec.c; generated data Read 0x4ff89c pseudocode/004f/004ff89c.c; C1/Init address from source descriptor.",not_run,"Replay kind 76 and log selected factory, data Read, kind/data identity binding and Init ordering.",P1,unassigned
SS-0078,Script runtime,Command kind dispatch and payload,libDungeonHunter2.so,0x4577a4,GetNewScriptCmdImplInstance<Script_LockTutorial>,port/level-loader/command_c1_descriptors_v59.inc; port/level-loader/script_data_schemas_v52.inc; port/level-loader/script_manager_owner_v52.cpp,"Kind 77 must select Script_LockTutorial, use its 16-byte C1 descriptor, read its 12-byte generated data with original Read at 0x502a7c, then bind same kind/data before Init at 0x455628.",functions.jsonl 0x4577a4; pseudocode/0045/004577a4.c; generated data Read 0x502a7c pseudocode/0050/00502a7c.c; C1/Init address from source descriptor,implemented,"Source port/level-loader/script_manager_owner_v52.cpp:31-57 selects C1 factory, reads generated data, binds kind/data, then calls Init; descriptors command_c1_descriptors_v59.inc:78-83 and schemas script_data_schemas_v52.inc contain original factory/size/reader fields. IDA factory/data-reader pair is shown in the row pseudocode. Source-level only; runtime unverified. IDA evidence: functions.jsonl 0x4577a4; pseudocode/0045/004577a4.c; generated data Read 0x502a7c pseudocode/0050/00502a7c.c; C1/Init address from source descriptor.",not_run,"Replay kind 77 and log selected factory, data Read, kind/data identity binding and Init ordering.",P1,unassigned
SS-0079,Script runtime,Command kind dispatch and payload,libDungeonHunter2.so,0x45775c,GetNewScriptCmdImplInstance<Script_DoTutorial>,port/level-loader/command_c1_descriptors_v59.inc; port/level-loader/script_data_schemas_v52.inc; port/level-loader/script_manager_owner_v52.cpp,"Kind 78 must select Script_DoTutorial, use its 16-byte C1 descriptor, read its 20-byte generated data with original Read at 0x4ffe38, then bind same kind/data before Init at 0x455628.",functions.jsonl 0x45775c; pseudocode/0045/0045775c.c; generated data Read 0x4ffe38 pseudocode/004f/004ffe38.c; C1/Init address from source descriptor,implemented,"Source port/level-loader/script_manager_owner_v52.cpp:31-57 selects C1 factory, reads generated data, binds kind/data, then calls Init; descriptors command_c1_descriptors_v59.inc:78-83 and schemas script_data_schemas_v52.inc contain original factory/size/reader fields. IDA factory/data-reader pair is shown in the row pseudocode. Source-level only; runtime unverified. IDA evidence: functions.jsonl 0x45775c; pseudocode/0045/0045775c.c; generated data Read 0x4ffe38 pseudocode/004f/004ffe38.c; C1/Init address from source descriptor.",not_run,"Replay kind 78 and log selected factory, data Read, kind/data identity binding and Init ordering.",P1,unassigned
SS-0080,Script runtime,Command kind dispatch and payload,libDungeonHunter2.so,0x457714,GetNewScriptCmdImplInstance<Script_FlushMessages>,port/level-loader/command_c1_descriptors_v59.inc; port/level-loader/script_data_schemas_v52.inc; port/level-loader/script_manager_owner_v52.cpp,"Kind 79 must select Script_FlushMessages, use its 16-byte C1 descriptor, read its 8-byte generated data with original Read at 0x4ff898, then bind same kind/data before Init at 0x455628.",functions.jsonl 0x457714; pseudocode/0045/00457714.c; generated data Read 0x4ff898 pseudocode/004f/004ff898.c; C1/Init address from source descriptor,implemented,"Source port/level-loader/script_manager_owner_v52.cpp:31-57 selects C1 factory, reads generated data, binds kind/data, then calls Init; descriptors command_c1_descriptors_v59.inc:78-83 and schemas script_data_schemas_v52.inc contain original factory/size/reader fields. IDA factory/data-reader pair is shown in the row pseudocode. Source-level only; runtime unverified. IDA evidence: functions.jsonl 0x457714; pseudocode/0045/00457714.c; generated data Read 0x4ff898 pseudocode/004f/004ff898.c; C1/Init address from source descriptor.",not_run,"Replay kind 79 and log selected factory, data Read, kind/data identity binding and Init ordering.",P1,unassigned
SS-0081,Script runtime,Path lookup,libDungeonHunter2.so,0x3f38a0,Level::_LoadScriptFile(std::string &),port/level-loader/level_script_paths_v51.hpp,Select last exact case-sensitive .pyscript marker.,functions.jsonl address=0x3f38a0; pseudocode/003f/003f38a0.c,implemented,"Source port/level-loader/level_script_paths_v51.hpp:11-17 uses case-sensitive rfind, gates mutation on marker, normalizes backslashes after match, and derives both suffixes. IDA pseudocode/003f/003f38a0.c shows reverse search and replacement/call order. Source-level only; runtime unverified. IDA evidence: functions.jsonl address=0x3f38a0; pseudocode/003f/003f38a0.c.",not_run,Input with two markers; capture selected paths.,P1,unassigned
SS-0082,Script runtime,Path lookup,libDungeonHunter2.so,0x3f38a0,Level::_LoadScriptFile(std::string &),port/level-loader/level_script_paths_v51.hpp,No marker leaves path unchanged and creates no derived script path.,functions.jsonl address=0x3f38a0; pseudocode/003f/003f38a0.c,implemented,"Source port/level-loader/level_script_paths_v51.hpp:11-17 uses case-sensitive rfind, gates mutation on marker, normalizes backslashes after match, and derives both suffixes. IDA pseudocode/003f/003f38a0.c shows reverse search and replacement/call order. Source-level only; runtime unverified. IDA evidence: functions.jsonl address=0x3f38a0; pseudocode/003f/003f38a0.c.",not_run,No-marker path remains byte-identical; log file opens.,P1,unassigned
SS-0083,Script runtime,Path lookup,libDungeonHunter2.so,0x3f38a0,Level::_LoadScriptFile(std::string &),port/level-loader/level_script_paths_v51.hpp,Normalize backslashes only after a marker is found.,functions.jsonl address=0x3f38a0; pseudocode/003f/003f38a0.c,implemented,"Source port/level-loader/level_script_paths_v51.hpp:11-17 uses case-sensitive rfind, gates mutation on marker, normalizes backslashes after match, and derives both suffixes. IDA pseudocode/003f/003f38a0.c shows reverse search and replacement/call order. Source-level only; runtime unverified. IDA evidence: functions.jsonl address=0x3f38a0; pseudocode/003f/003f38a0.c.",not_run,Compare matched and unmatched paths.,P1,unassigned
SS-0084,Script runtime,Path lookup,libDungeonHunter2.so,0x3f38a0,Level::_LoadScriptFile(std::string &),port/level-loader/level_script_paths_v51.hpp,Replace suffix with _pyscripts.bin for command stream.,functions.jsonl address=0x3f38a0; pseudocode/003f/003f38a0.c,implemented,"Source port/level-loader/level_script_paths_v51.hpp:11-17 uses case-sensitive rfind, gates mutation on marker, normalizes backslashes after match, and derives both suffixes. IDA pseudocode/003f/003f38a0.c shows reverse search and replacement/call order. Source-level only; runtime unverified. IDA evidence: functions.jsonl address=0x3f38a0; pseudocode/003f/003f38a0.c.",not_run,Capture actual nested level command path.,P1,unassigned
SS-0085,Script runtime,Path lookup,libDungeonHunter2.so,0x3f38a0,Level::_LoadScriptFile(std::string &),port/level-loader/level_script_paths_v51.hpp,Replace suffix with _pyscriptnames.bin for names stream.,functions.jsonl address=0x3f38a0; pseudocode/003f/003f38a0.c,implemented,"Source port/level-loader/level_script_paths_v51.hpp:11-17 uses case-sensitive rfind, gates mutation on marker, normalizes backslashes after match, and derives both suffixes. IDA pseudocode/003f/003f38a0.c shows reverse search and replacement/call order. Source-level only; runtime unverified. IDA evidence: functions.jsonl address=0x3f38a0; pseudocode/003f/003f38a0.c.",not_run,Capture actual names file and offset.,P1,unassigned
SS-0086,Script runtime,Common stream,libDungeonHunter2.so,0x45b264,"ScriptManager::LoadScriptFile(char const*, bool)",port/level-loader/level_script_paths_v51.hpp,Common command file is data/pydata/scripts_pyscripts.bin.,functions.jsonl address=0x45b264; pseudocode/0045/0045b264.c,implemented,Source port/level-loader/level_script_paths_v51.hpp:17-18 names the common command file data/pydata/scripts_pyscripts.bin; IDA pseudocode/003f/003f3a58.c passes that exact literal to LoadScriptFile. Source-level only; runtime unverified. IDA evidence: functions.jsonl address=0x45b264; pseudocode/0045/0045b264.c.,not_run,Capture common compiled filename.,P1,unassigned
SS-0087,Script runtime,Common stream,libDungeonHunter2.so,0x45ad40,"ScriptManager::LoadScriptFileNames(char const*, bool)",port/level-loader/level_script_paths_v51.hpp,Common name file is data/pydata/scripts_pyscriptnames.bin.,functions.jsonl address=0x45ad40; pseudocode/0045/0045ad40.c,implemented,Source port/level-loader/level_script_paths_v51.hpp:18 names the common names file data/pydata/scripts_pyscriptnames.bin; IDA pseudocode/003f/003f3a58.c passes that exact literal to LoadScriptFileNames. Source-level only; runtime unverified. IDA evidence: functions.jsonl address=0x45ad40; pseudocode/0045/0045ad40.c.,not_run,Capture common name filename.,P1,unassigned
SS-0088,Script runtime,Compiled parsing,libDungeonHunter2.so,0x45b264,"ScriptManager::LoadScriptFile(char const*, bool)",port/level-loader/script_manager_owner_v52.cpp,C1 factory/command slot precedes data factory/read; Init follows data binding.,functions.jsonl address=0x45b264; pseudocode/0045/0045b264.c,implemented,"Source port/level-loader/script_manager_owner_v52.cpp:40-57 invokes command factory, then data factory/read, binds kind and data, and invokes Init. IDA 0x45b264 has the same C1 -> Data factory/Read -> field assignment -> virtual Init order. Source-level only; runtime unverified. IDA evidence: functions.jsonl address=0x45b264; pseudocode/0045/0045b264.c.",not_run,"Trace C1, slot, read, binding and Init order.",P1,unassigned
SS-0089,Script runtime,Compiled parsing,libDungeonHunter2.so,0x45b264,"ScriptManager::LoadScriptFile(char const*, bool)",port/level-loader/script_manager_owner_v52.cpp,"For kinds 0..79, compare factory selection with IDA; also record the invalid-kind edge: IDA directly indexes both maps, while the port rejects values outside 0..79 before factory dispatch.",functions.jsonl address=0x45b264; pseudocode/0045/0045b264.c,partial,"For valid kinds, source port/level-loader/script_manager_owner_v52.cpp:40-43 dispatches 0..79. IDA 0x45b264 indexes command/data factory maps directly from the read kind without an explicit 0..79 guard; source rejects negative or >=80 kinds before dispatch. Out-of-range behavior differs; malformed-input safety is not gameplay-tested. IDA evidence: functions.jsonl address=0x45b264; pseudocode/0045/0045b264.c.",not_run,Test kinds -1 and 80 with factory counters.,P1,unassigned
SS-0090,Script runtime,Compiled parsing,libDungeonHunter2.so,0x45b264,"ScriptManager::LoadScriptFile(char const*, bool)",port/level-loader/script_manager_owner_v52.cpp,Common count is updated before script/context vector resize.,functions.jsonl address=0x45b264; pseudocode/0045/0045b264.c,implemented,Source port/level-loader/script_manager_owner_v52.cpp:37 increments common8 before resizing command/context vectors. IDA 0x45b264 updates common count before the two vector resize calls. Source-level only; runtime unverified. IDA evidence: functions.jsonl address=0x45b264; pseudocode/0045/0045b264.c.,not_run,Trace common field at resize boundary.,P1,unassigned
SS-0091,Script runtime,Compiled parsing,libDungeonHunter2.so,0x45b264,"ScriptManager::LoadScriptFile(char const*, bool)",port/level-loader/script_manager_owner_v52.cpp,Missing file exits before adding script/context entries.,functions.jsonl address=0x45b264; pseudocode/0045/0045b264.c,implemented,Source port/level-loader/script_manager_owner_v52.cpp:34 returns on missing file before constructing the reader or resizing arrays. IDA 0x45b264 performs stream work and vector mutation only under nonnull stream guard. Source-level only; runtime unverified. IDA evidence: functions.jsonl address=0x45b264; pseudocode/0045/0045b264.c.,not_run,Compare vector counts on missing path.,P1,unassigned
SS-0092,Script runtime,Script names,libDungeonHunter2.so,0x4591f0,"ScriptManager::GetIDFromName(char const*, bool)const",port/level-loader/script_manager_owner_v52.cpp,include_common starts lookup at zero; false starts at common8.,functions.jsonl address=0x4591f0; pseudocode/0045/004591f0.c,implemented,"Source port/level-loader/script_manager_owner_v52.cpp:30 starts at index 0 when include_common, otherwise common8, then scans to names end. IDA 0x4591f0 uses the same start-index selection and case-insensitive search. Source-level only; runtime unverified. IDA evidence: functions.jsonl address=0x4591f0; pseudocode/0045/004591f0.c.",not_run,Test duplicate names around common8.,P1,unassigned
SS-0093,Script runtime,Script names,libDungeonHunter2.so,0x455b8c,ScriptManager::GetNameFromID(int)const,port/level-loader/script_manager_owner_v52.cpp,Invalid negative or upper-bound ID returns no script name.,functions.jsonl address=0x455b8c; pseudocode/0045/00455b8c.c,implemented,Source port/level-loader/script_manager_owner_v52.cpp:29 returns null for negative/out-of-range IDs. IDA 0x455b8c returns 0 for those bounds and loads the name only for a valid index. Source-level only; runtime unverified. IDA evidence: functions.jsonl address=0x455b8c; pseudocode/0045/00455b8c.c.,not_run,"Probe -1, last ID and count.",P1,unassigned
SS-0094,Script runtime,Script names,libDungeonHunter2.so,0x45ad40,"ScriptManager::LoadScriptFileNames(char const*, bool)",port/level-loader/script_manager_owner_v52.cpp,Names are copied into owned NUL-terminated storage.,functions.jsonl address=0x45ad40; pseudocode/0045/0045ad40.c,implemented,"Source port/level-loader/script_manager_owner_v52.cpp:84-90 reads each bounded name, allocates owned char storage of length+terminator, and copies bytes including NUL. IDA 0x45ad40 allocates length+1, reads bytes, then writes NUL. Source-level only; runtime unverified. IDA evidence: functions.jsonl address=0x45ad40; pseudocode/0045/0045ad40.c.",not_run,Release stream then inspect name pointers.,P1,unassigned
SS-0095,Script runtime,StartScript,libDungeonHunter2.so,0x4605c0,"ScriptManager::StartScript(int, int, bool)",port/level-loader/script_manager_execution_v96.cpp,Invalid script ID causes no scheduling callback or state mutation.,functions.jsonl address=0x4605c0; pseudocode/0046/004605c0.c,implemented,Source port/level-loader/script_manager_execution_v96.cpp:40-41 returns without scheduler callbacks or state mutation for invalid ID. IDA 0x4605c0 wraps all StartScript effects in valid-ID guard. Source-level only; runtime unverified. IDA evidence: functions.jsonl address=0x4605c0; pseudocode/0046/004605c0.c.,not_run,Trace invalid IDs and callbacks.,P1,unassigned
SS-0096,Script runtime,StartScript,libDungeonHunter2.so,0x4605c0,"ScriptManager::StartScript(int, int, bool)",port/level-loader/script_manager_execution_v96.cpp,Dead offline suppresses start; dead online requires player count greater than one.,functions.jsonl address=0x4605c0; pseudocode/0046/004605c0.c,implemented,Source port/level-loader/script_manager_execution_v96.cpp:42-48 suppresses dead-player starts offline and online when player_count<=1. IDA 0x4605c0 has the same AllPlayersDead/online/count guard. Source-level only; runtime unverified. IDA evidence: functions.jsonl address=0x4605c0; pseudocode/0046/004605c0.c.,not_run,Test offline and online counts 1/2.,P1,unassigned
SS-0097,Script runtime,StartScript,libDungeonHunter2.so,0x4605c0,"ScriptManager::StartScript(int, int, bool)",port/level-loader/script_manager_execution_v96.cpp,Received start skips running script and does not echo network message.,functions.jsonl address=0x4605c0; pseudocode/0046/004605c0.c,implemented,Source port/level-loader/script_manager_execution_v96.cpp:51-57 received online starts return when already running and never send an echo; new local starts may send. IDA 0x4605c0 follows that branch. Source-level only; runtime unverified. IDA evidence: functions.jsonl address=0x4605c0; pseudocode/0046/004605c0.c.,not_run,Deliver twice and capture messages.,P1,unassigned
SS-0098,Script runtime,StartScript,libDungeonHunter2.so,0x4605c0,"ScriptManager::StartScript(int, int, bool)",port/level-loader/script_manager_execution_v96.cpp,Start sets index zero/state zero/module and increments manager aggregate.,functions.jsonl address=0x4605c0; pseudocode/0046/004605c0.c,implemented,"Source port/level-loader/script_manager_execution_v96.cpp:58-62 sets command index zero, state zero, module, and increments manager aggregate. IDA 0x4605c0 performs those stores after network/debug handling. Source-level only; runtime unverified. IDA evidence: functions.jsonl address=0x4605c0; pseudocode/0046/004605c0.c.",not_run,Snapshot context/manager fields.,P1,unassigned
SS-0099,Script runtime,SkipScript,libDungeonHunter2.so,0x4604c0,"ScriptManager::SkipScript(int, bool)",port/level-loader/script_manager_execution_v96.cpp,Skip flushes dialogs before online query and network skip.,functions.jsonl address=0x4604c0; pseudocode/0046/004604c0.c,implemented,"Source port/level-loader/script_manager_execution_v96.cpp:27-36 flushes dialogs before online query/message, then traces and sets current skip ID only when unset. IDA 0x4604c0 matches that order. Source-level only; runtime unverified. IDA evidence: functions.jsonl address=0x4604c0; pseudocode/0046/004604c0.c.",not_run,Timestamp callback sequence.,P1,unassigned
SS-0100,Script runtime,StopScript,libDungeonHunter2.so,0x455bb8,"ScriptManager::StopScript(int, bool)",port/level-loader/script_manager_execution_v96.cpp,Boolean is ignored; stopped state and command index -1 are written.,functions.jsonl address=0x455bb8; pseudocode/0045/00455bb8.c,implemented,Source port/level-loader/script_manager_execution_v96.cpp:21-25 ignores bool and writes stopped state plus index -1. IDA 0x455bb8 writes those two fields and does not use the bool. Source-level only; runtime unverified. IDA evidence: functions.jsonl address=0x455bb8; pseudocode/0045/00455bb8.c.,not_run,Vary bool and inspect all context fields.,P1,unassigned
SS-0101,Script runtime,Execution state,libDungeonHunter2.so,0x455bec,ScriptManager::IsScriptRunning(int)const,port/level-loader/script_manager_execution_v96.cpp,Running is context state not equal to stopped value 2.,functions.jsonl 0x455bec; pseudocode/0045/00455bec.c,implemented,Source port/level-loader/script_manager_execution_v96.cpp:17-19 returns state8 != 2. IDA 0x455bec tests the same context-state field. Source-level only; runtime unverified. IDA evidence: functions.jsonl 0x455bec; pseudocode/0045/00455bec.c.,not_run,Probe states 0/1/2 and invalid ID.,P1,unassigned
SS-0102,Script runtime,Execution state,libDungeonHunter2.so,0x45c16c,ScriptManager::ExecuteScript(int),port/level-loader/script_manager_execution_v96.cpp,Publish current script name before stopped-context return.,functions.jsonl 0x45c16c; pseudocode/0045/0045c16c.c,implemented,Source port/level-loader/script_manager_execution_v96.cpp:64-74 publishes the current script name before testing stopped state. IDA 0x45c16c stores the debug name before the state==2 early return. Source-level only; runtime unverified. IDA evidence: functions.jsonl 0x45c16c; pseudocode/0045/0045c16c.c.,not_run,Execute stopped ID and capture name callback.,P1,unassigned
SS-0103,Script runtime,Execution state,libDungeonHunter2.so,0x45c16c,ScriptManager::ExecuteScript(int),port/level-loader/script_manager_execution_v96.cpp,"After Execute callback, write state and reread command index/receiver before blocking check.",functions.jsonl 0x45c16c; pseudocode/0045/0045c16c.c,implemented,"Source port/level-loader/script_manager_execution_v96.cpp:80-89 calls Execute, stores state, then rereads context index and command before blocking check. IDA 0x45c16c has the same callback/store/reread ordering. Source-level only; runtime unverified. IDA evidence: functions.jsonl 0x45c16c; pseudocode/0045/0045c16c.c.",not_run,Nested callback mutates index; inspect blocking receiver.,P1,unassigned
SS-0104,Script runtime,Execution state,libDungeonHunter2.so,0x45c16c,ScriptManager::ExecuteScript(int),port/level-loader/script_manager_execution_v96.cpp,"During skip, ExecScript still receives blocking check but ordinary kind does not.",functions.jsonl 0x45c16c; pseudocode/0045/0045c16c.c,implemented,Source port/level-loader/script_manager_execution_v96.cpp:88-93 checks blocking when not skipping or when command kind is ExecScript. IDA 0x45c16c applies that same skip exception. Source-level only; runtime unverified. IDA evidence: functions.jsonl 0x45c16c; pseudocode/0045/0045c16c.c.,not_run,Compare kind 0 and ordinary kind.,P1,unassigned
SS-0105,Script runtime,Execution state,libDungeonHunter2.so,0x45c16c,ScriptManager::ExecuteScript(int),port/level-loader/script_manager_execution_v96.cpp,Blocking command receives one Update and scheduler returns running until next pass.,functions.jsonl 0x45c16c; pseudocode/0045/0045c16c.c,implemented,Source port/level-loader/script_manager_execution_v96.cpp:94-101 calls Update once when blocking and returns running. IDA 0x45c16c invokes virtual Update and returns 1. Source-level only; runtime unverified. IDA evidence: functions.jsonl 0x45c16c; pseudocode/0045/0045c16c.c.,not_run,Complete Wait during Update and inspect next invocation.,P1,unassigned
SS-0106,Script runtime,Execution state,libDungeonHunter2.so,0x45c16c,ScriptManager::ExecuteScript(int),port/level-loader/script_manager_execution_v96.cpp,Nonblocking command increments index before end-of-script stop accounting.,functions.jsonl 0x45c16c; pseudocode/0045/0045c16c.c,implemented,Source port/level-loader/script_manager_execution_v96.cpp:103-106 resets state and increments command index before end-of-script stop accounting. IDA 0x45c16c increments before comparing count/stopping. Source-level only; runtime unverified. IDA evidence: functions.jsonl 0x45c16c; pseudocode/0045/0045c16c.c.,not_run,Trace two immediate commands and terminal command.,P1,unassigned
SS-0107,Script runtime,Scheduler pass,libDungeonHunter2.so,0x45c37c,ScriptManager::ExecuteAllScripts(void),port/level-loader/script_manager_execution_v96.cpp,Script-count bound captured once before iteration.,functions.jsonl 0x45c37c; pseudocode/0045/0045c37c.c,implemented,Source port/level-loader/script_manager_execution_v96.cpp:115 captures commands_.size() before iteration. IDA 0x45c37c snapshots script count before loop. Source-level only; runtime unverified. IDA evidence: functions.jsonl 0x45c37c; pseudocode/0045/0045c37c.c.,not_run,Add nested script and inspect current pass bound.,P1,unassigned
SS-0108,Script runtime,Scheduler pass,libDungeonHunter2.so,0x45c37c,ScriptManager::ExecuteAllScripts(void),port/level-loader/script_manager_execution_v96.cpp,No running scripts clears aggregate and stops skipping.,functions.jsonl 0x45c37c; pseudocode/0045/0045c37c.c,implemented,Source port/level-loader/script_manager_execution_v96.cpp:117-118 clears aggregate and stops skipping when no script is running. IDA 0x45c37c has the same aggregate/StopSkipping path. Source-level only; runtime unverified. IDA evidence: functions.jsonl 0x45c37c; pseudocode/0045/0045c37c.c.,not_run,Trace fields and stop-skipping callback.,P1,unassigned
SS-0109,Script runtime,Nested script,libDungeonHunter2.so,0x4607f4,"Script_ExecScript::Execute(bool, int)",port/level-loader/script_execution_control_v96.cpp,"ExecScript ignores skip and uses fixed child when choice count zero, process random choice otherwise.",functions.jsonl 0x4607f4; pseudocode/0046/004607f4.c,implemented,"Source port/level-loader/script_execution_control_v96.cpp:27-52 ignores skip for kind 0, selects fixed child for zero count or uses actual Random service for choices, then starts that child. IDA 0x4607f4 performs corresponding selection and StartScript. Source-level only; runtime unverified. IDA evidence: functions.jsonl 0x4607f4; pseudocode/0046/004607f4.c.",not_run,Replay both payload forms and capture selected child.,P1,unassigned
SS-0110,Script runtime,Nested script,libDungeonHunter2.so,0x4607f4,"Script_ExecScript::Execute(bool, int)",port/level-loader/script_execution_control_v96.cpp,"When common flag false, add common script count before storing child ID.",functions.jsonl 0x4607f4; pseudocode/0046/004607f4.c,implemented,"Source port/level-loader/script_execution_control_v96.cpp:47-52 adds common8 only when common flag is false, writes child ID, then calls StartScript. IDA 0x4607f4 follows that order. Source-level only; runtime unverified. IDA evidence: functions.jsonl 0x4607f4; pseudocode/0046/004607f4.c.",not_run,Compare common counts 0 and nonzero.,P1,unassigned
SS-0111,Script runtime,Nested script,libDungeonHunter2.so,0x455c08,Script_ExecScript::IsBlocking(void)const,port/level-loader/script_execution_control_v96.cpp,Wait-child flag gates child-running poll.,functions.jsonl 0x455c08; pseudocode/0045/00455c08.c,implemented,Source port/level-loader/script_execution_control_v96.cpp:57-62 returns nonblocking when wait-child is false; otherwise polls same manager for child ID. IDA 0x455c08 gates the poll on that flag. Source-level only; runtime unverified. IDA evidence: functions.jsonl 0x455c08; pseudocode/0045/00455c08.c.,not_run,Compare false/true while child runs.,P1,unassigned
SS-0112,Script runtime,Wait command,libDungeonHunter2.so,0x45c438,"Script_Wait::Execute(bool, int)",port/level-loader/script_execution_control_v96.cpp,"Wait ignores skip, traces, resets elapsed and copies authored duration.",functions.jsonl 0x45c438; pseudocode/0045/0045c438.c,implemented,"Source port/level-loader/script_execution_control_v96.cpp:20-25 traces, resets elapsed operand, and copies authored duration without branching on skip. IDA 0x45c438 has the same stores and ignores skip. Source-level only; runtime unverified. IDA evidence: functions.jsonl 0x45c438; pseudocode/0045/0045c438.c.",not_run,Execute with skip true; capture fields.,P1,unassigned
SS-0113,Script runtime,Wait command,libDungeonHunter2.so,0x455754,Script_Wait::IsBlocking(void)const,port/level-loader/script_command_receivers_v59.cpp,Blocking uses signed elapsed less than signed duration.,functions.jsonl 0x455754; pseudocode/0045/00455754.c,implemented,Source port/level-loader/script_command_execution_v96.cpp:17-26 compares Wait elapsed/duration as signed 32-bit values. IDA 0x455754 is a signed less-than comparison. Source-level only; runtime unverified. IDA evidence: functions.jsonl 0x455754; pseudocode/0045/00455754.c.,not_run,Test before/equal/after including negatives.,P1,unassigned
SS-0114,Script runtime,Wait command,libDungeonHunter2.so,0x4597b4,Script_Wait::Update(void),port/level-loader/script_execution_control_v96.cpp,Elapsed snapshot occurs before dt callback; result is elapsed plus delta.,functions.jsonl 0x4597b4; pseudocode/0045/004597b4.c,implemented,Source port/level-loader/script_execution_control_v96.cpp:67-73 snapshots elapsed before dt callback and writes elapsed+dt. IDA 0x4597b4 loads elapsed before GetDt and adds it. Source-level only; runtime unverified. IDA evidence: functions.jsonl 0x4597b4; pseudocode/0045/004597b4.c.,not_run,"Capture old elapsed, dt and result.",P1,unassigned
SS-0115,Script runtime,Dialog command,libDungeonHunter2.so,0x459034,Script_StartDialog::Init(void),port/level-loader/script_command_receivers_v59.cpp,Derived Init resolves data separately from base no-op.,functions.jsonl 0x459034; pseudocode/0045/00459034.c,implemented,"Source port/level-loader/script_command_init_v62.hpp:56-66 reads StartDialog Data+12, resolves DialogStyles.EnterLocationDialog, and stores equality result to skip4; C1 descriptor binds this Init. IDA 0x459034 performs the same comparison/store. Source-level only; runtime unverified. IDA evidence: functions.jsonl 0x459034; pseudocode/0045/00459034.c.",not_run,Trace data linkage and Init calls.,P1,unassigned
SS-0116,Script runtime,Dialog command,libDungeonHunter2.so,0x460fe8,"Script_StartDialog::Execute(bool, int)",port/level-loader/script_command_receivers_v59.cpp,StartDialog dispatches authored dialog at its command sequence position.,functions.jsonl 0x460fe8; pseudocode/0046/00460fe8.c,implemented,"Source port/android-native/app/src/main/cpp/source_campaign_script_execution_v96.cpp:377-389 dispatches kind 10 in scheduler callback, handles EnterLocation queue behavior, and enqueues authored dialog at current command position. IDA 0x460fe8 uses Data/style and enqueues or flushes in the same command Execute. Source-level only; runtime unverified. IDA evidence: functions.jsonl 0x460fe8; pseudocode/0046/00460fe8.c.",not_run,"Capture dialog queue, actor, text and context.",P1,unassigned
SS-0117,Script runtime,Dialog command,libDungeonHunter2.so,0x45568c,Script_StartDialog::IsBlocking(void)const,port/level-loader/script_command_receivers_v59.cpp,StartDialog IsBlocking always returns false; it does not track dialog activity or completion.,functions.jsonl 0x45568c; pseudocode/0045/0045568c.c,implemented,Source port/level-loader/script_command_execution_v96.cpp:17-26 classifies kind 10 as literal nonblocking; IDA 0x45568c returns constant false. It does not poll dialog state. IDA evidence: functions.jsonl 0x45568c; pseudocode/0045/0045568c.c.,not_run,Hold then dismiss dialog and inspect script index.,P1,unassigned
SS-0118,Script runtime,Dialog command,libDungeonHunter2.so,0x461114,"Script_StartDialogID::Execute(bool, int)",port/level-loader/script_command_receivers_v59.cpp,"Implement StartDialogID execution: resolve the authored dialog ID to its list, enqueue every returned message in order, and apply the original post-enqueue start behavior.",functions.jsonl 0x461114; pseudocode/0046/00461114.c,partial,"The port has kind-11 C1 and data schema (command_c1_descriptors_v59.inc:53, script_data_schemas_v52.inc kind 11), but scoped search found no kind-11 Execute implementation: source_campaign_script_execution_v96.cpp handles kind 10 at 377-389 and kind 12 at 429/434, then falls through to remaining-effects error. IDA 0x461114 looks up dialog list by data ID and enqueues each matching message. Execution behavior is missing; acceptance not run. IDA evidence: functions.jsonl 0x461114; pseudocode/0046/00461114.c.",not_run,Compare IDs and displayed lines.,P1,unassigned
SS-0119,Script runtime,Dialog command,libDungeonHunter2.so,0x45c4d8,"Script_WaitDialog::Execute(bool, int)",port/level-loader/script_command_receivers_v59.cpp,WaitDialog holds scheduler while dialog remains active.,functions.jsonl 0x45c4d8; pseudocode/0045/0045c4d8.c,implemented,Source port/android-native/app/src/main/cpp/source_campaign_script_execution_v96.cpp:429 and 432-434 executes trace body and blocking callback polls actual dialog-active service for kind 12. Scheduler calls Update and yields while blocking (port/level-loader/script_manager_execution_v96.cpp:88-100); WaitDialog inherits base no-op Update. IDA 0x45c4d8 is trace-only Execute and Script_WaitDialog::IsBlocking polls active state. Source-level only; runtime unverified. IDA evidence: functions.jsonl 0x45c4d8; pseudocode/0045/0045c4d8.c.,not_run,"Test queued, active and dismissed cases.",P1,unassigned
SS-0120,Script runtime,Tutorial command,libDungeonHunter2.so,0x460950,"Script_DoTutorial::Execute(bool, int)",port/level-loader/script_command_receivers_v59.cpp,"DoTutorial checks the tutorial gate, difficulty and online state, starts the named script when allowed, then clears and persists the gate.",functions.jsonl 0x460950; pseudocode/0046/00460950.c,partial,"IDA pseudocode/0046/00460950.c gates by tutorial payload, player difficulty, tutorial-enabled byte and offline state; starts named script then clears/saves gate. Port Execute is injected (port/level-loader/script_command_receivers_v59.cpp:40-45); localization helper is separate (port/engine-ui/character_menu_application_v4.cpp:31-47).",not_run,Capture content ID and UI invocation.,P1,unassigned
SS-0121,Script runtime,Tutorial queue,libDungeonHunter2.so,0x4613d4,"Script_EnqueueTutorialMessage::Execute(bool, int)",port/level-loader/script_command_receivers_v59.cpp,"EnqueueTutorialMessage appends its ID and second authored word to the gameplay queue, invoking start callback when queue transitions to one item.",functions.jsonl 0x4613d4; pseudocode/0046/004613d4.c,partial,IDA pseudocode/0046/004613d4.c appends TutorialMsg fields and starts callback when queue size becomes one. Port has separate generic tutorial deque (port/engine-ui/menu_dialog_messages_v97.hpp:56-71); receiver Execute is injected (port/level-loader/script_command_receivers_v59.cpp:40-45).,not_run,Enqueue two IDs and record display order.,P1,unassigned
SS-0122,Script runtime,Tutorial queue,libDungeonHunter2.so,0x460338,"Script_SkipTutorialMessage::Execute(bool, int)",port/level-loader/script_command_receivers_v59.cpp,SkipTutorialMessage delegates once to the gameplay TutorialMsg manager’s SkipEnqueuedMessage operation.,functions.jsonl 0x460338; pseudocode/0046/00460338.c,partial,"IDA pseudocode/0046/00460338.c is a thunk to MenuMessageManager<TutorialMsg,1>::SkipEnqueuedMessage. Port exposes pop-front (port/engine-ui/menu_dialog_messages_v97.hpp:67-71), but command Execute is injected (port/level-loader/script_command_receivers_v59.cpp:40-45).",not_run,Queue several and verify one advancement.,P1,unassigned
SS-0123,Script runtime,Tutorial queue,libDungeonHunter2.so,0x46033c,"Script_SkipAllTutorialMessages::Execute(bool, int)",port/level-loader/script_command_receivers_v59.cpp,"SkipAllTutorialMessages empties the gameplay queue, then invokes SkipEnqueuedMessage once.",functions.jsonl 0x46033c; pseudocode/0046/0046033c.c,partial,IDA pseudocode/0046/0046033c.c drains gameplay queue then calls SkipEnqueuedMessage once. Port has flush_tutorial but no combined drain-then-skip path (port/engine-ui/menu_dialog_messages_v97.hpp:67-71); command Execute is injected (port/level-loader/script_command_receivers_v59.cpp:40-45).,not_run,Populate both queues and inspect both after skip.,P1,unassigned
SS-0124,Script runtime,Tutorial queue,libDungeonHunter2.so,0x460b1c,"Script_EnqueueCharMenuTutorialMessage::Execute(bool, int)",port/level-loader/script_command_receivers_v59.cpp,EnqueueCharMenuTutorialMessage copies its authored ID and two strings into the character-menu tutorial queue; it does not use the gameplay queue.,functions.jsonl 0x460b1c; pseudocode/0046/00460b1c.c,partial,IDA pseudocode/0046/00460b1c.c copies two strings and authored word into CharMenuTutorialMsg and appends it. Separate queue can append id/frame/menu (port/engine-ui/character_menu_application_v4.cpp:4-6); command execution remains injected (port/level-loader/script_command_receivers_v59.cpp:40-45).,not_run,Compare gameplay and menu queues.,P1,unassigned
SS-0125,Script runtime,Tutorial queue,libDungeonHunter2.so,0x4603d0,"Script_SkipCharMenuTutorialMessage::Execute(bool, int)",port/level-loader/script_command_receivers_v59.cpp,SkipCharMenuTutorialMessage pops one queued item if present and invokes the menu skip function only when nonnull.,functions.jsonl 0x4603d0; pseudocode/0046/004603d0.c,partial,"IDA pseudocode/0046/004603d0.c pops one item if nonempty, invokes s_SkipFuncName only when nonnull. Port skip pops and optionally invokes stored callback (port/engine-ui/character_menu_application_v4.cpp:8-14); receiver binding is injected (port/level-loader/script_command_receivers_v59.cpp:40-45).",not_run,Queue two and verify one advancement.,P1,unassigned
SS-0126,Script runtime,Tutorial queue,libDungeonHunter2.so,0x460428,"Script_SkipAllCharMenuTutorialMessages::Execute(bool, int)",port/level-loader/script_command_receivers_v59.cpp,SkipAllCharMenuTutorialMessages drains the character-menu queue and does not invoke the per-message skip function.,functions.jsonl 0x460428; pseudocode/0046/00460428.c,partial,"IDA pseudocode/0046/00460428.c drains menu queue without callback. Port queue supports enqueue and single-item skip, but no drain operation shown (port/engine-ui/character_menu_application_v4.cpp:4-14); receiver Execute injected (port/level-loader/script_command_receivers_v59.cpp:40-45).",not_run,Populate both then inspect.,P1,unassigned
SS-0127,Script runtime,Tutorial lock,libDungeonHunter2.so,0x45925c,"Script_LockTutorial::Execute(bool, int)",port/level-loader/script_command_receivers_v59.cpp,"LockTutorial clears the tutorial-enabled settings byte selected by payload word 8, then saves immediately in menu 17 or starts the settings-save job.",functions.jsonl 0x45925c; pseudocode/0045/0045925c.c,partial,"IDA pseudocode/0045/0045925c.c writes zero to settings byte [payload.word8+41], saves now if menu 17 else starts save job. Descriptor is present (port/level-loader/command_c1_descriptors_v59.inc:49); Execute injected (port/level-loader/script_command_receivers_v59.cpp:40-45).",not_run,Run both combinations and test input acceptance.,P1,unassigned
SS-0128,Script runtime,Cutscene mode,libDungeonHunter2.so,0x458cf8,GetNewScriptCmdImplInstance<Script_EnterCutSceneMode>,port/level-loader/command_c1_descriptors_v59.inc; port/level-loader/script_data_schemas_v52.inc,Factory allocates and initializes EnterCutSceneMode receiver; cutscene state change occurs in later Execute.,functions.jsonl 0x458cf8; pseudocode/0045/00458cf8.c,partial,IDA pseudocode/0045/00458cf8.c is a factory allocating 16 bytes and initializing EnterCutSceneMode base fields. Descriptor present (port/level-loader/command_c1_descriptors_v59.inc:5); transition is delegated Execute (port/level-loader/script_command_receivers_v59.cpp:40-45).,not_run,Capture cutscene/input state across sequence.,P1,unassigned
SS-0129,Script runtime,Cutscene mode,libDungeonHunter2.so,0x458cb0,GetNewScriptCmdImplInstance<Script_ExitCutSceneMode>,port/level-loader/command_c1_descriptors_v59.inc; port/level-loader/script_data_schemas_v52.inc,Factory allocates and initializes ExitCutSceneMode receiver; cutscene state change occurs in later Execute.,functions.jsonl 0x458cb0; pseudocode/0045/00458cb0.c,partial,IDA pseudocode/0045/00458cb0.c is a factory allocating 16 bytes and initializing ExitCutSceneMode base fields. Descriptor present (port/level-loader/command_c1_descriptors_v59.inc:6); transition is delegated Execute (port/level-loader/script_command_receivers_v59.cpp:40-45).,not_run,Capture mode after enter/wait/exit.,P1,unassigned
SS-0130,Script runtime,Camera wait,libDungeonHunter2.so,0x45932c,Script_WaitCamera::IsBlocking(void)const,port/level-loader/script_command_receivers_v59.cpp,WaitCamera blocks while the current level camera completion byte at level+296+132 is nonzero; null level/camera is nonblocking.,functions.jsonl 0x45932c; pseudocode/0045/0045932c.c,partial,"IDA pseudocode/0045/0045932c.c reads CurrentLevel+296 then byte +132, or returns false if pointer null. Port IsBlocking delegates to injected body (port/level-loader/script_command_execution_v96.cpp:31-38); descriptor port/level-loader/command_c1_descriptors_v59.inc:11.",not_run,Hold camera and capture scheduler until complete.,P1,unassigned
SS-0131,Script runtime,Actor wait,libDungeonHunter2.so,0x459698,Script_MoveActor::IsBlocking(void)const,port/level-loader/script_command_receivers_v59.cpp,"MoveActor blocking depends on wait flag, actor and motion completion; completion stops controller and may restore prior physical object and revive actor.",functions.jsonl 0x459698; pseudocode/0045/00459698.c,partial,IDA pseudocode/0045/00459698.c checks wait flag/actor and motion list; completion stops controller and may restore physical object and revive actor. Port blocking body injected (port/level-loader/script_command_execution_v96.cpp:31-38); descriptor at command_c1_descriptors_v59.inc:34.,not_run,Capture destination arrival and script release.,P1,unassigned
SS-0132,Script runtime,Actor wait,libDungeonHunter2.so,0x459628,Script_PlayActorAnim::IsBlocking(void)const,port/level-loader/script_command_receivers_v59.cpp,PlayActorAnim blocks only when its wait flag and actor handles are valid and current animation state differs from requested state.,functions.jsonl 0x459628; pseudocode/0045/00459628.c,partial,IDA pseudocode/0045/00459628.c compares requested animation state with actor state only when wait flag and handles/state permit. Port blocking body injected (port/level-loader/script_command_execution_v96.cpp:31-38); descriptor at command_c1_descriptors_v59.inc:39.,not_run,Test wait true/false against same clip.,P1,unassigned
SS-0133,Script runtime,Actor command,libDungeonHunter2.so,0x45e028,"Script_HideActor::Execute(bool, int)",port/level-loader/command_c1_descriptors_v59.inc; port/level-loader/script_data_schemas_v52.inc,HideActor resolves the named object and calls GameObject visibility false; it does not remove or kill it.,functions.jsonl 0x45e028; pseudocode/0045/0045e028.c,partial,IDA pseudocode/0045/0045e028.c resolves named object and calls visibility vtable with false. Descriptor port/level-loader/command_c1_descriptors_v59.inc:37; Execute injected (script_command_receivers_v59.cpp:40-45); generic menu visibility is a different path (authored_character_menu_session_v1.cpp:38-52).,not_run,Capture visibility and object identity.,P1,unassigned
SS-0134,Script runtime,Actor command,libDungeonHunter2.so,0x45ea04,"Script_KillActor::Execute(bool, int)",port/level-loader/command_c1_descriptors_v59.inc; port/level-loader/script_data_schemas_v52.inc,"KillActor resolves named Character, sets controller kill flag around Cmd_Kill, then clears it.",functions.jsonl 0x45ea04; pseudocode/0045/0045ea04.c,partial,"IDA pseudocode/0045/0045ea04.c resolves Character, sets controller scripted-kill flag, invokes Cmd_Kill, clears flag. Descriptor present (command_c1_descriptors_v59.inc:38); Execute injected (script_command_receivers_v59.cpp:40-45).",not_run,Capture death callback and object retention.,P1,unassigned
SS-0135,Script runtime,Actor command,libDungeonHunter2.so,0x45eb14,"Script_ShowActor::Execute(bool, int)",port/level-loader/command_c1_descriptors_v59.inc; port/level-loader/script_data_schemas_v52.inc,"ShowActor resolves named GameObject, disables zoning, then makes it visible.",functions.jsonl 0x45eb14; pseudocode/0045/0045eb14.c,partial,"IDA pseudocode/0045/0045eb14.c resolves named GameObject, disables zoning, calls visibility vtable with true. Descriptor present (command_c1_descriptors_v59.inc:36); Execute injected (script_command_receivers_v59.cpp:40-45).",not_run,Verify same identity after show.,P1,unassigned
SS-0136,Script runtime,Actor command,libDungeonHunter2.so,0x45f0a8,"Script_MoveActor::Execute(bool, int)",port/level-loader/command_c1_descriptors_v59.inc; port/level-loader/script_data_schemas_v52.inc,"MoveActor resolves actor/destination, applies collision and physical-object options, issues Cmd_MoveTo and stores state for its separate blocking callback.",functions.jsonl 0x45f0a8; pseudocode/0045/0045f0a8.c,partial,"IDA pseudocode/0045/0045f0a8.c resolves actor and destination, stores wait/prior physical state, applies options and issues Cmd_MoveTo; later IsBlocking handles completion. Port schema (script_data_schemas_v52.inc:36); Execute injected (script_command_receivers_v59.cpp:40-45).",not_run,Replay movement flags; capture position/progression.,P1,unassigned
SS-0137,Script runtime,Actor command,libDungeonHunter2.so,0x45e890,"Script_PlayActorAnim::Execute(bool, int)",port/level-loader/command_c1_descriptors_v59.inc; port/level-loader/script_data_schemas_v52.inc,"When not skipped, PlayActorAnim resolves Character, writes animation values and requests state; Init and IsBlocking are separate.",functions.jsonl 0x45e890; pseudocode/0045/0045e890.c,partial,"IDA pseudocode/0045/0045e890.c executes only when not skipped, resolves Character, writes animation table values and calls SM_SetAnimState; blocking separate. Port schema (script_data_schemas_v52.inc:40); Execute injected (script_command_receivers_v59.cpp:40-45).",not_run,"Capture Init, clip, playback and scheduler release.",P1,unassigned
SS-0138,Dialogue,Dialog step list,libDungeonHunter2.so,0x4dca68,Structs::DialogStepList::read(IStreamBase *),port/level-world/reference/character-visual-v6/cache,DialogStepList reads count and decodes that many 20-byte DialogStep records in order; verify binary reader preserves count/order.,functions.jsonl 0x4dca68; pseudocode/004d/004dca68.c,missing,"IDA pseudocode/004d/004dca68.c reads count, allocates 20-byte steps in order, calls each reader. Scoped source search found only DialogActors decoder (port/engine-ui/menu_dialog_messages_v97.cpp:17-35), not DialogStepList; cited character-visual cache is assets.",not_run,Decode Act 1 steps and compare text IDs/order.,P1,unassigned
SS-0139,Dialogue,Dialog step,libDungeonHunter2.so,0x4f1fb4,Structs::DialogStep::read(IStreamBase *),port/level-world/reference/character-visual-v6/cache,"DialogStep reads four 32-bit fields at +4,+8,+12,+16; keep semantic interpretation provisional.",functions.jsonl 0x4f1fb4; pseudocode/004f/004f1fb4.c,missing,"IDA pseudocode/004f/004f1fb4.c reads four ints at offsets +4,+8,+12,+16. Scoped source search found DialogActors only (port/engine-ui/menu_dialog_messages_v97.cpp:17-35); no DialogStep reader.",not_run,Compare decoded fields with displayed speaker/line/animation.,P1,unassigned
SS-0140,Dialogue,Conditional dialogue,libDungeonHunter2.so,0x4dcbd4,Structs::ConditionalDialog::read(IStreamBase *),port/level-world/reference/character-visual-v6/cache,ConditionalDialog reads count and decodes that many 16-byte children in authored order; do not infer branch-target semantics from this reader alone.,functions.jsonl 0x4dcbd4; pseudocode/004d/004dcbd4.c,missing,"IDA pseudocode/004d/004dcbd4.c reads count, allocates 16-byte child records in order and calls each reader. Scoped source search found no ConditionalDialog reader; only DialogActors parser (port/engine-ui/menu_dialog_messages_v97.cpp:17-35).",not_run,Evaluate each Act 1 condition and record selected branch.,P1,unassigned
SS-0141,Dialogue,Dialog condition,libDungeonHunter2.so,0x506cb0,Structs::DialogCondition::read(IStreamBase *),port/level-world/reference/character-visual-v6/cache,DialogCondition preserves two numeric fields and following string; their operator/operand meanings need separate evidence.,functions.jsonl 0x506cb0; pseudocode/0050/00506cb0.c,missing,"IDA pseudocode/0050/00506cb0.c reads int +4, uint +8, then string into +12 storage. Scoped source search found DialogActors parser only (port/engine-ui/menu_dialog_messages_v97.cpp:17-35).",not_run,Probe comparison operators with boundary values.,P1,unassigned
SS-0142,Quest/event progression,Objective type dispatch,libDungeonHunter2.so,0x47a3e8,ObjectiveList::CreateObjectiveWithPyData,port/level-loader/game_event_manager_v50.cpp; port/level-loader/game_event_runtime_v75.cpp,Type 0 factory selects original 48-byte implementation; compare type-0 field/reset behavior and whether distinct implementation object is required.,"functions.jsonl 0x47a3e8; pseudocode/0047/0047a3e8.c; constructors/handlers 0x47ed70-0x47f070, 0x47bae4, 0x47c868",partial,"IDA pseudocode/0047/0047a3e8.c indexes factory map by type and stores stub/type. Port bounds 0-12 and maps sizes (game_event_manager_v50.cpp:13-15,30-37), but uses generic object; runtime type branches in game_event_runtime_v75.cpp:237-307.",not_run,"Load type 0 row and verify dynamic class, allocation size and reset sentinels.",P1,unassigned
SS-0143,Quest/event progression,Objective type dispatch,libDungeonHunter2.so,0x47a3e8,ObjectiveList::CreateObjectiveWithPyData,port/level-loader/game_event_manager_v50.cpp; port/level-loader/game_event_runtime_v75.cpp,Type 1 factory selects original 48-byte implementation; compare type-specific initialization and ClearEnemies behavior.,"functions.jsonl 0x47a3e8; pseudocode/0047/0047a3e8.c; constructors/handlers 0x47ed70-0x47f070, 0x47bae4, 0x47c868",partial,"IDA pseudocode/0047/0047a3e8.c factory dispatch. Port says type 1 size 48 and generic field/reset behavior (game_event_manager_v50.cpp:13-15,30-37); runtime ClearEnemies behavior in game_event_runtime_v75.cpp:267-281.",not_run,Load type 1 and capture derived class and initial count.,P1,unassigned
SS-0144,Quest/event progression,Objective type dispatch,libDungeonHunter2.so,0x47a3e8,ObjectiveList::CreateObjectiveWithPyData,port/level-loader/game_event_manager_v50.cpp; port/level-loader/game_event_runtime_v75.cpp,"Type 2 factory selects original 40-byte implementation; compare payload, initialization and runtime behavior to generic branch.","functions.jsonl 0x47a3e8; pseudocode/0047/0047a3e8.c; constructors/handlers 0x47ed70-0x47f070, 0x47bae4, 0x47c868",partial,"IDA pseudocode/0047/0047a3e8.c factory dispatch. Port says type 2 size 40, generic fields (game_event_manager_v50.cpp:13-15,30-37); runtime type branch in game_event_runtime_v75.cpp:248-307.",not_run,Load type 2 and compare row fields to derived receiver.,P1,unassigned
SS-0145,Quest/event progression,Objective type dispatch,libDungeonHunter2.so,0x47a3e8,ObjectiveList::CreateObjectiveWithPyData,port/level-loader/game_event_manager_v50.cpp; port/level-loader/game_event_runtime_v75.cpp,"Type 3 factory selects original 40-byte implementation; compare payload, initialization and runtime behavior to generic branch.","functions.jsonl 0x47a3e8; pseudocode/0047/0047a3e8.c; constructors/handlers 0x47ed70-0x47f070, 0x47bae4, 0x47c868",partial,"IDA pseudocode/0047/0047a3e8.c factory dispatch. Port says type 3 size 40, generic fields (game_event_manager_v50.cpp:13-15,30-37); runtime type branch in game_event_runtime_v75.cpp:248-307.",not_run,Load type 3 and compare row fields to derived receiver.,P1,unassigned
SS-0146,Quest/event progression,Objective type dispatch,libDungeonHunter2.so,0x47a3e8,ObjectiveList::CreateObjectiveWithPyData,port/level-loader/game_event_manager_v50.cpp; port/level-loader/game_event_runtime_v75.cpp,Type 4 factory selects original 36-byte MoveInZone implementation; compare initialization and zone fields with port branch.,"functions.jsonl 0x47a3e8; pseudocode/0047/0047a3e8.c; constructors/handlers 0x47ed70-0x47f070, 0x47bae4, 0x47c868",partial,"IDA pseudocode/0047/0047a3e8.c factory dispatch. Port says type 4 size 36 (game_event_manager_v50.cpp:13-15), has MoveInZone compile branch (game_event_runtime_v75.cpp:254-264), but generic object storage (game_event_manager_v50.cpp:30-37).",not_run,Load and compile type 4 with named zone.,P1,unassigned
SS-0147,Quest/event progression,Objective type dispatch,libDungeonHunter2.so,0x47a3e8,ObjectiveList::CreateObjectiveWithPyData,port/level-loader/game_event_manager_v50.cpp; port/level-loader/game_event_runtime_v75.cpp,Type 5 factory selects original 44-byte TalkToNPC implementation; compare initialized fields and registration lifecycle.,"functions.jsonl 0x47a3e8; pseudocode/0047/0047a3e8.c; constructors/handlers 0x47ed70-0x47f070, 0x47bae4, 0x47c868",partial,"IDA pseudocode/0047/0047a3e8.c factory dispatch. Port says type 5 size 44, type-specific init (game_event_manager_v50.cpp:13-15,30-37); TalkToNPC registration branch in game_event_runtime_v75.cpp:165-168.",not_run,Load/register type 5 and inspect NPC flag/event target.,P1,unassigned
SS-0148,Quest/event progression,Objective type dispatch,libDungeonHunter2.so,0x47a3e8,ObjectiveList::CreateObjectiveWithPyData,port/level-loader/game_event_manager_v50.cpp; port/level-loader/game_event_runtime_v75.cpp,Type 6 factory selects original 24-byte Automatic implementation; compare initialized fields and immediate completion.,"functions.jsonl 0x47a3e8; pseudocode/0047/0047a3e8.c; constructors/handlers 0x47ed70-0x47f070, 0x47bae4, 0x47c868",partial,"IDA pseudocode/0047/0047a3e8.c factory dispatch. Port says type 6 size 24 and special reset (game_event_manager_v50.cpp:13-15,30-37); Automatic completion in game_event_runtime_v75.cpp:237-238; storage generic.",not_run,Load and compile type 6; capture immediate completion.,P1,unassigned
SS-0149,Quest/event progression,Objective type dispatch,libDungeonHunter2.so,0x47a3e8,ObjectiveList::CreateObjectiveWithPyData,port/level-loader/game_event_manager_v50.cpp; port/level-loader/game_event_runtime_v75.cpp,Type 7 factory selects original 40-byte implementation; compare payload and type-specific compile behavior.,"functions.jsonl 0x47a3e8; pseudocode/0047/0047a3e8.c; constructors/handlers 0x47ed70-0x47f070, 0x47bae4, 0x47c868",partial,IDA pseudocode/0047/0047a3e8.c factory dispatch. Port says type 7 size 40 (game_event_manager_v50.cpp:13-15) and shared compile branch (game_event_runtime_v75.cpp:248-253); object generic (game_event_manager_v50.cpp:30-37).,not_run,Load type 7 and compare payload mapping.,P1,unassigned
SS-0150,Quest/event progression,Objective type dispatch,libDungeonHunter2.so,0x47a3e8,ObjectiveList::CreateObjectiveWithPyData,port/level-loader/game_event_manager_v50.cpp; port/level-loader/game_event_runtime_v75.cpp,Type 8 factory selects original 40-byte implementation; compare payload and compile behavior.,"functions.jsonl 0x47a3e8; pseudocode/0047/0047a3e8.c; constructors/handlers 0x47ed70-0x47f070, 0x47bae4, 0x47c868",partial,"IDA pseudocode/0047/0047a3e8.c factory dispatch. Port says type 8 size 40 (game_event_manager_v50.cpp:13-15), shared compile branch (game_event_runtime_v75.cpp:248-253), generic object (game_event_manager_v50.cpp:30-37).",not_run,Load type 8 and compare payload mapping.,P1,unassigned
SS-0151,Quest/event progression,Objective type dispatch,libDungeonHunter2.so,0x47a3e8,ObjectiveList::CreateObjectiveWithPyData,port/level-loader/game_event_manager_v50.cpp; port/level-loader/game_event_runtime_v75.cpp,Type 9 factory selects original 40-byte implementation; compare payload and compile behavior.,"functions.jsonl 0x47a3e8; pseudocode/0047/0047a3e8.c; constructors/handlers 0x47ed70-0x47f070, 0x47bae4, 0x47c868",partial,"IDA pseudocode/0047/0047a3e8.c factory dispatch. Port says type 9 size 40 (game_event_manager_v50.cpp:13-15), shared compile branch (game_event_runtime_v75.cpp:248-253), generic object (game_event_manager_v50.cpp:30-37).",not_run,Load type 9 and compare payload mapping.,P1,unassigned
SS-0152,Quest/event progression,Objective type dispatch,libDungeonHunter2.so,0x47a3e8,ObjectiveList::CreateObjectiveWithPyData,port/level-loader/game_event_manager_v50.cpp; port/level-loader/game_event_runtime_v75.cpp,Type 10 factory selects original 48-byte KillEnemyTemplate implementation; compare reset fields and authored template/count behavior.,"functions.jsonl 0x47a3e8; pseudocode/0047/0047a3e8.c; constructors/handlers 0x47ed70-0x47f070, 0x47bae4, 0x47c868",partial,"IDA pseudocode/0047/0047a3e8.c factory dispatch. Port says type 10 size 48, reset defaults and template-enemy branch (game_event_manager_v50.cpp:13-15,30-37; game_event_runtime_v75.cpp:267-281); object generic.",not_run,Load type 10 and compare compile-time required quantity.,P1,unassigned
SS-0153,Quest/event progression,Objective type dispatch,libDungeonHunter2.so,0x47a3e8,ObjectiveList::CreateObjectiveWithPyData,port/level-loader/game_event_manager_v50.cpp; port/level-loader/game_event_runtime_v75.cpp,Type 11 factory selects original 48-byte ClearEnemyTemplate implementation; compare reset fields and loaded-population behavior.,"functions.jsonl 0x47a3e8; pseudocode/0047/0047a3e8.c; constructors/handlers 0x47ed70-0x47f070, 0x47bae4, 0x47c868",partial,"IDA pseudocode/0047/0047a3e8.c factory dispatch. Port says type 11 size 48, reset defaults and template ClearEnemies branch (game_event_manager_v50.cpp:13-15,30-37; game_event_runtime_v75.cpp:267-281); object generic.",not_run,Load type 11 with varying matching population.,P1,unassigned
SS-0154,Quest/event progression,Objective type dispatch,libDungeonHunter2.so,0x47a3e8,ObjectiveList::CreateObjectiveWithPyData,port/level-loader/game_event_manager_v50.cpp; port/level-loader/game_event_runtime_v75.cpp,Type 12 factory selects original 36-byte GatherLoot implementation; compare initialized fields and quantity compilation.,"functions.jsonl 0x47a3e8; pseudocode/0047/0047a3e8.c; constructors/handlers 0x47ed70-0x47f070, 0x47bae4, 0x47c868",partial,"IDA pseudocode/0047/0047a3e8.c factory dispatch. Port says type 12 size 36 and gather defaults (game_event_manager_v50.cpp:13-15,30-37); inventory compile path (game_event_runtime_v75.cpp:239-247); object generic.",not_run,Load type 12 and test inventory/quantity branches.,P1,unassigned
SS-0155,Quest/event progression,Act 1 quest resource,libDungeonHunter2.so,0x50358c,Structs::v2QuestObjective::read(IStreamBase *),port/android-native/app/src/main/assets/data/v2quests_pycst.bin; port/level-loader/game_event_manager_v50.cpp,Decode v2quests asset and map native objective records (type plus two ints read by v2QuestObjective::read) into the port’s richer event/objective row model.,functions.jsonl 0x50358c; pseudocode/0050/0050358c.c,partial,"IDA pseudocode/0050/0050358c.c reads three ints at +4,+8,+12. Port GameEventTablesV50 parses event/objective records with strings and trailing ints (game_event_manager_v50.cpp:19-25); no evidence it is wired to supplied native v2quests PyCST or field mapping.",not_run,"Record original blob offsets, objective row IDs/types, decoded values and corresponding live UI.",P1,unassigned
SS-0156,Dialogue,Act 1 dialog resource,libDungeonHunter2.so,0x4f1fb4,Structs::DialogStep::read(IStreamBase *),port/android-native/app/src/main/assets/data/dialogs_pycst.bin; port/level-loader/script_data_schemas_v52.inc,"Decode dialogs_pycst and map each four-int DialogStep to actor, text and animation references before linking StartDialog commands.",functions.jsonl 0x4f1fb4; pseudocode/004f/004f1fb4.c,missing,"IDA pseudocode/004f/004f1fb4.c reads four ints at +4,+8,+12,+16. Scoped source search found no dialogs_pycst/DialogStep reader: DialogActors decoding only in menu_dialog_messages_v97.cpp:17-35; APIs use constructed messages at lines 43-68.",not_run,Compare decoded dialog IDs/text IDs/actor clips to runtime dialogue presentation.,P1,unassigned
SS-0157,Dialogue,Tutorial localization,libDungeonHunter2.so,0x460950,"Script_DoTutorial::Execute(bool, int)",port/android-native/app/src/main/assets/original-cache/data/text/tutorial.english; port/level-loader/script_data_schemas_v52.inc,"Resolve IDs used by tutorial UI messages against tutorial.english; separately trace DoTutorial’s gated script-name operand, which is not itself a displayed tutorial message ID.",functions.jsonl 0x460950; pseudocode/0046/00460950.c,partial,"IDA pseudocode/0046/00460950.c resolves/starts script only under tutorial/difficulty/offline gates. Port localizes queued tutorial IDs (character_menu_application_v4.cpp:31-47), but no link from DoTutorial script-name operand to tutorial.english; Execute injected (script_command_receivers_v59.cpp:40-45).",not_run,Record ID-to-string mapping and visible line for Act 1 tutorial commands.,P1,unassigned
SS-0158,Quest/event progression,Quest localization,libDungeonHunter2.so,0x479408,GameEvent::Update(void),port/android-native/app/src/main/assets/original-cache/data/text/quests.english; port/android-native/app/src/main/assets/original-cache/data/text/sidequests.english,Resolve active/completed event and objective text IDs through quest localization as event state changes; keep localization separate from state progression.,functions.jsonl 0x479408; pseudocode/0047/00479408.c,partial,"IDA pseudocode/0047/00479408.c transitions Inactive to Active when objectives valid, then Active to Completed when Eval succeeds. Port state path in game_event_runtime_v75.cpp:278-307; no quest text ID resolution evidenced.",not_run,Record active/completed objective IDs and text shown at each Act 1 transition.,P1,unassigned
