ID,System,Subsystem,IDA library,IDA address,IDA function,Source path(s),Check / expected behavior,IDA evidence,Implementation status,Implementation evidence,Runtime status,Acceptance evidence,Priority,Owner/session
DS-0001,Shared game data,Resource readers,libDungeonHunter2.so,0x0056eb6c,glitch::io::CMemoryReadFile::getBuffer(long*),port/engine-resources/resources.cpp; port/engine-resources/resources.hpp,getBuffer reports current cursor and returns the backing-buffer base according to original semantics.,pseudocode/0056/0056eb6c.c; assembly-functions.asm @ 0x0056eb6c; xrefs.jsonl @ 0x0056eb6c,implemented,IDA 0x56eb6c returns backing-buffer pointer and optionally writes cursor; resources.cpp:60 implements buffer() identically.,not_run,not_run: no integrated Act 1 acceptance evidence reviewed.,P1,unassigned
DS-0002,Shared game data,Resource readers,libDungeonHunter2.so,0x0056eb80,glitch::io::CMemoryReadFile::isAllInMemory() const,port/engine-resources/resources.cpp; port/engine-resources/resources.hpp,all-in-memory flag is constant/derived exactly as original for a valid memory-backed file.,pseudocode/0056/0056eb80.c; assembly-functions.asm @ 0x0056eb80; xrefs.jsonl @ 0x0056eb80,implemented,IDA 0x56eb80 returns constant 1; resources.cpp:62 returns true.,not_run,not_run: no integrated Act 1 acceptance evidence reviewed.,P1,unassigned
DS-0003,Shared game data,Resource readers,libDungeonHunter2.so,0x0056eb8c,glitch::io::CMemoryReadFile::isValid() const,port/engine-resources/resources.cpp; port/engine-resources/resources.hpp,validity result matches pointer/length initialization and null/empty cases.,pseudocode/0056/0056eb8c.c; assembly-functions.asm @ 0x0056eb8c; xrefs.jsonl @ 0x0056eb8c,implemented,IDA 0x56eb8c checks nonnull backing pointer and nonnegative size; resources.cpp:61 uses data && length>=0.,not_run,not_run: no integrated Act 1 acceptance evidence reviewed.,P1,unassigned
DS-0004,Shared game data,Resource readers,libDungeonHunter2.so,0x0056ebac,"glitch::io::CMemoryReadFile::readAsync(void*, unsigned int, callback, void*)",port/engine-resources/resources.cpp; port/engine-resources/resources.hpp,async read callback receives original byte-count/error values and callback ordering.,pseudocode/0056/0056ebac.c; assembly-functions.asm @ 0x0056ebac; xrefs.jsonl @ 0x0056ebac,implemented,"IDA 0x56ebac invokes read, calls completion(bytes, bytes==0, this, user), returns 1; resources.cpp:46-49 mirrors this (error represented as integer 0/1).",not_run,not_run: no integrated Act 1 acceptance evidence reviewed.,P1,unassigned
DS-0005,Shared game data,Resource readers,libDungeonHunter2.so,0x0056ebe0,"glitch::io::CMemoryReadFile::readAsync(void*, unsigned int, long, callback, void*)",port/engine-resources/resources.cpp; port/engine-resources/resources.hpp,positional async read honors offset and does not silently alter sequential cursor unless original does.,pseudocode/0056/0056ebe0.c; assembly-functions.asm @ 0x0056ebe0; xrefs.jsonl @ 0x0056ebe0,implemented,"IDA 0x56ebe0 seeks absolute to requested offset, ignores seek result, then reads/callbacks; resources.cpp:51-54 follows the same sequence and ignores seek result.",not_run,not_run: no integrated Act 1 acceptance evidence reviewed.,P1,unassigned
DS-0006,Shared game data,Resource readers,libDungeonHunter2.so,0x0056ec3c,"glitch::io::CMemoryReadFile::seek(long, bool)",port/engine-resources/resources.cpp; port/engine-resources/resources.hpp,absolute and relative seeks use original cursor arithmetic and boundary behavior.,pseudocode/0056/0056ec3c.c; assembly-functions.asm @ 0x0056ec3c; xrefs.jsonl @ 0x0056ec3c,implemented,"IDA 0x56ec3c rejects only positions above length, adding current cursor for relative seeks; resources.cpp:40-44 matches, including acceptance of negative cursor values.",not_run,not_run: no integrated Act 1 acceptance evidence reviewed.,P1,unassigned
DS-0007,Shared game data,Resource readers,libDungeonHunter2.so,0x0056ec78,glitch::io::CMemoryReadFile::getSize() const,port/engine-resources/resources.cpp; port/engine-resources/resources.hpp,reported size preserves original signed-width and initialized-length behavior.,pseudocode/0056/0056ec78.c; assembly-functions.asm @ 0x0056ec78; xrefs.jsonl @ 0x0056ec78,implemented,IDA 0x56ec78 returns stored length; resources.cpp:56 returns length.,not_run,not_run: no integrated Act 1 acceptance evidence reviewed.,P1,unassigned
DS-0008,Shared game data,Resource readers,libDungeonHunter2.so,0x0056ec80,glitch::io::CMemoryReadFile::getPos() const,port/engine-resources/resources.cpp; port/engine-resources/resources.hpp,reported cursor is the same state advanced by reads/seeks.,pseudocode/0056/0056ec80.c; assembly-functions.asm @ 0x0056ec80; xrefs.jsonl @ 0x0056ec80,implemented,IDA 0x56ec80 returns stored cursor; resources.cpp:57 returns cursor.,not_run,not_run: no integrated Act 1 acceptance evidence reviewed.,P1,unassigned
DS-0009,Shared game data,Resource readers,libDungeonHunter2.so,0x0056ec88,glitch::io::CMemoryReadFile::getFileName() const,port/engine-resources/resources.cpp; port/engine-resources/resources.hpp,filename getter returns the stored name with original null/lifetime semantics.,pseudocode/0056/0056ec88.c; assembly-functions.asm @ 0x0056ec88; xrefs.jsonl @ 0x0056ec88,implemented,IDA 0x56ec88 returns stored filename pointer; resources.cpp:58 returns filename.,not_run,not_run: no integrated Act 1 acceptance evidence reviewed.,P1,unassigned
DS-0010,Shared game data,Resource readers,libDungeonHunter2.so,0x0056ec90,glitch::io::CMemoryReadFile::getFullPath() const,port/engine-resources/resources.cpp; port/engine-resources/resources.hpp,full-path getter returns the original stored/derived path.,pseudocode/0056/0056ec90.c; assembly-functions.asm @ 0x0056ec90; xrefs.jsonl @ 0x0056ec90,implemented,IDA 0x56ec90 returns the same stored filename pointer; resources.cpp:59 returns filename as full_path().,not_run,not_run: no integrated Act 1 acceptance evidence reviewed.,P1,unassigned
DS-0011,Shared game data,Resource readers,libDungeonHunter2.so,0x0056ecc4,"glitch::io::CMemoryReadFile::read(void*, unsigned int)",port/engine-resources/resources.cpp; port/engine-resources/resources.hpp,sequential reads return exact bytes read at EOF and update cursor identically.,pseudocode/0056/0056ecc4.c; assembly-functions.asm @ 0x0056ecc4; xrefs.jsonl @ 0x0056ecc4,partial,"IDA 0x56ecc4 copies min(requested, length-cursor), advances cursor by copied count, returns count. resources.cpp:28-38 matches ordinary valid reads but adds null/bounds checks at 34-35 and signed-width conversion at 29; edge/invalid input behavior intentionally diverges.",not_run,not_run: no integrated Act 1 acceptance evidence reviewed.,P1,unassigned
DS-0012,Shared game data,Resource readers,libDungeonHunter2.so,0x006b44e8,"glitch::io::CLimitReadFile::read(void*, unsigned int)",port/engine-resources/resources.cpp; port/engine-resources/resources.hpp,bounded reader clamps read to its logical window and advances its own cursor.,pseudocode/006b/006b44e8.c; assembly-functions.asm @ 0x006b44e8; xrefs.jsonl @ 0x006b44e8,implemented,"IDA 0x6b44e8 syncs underlying cursor to wrapper cursor, clamps to end, delegates read, advances by actual returned bytes; resources.cpp:67-75 mirrors those steps.",not_run,not_run: no integrated Act 1 acceptance evidence reviewed.,P1,unassigned
DS-0013,Shared game data,Resource readers,libDungeonHunter2.so,0x006b4580,"glitch::io::CLimitReadFile::readAsync(void*, unsigned int, callback, void*)",port/engine-resources/resources.cpp; port/engine-resources/resources.hpp,bounded async read translates logical offset and callback arguments consistently.,pseudocode/006b/006b4580.c; assembly-functions.asm @ 0x006b4580; xrefs.jsonl @ 0x006b4580,implemented,"IDA 0x6b4580 obtains wrapper getPos then tail-calls positional async; resources.cpp:77-78 forwards position() into read_async_at(), which applies start offset/clamp at 80-90.",not_run,not_run: no integrated Act 1 acceptance evidence reviewed.,P1,unassigned
DS-0014,Shared game data,Resource readers,libDungeonHunter2.so,0x006b45d0,"glitch::io::CLimitReadFile::readAsync(void*, unsigned int, long, callback, void*)",port/engine-resources/resources.cpp; port/engine-resources/resources.hpp,bounded positional async read cannot escape the window; compare reject/clamp policy.,pseudocode/006b/006b45d0.c; assembly-functions.asm @ 0x006b45d0; xrefs.jsonl @ 0x006b45d0,implemented,"IDA 0x6b45d0 sets cursor=start+offset, returns false if cursor>=end, clamps request and delegates; resources.cpp:80-90 mirrors cursor update, bound, delegated call, and requested-count advancement.",not_run,not_run: no integrated Act 1 acceptance evidence reviewed.,P1,unassigned
DS-0015,Shared game data,Resource readers,libDungeonHunter2.so,0x006b4644,"glitch::io::CLimitReadFile::seek(long, bool)",port/engine-resources/resources.cpp; port/engine-resources/resources.hpp,relative/absolute seeks are relative to logical start and enforce original bounds.,pseudocode/006b/006b4644.c; assembly-functions.asm @ 0x006b4644; xrefs.jsonl @ 0x006b4644,implemented,IDA 0x6b4644 computes translated underlying seek and clamps relative seeks at end; resources.cpp:92-103 follows equivalent arithmetic and bound handling.,not_run,not_run: no integrated Act 1 acceptance evidence reviewed.,P1,unassigned
DS-0016,Shared game data,Resource readers,libDungeonHunter2.so,0x006b46d0,glitch::io::CLimitReadFile::getSize() const,port/engine-resources/resources.cpp; port/engine-resources/resources.hpp,"reported size equals logical window length, not underlying file size.",pseudocode/006b/006b46d0.c; assembly-functions.asm @ 0x006b46d0; xrefs.jsonl @ 0x006b46d0,implemented,IDA 0x6b46d0 returns stored logical length; resources.cpp:105 returns length.,not_run,not_run: no integrated Act 1 acceptance evidence reviewed.,P1,unassigned
DS-0017,Shared game data,Resource readers,libDungeonHunter2.so,0x006b46d8,glitch::io::CLimitReadFile::getPos() const,port/engine-resources/resources.cpp; port/engine-resources/resources.hpp,reported position uses original logical-vs-underlying coordinate convention.,pseudocode/006b/006b46d8.c; assembly-functions.asm @ 0x006b46d8; xrefs.jsonl @ 0x006b46d8,implemented,"IDA 0x6b46d8 returns cursor-start; resources.cpp:106 computes sub(cursor,start).",not_run,not_run: no integrated Act 1 acceptance evidence reviewed.,P1,unassigned
DS-0018,Shared game data,Resource readers,libDungeonHunter2.so,0x006b46e8,glitch::io::CLimitReadFile::getFileName() const,port/engine-resources/resources.cpp; port/engine-resources/resources.hpp,bounded wrapper filename propagation matches constructor inputs.,pseudocode/006b/006b46e8.c; assembly-functions.asm @ 0x006b46e8; xrefs.jsonl @ 0x006b46e8,implemented,IDA 0x6b46e8 returns stored filename field; resources.cpp:107 returns filename.,not_run,not_run: no integrated Act 1 acceptance evidence reviewed.,P1,unassigned
DS-0019,Shared game data,Resource readers,libDungeonHunter2.so,0x006b46f0,glitch::io::CLimitReadFile::getFullPath() const,port/engine-resources/resources.cpp; port/engine-resources/resources.hpp,bounded wrapper full-path propagation matches original.,pseudocode/006b/006b46f0.c; assembly-functions.asm @ 0x006b46f0; xrefs.jsonl @ 0x006b46f0,implemented,IDA 0x6b46f0 returns stored full-path field; resources.cpp:108 returns fullpath.,not_run,not_run: no integrated Act 1 acceptance evidence reviewed.,P1,unassigned
DS-0020,Shared game data,Resource readers,libDungeonHunter2.so,0x0069a40c,glitch::res::File::Init(),port/engine-resources/resources.cpp; port/engine-resources/resources.hpp,resource-file initialization establishes ownership/registration fields and failure defaults.,pseudocode/0069/0069a40c.c; assembly-functions.asm @ 0x0069a40c; xrefs.jsonl @ 0x0069a40c,partial,"IDA 0x69a40c performs BRES validation, external-resource bookkeeping, pointer relocation, and fixup processing. resources.cpp:159-220 offers a bounded immutable BRES parser and fixup-pair enumeration, but does not implement File::Init relocation/ownership/registration side effects; these helpers are not equivalent to the full resource-file initializer.",not_run,not_run: no integrated Act 1 acceptance evidence reviewed.,P1,unassigned
DS-0021,Shared game data,Archive/resource lookup,libDungeonHunter2.so,0x34ff28,FileSystemWin32::openResource(char const*),port/asset-payloads/zip_asset_pack_v1.cpp; port/asset-payloads/zip_asset_pack_v1.hpp; port/engine-resources/resources.cpp; port/engine-resources/resources.hpp; port/android-native/app/src/main/cpp/original_cache_assets_v1.hpp; port/level-loader/canonical_cached_file_v1.cpp; port/level-loader/canonical_module_files_v1.cpp; port/android-native/app/src/main/cpp/model_renderer.cpp,resource URI resolution/canonicalization and missing-resource result match the original caller-facing contract.,pseudocode/0034/0034ff28.c; assembly-functions.asm @ 0x34ff28; xrefs.jsonl @ 0x34ff28,partial,IDA 0x34ff28 tries _createHandle against one filesystem root then falls back to a second. zip_asset_pack_v1.cpp:48-105 mounts/indexes one ZIP prefix and :107-162 reads an indexed payload; no two-root CFS handle/fallback or caller-facing handle lifecycle is present in the cited adapter set.,not_run,not_run: no integrated Act 1 acceptance evidence reviewed.,P1,unassigned
DS-0022,Shared game data,Archive/resource lookup,libDungeonHunter2.so,0x34dfe0,FileSystemBase::doesResourceExists(char const*),port/asset-payloads/zip_asset_pack_v1.cpp; port/asset-payloads/zip_asset_pack_v1.hpp; port/engine-resources/resources.cpp; port/engine-resources/resources.hpp; port/android-native/app/src/main/cpp/original_cache_assets_v1.hpp; port/level-loader/canonical_cached_file_v1.cpp; port/level-loader/canonical_module_files_v1.cpp; port/android-native/app/src/main/cpp/model_renderer.cpp,resource-exists lookup uses the same path normalization and resource namespace.,pseudocode/0034/0034dfe0.c; assembly-functions.asm @ 0x34dfe0; xrefs.jsonl @ 0x34dfe0,partial,"IDA 0x34dfe0 calls openResource then closes the temporary handle and reports found. zip_asset_pack_v1.cpp:167-176 offers an index lookup, but the cited port path does not call the original open/close service or match its mounted namespace selection.",not_run,not_run: no integrated Act 1 acceptance evidence reviewed.,P1,unassigned
DS-0023,Shared game data,Archive/resource lookup,libDungeonHunter2.so,0x34e1ac,FileSystemBase::formatFilePath(std::string const&) const,port/asset-payloads/zip_asset_pack_v1.cpp; port/asset-payloads/zip_asset_pack_v1.hpp; port/engine-resources/resources.cpp; port/engine-resources/resources.hpp; port/android-native/app/src/main/cpp/original_cache_assets_v1.hpp; port/level-loader/canonical_cached_file_v1.cpp; port/level-loader/canonical_module_files_v1.cpp; port/android-native/app/src/main/cpp/model_renderer.cpp,"Verify FileSystemBase::formatFilePath copies the input string range into a distinct result; do not require separator, prefix, or case rewrites from this function alone.",pseudocode/0034/0034e1ac.c; assembly-functions.asm @ 0x34e1ac; xrefs.jsonl @ 0x34e1ac,partial,"IDA 0x34e1ac copies the supplied string range into a new string (no separator/prefix/case rewriting in this function body). ZipAssetPackV1::key at :40-46 normalizes backslashes, strips leading ./, rejects unsafe paths, and lowercases; therefore the check's claimed separator/prefix/case rewrite order is inaccurate.",not_run,not_run: no integrated Act 1 acceptance evidence reviewed.,P1,unassigned
DS-0024,Shared game data,Archive/resource lookup,libDungeonHunter2.so,0x34e96c,FileSystemBase::ApplyFilenameHacks(char const*) const,port/asset-payloads/zip_asset_pack_v1.cpp; port/asset-payloads/zip_asset_pack_v1.hpp; port/engine-resources/resources.cpp; port/engine-resources/resources.hpp; port/android-native/app/src/main/cpp/original_cache_assets_v1.hpp; port/level-loader/canonical_cached_file_v1.cpp; port/level-loader/canonical_module_files_v1.cpp; port/android-native/app/src/main/cpp/model_renderer.cpp,filename-specific compatibility rewrites are enumerated and applied only at the original stage.,pseudocode/0034/0034e96c.c; assembly-functions.asm @ 0x34e96c; xrefs.jsonl @ 0x34e96c,missing,"IDA 0x34e96c performs resource-root-relative extraction, optional .tga rewrite to ata/3d/textures/<basename>, lowercasing, and root-prefix reattachment. Scoped search of the cited path adapters found no equivalent per-filename compatibility rewrite; zip_asset_pack_v1.cpp:40-46 only normalizes URI separators/leading ./ and lowercases.",not_run,not_run: no integrated Act 1 acceptance evidence reviewed.,P1,unassigned
DS-0025,Shared game data,Archive/resource lookup,libDungeonHunter2.so,0x34e0fc,"FileSystemBase::decodeObfuscatedData(int, void*, int, void*)",port/asset-payloads/zip_asset_pack_v1.cpp; port/asset-payloads/zip_asset_pack_v1.hpp; port/engine-resources/resources.cpp; port/engine-resources/resources.hpp; port/android-native/app/src/main/cpp/original_cache_assets_v1.hpp; port/level-loader/canonical_cached_file_v1.cpp; port/level-loader/canonical_module_files_v1.cpp; port/android-native/app/src/main/cpp/model_renderer.cpp,obfuscation decode key/length/byte transform and zero-length behavior match.,pseudocode/0034/0034e0fc.c; assembly-functions.asm @ 0x34e0fc; xrefs.jsonl @ 0x34e0fc,missing,IDA 0x34e0fc caps the requested transform at 4-key boundary and adds a descending byte key (~index) to each byte. Scoped search of cited asset/resource adapters finds no decodeObfuscatedData-equivalent byte transform; key() at zip_asset_pack_v1.cpp:40-46 is path normalization only.,not_run,not_run: no integrated Act 1 acceptance evidence reviewed.,P1,unassigned
DS-0026,Shared game data,Archive/resource lookup,libDungeonHunter2.so,0x0056ebac,"glitch::io::CMemoryReadFile::readAsync(void*, unsigned int, callback, void*)",port/asset-payloads/zip_asset_pack_v1.cpp; port/asset-payloads/zip_asset_pack_v1.hpp; port/engine-resources/resources.cpp; port/engine-resources/resources.hpp; port/android-native/app/src/main/cpp/original_cache_assets_v1.hpp; port/level-loader/canonical_cached_file_v1.cpp; port/level-loader/canonical_module_files_v1.cpp; port/android-native/app/src/main/cpp/model_renderer.cpp,resource payload async adapter preserves original completion success/error convention.,pseudocode/0056/0056ebac.c; assembly-functions.asm @ 0x0056ebac; xrefs.jsonl @ 0x0056ebac,partial,"IDA 0x56ebac synchronously performs read then callback(bytes, bytes==0, file, user), returns success. The cited resource interface defines async callbacks (resources.hpp:9-20), and MemoryReader implements this at resources.cpp:46-49, but the resource payload path (zip_asset_pack_v1.cpp:107-162) returns a vector synchronously and has no adapter delivering this callback contract.",not_run,not_run: no integrated Act 1 acceptance evidence reviewed.,P1,unassigned
DS-0027,Shared game data,Binary stream schema,libDungeonHunter2.so,0x313a90,StreamReader::readAs<unsigned int>(IStreamBase*),port/game-data/player_savegame_v1.cpp; port/game-data/quest_savegame_v1.cpp; port/game-data/data.cpp; port/game-data/data.hpp; port/level-loader/assigned_loadfile_kernel_v65.cpp; port/level-loader/canonical_module_files_v1.cpp,unsigned integer read consumes the original byte width and endianness.,pseudocode/0031/00313a90.c; assembly-functions.asm @ 0x313a90; xrefs.jsonl @ 0x313a90,partial,"IDA 0x313a90 reads exactly sizeof(unsigned int)=4 bytes through IStreamBase and returns the local value, with an assert on short read. Scoped search of cited source paths found no generic StreamReader::readAs<unsigned int>; player_savegame_v1.cpp:13-17,22-24 uses a local little-endian byte-span word reader instead.",not_run,not_run: no integrated Act 1 acceptance evidence reviewed.,P1,unassigned
DS-0028,Shared game data,Binary stream schema,libDungeonHunter2.so,0x313b48,IStreamBase::readAs<unsigned int>(unsigned int&),port/game-data/player_savegame_v1.cpp; port/game-data/quest_savegame_v1.cpp; port/game-data/data.cpp; port/game-data/data.hpp; port/level-loader/assigned_loadfile_kernel_v65.cpp; port/level-loader/canonical_module_files_v1.cpp,stream virtual read result/error propagation and destination initialization match.,pseudocode/0031/00313b48.c; assembly-functions.asm @ 0x313b48; xrefs.jsonl @ 0x313b48,partial,"IDA 0x313b48 delegates a 4-byte read into caller storage and returns byte count, asserting on a non-4 result. No matching generic IStreamBase::readAs<unsigned int&> implementation exists in cited sources; player_savegame_v1.cpp:13-17 is a checked local span decoder, not the virtual stream ABI.",not_run,not_run: no integrated Act 1 acceptance evidence reviewed.,P1,unassigned
DS-0029,Shared game data,Binary stream schema,libDungeonHunter2.so,0x3364ec,StreamReader::readAs<int>(IStreamBase*),port/game-data/player_savegame_v1.cpp; port/game-data/quest_savegame_v1.cpp; port/game-data/data.cpp; port/game-data/data.hpp; port/level-loader/assigned_loadfile_kernel_v65.cpp; port/level-loader/canonical_module_files_v1.cpp,signed integer reader preserves sign interpretation and byte order.,pseudocode/0033/003364ec.c; assembly-functions.asm @ 0x3364ec; xrefs.jsonl @ 0x3364ec,partial,"IDA 0x3364ec uses the generic typed readAs<int> template, returning signed int from the same 4 serialized bytes. No generic StreamReader template exists in cited files; player_savegame_v1.cpp:13-17 has signed_word conversion for its own save sections.",not_run,not_run: no integrated Act 1 acceptance evidence reviewed.,P1,unassigned
DS-0030,Shared game data,Binary stream schema,libDungeonHunter2.so,0x3365a4,StreamReader::readAs<unsigned char>(IStreamBase*),port/game-data/player_savegame_v1.cpp; port/game-data/quest_savegame_v1.cpp; port/game-data/data.cpp; port/game-data/data.hpp; port/level-loader/assigned_loadfile_kernel_v65.cpp; port/level-loader/canonical_module_files_v1.cpp,byte reader consumes exactly one serialized byte and zero-extends result.,pseudocode/0033/003365a4.c; assembly-functions.asm @ 0x3365a4; xrefs.jsonl @ 0x3365a4,partial,IDA 0x3365a4 reads one unsigned byte and zero-extends it. No generic byte StreamReader overload exists in cited files; player_savegame_v1.cpp:45-46 handles a byte only inside its specific spawn-point section.,not_run,not_run: no integrated Act 1 acceptance evidence reviewed.,P1,unassigned
DS-0031,Shared game data,Binary stream schema,libDungeonHunter2.so,0x33e040,IStreamBase::readAs<bool>(bool&),port/game-data/player_savegame_v1.cpp; port/game-data/quest_savegame_v1.cpp; port/game-data/data.cpp; port/game-data/data.hpp; port/level-loader/assigned_loadfile_kernel_v65.cpp; port/level-loader/canonical_module_files_v1.cpp,serialized boolean width and accepted nonzero representation match.,pseudocode/0033/0033e040.c; assembly-functions.asm @ 0x33e040; xrefs.jsonl @ 0x33e040,partial,IDA 0x33e040 reads sizeof(bool) bytes through virtual IStreamBase::readAs and asserts on short count. No generic bool overload exists in cited source paths; player_savegame_v1.cpp's bespoke byte readers do not establish the virtual overload contract.,not_run,not_run: no integrated Act 1 acceptance evidence reviewed.,P1,unassigned
DS-0032,Shared game data,Binary stream schema,libDungeonHunter2.so,0x38b758,IStreamBase::readAs<int>(int&),port/game-data/player_savegame_v1.cpp; port/game-data/quest_savegame_v1.cpp; port/game-data/data.cpp; port/game-data/data.hpp; port/level-loader/assigned_loadfile_kernel_v65.cpp; port/level-loader/canonical_module_files_v1.cpp,virtual signed integer overload dispatch and stream failure semantics match.,pseudocode/0038/0038b758.c; assembly-functions.asm @ 0x38b758; xrefs.jsonl @ 0x38b758,partial,IDA 0x38b758 is the virtual IStreamBase signed-int overload: requests 4 bytes into caller storage and asserts when count differs. No generic IStreamBase overload source is present; player_savegame_v1.cpp:13-17 decodes bounded save bytes directly.,not_run,not_run: no integrated Act 1 acceptance evidence reviewed.,P1,unassigned
DS-0033,Shared game data,Binary stream schema,libDungeonHunter2.so,0x39f638,IStreamBase::readAs<unsigned char>(unsigned char&),port/game-data/player_savegame_v1.cpp; port/game-data/quest_savegame_v1.cpp; port/game-data/data.cpp; port/game-data/data.hpp; port/level-loader/assigned_loadfile_kernel_v65.cpp; port/level-loader/canonical_module_files_v1.cpp,virtual byte overload preserves exact width and status behavior.,pseudocode/0039/0039f638.c; assembly-functions.asm @ 0x39f638; xrefs.jsonl @ 0x39f638,partial,IDA 0x39f638 is the virtual unsigned-byte overload and delegates one-byte read with status assertion. No generic virtual byte overload appears in cited sources; the player save parser's local byte reads are section-specific.,not_run,not_run: no integrated Act 1 acceptance evidence reviewed.,P1,unassigned
DS-0034,Shared game data,Binary stream schema,libDungeonHunter2.so,0x3a3970,IStreamBase::readAs<Structs::CharacterProperties>(Structs::CharacterProperties&),port/game-data/player_savegame_v1.cpp; port/game-data/quest_savegame_v1.cpp; port/game-data/data.cpp; port/game-data/data.hpp; port/level-loader/assigned_loadfile_kernel_v65.cpp; port/level-loader/canonical_module_files_v1.cpp,character property record field order/width is exactly the serialized 224-word schema.,pseudocode/003a/003a3970.c; assembly-functions.asm @ 0x3a3970; xrefs.jsonl @ 0x3a3970,partial,"IDA 0x3a3970 reads CharacterProperties as 224 sequential 32-bit words (896 bytes) through virtual IStreamBase. data.cpp:23-27 parses that 224-word shape from an offline table, not a stream overload; player_savegame_v1.cpp has no CharacterProperties stream dispatch.",not_run,not_run: no integrated Act 1 acceptance evidence reviewed.,P1,unassigned
DS-0035,Shared game data,Binary stream schema,libDungeonHunter2.so,0x3a3a20,IStreamBase::readAs<Point3D<float>>(Point3D<float>&),port/game-data/player_savegame_v1.cpp; port/game-data/quest_savegame_v1.cpp; port/game-data/data.cpp; port/game-data/data.hpp; port/level-loader/assigned_loadfile_kernel_v65.cpp; port/level-loader/canonical_module_files_v1.cpp,serialized vector component order and float widths match.,pseudocode/003a/003a3a20.c; assembly-functions.asm @ 0x3a3a20; xrefs.jsonl @ 0x3a3a20,partial,IDA 0x3a3a20 reads three float components via typed stream reads. No generic Point3D<float> IStreamBase overload exists in cited source files; listed Point3D use elsewhere does not implement this serialization entrypoint.,not_run,not_run: no integrated Act 1 acceptance evidence reviewed.,P1,unassigned
DS-0036,Shared game data,Binary stream schema,libDungeonHunter2.so,0x3df1a0,"StreamReader::readAs<unsigned int>(IStreamBase*, unsigned int*)",port/game-data/player_savegame_v1.cpp; port/game-data/quest_savegame_v1.cpp; port/game-data/data.cpp; port/game-data/data.hpp; port/level-loader/assigned_loadfile_kernel_v65.cpp; port/level-loader/canonical_module_files_v1.cpp,pointer-output overload has the same read count and output-on-error semantics.,pseudocode/003d/003df1a0.c; assembly-functions.asm @ 0x3df1a0; xrefs.jsonl @ 0x3df1a0,partial,IDA 0x3df1a0 is a pointer-output unsigned-int StreamReader template: requests four bytes and returns the destination pointer after typed read. Cited source files contain no such generic StreamReader overload; player_savegame_v1.cpp:13-17 has unrelated bounded byte-span parsing.,not_run,not_run: no integrated Act 1 acceptance evidence reviewed.,P1,unassigned
DS-0037,Shared game data,Binary stream schema,libDungeonHunter2.so,0x429c1c,StreamReader::readAs<bool>(IStreamBase*),port/game-data/player_savegame_v1.cpp; port/game-data/quest_savegame_v1.cpp; port/game-data/data.cpp; port/game-data/data.hpp; port/level-loader/assigned_loadfile_kernel_v65.cpp; port/level-loader/canonical_module_files_v1.cpp,typed bool conversion agrees with IStreamBase bool representation.,pseudocode/0042/00429c1c.c; assembly-functions.asm @ 0x429c1c; xrefs.jsonl @ 0x429c1c,partial,IDA 0x429c1c converts the virtual bool read representation to bool after a typed read. No generic StreamReader bool conversion exists in cited files; bool save/game fields are handled by purpose-specific code only.,not_run,not_run: no integrated Act 1 acceptance evidence reviewed.,P1,unassigned
DS-0038,Shared game data,Binary stream schema,libDungeonHunter2.so,0x317454,"StreamReader::readStringEx(IStreamBase*, char*, unsigned long long)",port/game-data/player_savegame_v1.cpp; port/game-data/quest_savegame_v1.cpp; port/game-data/data.cpp; port/game-data/data.hpp; port/level-loader/assigned_loadfile_kernel_v65.cpp; port/level-loader/canonical_module_files_v1.cpp,"bounded narrow-string read length, terminator, truncation, and failure behavior match.",pseudocode/0031/00317454.c; assembly-functions.asm @ 0x317454; xrefs.jsonl @ 0x317454,partial,"IDA 0x317454's pseudocode forwards to the stream-reader member and checks output pointer/length result; no readStringEx implementation exists in cited files. player_savegame_v1.cpp:18-20 parses one specific length-prefixed save string, not bounded generic StreamReader semantics.",not_run,not_run: no integrated Act 1 acceptance evidence reviewed.,P1,unassigned
DS-0039,Shared game data,Binary stream schema,libDungeonHunter2.so,0x317734,"StreamReader::readString(IStreamBase*, char*, unsigned long long)",port/game-data/player_savegame_v1.cpp; port/game-data/quest_savegame_v1.cpp; port/game-data/data.cpp; port/game-data/data.hpp; port/level-loader/assigned_loadfile_kernel_v65.cpp; port/level-loader/canonical_module_files_v1.cpp,narrow-string length prefix/encoding and output capacity behavior match.,pseudocode/0031/00317734.c; assembly-functions.asm @ 0x317734; xrefs.jsonl @ 0x317734,partial,"IDA 0x317734 reads a 32-bit length and then that many bytes into bounded output, per function/call evidence. No generic narrow readString implementation exists in cited source paths; player_savegame_v1.cpp:18-20 handles only its own player string section.",not_run,not_run: no integrated Act 1 acceptance evidence reviewed.,P1,unassigned
DS-0040,Shared game data,Binary stream schema,libDungeonHunter2.so,0x31763c,"StreamReader::readString(IStreamBase*, wchar_t*, unsigned long long)",port/game-data/player_savegame_v1.cpp; port/game-data/quest_savegame_v1.cpp; port/game-data/data.cpp; port/game-data/data.hpp; port/level-loader/assigned_loadfile_kernel_v65.cpp; port/level-loader/canonical_module_files_v1.cpp,"wide-string length units, encoding, and terminator behavior match.",pseudocode/0031/0031763c.c; assembly-functions.asm @ 0x31763c; xrefs.jsonl @ 0x31763c,partial,IDA 0x31763c is the wide-character readString overload (length and wchar_t units). No corresponding wide-string stream reader exists in cited source paths; the player-save parser uses narrow std::string only (player_savegame_v1.cpp:18-20).,not_run,not_run: no integrated Act 1 acceptance evidence reviewed.,P1,unassigned
DS-0041,Shared game data,Binary stream schema,libDungeonHunter2.so,0x317490,"StreamReader::writeString(IStreamBase*, char const*, unsigned long long)",port/game-data/player_savegame_v1.cpp; port/game-data/quest_savegame_v1.cpp; port/game-data/data.cpp; port/game-data/data.hpp; port/level-loader/assigned_loadfile_kernel_v65.cpp; port/level-loader/canonical_module_files_v1.cpp,narrow-string write length prefix and bytes round-trip through original reader.,pseudocode/0031/00317490.c; assembly-functions.asm @ 0x317490; xrefs.jsonl @ 0x317490,partial,IDA 0x317490 writes the narrow-string serialized framing/payload through IStreamBase. No generic writeString implementation exists in cited source paths; player_savegame_v1.cpp contains read-only section decoders.,not_run,not_run: no integrated Act 1 acceptance evidence reviewed.,P1,unassigned
DS-0042,Shared game data,Binary stream schema,libDungeonHunter2.so,0x317548,"StreamReader::writeString(IStreamBase*, wchar_t const*, unsigned long long)",port/game-data/player_savegame_v1.cpp; port/game-data/quest_savegame_v1.cpp; port/game-data/data.cpp; port/game-data/data.hpp; port/level-loader/assigned_loadfile_kernel_v65.cpp; port/level-loader/canonical_module_files_v1.cpp,wide-string write unit count/encoding aligns with original readString.,pseudocode/0031/00317548.c; assembly-functions.asm @ 0x317548; xrefs.jsonl @ 0x317548,partial,IDA 0x317548 writes wide-string data with its serialized length/encoding convention. No generic wide writeString implementation exists in cited source paths; the supplied player save implementation is read-only (player_savegame_v1.cpp:18-20).,not_run,not_run: no integrated Act 1 acceptance evidence reviewed.,P1,unassigned
DS-0043,Shared game data,Binary stream schema,libDungeonHunter2.so,0x317604,"StreamReader::writeStringEx(IStreamBase*, char const*, unsigned long long)",port/game-data/player_savegame_v1.cpp; port/game-data/quest_savegame_v1.cpp; port/game-data/data.cpp; port/game-data/data.hpp; port/level-loader/assigned_loadfile_kernel_v65.cpp; port/level-loader/canonical_module_files_v1.cpp,extended narrow-string writer bounds and writes exactly the original serialized framing.,pseudocode/0031/00317604.c; assembly-functions.asm @ 0x317604; xrefs.jsonl @ 0x317604,partial,IDA 0x317604 writes bounded narrow extended-string framing/payload. No matching generic writeStringEx exists in cited source paths; the cited savegame parsers only decode specific read sections.,not_run,not_run: no integrated Act 1 acceptance evidence reviewed.,P1,unassigned
DS-0044,Shared game data,Binary stream schema,libDungeonHunter2.so,0x461da8,IStreamBase::readAs(std::string&),port/game-data/player_savegame_v1.cpp; port/game-data/quest_savegame_v1.cpp; port/game-data/data.cpp; port/game-data/data.hpp; port/level-loader/assigned_loadfile_kernel_v65.cpp; port/level-loader/canonical_module_files_v1.cpp,"string extraction framing, allocation length, and failed-read output state match.",pseudocode/0046/00461da8.c; assembly-functions.asm @ 0x461da8; xrefs.jsonl @ 0x461da8,partial,"IDA 0x461da8 reads signed length, resizes std::string to len-1 when positive (otherwise clears), then reads len bytes. No generic IStreamBase::readAs(std::string&) exists in cited source paths; player_savegame_v1.cpp:18-20 decodes one bespoke narrow string format.",not_run,not_run: no integrated Act 1 acceptance evidence reviewed.,P1,unassigned
DS-0045,Shared game data,Binary stream schema,libDungeonHunter2.so,0x461668,IStreamBase::writeAs(std::string const&),port/game-data/player_savegame_v1.cpp; port/game-data/quest_savegame_v1.cpp; port/game-data/data.cpp; port/game-data/data.hpp; port/level-loader/assigned_loadfile_kernel_v65.cpp; port/level-loader/canonical_module_files_v1.cpp,string output framing and length units match corresponding original reader.,pseudocode/0046/00461668.c; assembly-functions.asm @ 0x461668; xrefs.jsonl @ 0x461668,implemented,"IDA pseudocode/0046/00461668.c: writes signed int length = string size + 1, then writes bytes including terminator. Port SavegameStreamV2::write_string writes size+1 as u32 then c_str bytes including NUL (port/level-world/savegame_stream_v2.cpp:13). This is generic save-stream coverage; runtime not assessed.",not_run,not_run: no integrated Act 1 acceptance evidence reviewed.,P1,unassigned
DS-0046,Shared game data,Binary stream schema,libDungeonHunter2.so,0x461828,IStreamBase::readAs<unsigned long long>(unsigned long long&),port/game-data/player_savegame_v1.cpp; port/game-data/quest_savegame_v1.cpp; port/game-data/data.cpp; port/game-data/data.hpp; port/level-loader/assigned_loadfile_kernel_v65.cpp; port/level-loader/canonical_module_files_v1.cpp,64-bit serialized scalar width/endianness match; target ABI width is not substituted.,pseudocode/0046/00461828.c; assembly-functions.asm @ 0x461828; xrefs.jsonl @ 0x461828,implemented,IDA pseudocode/0046/00461828.c: virtual read requests exactly 8 bytes. Port SavegameStreamV2::read_u64 reads 8 bytes and assembles little-endian value (port/level-world/savegame_stream_v2.cpp:9).,not_run,not_run: no integrated Act 1 acceptance evidence reviewed.,P1,unassigned
DS-0047,Shared game data,Binary stream schema,libDungeonHunter2.so,0x469070,IStreamBase::readAs<unsigned short>(unsigned short&),port/game-data/player_savegame_v1.cpp; port/game-data/quest_savegame_v1.cpp; port/game-data/data.cpp; port/game-data/data.hpp; port/level-loader/assigned_loadfile_kernel_v65.cpp; port/level-loader/canonical_module_files_v1.cpp,16-bit scalar consumes exactly two bytes with original extension rules.,pseudocode/0046/00469070.c; assembly-functions.asm @ 0x469070; xrefs.jsonl @ 0x469070,missing,"IDA pseudocode/0046/00469070.c: virtual read requests exactly sizeof(unsigned short)=2 bytes. Scoped search of port/game-data, port/level-world and port/engine-resources finds no generic u16 stream reader; current generic SavegameStreamV2 exposes read_u32/read_u64/read_string only (port/level-world/savegame_stream_v2.cpp:8-13). Per-table raw-byte decoding is not a shared scalar reader.",not_run,not_run: no integrated Act 1 acceptance evidence reviewed.,P1,unassigned
DS-0048,Shared game data,Binary stream schema,libDungeonHunter2.so,0x469120,IStreamBase::readAs<signed char>(signed char&),port/game-data/player_savegame_v1.cpp; port/game-data/quest_savegame_v1.cpp; port/game-data/data.cpp; port/game-data/data.hpp; port/level-loader/assigned_loadfile_kernel_v65.cpp; port/level-loader/canonical_module_files_v1.cpp,signed byte sign-extension and one-byte consumption match.,pseudocode/0046/00469120.c; assembly-functions.asm @ 0x469120; xrefs.jsonl @ 0x469120,missing,"IDA pseudocode/0046/00469120.c: virtual read requests exactly sizeof(signed char)=1 byte. Scoped search of port/game-data, port/level-world and port/engine-resources finds no generic signed-byte stream reader; SavegameStreamV2 has no read_i8 (port/level-world/savegame_stream_v2.cpp:8-13).",not_run,not_run: no integrated Act 1 acceptance evidence reviewed.,P1,unassigned
DS-0049,Shared game data,Binary stream schema,libDungeonHunter2.so,0x37fbe8,IStreamBase::readAs<std::bitset<128u>>(std::bitset<128u>&),port/game-data/player_savegame_v1.cpp; port/game-data/quest_savegame_v1.cpp; port/game-data/data.cpp; port/game-data/data.hpp; port/level-loader/assigned_loadfile_kernel_v65.cpp; port/level-loader/canonical_module_files_v1.cpp,128-bit bitset wire order and packed/unpacked representation match.,pseudocode/0037/0037fbe8.c; assembly-functions.asm @ 0x37fbe8; xrefs.jsonl @ 0x37fbe8,missing,"IDA pseudocode/0037/0037fbe8.c: virtual read requests 16 bytes directly into bitset<128>. Scoped search of port/game-data, port/level-world and port/engine-resources finds no generic 128-bit bitset reader or bit-order conversion.",not_run,not_run: no integrated Act 1 acceptance evidence reviewed.,P1,unassigned
DS-0050,Shared game data,Table/schema lookup,libDungeonHunter2.so,0x4b86f0,Arrays::ModelDict::read(IStreamBase*),port/game-data/data.cpp; port/game-data/data.hpp; port/game-data/class_tables.cpp; port/game-data/level_tables.cpp; port/level-loader/assigned_loadfile_kernel_v65.cpp; port/level-loader/canonical_module_files_v1.cpp,"ModelDict count, length-prefixed model paths, ordering, and stream exhaustion match.",pseudocode/004b/004b86f0.c; assembly-functions.asm @ 0x4b86f0; xrefs.jsonl @ 0x4b86f0,missing,"IDA pseudocode/004b/004b86f0.c: reads a count, allocates ModelDict rows, dispatches each row reader. No ModelDict decoder/owner is present in port/game-data (source file inventory and scoped search for ModelDict), which has only unrelated character/item/skill/loot/level table readers.",not_run,not_run: no integrated Act 1 acceptance evidence reviewed.,P1,unassigned
DS-0051,Shared game data,Table/schema lookup,libDungeonHunter2.so,0x4b1ac0,Arrays::ModelDict::readNames(IStreamBase*),port/game-data/data.cpp; port/game-data/data.hpp; port/game-data/class_tables.cpp; port/game-data/level_tables.cpp; port/level-loader/assigned_loadfile_kernel_v65.cpp; port/level-loader/canonical_module_files_v1.cpp,model-name table count/string mapping and name-to-index lookup semantics match.,pseudocode/004b/004b1ac0.c; assembly-functions.asm @ 0x4b1ac0; xrefs.jsonl @ 0x4b1ac0,missing,"IDA pseudocode/004b/004b1ac0.c: reads a names count, requires it equal ModelDict size, then reads length-prefixed strings into memberNames. No ModelDict names loader or name-to-index API exists in port/game-data (scoped ModelDict search).",not_run,not_run: no integrated Act 1 acceptance evidence reviewed.,P1,unassigned
DS-0052,Shared game data,Table/schema lookup,libDungeonHunter2.so,0x4b4340,Arrays::CharacterTable::read(IStreamBase*),port/game-data/data.cpp; port/game-data/data.hpp; port/game-data/class_tables.cpp; port/game-data/level_tables.cpp; port/level-loader/assigned_loadfile_kernel_v65.cpp; port/level-loader/canonical_module_files_v1.cpp,"CharacterTable record count, 224 signed fields per row, trailing subclass data, and consumed length match.",pseudocode/004b/004b4340.c; assembly-functions.asm @ 0x4b4340; xrefs.jsonl @ 0x4b4340,partial,IDA pseudocode/004b/004b4340.c allocates 225 words per CharacterTable row (vtable plus 224 fields) and invokes row readers; the row readers include further subclass sections. Port load_characters reads exactly 224 little-endian signed 32-bit values per row and tracks consumed bytes (port/game-data/data.cpp:23-29); data.hpp explicitly says only the leading CharacterTable section is decoded and subclass sections are not interpreted (data.hpp:14-16).,not_run,not_run: no integrated Act 1 acceptance evidence reviewed.,P1,unassigned
DS-0053,Shared game data,Table/schema lookup,libDungeonHunter2.so,0x4f2750,Structs::CharacterProperties::read(IStreamBase*),port/game-data/data.cpp; port/game-data/data.hpp; port/game-data/class_tables.cpp; port/game-data/level_tables.cpp; port/level-loader/assigned_loadfile_kernel_v65.cpp; port/level-loader/canonical_module_files_v1.cpp,all serialized property fields preserve signed 32-bit order and no ABI padding enters wire format.,pseudocode/004f/004f2750.c; assembly-functions.asm @ 0x4f2750; xrefs.jsonl @ 0x4f2750,implemented,"IDA pseudocode/004f/004f2750.c performs 224 ordered int reads at four-byte offsets after the object prefix. Port row type is array<int32_t,224> and load_characters consumes each field as one u32 then bit-copies to signed int32 (port/game-data/data.hpp:10-13; data.cpp:26-28); no native struct padding is serialized.",not_run,not_run: no integrated Act 1 acceptance evidence reviewed.,P1,unassigned
DS-0054,Shared game data,Table/schema lookup,libDungeonHunter2.so,0x4ac5c0,Arrays::GetMemberIDByString<Arrays::StrID_Languages>(char const*),port/game-data/data.cpp; port/game-data/data.hpp; port/game-data/class_tables.cpp; port/game-data/level_tables.cpp; port/level-loader/assigned_loadfile_kernel_v65.cpp; port/level-loader/canonical_module_files_v1.cpp,language identifier names map to original stable indices; unknown-name sentinel matches.,pseudocode/004a/004ac5c0.c; assembly-functions.asm @ 0x4ac5c0; xrefs.jsonl @ 0x4ac5c0,missing,"IDA pseudocode/004a/004ac5c0.c scans the registered StrID_Languages names with strcmp, returning row index or -1. Scoped source search finds no language-name table or StrID_Languages lookup in port/game-data; generic GameDesignTables can search explicitly registered name arrays but no language registration/binding is present (game_design_tables.cpp:8-20).",not_run,not_run: no integrated Act 1 acceptance evidence reviewed.,P1,unassigned
DS-0055,Shared game data,Table/schema lookup,libDungeonHunter2.so,0x4ac634,Structs::GetMemberIDByString<Structs::LangSheetList>(char const*),port/game-data/data.cpp; port/game-data/data.hpp; port/game-data/class_tables.cpp; port/game-data/level_tables.cpp; port/level-loader/assigned_loadfile_kernel_v65.cpp; port/level-loader/canonical_module_files_v1.cpp,"Language-sheet member lookup compares its single registered name, returning 0 on equality and -1 otherwise.",pseudocode/004a/004ac634.c; assembly-functions.asm @ 0x4ac634; xrefs.jsonl @ 0x4ac634,missing,"IDA pseudocode/004a/004ac634.c compares one LangSheetList name; equal returns 0, unequal returns -1 (not a multi-entry stable-index lookup). No LangSheetList registration or matching lookup exists in port/game-data; only generic caller-supplied name registries exist (game_design_tables.cpp:8-20).",not_run,not_run: no integrated Act 1 acceptance evidence reviewed.,P1,unassigned
DS-0056,Shared game data,Table/schema lookup,libDungeonHunter2.so,0x4ac7c0,Arrays::GetMemberIDByString<Arrays::ModelDict>(char const*),port/game-data/data.cpp; port/game-data/data.hpp; port/game-data/class_tables.cpp; port/game-data/level_tables.cpp; port/level-loader/assigned_loadfile_kernel_v65.cpp; port/level-loader/canonical_module_files_v1.cpp,model dictionary name lookup returns exact row index or original missing sentinel.,pseudocode/004a/004ac7c0.c; assembly-functions.asm @ 0x4ac7c0; xrefs.jsonl @ 0x4ac7c0,missing,IDA pseudocode/004a/004ac7c0.c scans ModelDict names and returns index or -1. No ModelDict names storage/lookup implementation exists in port/game-data (scoped search).,not_run,not_run: no integrated Act 1 acceptance evidence reviewed.,P1,unassigned
DS-0057,Shared game data,Table/schema lookup,libDungeonHunter2.so,0x3fa188,Arrays::GetMemberIDByString<Arrays::CharacterTable>(char const*),port/game-data/data.cpp; port/game-data/data.hpp; port/game-data/class_tables.cpp; port/game-data/level_tables.cpp; port/level-loader/assigned_loadfile_kernel_v65.cpp; port/level-loader/canonical_module_files_v1.cpp,character row name lookup returns exact index and unknown-name behavior.,pseudocode/003f/003fa188.c; assembly-functions.asm @ 0x3fa188; xrefs.jsonl @ 0x3fa188,implemented,"IDA pseudocode/003f/003fa188.c performs ordered strcmp over CharacterTable memberNames, returning exact index or -1. Port load_characters preserves row names in order (data.cpp:25-29), and property() searches exact name/field and returns the matching row/column address or nullptr (data.cpp:38-41). This covers valid table identifiers; API miss sentinel is adapted to nullptr.",not_run,not_run: no integrated Act 1 acceptance evidence reviewed.,P1,unassigned
DS-0058,Shared game data,Table/schema lookup,libDungeonHunter2.so,0x39c2c8,Arrays::GetMemberIDByString<Arrays::LevelList>(char const*),port/game-data/data.cpp; port/game-data/data.hpp; port/game-data/class_tables.cpp; port/game-data/level_tables.cpp; port/level-loader/assigned_loadfile_kernel_v65.cpp; port/level-loader/canonical_module_files_v1.cpp,level list key lookup preserves original name comparison and missing index.,pseudocode/0039/0039c2c8.c; assembly-functions.asm @ 0x39c2c8; xrefs.jsonl @ 0x39c2c8,partial,"IDA pseudocode/0039/0039c2c8.c scans LevelList names with strcmp and returns index/-1. Port load_levels retains ordered travel_names/level_names and validates dimensions/schema (port/game-data/level_tables.cpp:57-61,70-76), but exposes no LevelList name-to-index API in level_tables.hpp (22 lines) or corresponding port/game-data source.",not_run,not_run: no integrated Act 1 acceptance evidence reviewed.,P1,unassigned
DS-0059,Shared game data,Table/schema lookup,libDungeonHunter2.so,0x4ad0dc,Arrays::GetMemberIDByString<Arrays::SkillTable>(char const*),port/game-data/data.cpp; port/game-data/data.hpp; port/game-data/class_tables.cpp; port/game-data/level_tables.cpp; port/level-loader/assigned_loadfile_kernel_v65.cpp; port/level-loader/canonical_module_files_v1.cpp,skill-table key lookup maps the correct stable array ID.,pseudocode/004a/004ad0dc.c; assembly-functions.asm @ 0x4ad0dc; xrefs.jsonl @ 0x4ad0dc,implemented,"IDA pseudocode/004a/004ad0dc.c performs ordered strcmp over SkillTable names, returning row index or -1. Port SkillTables retains ordered skill_names and Borrow::skill_index uses exact strcmp with -1 on miss (port/game-data/skill_tables.cpp:45-46,60-61; find helper at 23-24).",not_run,not_run: no integrated Act 1 acceptance evidence reviewed.,P1,unassigned
DS-0060,Shared game data,Table/schema lookup,libDungeonHunter2.so,0x4ad5f8,Arrays::GetMemberIDByString<Arrays::ItemTable>(char const*),port/game-data/data.cpp; port/game-data/data.hpp; port/game-data/class_tables.cpp; port/game-data/level_tables.cpp; port/level-loader/assigned_loadfile_kernel_v65.cpp; port/level-loader/canonical_module_files_v1.cpp,item-table key lookup maps the correct stable array ID.,pseudocode/004a/004ad5f8.c; assembly-functions.asm @ 0x4ad5f8; xrefs.jsonl @ 0x4ad5f8,implemented,"IDA pseudocode/004a/004ad5f8.c performs ordered strcmp over ItemTable names, returning row index or -1. Port item_id searches ordered identifiers with strcmp and returns the corresponding row or -1 (port/game-data/items.cpp:49-68,72-74).",not_run,not_run: no integrated Act 1 acceptance evidence reviewed.,P1,unassigned
DS-0061,Shared game data,Table/schema lookup,libDungeonHunter2.so,0x4ad488,Arrays::GetMemberIDByString<Arrays::LootTable>(char const*),port/game-data/data.cpp; port/game-data/data.hpp; port/game-data/class_tables.cpp; port/game-data/level_tables.cpp; port/level-loader/assigned_loadfile_kernel_v65.cpp; port/level-loader/canonical_module_files_v1.cpp,loot-table key lookup maps exact array index and unknown sentinel.,pseudocode/004a/004ad488.c; assembly-functions.asm @ 0x4ad488; xrefs.jsonl @ 0x4ad488,partial,"IDA pseudocode/004a/004ad488.c scans LootTable names and returns index/-1. Port LootTablesV2 loads ordered loot_names and item_list_names (port/game-data/loot_tables_v2.cpp:32-43) but Borrow exposes names only, with no name-to-index method (48-50). Generic design lookup is caller-populated and no connection to LootTablesV2 is shown.",not_run,not_run: no integrated Act 1 acceptance evidence reviewed.,P1,unassigned
DS-0062,Shared game data,Table/schema lookup,libDungeonHunter2.so,0x4ad9d8,Arrays::GetMemberIDByString<Arrays::FastTravelList>(char const*),port/game-data/data.cpp; port/game-data/data.hpp; port/game-data/class_tables.cpp; port/game-data/level_tables.cpp; port/level-loader/assigned_loadfile_kernel_v65.cpp; port/level-loader/canonical_module_files_v1.cpp,fast-travel list lookup names resolve to exact serialized row index.,pseudocode/004a/004ad9d8.c; assembly-functions.asm @ 0x4ad9d8; xrefs.jsonl @ 0x4ad9d8,partial,IDA pseudocode/004a/004ad9d8.c scans FastTravelList names and returns index/-1. Port load_levels stores ordered travel_names (port/game-data/level_tables.cpp:57-61) but provides no corresponding travel-name index lookup in level_tables.hpp; general level rows are decoded only.,not_run,not_run: no integrated Act 1 acceptance evidence reviewed.,P1,unassigned
DS-0063,Shared game data,Table/schema lookup,libDungeonHunter2.so,0x4aca64,Structs::GetMemberIDByString<Structs::v2Quest>(char const*),port/game-data/data.cpp; port/game-data/data.hpp; port/game-data/class_tables.cpp; port/game-data/level_tables.cpp; port/level-loader/assigned_loadfile_kernel_v65.cpp; port/level-loader/canonical_module_files_v1.cpp,quest record member names resolve to schema offsets/indices as original.,pseudocode/004a/004aca64.c; assembly-functions.asm @ 0x4aca64; xrefs.jsonl @ 0x4aca64,partial,IDA pseudocode/004a/004aca64.c compares names for 17 v2Quest fields and returns field ordinal/-1. Port quest persistence parses fixed-order record values (port/game-data/quest_persistence_v51.cpp:17-43) but does not load the v2Quest schema-name array or expose field-name-to-ordinal lookup.,not_run,not_run: no integrated Act 1 acceptance evidence reviewed.,P1,unassigned
DS-0064,Shared game data,Table/schema lookup,libDungeonHunter2.so,0x4acb30,Structs::GetMemberIDByString<Structs::v2Event>(char const*),port/game-data/data.cpp; port/game-data/data.hpp; port/game-data/class_tables.cpp; port/game-data/level_tables.cpp; port/level-loader/assigned_loadfile_kernel_v65.cpp; port/level-loader/canonical_module_files_v1.cpp,event member names resolve to exact field identifiers and unknown sentinel.,pseudocode/004a/004acb30.c; assembly-functions.asm @ 0x4acb30; xrefs.jsonl @ 0x4acb30,missing,IDA pseudocode/004a/004acb30.c compares the three v2Event field names and returns ordinal/-1. Scoped search of port/game-data finds no v2Event schema or member-name lookup; quest persistence is a separate fixed schema (quest_persistence_v51.cpp:17-43).,not_run,not_run: no integrated Act 1 acceptance evidence reviewed.,P1,unassigned
DS-0065,Shared game data,Table/schema lookup,libDungeonHunter2.so,0x4acb88,Arrays::GetMemberIDByString<Arrays::v2Conditions>(char const*),port/game-data/data.cpp; port/game-data/data.hpp; port/game-data/class_tables.cpp; port/game-data/level_tables.cpp; port/level-loader/assigned_loadfile_kernel_v65.cpp; port/level-loader/canonical_module_files_v1.cpp,condition array registry exposes original key set and stable indices.,pseudocode/004a/004acb88.c; assembly-functions.asm @ 0x4acb88; xrefs.jsonl @ 0x4acb88,missing,IDA pseudocode/004a/004acb88.c scans v2Conditions names and returns index/-1. Scoped search of port/game-data finds no v2Conditions table loader/registry or named lookup.,not_run,not_run: no integrated Act 1 acceptance evidence reviewed.,P1,unassigned
DS-0066,Shared game data,Table/schema lookup,libDungeonHunter2.so,0x4acc48,Structs::GetMemberIDByString<Structs::Trophy>(char const*),port/game-data/data.cpp; port/game-data/data.hpp; port/game-data/class_tables.cpp; port/game-data/level_tables.cpp; port/level-loader/assigned_loadfile_kernel_v65.cpp; port/level-loader/canonical_module_files_v1.cpp,trophy field names map to schema positions with original sentinel behavior.,pseudocode/004a/004acc48.c; assembly-functions.asm @ 0x4acc48; xrefs.jsonl @ 0x4acc48,missing,"IDA pseudocode/004a/004acc48.c compares seven Trophy field names and returns ordinal/-1. Scoped search of port/game-data finds Trophy only as an AI field/value, not a Trophy schema or named-member registry (ai.cpp:25,31); no matching lookup implementation is present.",not_run,not_run: no integrated Act 1 acceptance evidence reviewed.,P1,unassigned
DS-0067,Shared game data,Table/schema lookup,libDungeonHunter2.so,0x4acabc,Arrays::GetMemberIDByString<Arrays::v2Events>(char const*),port/game-data/data.cpp; port/game-data/data.hpp; port/game-data/class_tables.cpp; port/game-data/level_tables.cpp; port/level-loader/assigned_loadfile_kernel_v65.cpp; port/level-loader/canonical_module_files_v1.cpp,event array name lookup preserves original index mapping.,pseudocode/004a/004acabc.c; assembly-functions.asm @ 0x4acabc; xrefs.jsonl @ 0x4acabc,missing,IDA pseudocode/004a/004acabc.c scans v2Events names and returns array index/-1. Scoped search of port/game-data finds no v2Events array loader or member-name registry.,not_run,not_run: no integrated Act 1 acceptance evidence reviewed.,P1,unassigned
DS-0068,Shared game data,Table/schema lookup,libDungeonHunter2.so,0x4ad66c,Structs::GetMemberIDByString<Structs::Item>(char const*),port/game-data/data.cpp; port/game-data/data.hpp; port/game-data/class_tables.cpp; port/game-data/level_tables.cpp; port/level-loader/assigned_loadfile_kernel_v65.cpp; port/level-loader/canonical_module_files_v1.cpp,item schema member lookup yields original member IDs.,pseudocode/004a/004ad66c.c; assembly-functions.asm @ 0x4ad66c; xrefs.jsonl @ 0x4ad66c,partial,"IDA pseudocode/004a/004ad66c.c scans 38 Item member names and returns ordinal/-1. Port load_items decodes and validates the 38-field Item schema (port/game-data/items.cpp:49-68), and item_id implements the distinct ItemTable row-name lookup (72-74), but no Item-field-name-to-ordinal API is exposed.",not_run,not_run: no integrated Act 1 acceptance evidence reviewed.,P1,unassigned
DS-0069,Shared game data,Table/schema lookup,libDungeonHunter2.so,0x4ad150,Structs::GetMemberIDByString<Structs::Skill>(char const*),port/game-data/data.cpp; port/game-data/data.hpp; port/game-data/class_tables.cpp; port/game-data/level_tables.cpp; port/level-loader/assigned_loadfile_kernel_v65.cpp; port/level-loader/canonical_module_files_v1.cpp,skill schema member lookup yields original member IDs.,pseudocode/004a/004ad150.c; assembly-functions.asm @ 0x4ad150; xrefs.jsonl @ 0x4ad150,implemented,"IDA pseudocode/004a/004ad150.c searches 15 Skill member names with strcmp and returns ordinal/-1. Port SkillTables validates and retains the ordered 15-field schema, and Borrow::skill_field uses the exact strcmp-based find helper with -1 on miss (port/game-data/skill_tables.cpp:45-46,60-63).",not_run,not_run: no integrated Act 1 acceptance evidence reviewed.,P1,unassigned
DS-0070,Shared game data,Table/schema lookup,libDungeonHunter2.so,0x4ad4fc,Structs::GetMemberIDByString<Structs::Loot>(char const*),port/game-data/data.cpp; port/game-data/data.hpp; port/game-data/class_tables.cpp; port/game-data/level_tables.cpp; port/level-loader/assigned_loadfile_kernel_v65.cpp; port/level-loader/canonical_module_files_v1.cpp,loot schema member lookup yields original member IDs.,pseudocode/004a/004ad4fc.c; assembly-functions.asm @ 0x4ad4fc; xrefs.jsonl @ 0x4ad4fc,partial,IDA pseudocode/004a/004ad4fc.c compares five Loot member names and returns ordinal/-1. Port LootTablesV2 validates the ordered five-field Loot schema (port/game-data/loot_tables_v2.cpp:32-43) but exposes no schema member-index lookup (Borrow methods at 45-50).,not_run,not_run: no integrated Act 1 acceptance evidence reviewed.,P1,unassigned
DS-0071,Shared game data,Table/schema lookup,libDungeonHunter2.so,0x4ac998,Structs::GetMemberIDByString<Structs::WldMapLocation>(char const*),port/game-data/data.cpp; port/game-data/data.hpp; port/game-data/class_tables.cpp; port/game-data/level_tables.cpp; port/level-loader/assigned_loadfile_kernel_v65.cpp; port/level-loader/canonical_module_files_v1.cpp,world-map location schema members preserve exact name/index correspondence.,pseudocode/004a/004ac998.c; assembly-functions.asm @ 0x4ac998; xrefs.jsonl @ 0x4ac998,partial,IDA pseudocode/004a/004ac998.c compares three WldMapLocation fields and returns ordinal/-1. Port WorldMapProfileTableV59 validates the ordered Name/State/LocationLevels schema but does not retain field names or expose a member-index lookup (port/game-data/world_map_profile_table_v59.cpp:15-18).,not_run,not_run: no integrated Act 1 acceptance evidence reviewed.,P1,unassigned
DS-0072,Shared game data,Table/schema lookup,libDungeonHunter2.so,0x4addec,Structs::GetMemberIDByString<Structs::HelpPage>(char const*),port/game-data/data.cpp; port/game-data/data.hpp; port/game-data/class_tables.cpp; port/game-data/level_tables.cpp; port/level-loader/assigned_loadfile_kernel_v65.cpp; port/level-loader/canonical_module_files_v1.cpp,help-page record member lookup preserves original schema fields.,pseudocode/004a/004addec.c; assembly-functions.asm @ 0x4addec; xrefs.jsonl @ 0x4addec,missing,IDA pseudocode/004a/004addec.c maps two HelpPage names to IDs 0/1 and unknown to -1. Scoped search of port/game-data finds no HelpPage schema/registry or help-page member lookup.,not_run,not_run: no integrated Act 1 acceptance evidence reviewed.,P1,unassigned
DS-0073,Shared game data,Table/schema lookup,libDungeonHunter2.so,0x4add2c,Structs::GetMemberIDByString<Structs::HintPage>(char const*),port/game-data/data.cpp; port/game-data/data.hpp; port/game-data/class_tables.cpp; port/game-data/level_tables.cpp; port/level-loader/assigned_loadfile_kernel_v65.cpp; port/level-loader/canonical_module_files_v1.cpp,hint-page record member lookup preserves original schema fields.,pseudocode/004a/004add2c.c; assembly-functions.asm @ 0x4add2c; xrefs.jsonl @ 0x4add2c,missing,IDA pseudocode/004a/004add2c.c maps two HintPage names to IDs 0/1 and unknown to -1. Scoped search of port/game-data finds no HintPage schema/registry or hint-page member lookup.,not_run,not_run: no integrated Act 1 acceptance evidence reviewed.,P1,unassigned
DS-0074,Shared game data,Profile/save persistence,libDungeonHunter2.so,0x315848,"Savegame::load(char const*, callbacks, callbacks, void*)",port/game-data/player_savegame_v1.cpp; port/game-data/quest_savegame_v1.cpp; port/game-data/player_profile_index_v1.cpp; port/game-data/campaign_profile_files_v1.cpp; port/engine-resources/resources.cpp; port/engine-resources/resources.hpp; port/game-data/player_save_load_owner_v1.cpp; port/game-data/player_save_write_owner_v1.cpp; port/android-native/app/src/main/cpp/front_ui_session_v87.cpp,"save container section registration order, callbacks, and load dispatch order match.",pseudocode/0031/00315848.c; assembly-functions.asm @ 0x315848; xrefs.jsonl @ 0x315848,partial,"IDA pseudocode/0031/00315848.c registers section callbacks by key and on a cached existing key can dispatch loader. Port LevelSavegameOwner registers INFO and OBJS then separately calls load_section (port/level-world/level_savegame_owner_v1.cpp:27-37); the Level-specific cache uses fixed slots and explicit section dispatch, not generic callback pairs (level_savegame_cache_v1.cpp:20-38).",not_run,not_run: no integrated Act 1 acceptance evidence reviewed.,P1,unassigned
DS-0075,Shared game data,Profile/save persistence,libDungeonHunter2.so,0x315904,"Savegame::initSectionInfo(char const*, callbacks, callbacks, void*)",port/game-data/player_savegame_v1.cpp; port/game-data/quest_savegame_v1.cpp; port/game-data/player_profile_index_v1.cpp; port/game-data/campaign_profile_files_v1.cpp; port/engine-resources/resources.cpp; port/engine-resources/resources.hpp; port/game-data/player_save_load_owner_v1.cpp; port/game-data/player_save_write_owner_v1.cpp; port/android-native/app/src/main/cpp/front_ui_session_v87.cpp,"section key, reader/writer callback association, and duplicate registration semantics match.",pseudocode/0031/00315904.c; assembly-functions.asm @ 0x315904; xrefs.jsonl @ 0x315904,partial,"IDA pseudocode/0031/00315904.c stores reader callback, writer callback and context in each generic keyed section entry; duplicate key overwrites those fields. Port cache stores only fields pointer in fixed INFO/OBJS slots and comment explicitly says it does not retain generic callback pairs (port/level-world/level_savegame_cache_v1.cpp:20-25).",not_run,not_run: no integrated Act 1 acceptance evidence reviewed.,P1,unassigned
DS-0076,Shared game data,Profile/save persistence,libDungeonHunter2.so,0x315ad0,Savegame::_cacheFile(StreamBuffer*),port/game-data/player_savegame_v1.cpp; port/game-data/quest_savegame_v1.cpp; port/game-data/player_profile_index_v1.cpp; port/game-data/campaign_profile_files_v1.cpp; port/engine-resources/resources.cpp; port/engine-resources/resources.hpp; port/game-data/player_save_load_owner_v1.cpp; port/game-data/player_save_write_owner_v1.cpp; port/android-native/app/src/main/cpp/front_ui_session_v87.cpp,cache-file read/ownership and state transition after successful/failed stream capture match.,pseudocode/0031/00315ad0.c; assembly-functions.asm @ 0x315ad0; xrefs.jsonl @ 0x315ad0,partial,"IDA pseudocode/0031/00315ad0.c retires prior cache, reads file or .bak, then indexes count/tag/length/payload entries into keyed section metadata. Port PlayerProfileIndexV1 indexes length/tag sections and retains bytes/offsets (port/game-data/player_profile_index_v1.cpp:10-22), but LevelSavegameCacheV1 only dispatches INFO/OBJS and uses separate file/backup logic (port/level-world/level_savegame_cache_v1.cpp:10-21,43-55).",not_run,not_run: no integrated Act 1 acceptance evidence reviewed.,P1,unassigned
DS-0077,Shared game data,Profile/save persistence,libDungeonHunter2.so,0x315fb8,Savegame::saveAll(void),port/game-data/player_savegame_v1.cpp; port/game-data/quest_savegame_v1.cpp; port/game-data/player_profile_index_v1.cpp; port/game-data/campaign_profile_files_v1.cpp; port/engine-resources/resources.cpp; port/engine-resources/resources.hpp; port/game-data/player_save_load_owner_v1.cpp; port/game-data/player_save_write_owner_v1.cpp; port/android-native/app/src/main/cpp/front_ui_session_v87.cpp,save-all section iteration and stream serialization order match registered section order.,pseudocode/0031/00315fb8.c; assembly-functions.asm @ 0x315fb8; xrefs.jsonl @ 0x315fb8,implemented,"IDA pseudocode/0031/00315fb8.c writes invalid header, iterates std::map sections in key order, emits length/tag/payload, then patches section count. Port savegame_build_frame_v2 uses ordered std::map, emits invalid header then length/tag/payload and patches count (port/level-world/level_savegame_writer_v2.cpp:5-17); Level saveAll supplies INFO/OBJS writers (19-26).",not_run,not_run: no integrated Act 1 acceptance evidence reviewed.,P1,unassigned
DS-0078,Shared game data,Profile/save persistence,libDungeonHunter2.so,0x3163c0,Savegame::reset(void),port/game-data/player_savegame_v1.cpp; port/game-data/quest_savegame_v1.cpp; port/game-data/player_profile_index_v1.cpp; port/game-data/campaign_profile_files_v1.cpp; port/engine-resources/resources.cpp; port/engine-resources/resources.hpp; port/game-data/player_save_load_owner_v1.cpp; port/game-data/player_save_write_owner_v1.cpp; port/android-native/app/src/main/cpp/front_ui_session_v87.cpp,reset clears section/cache/job state using original lifecycle boundary.,pseudocode/0031/003163c0.c; assembly-functions.asm @ 0x3163c0; xrefs.jsonl @ 0x3163c0,missing,IDA pseudocode/0031/003163c0.c erases the generic section map and then invokes saveAll. Scoped search of port/game-data and port/level-world finds no generic Savegame reset/clear-section-map method; LevelSavegameOwner release only destroys cache and clears level fields (port/level-world/level_savegame_owner_v1.cpp:55-60).,not_run,not_run: no integrated Act 1 acceptance evidence reviewed.,P1,unassigned
DS-0079,Shared game data,Profile/save persistence,libDungeonHunter2.so,0x314734,Savegame::UpdateJobs(void),port/game-data/player_savegame_v1.cpp; port/game-data/quest_savegame_v1.cpp; port/game-data/player_profile_index_v1.cpp; port/game-data/campaign_profile_files_v1.cpp; port/engine-resources/resources.cpp; port/engine-resources/resources.hpp; port/game-data/player_save_load_owner_v1.cpp; port/game-data/player_save_write_owner_v1.cpp; port/android-native/app/src/main/cpp/front_ui_session_v87.cpp,queued save jobs dispatch/complete in original order and release on terminal results.,pseudocode/0031/00314734.c; assembly-functions.asm @ 0x314734; xrefs.jsonl @ 0x314734,partial,"IDA pseudocode/0031/00314734.c promotes one pending job, writes a block per call, commits header on final block and finishes job; it also has a backup-specific branch. Port SavegameJobsOwnerV2 has FIFO promotion, backup and chunked write branches (port/level-world/savegame_jobs_owner_v2.cpp:11-19), but open/write/commit/close errors are terminal failed-prefix behavior and are not shown equivalent to IDA paths.",not_run,not_run: no integrated Act 1 acceptance evidence reviewed.,P1,unassigned
DS-0080,Shared game data,Profile/save persistence,libDungeonHunter2.so,0x314cfc,Savegame::FlushJobs(char const*),port/game-data/player_savegame_v1.cpp; port/game-data/quest_savegame_v1.cpp; port/game-data/player_profile_index_v1.cpp; port/game-data/campaign_profile_files_v1.cpp; port/engine-resources/resources.cpp; port/engine-resources/resources.hpp; port/game-data/player_save_load_owner_v1.cpp; port/game-data/player_save_write_owner_v1.cpp; port/android-native/app/src/main/cpp/front_ui_session_v87.cpp,flush filters/executes pending jobs using original path and completion contract.,pseudocode/0031/00314cfc.c; assembly-functions.asm @ 0x314cfc; xrefs.jsonl @ 0x314cfc,implemented,IDA pseudocode/0031/00314cfc.c treats argument as filename filter (null means all) and pumps UpdateJobs until it returns false. Port flush matches active/pending filename or null/all and loops update until no progress (port/level-world/savegame_jobs_owner_v2.cpp:25).,not_run,not_run: no integrated Act 1 acceptance evidence reviewed.,P1,unassigned
DS-0081,Shared game data,Profile/save persistence,libDungeonHunter2.so,0x315110,Savegame::AddJob(Savegame::Job&),port/game-data/player_savegame_v1.cpp; port/game-data/quest_savegame_v1.cpp; port/game-data/player_profile_index_v1.cpp; port/game-data/campaign_profile_files_v1.cpp; port/engine-resources/resources.cpp; port/engine-resources/resources.hpp; port/game-data/player_save_load_owner_v1.cpp; port/game-data/player_save_write_owner_v1.cpp; port/android-native/app/src/main/cpp/front_ui_session_v87.cpp,job insertion copies/owns filename and callback payload as original.,pseudocode/0031/00315110.c; assembly-functions.asm @ 0x315110; xrefs.jsonl @ 0x315110,partial,"IDA pseudocode/0031/00315110.c removes pending duplicates matching filename and job-kind, copies Job into list tail, transferring its ownership flag. Port add_backup/add_write coalesce same-kind filename jobs and append; write stream ownership is moved into Job (port/level-world/savegame_jobs_owner_v2.cpp:6-7), but the port job model has only backup/write payloads rather than all generic Job fields.",not_run,not_run: no integrated Act 1 acceptance evidence reviewed.,P1,unassigned
DS-0082,Shared game data,Profile/save persistence,libDungeonHunter2.so,0x313720,Savegame::Job::finish(void),port/game-data/player_savegame_v1.cpp; port/game-data/quest_savegame_v1.cpp; port/game-data/player_profile_index_v1.cpp; port/game-data/campaign_profile_files_v1.cpp; port/engine-resources/resources.cpp; port/engine-resources/resources.hpp; port/game-data/player_save_load_owner_v1.cpp; port/game-data/player_save_write_owner_v1.cpp; port/android-native/app/src/main/cpp/front_ui_session_v87.cpp,"Original Job::finish releases the owned stream when its ownership flag and pointer are set, then clears both fields; it does not issue a completion callback.",pseudocode/0031/00313720.c; assembly-functions.asm @ 0x313720; xrefs.jsonl @ 0x313720,partial,"IDA pseudocode/0031/00313720.c deletes the owned stream when flag+pointer are set, then clears flag and pointer; it is not a notification callback. Port finish closes output and clears active job/block state (port/level-world/savegame_jobs_owner_v2.cpp:8), but exact source stream-owning flag/pointer state is represented differently.",not_run,not_run: no integrated Act 1 acceptance evidence reviewed.,P1,unassigned
DS-0083,Shared game data,Profile/save persistence,libDungeonHunter2.so,0x313cdc,Savegame::Job::copy(Savegame::Job const&),port/game-data/player_savegame_v1.cpp; port/game-data/quest_savegame_v1.cpp; port/game-data/player_profile_index_v1.cpp; port/game-data/campaign_profile_files_v1.cpp; port/engine-resources/resources.cpp; port/engine-resources/resources.hpp; port/game-data/player_save_load_owner_v1.cpp; port/game-data/player_save_write_owner_v1.cpp; port/android-native/app/src/main/cpp/front_ui_session_v87.cpp,job copy retains all original operation/path/callback fields without aliasing lifetime.,pseudocode/0031/00313cdc.c; assembly-functions.asm @ 0x313cdc; xrefs.jsonl @ 0x313cdc,partial,"IDA pseudocode/0031/00313cdc.c releases any prior owned stream, copies job pointer/path/operation fields, and transfers ownership flag from source. Port pending jobs own a filename and either backup flag or moved SavegameStream (port/level-world/savegame_jobs_owner_v2.cpp:6-7); no general Job copy operation or arbitrary callback payload is modeled.",not_run,not_run: no integrated Act 1 acceptance evidence reviewed.,P1,unassigned
DS-0084,Shared game data,Profile/save persistence,libDungeonHunter2.so,0x313fb0,Savegame::DeleteAllSlotFiles(int),port/game-data/player_savegame_v1.cpp; port/game-data/quest_savegame_v1.cpp; port/game-data/player_profile_index_v1.cpp; port/game-data/campaign_profile_files_v1.cpp; port/engine-resources/resources.cpp; port/engine-resources/resources.hpp; port/game-data/player_save_load_owner_v1.cpp; port/game-data/player_save_write_owner_v1.cpp; port/android-native/app/src/main/cpp/front_ui_session_v87.cpp,slot deletion enumerates the intended per-slot files and preserves unrelated save files.,pseudocode/0031/00313fb0.c; assembly-functions.asm @ 0x313fb0; xrefs.jsonl @ 0x313fb0,partial,"IDA pseudocode/0031/00313fb0.c formats dh2_%03u, asks FileManager to enumerate matching files, then deletes every returned file. Port erase_campaign_slot_files_v1 enumerates regular files and unlinks names containing dh2_%03u (port/game-data/campaign_profile_files_v1.cpp:57-80); this is related slot deletion but uses substring matching and a distinct scoped directory implementation.",not_run,not_run: no integrated Act 1 acceptance evidence reviewed.,P1,unassigned
DS-0085,Shared game data,Profile/save persistence,libDungeonHunter2.so,0x34fee4,"FileSystemWin32::openSavefile(char const*, bool)",port/game-data/player_savegame_v1.cpp; port/game-data/quest_savegame_v1.cpp; port/game-data/player_profile_index_v1.cpp; port/game-data/campaign_profile_files_v1.cpp; port/engine-resources/resources.cpp; port/engine-resources/resources.hpp; port/game-data/player_save_load_owner_v1.cpp; port/game-data/player_save_write_owner_v1.cpp; port/android-native/app/src/main/cpp/front_ui_session_v87.cpp,save open mode maps to original create/truncate/read flags and failure return.,pseudocode/0034/0034fee4.c; assembly-functions.asm @ 0x34fee4; xrefs.jsonl @ 0x34fee4,partial,"IDA pseudocode/0034/0034fee4.c flushes the matching Savegame job then delegates to _createHandle with mode argument. Port job owner delegates open_write and SavegameFileGate flushes matching filenames before reads (port/level-world/savegame_jobs_owner_v2.cpp:14; savegame_file_gate_v2.cpp:5), but no FileSystemWin32 openSavefile mode-to-native-handle implementation is present in these paths.",not_run,not_run: no integrated Act 1 acceptance evidence reviewed.,P1,unassigned
DS-0086,Shared game data,Profile/save persistence,libDungeonHunter2.so,0x34e150,FileSystemBase::doesSavefileExists(char const*),port/game-data/player_savegame_v1.cpp; port/game-data/quest_savegame_v1.cpp; port/game-data/player_profile_index_v1.cpp; port/game-data/campaign_profile_files_v1.cpp; port/engine-resources/resources.cpp; port/engine-resources/resources.hpp; port/game-data/player_save_load_owner_v1.cpp; port/game-data/player_save_write_owner_v1.cpp; port/android-native/app/src/main/cpp/front_ui_session_v87.cpp,save existence lookup formats slot path and uses original path namespace.,pseudocode/0034/0034e150.c; assembly-functions.asm @ 0x34e150; xrefs.jsonl @ 0x34e150,partial,"IDA pseudocode/0034/0034e150.c flushes the matching save job, opens the supplied save path through FileManager and returns whether a handle exists. Port campaign_profile_exists_v1 formats a slot filename and checks base/.bak filesystem existence (port/game-data/campaign_profile_files_v1.cpp:28-37), but does not implement this generic FileSystemBase handle/open contract.",not_run,not_run: no integrated Act 1 acceptance evidence reviewed.,P1,unassigned
DS-0087,Shared game data,Profile/save persistence,libDungeonHunter2.so,0x34f10c,"FileSystemWin32::backupSavefile(char const*, char const*)",port/game-data/player_savegame_v1.cpp; port/game-data/quest_savegame_v1.cpp; port/game-data/player_profile_index_v1.cpp; port/game-data/campaign_profile_files_v1.cpp; port/engine-resources/resources.cpp; port/engine-resources/resources.hpp; port/game-data/player_save_load_owner_v1.cpp; port/game-data/player_save_write_owner_v1.cpp; port/android-native/app/src/main/cpp/front_ui_session_v87.cpp,backup copy source/destination naming and failure behavior match.,pseudocode/0034/0034f10c.c; assembly-functions.asm @ 0x34f10c; xrefs.jsonl @ 0x34f10c,partial,"IDA pseudocode/0034/0034f10c.c prefixes RES_PATH, unlinks destination if possible/missing, renames source to destination, and returns success/failure. Port SavegameJobsOwnerV2 invokes an injected backup callback with filename and .bak (port/level-world/savegame_jobs_owner_v2.cpp:13); native rename/delete semantics are delegated and not implemented in this adapter.",not_run,not_run: no integrated Act 1 acceptance evidence reviewed.,P1,unassigned
DS-0088,Shared game data,Profile/save persistence,libDungeonHunter2.so,0x34f274,FileSystemWin32::deleteSavefile(char const*),port/game-data/player_savegame_v1.cpp; port/game-data/quest_savegame_v1.cpp; port/game-data/player_profile_index_v1.cpp; port/game-data/campaign_profile_files_v1.cpp; port/engine-resources/resources.cpp; port/engine-resources/resources.hpp; port/game-data/player_save_load_owner_v1.cpp; port/game-data/player_save_write_owner_v1.cpp; port/android-native/app/src/main/cpp/front_ui_session_v87.cpp,delete operation targets formatted save path and reports missing/error as original.,pseudocode/0034/0034f274.c; assembly-functions.asm @ 0x34f274; xrefs.jsonl @ 0x34f274,partial,"IDA pseudocode/0034/0034f274.c prefixes RES_PATH and unlinks the named save file, returning 1 on success and 0 on failure. Port campaign slot erase enumerates/unlinks matching names under a supplied directory (port/game-data/campaign_profile_files_v1.cpp:57-80); it is a slot-level adaptation, not the generic single-path FileSystemWin32 operation.",not_run,not_run: no integrated Act 1 acceptance evidence reviewed.,P1,unassigned
DS-0089,Shared game data,Profile/save persistence,libDungeonHunter2.so,0x34ebc0,FileSystemWin32::copySavefile(char const*),port/game-data/player_savegame_v1.cpp; port/game-data/quest_savegame_v1.cpp; port/game-data/player_profile_index_v1.cpp; port/game-data/campaign_profile_files_v1.cpp; port/engine-resources/resources.cpp; port/engine-resources/resources.hpp; port/game-data/player_save_load_owner_v1.cpp; port/game-data/player_save_write_owner_v1.cpp; port/android-native/app/src/main/cpp/front_ui_session_v87.cpp,The original copySavefile function is an empty no-op; check that the port does not add copy/overwrite side effects at this call site.,pseudocode/0034/0034ebc0.c; assembly-functions.asm @ 0x34ebc0; xrefs.jsonl @ 0x34ebc0,missing,"IDA pseudocode/0034/0034ebc0.c body is empty, so original copySavefile(char const*) is a no-op. Scoped search of port/game-data and port/level-world finds no corresponding copySavefile entrypoint; no copy action is required by the IDA body.",not_run,not_run: no integrated Act 1 acceptance evidence reviewed.,P1,unassigned
DS-0090,Shared game data,Profile/save persistence,libDungeonHunter2.so,0x34ebb4,FileSystemWin32::getSavefilesPath() const,port/game-data/player_savegame_v1.cpp; port/game-data/quest_savegame_v1.cpp; port/game-data/player_profile_index_v1.cpp; port/game-data/campaign_profile_files_v1.cpp; port/engine-resources/resources.cpp; port/engine-resources/resources.hpp; port/game-data/player_save_load_owner_v1.cpp; port/game-data/player_save_write_owner_v1.cpp; port/android-native/app/src/main/cpp/front_ui_session_v87.cpp,save root selection/path returned by the original platform adapter is preserved or explicitly adapted.,pseudocode/0034/0034ebb4.c; assembly-functions.asm @ 0x34ebb4; xrefs.jsonl @ 0x34ebb4,partial,"IDA pseudocode/0034/0034ebb4.c returns the FileSystemWin32 object field at offset +1084. Port campaign file APIs accept a directory from their caller and derive a slot path (port/game-data/campaign_profile_files_v1.cpp:10-14); platform root selection is external, with no corresponding FileSystemWin32 getter.",not_run,not_run: no integrated Act 1 acceptance evidence reviewed.,P1,unassigned
DS-0091,Shared game data,Profile/save persistence,libDungeonHunter2.so,0x34e688,FileSystemBase::createAndOpenFile(char const*),port/game-data/player_savegame_v1.cpp; port/game-data/quest_savegame_v1.cpp; port/game-data/player_profile_index_v1.cpp; port/game-data/campaign_profile_files_v1.cpp; port/engine-resources/resources.cpp; port/engine-resources/resources.hpp; port/game-data/player_save_load_owner_v1.cpp; port/game-data/player_save_write_owner_v1.cpp; port/android-native/app/src/main/cpp/front_ui_session_v87.cpp,resource/save stream creation propagates open failure and owns handles correctly.,pseudocode/0034/0034e688.c; assembly-functions.asm @ 0x34e688; xrefs.jsonl @ 0x34e688,partial,"IDA pseudocode/0034/0034e688.c normalizes resource path, selects compiled/uncompiled root, calls createAndOpenFile, logs null failure, and returns handle. port/engine-resources/resources.hpp defines read-only ReadFile/MemoryReader/LimitReader interfaces (lines 8-55); SavegameJobsOwnerV2 delegates open/write/close through injected FileServices (port/level-world/savegame_jobs_owner_v2.cpp:14-20). No unified generic createAndOpenFile port path is demonstrated.",not_run,not_run: no integrated Act 1 acceptance evidence reviewed.,P1,unassigned
DS-0092,Shared game data,Profile/save persistence,libDungeonHunter2.so,0x46156c,LevelSavegame::Load(void),port/game-data/player_savegame_v1.cpp; port/game-data/quest_savegame_v1.cpp; port/game-data/player_profile_index_v1.cpp; port/game-data/campaign_profile_files_v1.cpp; port/engine-resources/resources.cpp; port/engine-resources/resources.hpp; port/game-data/player_save_load_owner_v1.cpp; port/game-data/player_save_write_owner_v1.cpp; port/android-native/app/src/main/cpp/front_ui_session_v87.cpp,level save header/section fields and load callbacks restore the exact serialized contract.,pseudocode/0046/0046156c.c; assembly-functions.asm @ 0x46156c; xrefs.jsonl @ 0x46156c,partial,"IDA pseudocode/0046/0046156c.c registers INFO LoadLevelInfo/SaveLevelInfo then OBJS LoadObjects/SaveObjects via Savegame::load. Port LevelSavegameOwnerV1 registers INFO/OBJS on construction and later dispatches load_section in that order (port/level-world/level_savegame_owner_v1.cpp:27-37); cache decodes INFO row and gates/dispatches OBJS (level_savegame_cache_v1.cpp:26-38), but uses fixed Level-specific slots rather than generic section callbacks.",not_run,not_run: no integrated Act 1 acceptance evidence reviewed.,P1,unassigned
DS-0093,Shared game data,Profile/save persistence,libDungeonHunter2.so,0x4622c8,"LevelSavegame::GetCheckpointFilename(unsigned int, int, bool, std::string&)",port/game-data/player_savegame_v1.cpp; port/game-data/quest_savegame_v1.cpp; port/game-data/player_profile_index_v1.cpp; port/game-data/campaign_profile_files_v1.cpp; port/engine-resources/resources.cpp; port/engine-resources/resources.hpp; port/game-data/player_save_load_owner_v1.cpp; port/game-data/player_save_write_owner_v1.cpp; port/android-native/app/src/main/cpp/front_ui_session_v87.cpp,"Checkpoint filename formatting derives the seed, mode, and single/multi suffix from the original branch inputs.",pseudocode/0046/004622c8.c; assembly-functions.asm @ 0x4622c8; xrefs.jsonl @ 0x4622c8,implemented,"IDA 0x4622c8 formats checkpoint filename from seed, mode, and alternate/multi flag. Port implements the same branchable suffix at port/level-world/level_savegame_owner_v1.cpp:9-10; checkpoint save derives multi from online/hosting state and passes it through at port/level-world/checkpoint_save_runtime_v83.cpp:29-35.",not_run,not_run: no integrated Act 1 acceptance evidence reviewed.,P1,unassigned
DS-0094,Shared game data,Profile/save persistence,libDungeonHunter2.so,0x4624e4,"LevelSavegame::GetFilename(unsigned int, int, int, int, std::string&)",port/game-data/player_savegame_v1.cpp; port/game-data/quest_savegame_v1.cpp; port/game-data/player_profile_index_v1.cpp; port/game-data/campaign_profile_files_v1.cpp; port/engine-resources/resources.cpp; port/engine-resources/resources.hpp; port/game-data/player_save_load_owner_v1.cpp; port/game-data/player_save_write_owner_v1.cpp; port/android-native/app/src/main/cpp/front_ui_session_v87.cpp,level save filename encodes campaign/level/difficulty/slot according to original format.,pseudocode/0046/004624e4.c; assembly-functions.asm @ 0x4624e4; xrefs.jsonl @ 0x4624e4,implemented,IDA 0x4624e4 formats the level save filename from its arguments. Port applies the matching dh2_ seed/mode/difficulty/row/_level.savegame layout: port/level-world/level_savegame_owner_v1.cpp:6-7; the caller selects it in :18. Source-level format found; no runtime verification.,not_run,not_run: no integrated Act 1 acceptance evidence reviewed.,P1,unassigned
DS-0095,Shared game data,Profile/save persistence,libDungeonHunter2.so,0x46259c,"LevelSavegame::LoadCheckPoint(int, int, int)",port/game-data/player_savegame_v1.cpp; port/game-data/quest_savegame_v1.cpp; port/game-data/player_profile_index_v1.cpp; port/game-data/campaign_profile_files_v1.cpp; port/engine-resources/resources.cpp; port/engine-resources/resources.hpp; port/game-data/player_save_load_owner_v1.cpp; port/game-data/player_save_write_owner_v1.cpp; port/android-native/app/src/main/cpp/front_ui_session_v87.cpp,checkpoint selection uses the matching save path and restores section cursor/state.,pseudocode/0046/0046259c.c; assembly-functions.asm @ 0x46259c; xrefs.jsonl @ 0x46259c,implemented,"IDA 0x46259c selects checkpoint then restores the selected save path and INFO state for validation. Port derives the matching single/multi checkpoint name, tries base then .bak, stores the selected name, reloads the cache, and loads INFO: port/level-world/level_validate_checkpoint_v115.hpp:14-35; runtime routes the validator through the same cache/fields at port/level-world/level_savegame_runtime_v1.cpp:12-16.",not_run,not_run: no integrated Act 1 acceptance evidence reviewed.,P1,unassigned
DS-0096,Shared game data,Profile/save persistence,libDungeonHunter2.so,0x462ae8,"LevelSavegame::LoadLevel(unsigned int, int, int, int)",port/game-data/player_savegame_v1.cpp; port/game-data/quest_savegame_v1.cpp; port/game-data/player_profile_index_v1.cpp; port/game-data/campaign_profile_files_v1.cpp; port/engine-resources/resources.cpp; port/engine-resources/resources.hpp; port/game-data/player_save_load_owner_v1.cpp; port/game-data/player_save_write_owner_v1.cpp; port/android-native/app/src/main/cpp/front_ui_session_v87.cpp,level-load path chooses correct save scope and passes original level identity.,pseudocode/0046/00462ae8.c; assembly-functions.asm @ 0x462ae8; xrefs.jsonl @ 0x462ae8,partial,IDA 0x462ae8 selects level-save identity and enters the original load path. Port LevelSavegameOwnerV1 selects filename and delegates cache construction/section loading: port/level-world/level_savegame_owner_v1.cpp:12-29. The actual original cache/load implementation is an injected service boundary.,not_run,not_run: no integrated Act 1 acceptance evidence reviewed.,P1,unassigned
DS-0097,Shared game data,Profile/save persistence,libDungeonHunter2.so,0x463c84,"PlayerSavegame::SG_GetFilename(unsigned int, std::string&, bool, bool)",port/game-data/player_savegame_v1.cpp; port/game-data/quest_savegame_v1.cpp; port/game-data/player_profile_index_v1.cpp; port/game-data/campaign_profile_files_v1.cpp; port/engine-resources/resources.cpp; port/engine-resources/resources.hpp; port/game-data/player_save_load_owner_v1.cpp; port/game-data/player_save_write_owner_v1.cpp; port/android-native/app/src/main/cpp/front_ui_session_v87.cpp,"player profile filename, slot identifier, and option flags match original naming contract.",pseudocode/0046/00463c84.c; assembly-functions.asm @ 0x463c84; xrefs.jsonl @ 0x463c84,partial,"IDA 0x463c84 composes the profile-save filename and option flags. Port has campaign filename formatter dh2_%03u plus checkpoint/multi suffixes: port/level-world/campaign_save_filename_v45.cpp:4-7, and four-slot file access: port/game-data/campaign_profile_files_v1.cpp:8-9; this does not establish the entire SG_GetFilename flag contract or its caller connection.",not_run,not_run: no integrated Act 1 acceptance evidence reviewed.,P1,unassigned
DS-0098,Shared game data,Profile/save persistence,libDungeonHunter2.so,0x46c550,QuestSavegame::LoadQuests(IStreamBase*),port/game-data/player_savegame_v1.cpp; port/game-data/quest_savegame_v1.cpp; port/game-data/player_profile_index_v1.cpp; port/game-data/campaign_profile_files_v1.cpp; port/engine-resources/resources.cpp; port/engine-resources/resources.hpp; port/game-data/player_save_load_owner_v1.cpp; port/game-data/player_save_write_owner_v1.cpp; port/android-native/app/src/main/cpp/front_ui_session_v87.cpp,quest records/counts deserialize in exact order and unknown/truncated data behavior matches.,pseudocode/0046/0046c550.c; assembly-functions.asm @ 0x46c550; xrefs.jsonl @ 0x46c550,implemented,"IDA 0x46c550 reads quest counts, entries, and trailing progress words for difficulty payloads. Port mirrors count mismatch early return, per-quest delegated data, trailing current/primary/act words, and three-difficulty iteration: port/game-data/quest_savegame_v1.cpp:22-42,44-53. Quest object body remains an explicit service.",not_run,not_run: no integrated Act 1 acceptance evidence reviewed.,P1,unassigned
DS-0099,Shared game data,Profile/save persistence,libDungeonHunter2.so,0x46d2b8,SavegameManager::getOptionString(char const*) const,port/game-data/player_savegame_v1.cpp; port/game-data/quest_savegame_v1.cpp; port/game-data/player_profile_index_v1.cpp; port/game-data/campaign_profile_files_v1.cpp; port/engine-resources/resources.cpp; port/engine-resources/resources.hpp; port/game-data/player_save_load_owner_v1.cpp; port/game-data/player_save_write_owner_v1.cpp; port/android-native/app/src/main/cpp/front_ui_session_v87.cpp,option key lookup and default/missing result match profile configuration semantics.,pseudocode/0046/0046d2b8.c; assembly-functions.asm @ 0x46d2b8; xrefs.jsonl @ 0x46d2b8,partial,IDA 0x46d2b8 performs SavegameManager option lookup/default handling. The reviewed port has settings option tables/UI reads but no directly mapped SavegameManager::getOptionString implementation established in cited paths; scoped source search of port/game-data and port/engine-ui. See port/engine-ui/owned_hud_settings_v1.cpp option access and front_ui_session_v87.cpp:456-465.,not_run,not_run: no integrated Act 1 acceptance evidence reviewed.,P1,unassigned
DS-0100,Shared game data,Localization/config/XML,libDungeonHunter2.so,0x31f75c,Application::GetDeviceLanguage(void),port/game-data/design_settings.cpp; port/game-data/data.cpp; port/level-loader; port/android-native/app/src/main; port/android-native/app/src/main/cpp/native_process_startup_v119.inc; port/android-native/app/src/main/cpp/front_ui_session_v87.cpp,device language identifier normalization and fallback language are compared with original.,pseudocode/0031/0031f75c.c; assembly-functions.asm @ 0x31f75c; xrefs.jsonl @ 0x31f75c,partial,IDA 0x31f75c exposes Android device-language behavior; source UI documents the original Android result as -1 and maps the settings default through an owner service: port/android-native/app/src/main/cpp/front_ui_session_v87.cpp:431-435; port/engine-ui/owned_hud_settings_v1.cpp (language owner). The general normalization/fallback domain is not implemented as a distinct platform adapter.,not_run,not_run: no integrated Act 1 acceptance evidence reviewed.,P1,unassigned
DS-0101,Shared game data,Localization/config/XML,libDungeonHunter2.so,0x31f764,Application::IsDeviceLanguageSupported(char*),port/game-data/design_settings.cpp; port/game-data/data.cpp; port/level-loader; port/android-native/app/src/main; port/android-native/app/src/main/cpp/native_process_startup_v119.inc; port/android-native/app/src/main/cpp/front_ui_session_v87.cpp,supported-language membership and case/unknown behavior match language table.,pseudocode/0031/0031f764.c; assembly-functions.asm @ 0x31f764; xrefs.jsonl @ 0x31f764,partial,IDA 0x31f764 checks supported language identifiers. Port language selection is represented by settings and localization pack indices; no direct equivalent membership helper found in scoped port/engine-ui and port/game-data source search. Language table/index logic is present in localization sources; device support/case/unknown semantics remain unconnected.,not_run,not_run: no integrated Act 1 acceptance evidence reviewed.,P1,unassigned
DS-0102,Shared game data,Localization/config/XML,libDungeonHunter2.so,0x31f4ec,"GetConfigFilePath(char*, char const*)",port/game-data/design_settings.cpp; port/game-data/data.cpp; port/level-loader; port/android-native/app/src/main; port/android-native/app/src/main/cpp/native_process_startup_v119.inc; port/android-native/app/src/main/cpp/front_ui_session_v87.cpp,"config path composition uses exact directory, suffix, and buffer termination rules.",pseudocode/0031/0031f4ec.c; assembly-functions.asm @ 0x31f4ec; xrefs.jsonl @ 0x31f4ec,partial,"IDA 0x31f4ec composes the config file path into caller buffer. Port settings file IO is handled by injected/native file services; no direct GetConfigFilePath buffer composition found in scoped port/game-data, port/engine-ui, and port/level-loader source search.",not_run,not_run: no integrated Act 1 acceptance evidence reviewed.,P1,unassigned
DS-0103,Shared game data,Localization/config/XML,libDungeonHunter2.so,0x420914,"MenuBase::FS_GetString(char const*, char const*, void*)",port/game-data/design_settings.cpp; port/game-data/data.cpp; port/level-loader; port/android-native/app/src/main; port/android-native/app/src/main/cpp/native_process_startup_v119.inc; port/android-native/app/src/main/cpp/front_ui_session_v87.cpp,localization lookup key/sheet selection and missing-key fallback match.,pseudocode/0042/00420914.c; assembly-functions.asm @ 0x420914; xrefs.jsonl @ 0x420914,partial,"IDA 0x420914 performs MenuBase localized lookup with key/sheet and fallback. Port has localization sheet/string index access and menu processing, including source sheet traversal: port/engine-ui/authored_menu_localization_v1.cpp:49-77; port/engine-ui/localization.cpp:36-78. Exact FS_GetString call ABI and missing-key behavior are delegated to Localization services.",not_run,not_run: no integrated Act 1 acceptance evidence reviewed.,P1,unassigned
DS-0104,Shared game data,Localization/config/XML,libDungeonHunter2.so,0x420a1c,"MenuBase::FS_GetString2(char const*, char const*, void*)",port/game-data/design_settings.cpp; port/game-data/data.cpp; port/level-loader; port/android-native/app/src/main; port/android-native/app/src/main/cpp/native_process_startup_v119.inc; port/android-native/app/src/main/cpp/front_ui_session_v87.cpp,secondary localization lookup preserves argument order and fallback result.,pseudocode/0042/00420a1c.c; assembly-functions.asm @ 0x420a1c; xrefs.jsonl @ 0x420a1c,partial,IDA 0x420a1c is the secondary MenuBase string lookup. Port localization/menu path exists but no separate direct FS_GetString2 implementation was found in scoped port/engine-ui source; authored menu translation calls source_string_index_v1: port/engine-ui/authored_menu_localization_v1.cpp:54-72.,not_run,not_run: no integrated Act 1 acceptance evidence reviewed.,P1,unassigned
DS-0105,Shared game data,Localization/config/XML,libDungeonHunter2.so,0x424ef0,"MenuBase::FS_GetParsedString2(char const*, char const*, void*)",port/game-data/design_settings.cpp; port/game-data/data.cpp; port/level-loader; port/android-native/app/src/main; port/android-native/app/src/main/cpp/native_process_startup_v119.inc; port/android-native/app/src/main/cpp/front_ui_session_v87.cpp,parsed string token substitutions preserve localized value and parser semantics.,pseudocode/0042/00424ef0.c; assembly-functions.asm @ 0x424ef0; xrefs.jsonl @ 0x424ef0,partial,IDA 0x424ef0 parses localized format tokens after lookup. Port implements token scanning/substitution and localized title/version callbacks: port/engine-ui/localization_parse_ex_v1.cpp:26-73; port/engine-ui/localization.cpp:61-77. Some source callback cases (including Japanese title) explicitly remain unconnected at localization.cpp:70-74.,not_run,not_run: no integrated Act 1 acceptance evidence reviewed.,P1,unassigned
DS-0106,Shared game data,Localization/config/XML,libDungeonHunter2.so,0x444ebc,NativeGetStringFromSymbol(gameswf::fn_call const&),port/game-data/design_settings.cpp; port/game-data/data.cpp; port/level-loader; port/android-native/app/src/main; port/android-native/app/src/main/cpp/native_process_startup_v119.inc; port/android-native/app/src/main/cpp/front_ui_session_v87.cpp,script symbol-to-localized-string lookup and argument validation match.,pseudocode/0044/00444ebc.c; assembly-functions.asm @ 0x444ebc; xrefs.jsonl @ 0x444ebc,partial,"IDA 0x444ebc maps a script symbol to localized string data. Front UI exposes NativeGetStringFromSymbol and checks a single text argument: port/android-native/app/src/main/cpp/front_ui_session_v87.cpp:622; menu text is routed through localization at :794-797. Connection is present, while full original argument/error/return semantics are not established by this owner.",not_run,not_run: no integrated Act 1 acceptance evidence reviewed.,P1,unassigned
DS-0107,Shared game data,Localization/config/XML,libDungeonHunter2.so,0x44506c,NativeGetStringFromID(gameswf::fn_call const&),port/game-data/design_settings.cpp; port/game-data/data.cpp; port/level-loader; port/android-native/app/src/main; port/android-native/app/src/main/cpp/native_process_startup_v119.inc; port/android-native/app/src/main/cpp/front_ui_session_v87.cpp,script numeric string ID lookup maps to the same language sheet row.,pseudocode/0044/0044506c.c; assembly-functions.asm @ 0x44506c; xrefs.jsonl @ 0x44506c,partial,IDA 0x44506c maps a numeric script string ID to language data. Front UI routes NativeGetStringFromID through text lookup: port/android-native/app/src/main/cpp/front_ui_session_v87.cpp:869-878; loading tips call the same native bridge at :1652-1654. Exact source sheet-row equivalence remains only partly established.,not_run,not_run: no integrated Act 1 acceptance evidence reviewed.,P1,unassigned
DS-0108,Shared game data,Localization/config/XML,libDungeonHunter2.so,0x44de4c,NativeGetParsedString(gameswf::fn_call const&),port/game-data/design_settings.cpp; port/game-data/data.cpp; port/level-loader; port/android-native/app/src/main; port/android-native/app/src/main/cpp/native_process_startup_v119.inc; port/android-native/app/src/main/cpp/front_ui_session_v87.cpp,script parsed-string bridge uses exact lookup key and return type.,pseudocode/0044/0044de4c.c; assembly-functions.asm @ 0x44de4c; xrefs.jsonl @ 0x44de4c,partial,"IDA 0x44de4c implements script parsed-string bridge. Port exposes NativeGetParsedString and routes to localization parsed-string services: port/android-native/app/src/main/cpp/front_ui_session_v87.cpp:794-797,960; parser behavior is in port/engine-ui/localization_parse_ex_v1.cpp:26-73. Some format cases are unsupported/unconnected.",not_run,not_run: no integrated Act 1 acceptance evidence reviewed.,P1,unassigned
DS-0109,Shared game data,Localization/config/XML,libDungeonHunter2.so,0x4ac5c0,Arrays::GetMemberIDByString<Arrays::StrID_Languages>(char const*),port/game-data/design_settings.cpp; port/game-data/data.cpp; port/level-loader; port/android-native/app/src/main; port/android-native/app/src/main/cpp/native_process_startup_v119.inc; port/android-native/app/src/main/cpp/front_ui_session_v87.cpp,language table stable IDs agree across config selection and text lookup.,pseudocode/004a/004ac5c0.c; assembly-functions.asm @ 0x4ac5c0; xrefs.jsonl @ 0x4ac5c0,partial,"IDA 0x4ac5c0 maps language strings to stable table IDs. Port stores selected language as localization/settings pack index and indexes localized sheets, but exact stable-ID/table mapping is not demonstrated by these source owners: port/engine-ui/localization.cpp:36-78; port/android-native/app/src/main/cpp/front_ui_session_v87.cpp:385-386.",not_run,not_run: no integrated Act 1 acceptance evidence reviewed.,P1,unassigned
DS-0110,Shared game data,Localization/config/XML,libDungeonHunter2.so,0x38a38c,"Module::_ChooseXmls(std::string&, std::string&) const",port/game-data/design_settings.cpp; port/game-data/data.cpp; port/level-loader; port/android-native/app/src/main; port/android-native/app/src/main/cpp/native_process_startup_v119.inc; port/android-native/app/src/main/cpp/front_ui_session_v87.cpp,language/platform XML candidate selection and fallback ordering match.,pseudocode/0038/0038a38c.c; assembly-functions.asm @ 0x38a38c; xrefs.jsonl @ 0x38a38c,partial,"IDA 0x38a38c selects weighted alternate XML candidates and preserves primary strings on the no-alternate/fallback path. Port implements split candidates, weights, count validation, random roll, and selected output: port/level-world/module_xml_selection_v1.cpp:10-25. It rejects count mismatch rather than reproducing the source unsafe vector-read domain.",not_run,not_run: no integrated Act 1 acceptance evidence reviewed.,P1,unassigned
DS-0111,Shared game data,Localization/config/XML,libDungeonHunter2.so,0x32b6b8,"glitch::debugger::CTweakable::loadXML(char const*, bool)",port/game-data/design_settings.cpp; port/game-data/data.cpp; port/level-loader; port/android-native/app/src/main; port/android-native/app/src/main/cpp/native_process_startup_v119.inc; port/android-native/app/src/main/cpp/front_ui_session_v87.cpp,"XML config parse/update order, type coercion, and absent-field retention match.",pseudocode/0032/0032b6b8.c; assembly-functions.asm @ 0x32b6b8; xrefs.jsonl @ 0x32b6b8,missing,"IDA 0x32b6b8 parses and updates CTweakable XML config groups. Scoped source search in port/engine-ui, port/game-data, and port/level-loader found no CTweakable owner or equivalent parser; settings XML/file code serves a different settings path.",not_run,not_run: no integrated Act 1 acceptance evidence reviewed.,P1,unassigned
DS-0112,Shared game data,Localization/config/XML,libDungeonHunter2.so,0x327be0,"glitch::debugger::CTweakable::writeGroup(SGroup&, CXMLWriter&, bool)",port/game-data/design_settings.cpp; port/game-data/data.cpp; port/level-loader; port/android-native/app/src/main; port/android-native/app/src/main/cpp/native_process_startup_v119.inc; port/android-native/app/src/main/cpp/front_ui_session_v87.cpp,XML config writer emits original group/member order and value representations.,pseudocode/0032/00327be0.c; assembly-functions.asm @ 0x327be0; xrefs.jsonl @ 0x327be0,missing,"IDA 0x327be0 serializes CTweakable group/member values to XML. Scoped source search in port/engine-ui, port/game-data, and port/level-loader found no CTweakable writer; the current settings persistence path writes its own formats.",not_run,not_run: no integrated Act 1 acceptance evidence reviewed.,P1,unassigned
DS-0113,Shared game data,Localization/config/XML,libDungeonHunter2.so,0x34b868,"ObjectManager::LoadFromXML(TiXmlElement*, char const*, Point3D<float> const&, int)",port/game-data/design_settings.cpp; port/game-data/data.cpp; port/level-loader; port/android-native/app/src/main; port/android-native/app/src/main/cpp/native_process_startup_v119.inc; port/android-native/app/src/main/cpp/front_ui_session_v87.cpp,XML object loader maps named attributes/properties and transforms to object initialization fields.,pseudocode/0034/0034b868.c; assembly-functions.asm @ 0x34b868; xrefs.jsonl @ 0x34b868,partial,"IDA 0x34b868 maps XML object attributes/properties into ObjectManager creation. Port parses gametype/name/template and factory route, but leaves registered construction to services: port/level-loader/object_entry_v1.cpp:26-57. Transform and object initialization field delivery are not fully connected in this owner.",not_run,not_run: no integrated Act 1 acceptance evidence reviewed.,P1,unassigned
DS-0114,Shared game data,Localization/config/XML,libDungeonHunter2.so,0x34bbe4,"ObjectManager::LoadFromXML(TiXmlElement*, char const*)",port/game-data/design_settings.cpp; port/game-data/data.cpp; port/level-loader; port/android-native/app/src/main; port/android-native/app/src/main/cpp/native_process_startup_v119.inc; port/android-native/app/src/main/cpp/front_ui_session_v87.cpp,XML overload default transform/context values match the forwarding call contract.,pseudocode/0034/0034bbe4.c; assembly-functions.asm @ 0x34bbe4; xrefs.jsonl @ 0x34bbe4,partial,IDA 0x34bbe4 forwards the XML overload with default transform/context arguments. Port provides object-entry routing and factory metadata but does not establish a separate overload forwarding implementation: port/level-loader/object_entry_v1.cpp:26-55.,not_run,not_run: no integrated Act 1 acceptance evidence reviewed.,P1,unassigned
DS-0115,Shared game data,Localization/config/XML,libDungeonHunter2.so,0x3f01c8,Level::_LoadFromXML(TiXmlElement*),port/game-data/design_settings.cpp; port/game-data/data.cpp; port/level-loader; port/android-native/app/src/main; port/android-native/app/src/main/cpp/native_process_startup_v119.inc; port/android-native/app/src/main/cpp/front_ui_session_v87.cpp,level XML field names/defaults and resource references are consumed with original order.,pseudocode/003f/003f01c8.c; assembly-functions.asm @ 0x3f01c8; xrefs.jsonl @ 0x3f01c8,partial,"IDA 0x3f01c8 scans level XML roots/children and invokes object loading in original order. Port walks root children in order and delegates each element to load_element: port/level-loader/level_file_walk_v1.cpp:29-39,50-54; root matching and release sequencing are represented at :41-53. Level field/resource loading remains service-owned.",not_run,not_run: no integrated Act 1 acceptance evidence reviewed.,P1,unassigned
DS-0116,Shared game data,Localization/config/XML,libDungeonHunter2.so,0x3206d0,"Application::GetTitleString(char*, int)",port/game-data/design_settings.cpp; port/game-data/data.cpp; port/level-loader; port/android-native/app/src/main; port/android-native/app/src/main/cpp/native_process_startup_v119.inc; port/android-native/app/src/main/cpp/front_ui_session_v87.cpp,"localized title copy truncation, NUL termination, and selected language source match.",pseudocode/0032/003206d0.c; assembly-functions.asm @ 0x3206d0; xrefs.jsonl @ 0x3206d0,partial,IDA 0x3206d0 copies localized title into a bounded buffer. Port localization parser limits title output to source buffer bounds (32 bytes) and calls application title provider: port/engine-ui/localization_parse_ex_v1.cpp:44-48; port/engine-ui/localization.cpp:157-164. Exact GetTitleString output buffer copy/truncation behavior is delegated.,not_run,not_run: no integrated Act 1 acceptance evidence reviewed.,P1,unassigned
DS-0117,Shared game data,Localization/config/XML,libDungeonHunter2.so,0x46d2b8,SavegameManager::getOptionString(char const*) const,port/game-data/design_settings.cpp; port/game-data/data.cpp; port/level-loader; port/android-native/app/src/main; port/android-native/app/src/main/cpp/native_process_startup_v119.inc; port/android-native/app/src/main/cpp/front_ui_session_v87.cpp,localized/config option key default and string lifetime are compatible with consumers.,pseudocode/0046/0046d2b8.c; assembly-functions.asm @ 0x46d2b8; xrefs.jsonl @ 0x46d2b8,partial,"IDA 0x46d2b8 returns configured option string/default. Current settings owner exposes integer option lookup; menu IDs route through localization: port/android-native/app/src/main/cpp/front_ui_session_v87.cpp:456-465. No direct SavegameManager string lifetime/default adapter identified, so consumer compatibility remains open.",not_run,not_run: no integrated Act 1 acceptance evidence reviewed.,P1,unassigned
DS-0118,Shared game data,BRES schema/consumers,libDungeonHunter2.so,0x0060e334,CColladaDatabase::getAnimationClipLibrary() const,port/engine-resources/resources.cpp; port/engine-resources/resources.hpp; port/scene-materials; port/engine-textures; port/android-native/app/src/main/cpp/model_renderer.cpp; port/level-loader/cached_level_file_v1.cpp,animation-clip root part resolves to the relocated file-relative target.,pseudocode/0060/0060e334.c; assembly-functions.asm @ 0x0060e334; xrefs.jsonl @ 0x0060e334,implemented,IDA 0x60e334 returns the animation-clip library root member at its root offset. Port root-part accessor returns root+0x34 and bounds-checks root image: port/engine-resources/resources.cpp:207-211; root layout enum in port/engine-resources/resources.hpp (RootPart).,not_run,not_run: no integrated Act 1 acceptance evidence reviewed.,P1,unassigned
DS-0119,Shared game data,BRES schema/consumers,libDungeonHunter2.so,0x0060e348,CColladaDatabase::getScene() const,port/engine-resources/resources.cpp; port/engine-resources/resources.hpp; port/scene-materials; port/engine-textures; port/android-native/app/src/main/cpp/model_renderer.cpp; port/level-loader/cached_level_file_v1.cpp,Scene root-part accessor returns the root member at root+0xb8; compare address calculation and caller-side null assumptions.,pseudocode/0060/0060e348.c; assembly-functions.asm @ 0x0060e348; xrefs.jsonl @ 0x0060e348,implemented,IDA 0x60e348 returns scene root member at root+0xb8. Port returns that relocated root field address and returns null for invalid root: port/engine-resources/resources.cpp:207-211. IDA accessor itself is a field accessor; the original check does not establish broad invalid-root policy.,not_run,not_run: no integrated Act 1 acceptance evidence reviewed.,P1,unassigned
DS-0120,Shared game data,BRES schema/consumers,libDungeonHunter2.so,0x0060e35c,CColladaDatabase::getAnimation(int) const,port/engine-resources/resources.cpp; port/engine-resources/resources.hpp; port/scene-materials; port/engine-textures; port/android-native/app/src/main/cpp/model_renderer.cpp; port/level-loader/cached_level_file_v1.cpp,animation index bounds and library stride select correct record.,pseudocode/0060/0060e35c.c; assembly-functions.asm @ 0x0060e35c; xrefs.jsonl @ 0x0060e35c,implemented,"IDA 0x60e35c selects animation[index] using library base and stride. Port animation library entry is stride 0x20 and common indexed accessor applies index bounds and stride: port/engine-resources/resources.cpp:110-117,121-130,202-205.",not_run,not_run: no integrated Act 1 acceptance evidence reviewed.,P1,unassigned
DS-0121,Shared game data,BRES schema/consumers,libDungeonHunter2.so,0x0060e374,CColladaDatabase::getAnimationClip(int) const,port/engine-resources/resources.cpp; port/engine-resources/resources.hpp; port/scene-materials; port/engine-textures; port/android-native/app/src/main/cpp/model_renderer.cpp; port/level-loader/cached_level_file_v1.cpp,animation clip index bounds and library stride select correct record.,pseudocode/0060/0060e374.c; assembly-functions.asm @ 0x0060e374; xrefs.jsonl @ 0x0060e374,implemented,"IDA 0x60e374 selects animation-clip[index]. Port animation_clip layout is stride 0x0c and common indexed accessor bounds-checks and strides: port/engine-resources/resources.cpp:110-117,121-130,202-205.",not_run,not_run: no integrated Act 1 acceptance evidence reviewed.,P1,unassigned
DS-0122,Shared game data,BRES schema/consumers,libDungeonHunter2.so,0x0060e390,CColladaDatabase::getCamera(int) const,port/engine-resources/resources.cpp; port/engine-resources/resources.hpp; port/scene-materials; port/engine-textures; port/android-native/app/src/main/cpp/model_renderer.cpp; port/level-loader/cached_level_file_v1.cpp,camera library item lookup preserves index and missing behavior.,pseudocode/0060/0060e390.c; assembly-functions.asm @ 0x0060e390; xrefs.jsonl @ 0x0060e390,implemented,"IDA 0x60e390 selects camera[index]. Port camera layout uses stride 0x1c and the common accessor applies bounds and stride: port/engine-resources/resources.cpp:110-117,121-130,202-205.",not_run,not_run: no integrated Act 1 acceptance evidence reviewed.,P1,unassigned
DS-0123,Shared game data,BRES schema/consumers,libDungeonHunter2.so,0x0060e3ac,CColladaDatabase::getLight(int) const,port/engine-resources/resources.cpp; port/engine-resources/resources.hpp; port/scene-materials; port/engine-textures; port/android-native/app/src/main/cpp/model_renderer.cpp; port/level-loader/cached_level_file_v1.cpp,light library item lookup preserves index and missing behavior.,pseudocode/0060/0060e3ac.c; assembly-functions.asm @ 0x0060e3ac; xrefs.jsonl @ 0x0060e3ac,implemented,"IDA 0x60e3ac selects light[index]. Port light layout uses stride 0x18 and common accessor applies bounds and stride: port/engine-resources/resources.cpp:110-117,121-130,202-205.",not_run,not_run: no integrated Act 1 acceptance evidence reviewed.,P1,unassigned
DS-0124,Shared game data,BRES schema/consumers,libDungeonHunter2.so,0x0060e3c8,CColladaDatabase::getImage(int) const,port/engine-resources/resources.cpp; port/engine-resources/resources.hpp; port/scene-materials; port/engine-textures; port/android-native/app/src/main/cpp/model_renderer.cpp; port/level-loader/cached_level_file_v1.cpp,image library item lookup preserves index and missing behavior.,pseudocode/0060/0060e3c8.c; assembly-functions.asm @ 0x0060e3c8; xrefs.jsonl @ 0x0060e3c8,implemented,"IDA 0x60e3c8 selects image[index]. Port image layout uses stride 0x14 and common accessor applies bounds and stride: port/engine-resources/resources.cpp:110-117,121-130,202-205.",not_run,not_run: no integrated Act 1 acceptance evidence reviewed.,P1,unassigned
DS-0125,Shared game data,BRES schema/consumers,libDungeonHunter2.so,0x0060e3e4,CColladaDatabase::getEffect(int) const,port/engine-resources/resources.cpp; port/engine-resources/resources.hpp; port/scene-materials; port/engine-textures; port/android-native/app/src/main/cpp/model_renderer.cpp; port/level-loader/cached_level_file_v1.cpp,effect library item lookup preserves index and missing behavior.,pseudocode/0060/0060e3e4.c; assembly-functions.asm @ 0x0060e3e4; xrefs.jsonl @ 0x0060e3e4,implemented,"IDA 0x60e3e4 selects effect[index]. Port effect layout uses stride 0x74 and common accessor applies bounds and stride: port/engine-resources/resources.cpp:110-117,121-130,202-205.",not_run,not_run: no integrated Act 1 acceptance evidence reviewed.,P1,unassigned
DS-0126,Shared game data,BRES schema/consumers,libDungeonHunter2.so,0x0060e400,CColladaDatabase::getMaterial(int) const,port/engine-resources/resources.cpp; port/engine-resources/resources.hpp; port/scene-materials; port/engine-textures; port/android-native/app/src/main/cpp/model_renderer.cpp; port/level-loader/cached_level_file_v1.cpp,material library item lookup preserves index and missing behavior.,pseudocode/0060/0060e400.c; assembly-functions.asm @ 0x0060e400; xrefs.jsonl @ 0x0060e400,implemented,"IDA 0x60e400 selects material[index]. Port material layout uses stride 0x24 and common accessor applies bounds and stride: port/engine-resources/resources.cpp:110-117,121-130,202-205.",not_run,not_run: no integrated Act 1 acceptance evidence reviewed.,P1,unassigned
DS-0127,Shared game data,BRES schema/consumers,libDungeonHunter2.so,0x0060e41c,CColladaDatabase::getGeometry(int) const,port/engine-resources/resources.cpp; port/engine-resources/resources.hpp; port/scene-materials; port/engine-textures; port/android-native/app/src/main/cpp/model_renderer.cpp; port/level-loader/cached_level_file_v1.cpp,geometry library item lookup preserves index and stride.,pseudocode/0060/0060e41c.c; assembly-functions.asm @ 0x0060e41c; xrefs.jsonl @ 0x0060e41c,implemented,"IDA 0x60e41c selects geometry[index]. Port geometry layout uses stride 0x10 and common accessor applies bounds and stride: port/engine-resources/resources.cpp:110-117,121-130,202-205.",not_run,not_run: no integrated Act 1 acceptance evidence reviewed.,P1,unassigned
DS-0128,Shared game data,BRES schema/consumers,libDungeonHunter2.so,0x0060e434,CColladaDatabase::getController(int) const,port/engine-resources/resources.cpp; port/engine-resources/resources.hpp; port/scene-materials; port/engine-textures; port/android-native/app/src/main/cpp/model_renderer.cpp; port/level-loader/cached_level_file_v1.cpp,controller library item lookup preserves index and stride.,pseudocode/0060/0060e434.c; assembly-functions.asm @ 0x0060e434; xrefs.jsonl @ 0x0060e434,implemented,"IDA 0x60e434 selects controller[index]. Port controller layout uses stride 0x0c and common accessor applies bounds and stride: port/engine-resources/resources.cpp:110-117,121-130,202-205.",not_run,not_run: no integrated Act 1 acceptance evidence reviewed.,P1,unassigned
DS-0129,Shared game data,BRES schema/consumers,libDungeonHunter2.so,0x0060e450,CColladaDatabase::getForce(int) const,port/engine-resources/resources.cpp; port/engine-resources/resources.hpp; port/scene-materials; port/engine-textures; port/android-native/app/src/main/cpp/model_renderer.cpp; port/level-loader/cached_level_file_v1.cpp,force library item lookup preserves index and missing behavior.,pseudocode/0060/0060e450.c; assembly-functions.asm @ 0x0060e450; xrefs.jsonl @ 0x0060e450,implemented,"IDA 0x60e450 selects force[index]. Port force layout uses stride 0x10 and common accessor applies bounds and stride: port/engine-resources/resources.cpp:110-117,121-130,202-205.",not_run,not_run: no integrated Act 1 acceptance evidence reviewed.,P1,unassigned
DS-0130,Shared game data,BRES schema/consumers,libDungeonHunter2.so,0x0060e468,CColladaDatabase::getEmitter(int) const,port/engine-resources/resources.cpp; port/engine-resources/resources.hpp; port/scene-materials; port/engine-textures; port/android-native/app/src/main/cpp/model_renderer.cpp; port/level-loader/cached_level_file_v1.cpp,emitter library item lookup preserves index and stride.,pseudocode/0060/0060e468.c; assembly-functions.asm @ 0x0060e468; xrefs.jsonl @ 0x0060e468,implemented,"IDA 0x60e468 selects emitter[index]. Port emitter layout uses stride 0x90 and common accessor applies bounds and stride: port/engine-resources/resources.cpp:110-117,121-130,202-205.",not_run,not_run: no integrated Act 1 acceptance evidence reviewed.,P1,unassigned
DS-0131,Shared game data,BRES schema/consumers,libDungeonHunter2.so,0x0060e484,CColladaDatabase::getGNPSEmitter(int) const,port/engine-resources/resources.cpp; port/engine-resources/resources.hpp; port/scene-materials; port/engine-textures; port/android-native/app/src/main/cpp/model_renderer.cpp; port/level-loader/cached_level_file_v1.cpp,GNPS-emitter library lookup selects the distinct library slot.,pseudocode/0060/0060e484.c; assembly-functions.asm @ 0x0060e484; xrefs.jsonl @ 0x0060e484,implemented,"IDA 0x60e484 selects GNPS emitter library slot. Port enum has distinct gnps_emitter and layout stride 0xe8; common indexed accessor applies bounds/stride: port/engine-resources/resources.hpp (Library enum); port/engine-resources/resources.cpp:110-117,121-130,202-205.",not_run,not_run: no integrated Act 1 acceptance evidence reviewed.,P1,unassigned
DS-0132,Shared game data,BRES schema/consumers,libDungeonHunter2.so,0x0060e4a0,CColladaDatabase::getCoronas(int) const,port/engine-resources/resources.cpp; port/engine-resources/resources.hpp; port/scene-materials; port/engine-textures; port/android-native/app/src/main/cpp/model_renderer.cpp; port/level-loader/cached_level_file_v1.cpp,corona library lookup selects the original root/library member.,pseudocode/0060/0060e4a0.c; assembly-functions.asm @ 0x0060e4a0; xrefs.jsonl @ 0x0060e4a0,implemented,"IDA 0x60e4a0 selects coronas library slot. Port coronas layout is distinct at root offsets 0x90/0x94, stride 0x24: port/engine-resources/resources.cpp:110-117; indexed accessor uses that layout at :121-130,202-205.",not_run,not_run: no integrated Act 1 acceptance evidence reviewed.,P1,unassigned
DS-0133,Shared game data,BRES schema/consumers,libDungeonHunter2.so,0x0060e2a8,CColladaDatabase::getVersion() const,port/engine-resources/resources.cpp; port/engine-resources/resources.hpp; port/scene-materials; port/engine-textures; port/android-native/app/src/main/cpp/model_renderer.cpp; port/level-loader/cached_level_file_v1.cpp,BRES version string access honors root string relocation and null termination.,pseudocode/0060/0060e2a8.c; assembly-functions.asm @ 0x0060e2a8; xrefs.jsonl @ 0x0060e2a8,implemented,"IDA 0x60e2a8 returns version string through root relocation. Port reads the root-relative file offset, bounds-checks it, and requires a terminating NUL before return: port/engine-resources/resources.cpp:213-219. This implements the bounded data behavior; it does not recreate the original object ABI.",not_run,not_run: no integrated Act 1 acceptance evidence reviewed.,P1,unassigned
DS-0134,Shared game data,Serialization safety/ownership,libDungeonHunter2.so,0x3a3ad0,IStreamBase::writeAs<Structs::CharacterProperties>(Structs::CharacterProperties const&),port/game-data/player_savegame_v1.cpp; port/engine-resources/resources.cpp; port/engine-resources/resources.hpp; port/asset-payloads/zip_asset_pack_v1.cpp; port/asset-payloads/zip_asset_pack_v1.hpp; port/game-data/player_save_load_owner_v1.cpp; port/game-data/player_save_write_owner_v1.cpp; port/android-native/app/src/main/cpp/front_ui_session_v87.cpp,character-property serializer writes the exact packed field sequence consumed by reader.,pseudocode/003a/003a3ad0.c; assembly-functions.asm @ 0x3a3ad0; xrefs.jsonl @ 0x3a3ad0,partial,"IDA 0x3a3ad0 writes CharacterProperties through IStreamBase serialization. Port named writer has section-specific byte emitters and does not provide a generic CharacterProperties serializer in cited owner: port/game-data/player_save_named_writer_v1.cpp:9-15,60-81; scoped search of port/game-data for CharacterProperties writer found no corresponding serializer.",not_run,not_run: no integrated Act 1 acceptance evidence reviewed.,P0,unassigned
DS-0135,Shared game data,Serialization safety/ownership,libDungeonHunter2.so,0x3a3b80,IStreamBase::writeAs<Point3D<float>>(Point3D<float> const&),port/game-data/player_savegame_v1.cpp; port/engine-resources/resources.cpp; port/engine-resources/resources.hpp; port/asset-payloads/zip_asset_pack_v1.cpp; port/asset-payloads/zip_asset_pack_v1.hpp; port/game-data/player_save_load_owner_v1.cpp; port/game-data/player_save_write_owner_v1.cpp; port/android-native/app/src/main/cpp/front_ui_session_v87.cpp,point serializer component order/width round-trips with point reader.,pseudocode/003a/003a3b80.c; assembly-functions.asm @ 0x3a3b80; xrefs.jsonl @ 0x3a3b80,partial,"IDA 0x3a3b80 writes Point3D components through IStreamBase. Port uses explicit little-endian field bytes for named save payloads, but no Point3D writer/reader pair was found in the scoped serialization owner: port/game-data/player_save_named_writer_v1.cpp:14,60-79.",not_run,not_run: no integrated Act 1 acceptance evidence reviewed.,P0,unassigned
DS-0136,Shared game data,Serialization safety/ownership,libDungeonHunter2.so,0x461770,IStreamBase::writeAs<unsigned int>(unsigned int const&),port/game-data/player_savegame_v1.cpp; port/engine-resources/resources.cpp; port/engine-resources/resources.hpp; port/asset-payloads/zip_asset_pack_v1.cpp; port/asset-payloads/zip_asset_pack_v1.hpp; port/game-data/player_save_load_owner_v1.cpp; port/game-data/player_save_write_owner_v1.cpp; port/android-native/app/src/main/cpp/front_ui_session_v87.cpp,32-bit scalar writer endianness/width pairs with readAs<uint32>.,pseudocode/0046/00461770.c; assembly-functions.asm @ 0x461770; xrefs.jsonl @ 0x461770,partial,IDA 0x461770 writes a 32-bit unsigned scalar to IStreamBase. Port named writer emits int32 values as four little-endian bytes: port/game-data/player_save_named_writer_v1.cpp:14; however no direct generic writeAs<uint32> adapter is established.,not_run,not_run: no integrated Act 1 acceptance evidence reviewed.,P0,unassigned
DS-0137,Shared game data,Serialization safety/ownership,libDungeonHunter2.so,0x38b808,IStreamBase::writeAs<int>(int const&),port/game-data/player_savegame_v1.cpp; port/engine-resources/resources.cpp; port/engine-resources/resources.hpp; port/asset-payloads/zip_asset_pack_v1.cpp; port/asset-payloads/zip_asset_pack_v1.hpp; port/game-data/player_save_load_owner_v1.cpp; port/game-data/player_save_write_owner_v1.cpp; port/android-native/app/src/main/cpp/front_ui_session_v87.cpp,signed scalar writer preserves two's-complement word bytes.,pseudocode/0038/0038b808.c; assembly-functions.asm @ 0x38b808; xrefs.jsonl @ 0x38b808,partial,IDA 0x38b808 writes a 32-bit signed word. Port named writer converts signed values to uint32 and emits four little-endian bytes: port/game-data/player_save_named_writer_v1.cpp:14; generic IStreamBase signed scalar path is not exposed.,not_run,not_run: no integrated Act 1 acceptance evidence reviewed.,P0,unassigned
DS-0138,Shared game data,Serialization safety/ownership,libDungeonHunter2.so,0x39f828,IStreamBase::writeAs<unsigned char>(unsigned char const&),port/game-data/player_savegame_v1.cpp; port/engine-resources/resources.cpp; port/engine-resources/resources.hpp; port/asset-payloads/zip_asset_pack_v1.cpp; port/asset-payloads/zip_asset_pack_v1.hpp; port/game-data/player_save_load_owner_v1.cpp; port/game-data/player_save_write_owner_v1.cpp; port/android-native/app/src/main/cpp/front_ui_session_v87.cpp,byte writer emits exactly one byte.,pseudocode/0039/0039f828.c; assembly-functions.asm @ 0x39f828; xrefs.jsonl @ 0x39f828,partial,"IDA 0x39f828 writes one byte for unsigned char. Port includes one-byte state delivery in FAES writer: port/game-data/player_save_named_writer_v1.cpp:71-76, but no generic IStreamBase byte writer is exposed.",not_run,not_run: no integrated Act 1 acceptance evidence reviewed.,P0,unassigned
DS-0139,Shared game data,Serialization safety/ownership,libDungeonHunter2.so,0x33e138,IStreamBase::writeAs<bool>(bool const&),port/game-data/player_savegame_v1.cpp; port/engine-resources/resources.cpp; port/engine-resources/resources.hpp; port/asset-payloads/zip_asset_pack_v1.cpp; port/asset-payloads/zip_asset_pack_v1.hpp; port/game-data/player_save_load_owner_v1.cpp; port/game-data/player_save_write_owner_v1.cpp; port/android-native/app/src/main/cpp/front_ui_session_v87.cpp,bool writer emits the original representation and width.,pseudocode/0033/0033e138.c; assembly-functions.asm @ 0x33e138; xrefs.jsonl @ 0x33e138,partial,IDA 0x33e138 writes bool representation/width. Port writes boolean-like state bytes in FAES data but does not establish the generic bool writeAs adapter or all bool fields: port/game-data/player_save_named_writer_v1.cpp:71-76.,not_run,not_run: no integrated Act 1 acceptance evidence reviewed.,P0,unassigned
DS-0140,Shared game data,Serialization safety/ownership,libDungeonHunter2.so,0x4616c0,IStreamBase::writeAs<unsigned long long>(unsigned long long const&),port/game-data/player_savegame_v1.cpp; port/engine-resources/resources.cpp; port/engine-resources/resources.hpp; port/asset-payloads/zip_asset_pack_v1.cpp; port/asset-payloads/zip_asset_pack_v1.hpp; port/game-data/player_save_load_owner_v1.cpp; port/game-data/player_save_write_owner_v1.cpp; port/android-native/app/src/main/cpp/front_ui_session_v87.cpp,64-bit writer preserves serialized width independent of ARM32 long ABI.,pseudocode/0046/004616c0.c; assembly-functions.asm @ 0x4616c0; xrefs.jsonl @ 0x4616c0,partial,"IDA 0x4616c0 writes an eight-byte unsigned value. Scoped search of port/game-data named writer has no uint64/unsigned-long-long serializer; available integer helper is explicitly four bytes: port/game-data/player_save_named_writer_v1.cpp:14,81.",not_run,not_run: no integrated Act 1 acceptance evidence reviewed.,P0,unassigned
DS-0141,Shared game data,Serialization safety/ownership,libDungeonHunter2.so,0x468db8,IStreamBase::writeAs<unsigned short>(unsigned short const&),port/game-data/player_savegame_v1.cpp; port/engine-resources/resources.cpp; port/engine-resources/resources.hpp; port/asset-payloads/zip_asset_pack_v1.cpp; port/asset-payloads/zip_asset_pack_v1.hpp; port/game-data/player_save_load_owner_v1.cpp; port/game-data/player_save_write_owner_v1.cpp; port/android-native/app/src/main/cpp/front_ui_session_v87.cpp,16-bit writer byte layout is compatible with original short reader.,pseudocode/0046/00468db8.c; assembly-functions.asm @ 0x468db8; xrefs.jsonl @ 0x468db8,partial,"IDA .local-inputs/ida-apk-export-2026-10-07/libraries/libDungeonHunter2.so/pseudocode/0046/00468db8.c: the uint16 writer makes one virtual write of exactly 2 bytes and asserts if count differs. Port has byte-span write with cursor advance (port/level-world/savegame_stream_v2.cpp:9) and u32/u64 helpers (port/level-world/savegame_stream_v2.cpp:12-13), but no uint16 typed writer in SavegameStreamV2. Exact typed write adapter is not present in the reviewed stream API.",not_run,not_run: no integrated Act 1 acceptance evidence reviewed.,P0,unassigned
DS-0142,Shared game data,Serialization safety/ownership,libDungeonHunter2.so,0x468e68,IStreamBase::writeAs<signed char>(signed char const&),port/game-data/player_savegame_v1.cpp; port/engine-resources/resources.cpp; port/engine-resources/resources.hpp; port/asset-payloads/zip_asset_pack_v1.cpp; port/asset-payloads/zip_asset_pack_v1.hpp; port/game-data/player_save_load_owner_v1.cpp; port/game-data/player_save_write_owner_v1.cpp; port/android-native/app/src/main/cpp/front_ui_session_v87.cpp,signed byte writer preserves raw low byte.,pseudocode/0046/00468e68.c; assembly-functions.asm @ 0x468e68; xrefs.jsonl @ 0x468e68,partial,IDA .local-inputs/ida-apk-export-2026-10-07/libraries/libDungeonHunter2.so/pseudocode/0046/00468e68.c: the signed-char writer passes one byte to the virtual write and asserts unless one byte is reported. Port has generic byte-span writing (port/level-world/savegame_stream_v2.cpp:9) but no signed-byte typed wrapper; equivalent use is caller-dependent.,not_run,not_run: no integrated Act 1 acceptance evidence reviewed.,P0,unassigned
DS-0143,Shared game data,Serialization safety/ownership,libDungeonHunter2.so,0x3a3a20,IStreamBase::readAs<Point3D<float>>(Point3D<float>&),port/game-data/player_savegame_v1.cpp; port/engine-resources/resources.cpp; port/engine-resources/resources.hpp; port/asset-payloads/zip_asset_pack_v1.cpp; port/asset-payloads/zip_asset_pack_v1.hpp; port/game-data/player_save_load_owner_v1.cpp; port/game-data/player_save_write_owner_v1.cpp; port/android-native/app/src/main/cpp/front_ui_session_v87.cpp,short/failed vector reads leave output fields in the original partially/fully initialized state.,pseudocode/003a/003a3a20.c; assembly-functions.asm @ 0x3a3a20; xrefs.jsonl @ 0x3a3a20,partial,"IDA .local-inputs/ida-apk-export-2026-10-07/libraries/libDungeonHunter2.so/pseudocode/003a/003a3a20.c: ReadAs<Point3D<float>> issues one 12-byte virtual read and asserts when the returned count differs. The port read requires the entire requested span and fails before copying/advancing on short input (port/level-world/savegame_stream_v2.cpp:8), so it does not preserve any partial destination mutation a concrete source stream might make.",not_run,not_run: no integrated Act 1 acceptance evidence reviewed.,P0,unassigned
DS-0144,Shared game data,Serialization safety/ownership,libDungeonHunter2.so,0x315848,"Savegame::load(char const*, callbacks, callbacks, void*)",port/game-data/player_savegame_v1.cpp; port/engine-resources/resources.cpp; port/engine-resources/resources.hpp; port/asset-payloads/zip_asset_pack_v1.cpp; port/asset-payloads/zip_asset_pack_v1.hpp; port/game-data/player_save_load_owner_v1.cpp; port/game-data/player_save_write_owner_v1.cpp; port/android-native/app/src/main/cpp/front_ui_session_v87.cpp,unknown section IDs and truncated section payloads follow original skip/fail policy.,pseudocode/0031/00315848.c; assembly-functions.asm @ 0x315848; xrefs.jsonl @ 0x315848,partial,"IDA .local-inputs/ida-apk-export-2026-10-07/libraries/libDungeonHunter2.so/pseudocode/0031/00315848.c: Savegame::load finds/creates named map entries, replaces callbacks/context for existing keys, and may consume cached payload through the Savegame stream. Reviewed player/level owners delegate section delivery (port/game-data/player_save_load_owner_v1.cpp:39-54); Level cache is a fixed INFO/OBJS cache, not the generic keyed loader (port/level-world/level_savegame_cache_v1.cpp:24-29). Unknown/truncated policy is not established end to end.",not_run,not_run: no integrated Act 1 acceptance evidence reviewed.,P0,unassigned
DS-0145,Shared game data,Serialization safety/ownership,libDungeonHunter2.so,0x315fb8,Savegame::saveAll(void),port/game-data/player_savegame_v1.cpp; port/engine-resources/resources.cpp; port/engine-resources/resources.hpp; port/asset-payloads/zip_asset_pack_v1.cpp; port/asset-payloads/zip_asset_pack_v1.hpp; port/game-data/player_save_load_owner_v1.cpp; port/game-data/player_save_write_owner_v1.cpp; port/android-native/app/src/main/cpp/front_ui_session_v87.cpp,empty profile and zero registered sections produce original header/empty-save bytes.,pseudocode/0031/00315fb8.c; assembly-functions.asm @ 0x315fb8; xrefs.jsonl @ 0x315fb8,partial,"IDA .local-inputs/ida-apk-export-2026-10-07/libraries/libDungeonHunter2.so/pseudocode/0031/00315fb8.c writes filename job, then a StreamBuffer starting with 0xffffffff, iterates registered sections, and patches section count; zero sections therefore retain the header plus zero count. The port provides low-level u32 serialization (port/level-world/savegame_stream_v2.cpp:12) and separate job/writer owners, but the reviewed SavegameStreamV2 itself does not establish this empty Savegame::saveAll layout.",not_run,not_run: no integrated Act 1 acceptance evidence reviewed.,P0,unassigned
DS-0146,Shared game data,Serialization safety/ownership,libDungeonHunter2.so,0x316494,"StreamBuffer::read(void*, unsigned long long)",port/game-data/player_savegame_v1.cpp; port/engine-resources/resources.cpp; port/engine-resources/resources.hpp; port/asset-payloads/zip_asset_pack_v1.cpp; port/asset-payloads/zip_asset_pack_v1.hpp; port/game-data/player_save_load_owner_v1.cpp; port/game-data/player_save_write_owner_v1.cpp; port/android-native/app/src/main/cpp/front_ui_session_v87.cpp,buffer read clamps to remaining bytes and reports the exact count at EOF.,pseudocode/0031/00316494.c; assembly-functions.asm @ 0x316494; xrefs.jsonl @ 0x316494,partial,"IDA .local-inputs/ida-apk-export-2026-10-07/libraries/libDungeonHunter2.so/pseudocode/0031/00316494.c delegates to Buffer::read and advances the read cursor by the actual returned count, including short reads. Port SavegameStreamV2::read rejects a short span before copying or moving its cursor (port/level-world/savegame_stream_v2.cpp:8); no short-read parity is established.",not_run,not_run: no integrated Act 1 acceptance evidence reviewed.,P0,unassigned
DS-0147,Shared game data,Serialization safety/ownership,libDungeonHunter2.so,0x316568,"Buffer::read(unsigned int, void*, unsigned int) const",port/game-data/player_savegame_v1.cpp; port/engine-resources/resources.cpp; port/engine-resources/resources.hpp; port/asset-payloads/zip_asset_pack_v1.cpp; port/asset-payloads/zip_asset_pack_v1.hpp; port/game-data/player_save_load_owner_v1.cpp; port/game-data/player_save_write_owner_v1.cpp; port/android-native/app/src/main/cpp/front_ui_session_v87.cpp,Buffer::read maps an offset to blocks and copies across block boundaries; the decompiled body does not validate offset+length or preserve output on invalid ranges. Compare backing-block behavior and boundary cases.,pseudocode/0031/00316568.c; assembly-functions.asm @ 0x316568; xrefs.jsonl @ 0x316568,partial,IDA .local-inputs/ida-apk-export-2026-10-07/libraries/libDungeonHunter2.so/pseudocode/0031/00316568.c computes block number/offset from the requested offset and memcpy-copies across block boundaries; it contains no offset+length bounds validation in the shown body (only a backing-block assertion). Port stream read is sequential and rejects incomplete spans (port/level-world/savegame_stream_v2.cpp:8); it does not implement this segmented random-access Buffer operation.,not_run,not_run: no integrated Act 1 acceptance evidence reviewed.,P0,unassigned
DS-0148,Shared game data,Serialization safety/ownership,libDungeonHunter2.so,0x3171b8,StreamBuffer::StreamBuffer(IStreamBase*),port/game-data/player_savegame_v1.cpp; port/engine-resources/resources.cpp; port/engine-resources/resources.hpp; port/asset-payloads/zip_asset_pack_v1.cpp; port/asset-payloads/zip_asset_pack_v1.hpp; port/game-data/player_save_load_owner_v1.cpp; port/game-data/player_save_write_owner_v1.cpp; port/android-native/app/src/main/cpp/front_ui_session_v87.cpp,stream buffer snapshots source cursor/size and owns backing bytes exactly as original.,pseudocode/0031/003171b8.c; assembly-functions.asm @ 0x3171b8; xrefs.jsonl @ 0x3171b8,partial,"IDA .local-inputs/ida-apk-export-2026-10-07/libraries/libDungeonHunter2.so/pseudocode/0031/003171b8.c initializes cursors/storage metadata, reads source size, expands backing Buffer, and copies the entire source stream into the buffer. Port SavegameStreamV2 can adopt or copy a vector (port/level-world/savegame_stream_v2.cpp:constructor in port/level-world/savegame_stream_v2.hpp:13-14) but is not the original IStreamBase snapshot constructor and does not expose its static backing/assertion state.",not_run,not_run: no integrated Act 1 acceptance evidence reviewed.,P0,unassigned
DS-0149,Shared game data,Serialization safety/ownership,libDungeonHunter2.so,0x316408,IStreamBase::seekWrite(unsigned long long),port/game-data/player_savegame_v1.cpp; port/engine-resources/resources.cpp; port/engine-resources/resources.hpp; port/asset-payloads/zip_asset_pack_v1.cpp; port/asset-payloads/zip_asset_pack_v1.hpp; port/game-data/player_save_load_owner_v1.cpp; port/game-data/player_save_write_owner_v1.cpp; port/android-native/app/src/main/cpp/front_ui_session_v87.cpp,write seek accepts/rejects offsets according to original stream bounds.,pseudocode/0031/00316408.c; assembly-functions.asm @ 0x316408; xrefs.jsonl @ 0x316408,partial,"IDA .local-inputs/ida-apk-export-2026-10-07/libraries/libDungeonHunter2.so/pseudocode/0031/00316408.c is a wrapper that forwards the 64-bit argument to vtable slot +32 and returns the backend result; it has no local bounds check. Port seek_write clamps to current byte size and returns void (port/level-world/savegame_stream_v2.cpp:7), which is not equivalent to backend acceptance/rejection.",not_run,not_run: no integrated Act 1 acceptance evidence reviewed.,P0,unassigned
DS-0150,Shared game data,Serialization safety/ownership,libDungeonHunter2.so,0x31641c,IStreamBase::tellWrite() const,port/game-data/player_savegame_v1.cpp; port/engine-resources/resources.cpp; port/engine-resources/resources.hpp; port/asset-payloads/zip_asset_pack_v1.cpp; port/asset-payloads/zip_asset_pack_v1.hpp; port/game-data/player_save_load_owner_v1.cpp; port/game-data/player_save_write_owner_v1.cpp; port/android-native/app/src/main/cpp/front_ui_session_v87.cpp,reported write cursor tracks successful writes and seeks.,pseudocode/0031/0031641c.c; assembly-functions.asm @ 0x31641c; xrefs.jsonl @ 0x31641c,partial,IDA .local-inputs/ida-apk-export-2026-10-07/libraries/libDungeonHunter2.so/pseudocode/0031/0031641c.c forwards to the stream vtable tell-write slot and returns its value. Port exposes its own write cursor (port/level-world/savegame_stream_v2.cpp:7; header:17); this is analogous for SavegameStreamV2 but no generic backend forwarding/connected source IStream implementation is present.,not_run,not_run: no integrated Act 1 acceptance evidence reviewed.,P0,unassigned
DS-0151,Shared game data,Serialization safety/ownership,libDungeonHunter2.so,0x316458,StreamBuffer::canRead() const,port/game-data/player_savegame_v1.cpp; port/engine-resources/resources.cpp; port/engine-resources/resources.hpp; port/asset-payloads/zip_asset_pack_v1.cpp; port/asset-payloads/zip_asset_pack_v1.hpp; port/game-data/player_save_load_owner_v1.cpp; port/game-data/player_save_write_owner_v1.cpp; port/android-native/app/src/main/cpp/front_ui_session_v87.cpp,StreamBuffer::canRead returns 1 unconditionally in the supplied IDA pseudocode; it does not report EOF from the remaining-byte count.,pseudocode/0031/00316458.c; assembly-functions.asm @ 0x316458; xrefs.jsonl @ 0x316458,partial,"IDA .local-inputs/ida-apk-export-2026-10-07/libraries/libDungeonHunter2.so/pseudocode/0031/00316458.c returns constant 1, independent of cursor/available bytes. The reviewed SavegameStreamV2 has no canRead API (port/level-world/savegame_stream_v2.hpp:20-26); no equivalent method is connected.",not_run,not_run: no integrated Act 1 acceptance evidence reviewed.,P0,unassigned
