ID,System,Subsystem,IDA library,IDA address,IDA function,Source path(s),Check / expected behavior,IDA evidence,Implementation status,Implementation evidence,Runtime status,Acceptance evidence,Priority,Owner/session
XC-0001,Application/UI,Profile preview selection,libDungeonHunter2.so,0x42bd08,MenuMainMenu::SetupCharacter(void),port/engine-ui/authored_character_menu_session_v1.cpp; port/engine-ui/authored_character_menu_routes_v1.cpp; port/game-data/player_savegame_v1.cpp; port/level-loader/application_go_to_main_menu_v114.cpp,"Compare occupied- and empty-slot SetupCharacter branches, including CreatePlayer and SG_Load; preview data builder alone does not establish this menu branch.",pseudocode/0042/0042bd08.c:L11-L25; assembly-functions.asm @ 0x42bd08,partial,IDA pseudocode/0042/0042bd08.c has occupied/empty slot branches. Port computes three class preview definitions (game-data/class_preview_setup.cpp:5-48); menu loader delegates to actual MenuCharacterSelect.Init (menu_main_menu_load_v114.cpp:103-111); no source SG_Exists/CreatePlayer/SG_Load branch.,not_run,Acceptance: exercise the identified path in integrated Act 1 and record the cross-system state/result plus build/artifacts.,P1,unassigned
XC-0002,Application/UI,Profile preview selection,libDungeonHunter2.so,0x42bd08,MenuMainMenu::SetupCharacter(void),port/engine-ui/authored_character_menu_session_v1.cpp; port/engine-ui/authored_character_menu_routes_v1.cpp; port/game-data/player_savegame_v1.cpp; port/level-loader/application_go_to_main_menu_v114.cpp,Trace selected-slot sentinel and initialized character-select scene guards before preview creation; identify which guards are implemented in delegated Init.,pseudocode/0042/0042bd08.c:L11-L16; assembly-functions.asm @ 0x42bd08,partial,"IDA pseudocode/0042/0042bd08.c tests slot sentinel and initialized character-select context. Port delegates actual Init (menu_main_menu_load_v114.cpp:103-111) and has preview data (class_preview_setup.cpp:5-48), but no full guard source.",not_run,Acceptance: exercise the identified path in integrated Act 1 and record the cross-system state/result plus build/artifacts.,P2,unassigned
XC-0003,Application/UI,Profile preview selection,libDungeonHunter2.so,0x42c0d0,"MenuMainMenu::ChangeCharacterToDisplay(int, bool)",port/engine-ui/authored_character_menu_session_v1.cpp; port/engine-ui/authored_character_menu_routes_v1.cpp; port/game-data/player_savegame_v1.cpp; port/level-loader/application_go_to_main_menu_v114.cpp,"On slot change, compare order: destroy existing preview, replace selected slot, then call SetupCharacter.",pseudocode/0042/0042c0d0.c:L7-L13; assembly-functions.asm @ 0x42c0d0,partial,IDA pseudocode/0042/0042c0d0.c destroys preview before replacing slot and calling SetupCharacter. Source delegates CharacterSelect.Init (menu_main_menu_load_v114.cpp:103-111); preview data separate (class_preview_setup.cpp:5-48); no slot-change handler.,not_run,Acceptance: exercise the identified path in integrated Act 1 and record the cross-system state/result plus build/artifacts.,P2,unassigned
XC-0004,Application/UI,Profile preview selection,libDungeonHunter2.so,0x42c0d0; 0x42bd08,"MenuMainMenu::ChangeCharacterToDisplay(int, bool); MenuMainMenu::SetupCharacter(void)",port/engine-ui/authored_character_menu_session_v1.cpp; port/engine-ui/authored_character_menu_routes_v1.cpp; port/game-data/player_savegame_v1.cpp; port/level-loader/application_go_to_main_menu_v114.cpp,Trace selected slot from ChangeCharacterToDisplay into SetupCharacter and verify value used by SG_Exists.,pseudocode/0042/0042c0d0.c:L7-L13; assembly-functions.asm @ 0x42c0d0; pseudocode/0042/0042bd08.c:L11-L16; assembly-functions.asm @ 0x42bd08,partial,"IDA pseudocode/0042/0042c0d0.c writes slot and 0042bd08.c consumes it for SG_Exists. Preview builder takes class/loot/animation data, no save slot (class_preview_setup.cpp:5-48); menu loader delegates Init (menu_main_menu_load_v114.cpp:103-111).",not_run,Acceptance: exercise the identified path in integrated Act 1 and record the cross-system state/result plus build/artifacts.,P2,unassigned
XC-0005,Application/UI,Character selection input,libDungeonHunter2.so,0x4281b8,MenuCharacterSelect::OnEvent(RenderFX::Event &),port/engine-ui/authored_character_menu_session_v1.cpp; port/engine-ui/authored_character_menu_routes_v1.cpp; port/game-data/player_savegame_v1.cpp; port/level-loader/application_go_to_main_menu_v114.cpp,For event type 2 compare cached-character identity branches and bounded selected-index increment; trace connection to character-select menu.,pseudocode/0042/004281b8.c:L19-L40; assembly-functions.asm @ 0x4281b8,disconnected,"IDA pseudocode/0042/004281b8.c event type 2 compares cached-character pointers then increments bounded selected index. Scoped search found only generic menu operation/route code (authored_character_menu_session_v1.cpp:38-52; authored_character_menu_routes_v1.cpp:18-25), no character-select OnEvent.",not_run,Acceptance: exercise the identified path in integrated Act 1 and record the cross-system state/result plus build/artifacts.,P2,unassigned
XC-0006,Application/UI,Character selection input,libDungeonHunter2.so,0x4281b8,MenuCharacterSelect::OnEvent(RenderFX::Event &),port/engine-ui/authored_character_menu_session_v1.cpp; port/engine-ui/authored_character_menu_routes_v1.cpp; port/game-data/player_savegame_v1.cpp; port/level-loader/application_go_to_main_menu_v114.cpp,"For alternate cached-character identity, compare index decrement and zero-bound return, then trace its event-to-menu connection.",pseudocode/0042/004281b8.c:L31-L40; assembly-functions.asm @ 0x4281b8,disconnected,"IDA pseudocode/0042/004281b8.c alternate cached-character identity branch decrements index with zero lower bound. Generic authored-menu routing exists (authored_character_menu_session_v1.cpp:38-52; authored_character_menu_routes_v1.cpp:18-25), but no matching OnEvent branch.",not_run,Acceptance: exercise the identified path in integrated Act 1 and record the cross-system state/result plus build/artifacts.,P1,unassigned
XC-0007,Application/UI,Character selection input,libDungeonHunter2.so,0x4281b8,MenuCharacterSelect::OnEvent(RenderFX::Event &),port/engine-ui/authored_character_menu_session_v1.cpp; port/engine-ui/authored_character_menu_routes_v1.cpp; port/game-data/player_savegame_v1.cpp; port/level-loader/application_go_to_main_menu_v114.cpp,"Trace type-5 touch start and continuation in MenuCharacterSelect: store initial coordinate, then compute displacement on later events.",pseudocode/0042/004281b8.c:L42-L56; assembly-functions.asm @ 0x4281b8,disconnected,IDA pseudocode/0042/004281b8.c type-5 start stores touch coordinate and later type-5 events compute displacement. No source MenuCharacterSelect OnEvent found; authored menu operations are visibility/localization/AS invocation (authored_character_menu_session_v1.cpp:38-52).,not_run,Acceptance: exercise the identified path in integrated Act 1 and record the cross-system state/result plus build/artifacts.,P2,unassigned
XC-0008,Application/UI,Character selection input,libDungeonHunter2.so,0x4281b8,MenuCharacterSelect::OnEvent(RenderFX::Event &),port/engine-ui/authored_character_menu_session_v1.cpp; port/engine-ui/authored_character_menu_routes_v1.cpp; port/game-data/player_savegame_v1.cpp; port/level-loader/application_go_to_main_menu_v114.cpp,"Compare positive displacement threshold, index decrement and zero-bound return in native character-select handler.",pseudocode/0042/004281b8.c:L55-L61; assembly-functions.asm @ 0x4281b8,disconnected,IDA pseudocode/0042/004281b8.c positive swipe threshold decrements index and returns at zero bound. No character-select swipe/index path found; generic authored-menu op is unrelated (authored_character_menu_session_v1.cpp:38-52).,not_run,Acceptance: exercise the identified path in integrated Act 1 and record the cross-system state/result plus build/artifacts.,P2,unassigned
XC-0009,Application/UI,Character selection input,libDungeonHunter2.so,0x4281b8,MenuCharacterSelect::OnEvent(RenderFX::Event &),port/engine-ui/authored_character_menu_session_v1.cpp; port/engine-ui/authored_character_menu_routes_v1.cpp; port/game-data/player_savegame_v1.cpp; port/level-loader/application_go_to_main_menu_v114.cpp,"Compare negative displacement threshold, upper-bound guard and index increment in native character-select handler.",pseudocode/0042/004281b8.c:L79-L85; assembly-functions.asm @ 0x4281b8,disconnected,"IDA pseudocode/0042/004281b8.c negative swipe threshold increments index after upper-bound check. Class preview data identifies classes, not swipe handling (class_preview_setup.cpp:5-48); no matching OnEvent handler found in port/engine-ui or port/level-loader.",not_run,Acceptance: exercise the identified path in integrated Act 1 and record the cross-system state/result plus build/artifacts.,P2,unassigned
XC-0010,Application/UI,Character selection input,libDungeonHunter2.so,0x4281b8; 0x4281b8,MenuCharacterSelect::OnEvent(RenderFX::Event &); MenuCharacterSelect::OnEvent(RenderFX::Event &),port/engine-ui/authored_character_menu_session_v1.cpp; port/engine-ui/authored_character_menu_routes_v1.cpp; port/game-data/player_savegame_v1.cpp; port/level-loader/application_go_to_main_menu_v114.cpp,"Compare recognized selection gestures and the fallback call to MenuBase::OnEvent, including event codes 2/5, swipe threshold ±100, selection bounds 0..1, and MenuTab sound lookup.",pseudocode/0042/004281b8.c:L42-L53; assembly-functions.asm @ 0x4281b8; pseudocode/0042/004281b8.c:L103-L107; assembly-functions.asm @ 0x4281b8,disconnected,"IDA MenuCharacterSelect::OnEvent 0x4281b8 lines 42-53 and 103-107 handles gesture codes and falls through to MenuBase::OnEvent. AuthoredCharacterMenuSessionV1 implements registration/movie operations, not this event override; no matching OnEvent route found in the cited authored_character_menu_session_v1.cpp / authored_character_menu_routes_v1.cpp. Scope: reviewed those two cited owners.",not_run,Acceptance: exercise the identified path in integrated Act 1 and record the cross-system state/result plus build/artifacts.,P2,unassigned
XC-0011,Application/UI,Menu to level dispatch,libDungeonHunter2.so,0x420bb8,"MenuBase::FS_LoadLevel(char const*, char const*, void *)",port/engine-ui/authored_character_menu_session_v1.cpp; port/engine-ui/authored_character_menu_routes_v1.cpp; port/game-data/player_savegame_v1.cpp; port/level-loader/application_go_to_main_menu_v114.cpp,"Trace the FS_LoadLevel 'undefined' guard, menu pop, and Application::LoadLevel call as one connected entrypoint; verify the rejected branch performs neither pop nor load.",pseudocode/0042/00420bb8.c:L5-L12; assembly-functions.asm @ 0x420bb8,partial,"IDA MenuBase::FS_LoadLevel 0x420bb8 lines 5-12 accepts only strings unequal to 'undefined', then pops menus and calls Application::LoadLevel. Current area_transition_request_v114.cpp:49-75 projects a confirmed destination; area_transition_sequence_v114.cpp:11-43 sequences retirement/start, but the cited authored menu/route owners do not bind this FS callback through the guard/pop/call path. No complete FS_LoadLevel entrypoint found in cited source paths.",not_run,Acceptance: exercise the identified path in integrated Act 1 and record the cross-system state/result plus build/artifacts.,P1,unassigned
XC-0012,Application/UI,Menu to level dispatch,libDungeonHunter2.so,0x420bb8; 0x32bdc8,"MenuBase::FS_LoadLevel(char const*, char const*, void *); Application::LoadLevel(char const*, int, unsigned int, bool, bool, int, bool, unsigned int, unsigned int)",port/engine-ui/authored_character_menu_session_v1.cpp; port/engine-ui/authored_character_menu_routes_v1.cpp; port/game-data/player_savegame_v1.cpp; port/level-loader/application_go_to_main_menu_v114.cpp,Compare the FS_LoadLevel call arguments with Application::LoadLevel's receiver and trace the level string unchanged; include the actual default values supplied by FS_LoadLevel.,pseudocode/0042/00420bb8.c:L5-L10; assembly-functions.asm @ 0x420bb8; pseudocode/0032/0032bdc8.c:L1-L11; assembly-functions.asm @ 0x32bdc8,partial,"IDA FS_LoadLevel passes a2, null entry point, zero slot/flags/seeds except useSpawnPoint=1 (0x420bb8 lines 5-10); Application::LoadLevel stores request parameters (0x32bdc8 lines 33-44). area_transition_request_v114.cpp:108-113 constructs application/GS argument records from confirmation data, but this is a projection object and does not establish the FS callback call edge.",not_run,Acceptance: exercise the identified path in integrated Act 1 and record the cross-system state/result plus build/artifacts.,P2,unassigned
XC-0013,Application/UI,Menu to world map dispatch,libDungeonHunter2.so,0x420b8c; 0x321140,"MenuBase::FS_LoadWorldMap(char const*, char const*, void *); Application::LoadWorldMap(int)",port/engine-ui/authored_character_menu_session_v1.cpp; port/engine-ui/authored_character_menu_routes_v1.cpp; port/game-data/player_savegame_v1.cpp; port/level-loader/application_go_to_main_menu_v114.cpp,"Trace FS_LoadWorldMap to Application::LoadWorldMap(-1), then to GSLevelMap::Inst and StateMachine::SwitchState; distinguish this state transition from loading a level.",pseudocode/0042/00420b8c.c:L1-L4; assembly-functions.asm @ 0x420b8c; pseudocode/0032/00321140.c:L1-L9; assembly-functions.asm @ 0x321140,disconnected,"IDA FS_LoadWorldMap calls Application::LoadWorldMap(-1) (0x420b8c lines 1-4), whose body calls GSLevelMap::Inst then StateMachine::SwitchState (0x321140 lines 1-9). The cited authored-character menu/session/routes and area transition request/sequence owners provide no FS_LoadWorldMap-to-map-state dispatch; scoped search of those files found no matching method.",not_run,Acceptance: exercise the identified path in integrated Act 1 and record the cross-system state/result plus build/artifacts.,P2,unassigned
XC-0014,Application/UI,Menu to main menu dispatch,libDungeonHunter2.so,0x420c3c; 0x32c1f4,"MenuBase::FS_GoToMainMenu(char const*, char const*, void *); Application::GoToMainMenu(GoToMainMenuEvent)",port/engine-ui/authored_character_menu_session_v1.cpp; port/engine-ui/authored_character_menu_routes_v1.cpp; port/game-data/player_savegame_v1.cpp; port/level-loader/application_go_to_main_menu_v114.cpp,Trace FS_GoToMainMenu's reason value 0 into the connected Application::GoToMainMenu handler.,pseudocode/0042/00420c3c.c:L1-L4; assembly-functions.asm @ 0x420c3c; pseudocode/0032/0032c1f4.c:L1-L2; assembly-functions.asm @ 0x32c1f4,partial,"IDA FS_GoToMainMenu calls Application::GoToMainMenu with reason 0 (0x420c3c lines 1-4). application_go_to_main_menu_v114.cpp:138-140 binds a handler with event=0, but this helper is an admission callback rather than the full authored FS-to-Application registered callback edge.",not_run,Acceptance: exercise the identified path in integrated Act 1 and record the cross-system state/result plus build/artifacts.,P2,unassigned
XC-0015,Application,Level request state transfer,libDungeonHunter2.so,0x32bdc8,"Application::LoadLevel(char const*, int, unsigned int, bool, bool, int, bool, unsigned int, unsigned int)",port/level-loader/application_go_to_main_menu_v114.cpp; port/level-loader/area_transition_request_v114.cpp; port/level-loader/area_transition_sequence_v114.cpp; port/android-native/app/src/main/cpp/native_main_menu_load_v114.inc,Trace the eight temporary request values written at LoadLevel entry before GetCurrentLevel; record each source argument and corresponding stored field without assuming the inferred prototype is ABI-exact.,pseudocode/0032/0032bdc8.c:L33-L44; assembly-functions.asm @ 0x32bdc8,partial,"IDA LoadLevel stores the eight request values before GetCurrentLevel (0x32bdc8 lines 33-44). area_transition_request_v114.cpp:108-115 retains application arguments and GS projection fields, but the projection remaps fields and is not the original Application::LoadLevel temporary-state/receiver implementation.",not_run,Acceptance: exercise the identified path in integrated Act 1 and record the cross-system state/result plus build/artifacts.,P2,unassigned
XC-0016,Application,Level request state transfer,libDungeonHunter2.so,0x32bdc8,"Application::LoadLevel(char const*, int, unsigned int, bool, bool, int, bool, unsigned int, unsigned int)",port/level-loader/application_go_to_main_menu_v114.cpp; port/level-loader/area_transition_request_v114.cpp; port/level-loader/area_transition_sequence_v114.cpp; port/android-native/app/src/main/cpp/native_main_menu_load_v114.inc,"Compare the no-current-level path's PlayerSavegame construction and difficulty-indexed seed read, including zero-seed and DontUsePlayerSeed refresh branches.",pseudocode/0032/0032bdc8.c:L45-L63; assembly-functions.asm @ 0x32bdc8,partial,"IDA no-current-level path constructs PlayerSavegame for the supplied slot, reads the selected difficulty seed, optionally refreshes it (0x32bdc8 lines 45-63). area_transition_request_v114.cpp:79-101 reads save.location().seeds[difficulty], applies zero/DontUsePlayerSeed/Timer rules, and copies the selected seed; it uses a supplied current-save receipt rather than constructing PlayerSavegame in this Application path.",not_run,Acceptance: exercise the identified path in integrated Act 1 and record the cross-system state/result plus build/artifacts.,P1,unassigned
XC-0017,Application,Level request state transfer,libDungeonHunter2.so,0x32bdc8,"Application::LoadLevel(char const*, int, unsigned int, bool, bool, int, bool, unsigned int, unsigned int)",port/level-loader/application_go_to_main_menu_v114.cpp; port/level-loader/area_transition_request_v114.cpp; port/level-loader/area_transition_sequence_v114.cpp; port/android-native/app/src/main/cpp/native_main_menu_load_v114.inc,Trace the online branch's case-insensitive LevelList lookup and verify the no-match path skips CMsgStartGame creation/send.,pseudocode/0032/0032bdc8.c:L64-L86; assembly-functions.asm @ 0x32bdc8,partial,"IDA online branch scans LevelList with case-insensitive equality and creates/sends CMsgStartGame only when a match exists (0x32bdc8 lines 64-86). area_transition_request_v114.cpp:39-78 resolves level member names exactly, or filename by first substring, and does not implement the online case-insensitive LevelList search or CMsgStartGame send edge.",not_run,Acceptance: exercise the identified path in integrated Act 1 and record the cross-system state/result plus build/artifacts.,P2,unassigned
XC-0018,Application,Level request state transfer,libDungeonHunter2.so,0x32bdc8,"Application::LoadLevel(char const*, int, unsigned int, bool, bool, int, bool, unsigned int, unsigned int)",port/level-loader/application_go_to_main_menu_v114.cpp; port/level-loader/area_transition_request_v114.cpp; port/level-loader/area_transition_sequence_v114.cpp; port/android-native/app/src/main/cpp/native_main_menu_load_v114.inc,"Compare CMsgStartGame writes for LevelList index, -1 field, entry point, resume/spawn flags, difficulty, and the selected seed copied to both seed fields.",pseudocode/0032/0032bdc8.c:L82-L94; assembly-functions.asm @ 0x32bdc8,partial,"IDA writes the matched LevelList index, -1 field, entry point, resume/spawn flags, difficulty, and selected seed twice into CMsgStartGame (0x32bdc8 lines 82-94). area_transition_request_v114.cpp:108-115 produces request records, not CMsgStartGame; cited files do not implement the online message field writes/send.",not_run,Acceptance: exercise the identified path in integrated Act 1 and record the cross-system state/result plus build/artifacts.,P2,unassigned
XC-0019,Application,Level request state transfer,libDungeonHunter2.so,0x32bdc8,"Application::LoadLevel(char const*, int, unsigned int, bool, bool, int, bool, unsigned int, unsigned int)",port/level-loader/application_go_to_main_menu_v114.cpp; port/level-loader/area_transition_request_v114.cpp; port/level-loader/area_transition_sequence_v114.cpp; port/android-native/app/src/main/cpp/native_main_menu_load_v114.inc,Trace the existing-level type guard in Application::LoadLevel: type other than 38 returns before existing-level save or GSLevel::LoadLevel.,pseudocode/0032/0032bdc8.c:L104-L108; assembly-functions.asm @ 0x32bdc8,partial,"IDA LoadLevel returns immediately for an existing Level whose type at +304 is not 38 (0x32bdc8 lines 104-108). application_go_to_main_menu_v114.cpp:69-76 checks captured level state==38 before choosing save/map work in GoToMainMenu, not in the LoadLevel path; the matching guard is only present in an adjacent owner.",not_run,Acceptance: exercise the identified path in integrated Act 1 and record the cross-system state/result plus build/artifacts.,P2,unassigned
XC-0020,Application,Level request state transfer,libDungeonHunter2.so,0x32bdc8,"Application::LoadLevel(char const*, int, unsigned int, bool, bool, int, bool, unsigned int, unsigned int)",port/level-loader/application_go_to_main_menu_v114.cpp; port/level-loader/area_transition_request_v114.cpp; port/level-loader/area_transition_sequence_v114.cpp; port/android-native/app/src/main/cpp/native_main_menu_load_v114.inc,"Trace Application::LoadLevel's existing-level branch in exact order: SG_SaveLocalPlayer, QuickSave, ResetIsLoaded, then GSLevel::LoadLevel; distinguish it from GoToMainMenu's save order.",pseudocode/0032/0032bdc8.c:L109-L124; assembly-functions.asm @ 0x32bdc8,partial,"IDA existing-level path orders SG_SaveLocalPlayer, QuickSave, ResetIsLoaded before GSLevel::LoadLevel (0x32bdc8 lines 109-124). The cited application_go_to_main_menu_v114.cpp implements the separate GoToMainMenu save order (quick_save then save_local_player); area_transition_sequence_v114.cpp calls injected retirement/start providers and does not expose the LoadLevel save sequence. No matching LoadLevel save-order owner found in the cited sources.",not_run,Acceptance: exercise the identified path in integrated Act 1 and record the cross-system state/result plus build/artifacts.,P2,unassigned
XC-0021,Application,Level request state transfer,libDungeonHunter2.so,0x32bdc8,"Application::LoadLevel(char const*, int, unsigned int, bool, bool, int, bool, unsigned int, unsigned int)",port/level-loader/application_go_to_main_menu_v114.cpp; port/level-loader/area_transition_request_v114.cpp; port/level-loader/area_transition_sequence_v114.cpp; port/android-native/app/src/main/cpp/native_main_menu_load_v114.inc,Compare the remote-trigger branch: it bypasses local PlayerSavegame/seed setup before the shared GSLevel::LoadLevel tail.,pseudocode/0032/0032bdc8.c:L114-L120; assembly-functions.asm @ 0x32bdc8,partial,"IDA remote-trigger flag skips local PlayerSavegame setup in the no-current-level path (0x32bdc8 lines 114-120); area_transition_request_v114.cpp:79-101 has a bypass_saved_seed branch but still projects from a supplied save receipt, and does not establish the original remote-trigger branch skipping savegame construction.",not_run,Acceptance: exercise the identified path in integrated Act 1 and record the cross-system state/result plus build/artifacts.,P1,unassigned
XC-0022,Application,Level request state transfer,libDungeonHunter2.so,0x32bdc8,"Application::LoadLevel(char const*, int, unsigned int, bool, bool, int, bool, unsigned int, unsigned int)",port/level-loader/application_go_to_main_menu_v114.cpp; port/level-loader/area_transition_request_v114.cpp; port/level-loader/area_transition_sequence_v114.cpp; port/android-native/app/src/main/cpp/native_main_menu_load_v114.inc,Trace the LoadLevel completion tail after GSLevel::LoadLevel: PlayerStatManager::Reset precedes PlayerManager::Update.,pseudocode/0032/0032bdc8.c:L120-L124; assembly-functions.asm @ 0x32bdc8,partial,"IDA calls GSLevel::LoadLevel then PlayerStatManager::Reset and PlayerManager::Update (0x32bdc8 lines 120-124). area_transition_sequence_v114.cpp:48-70 orders retirement, injected native start, then asynchronous completion; cited files do not implement/reset these two player managers in the LoadLevel completion tail.",not_run,Acceptance: exercise the identified path in integrated Act 1 and record the cross-system state/result plus build/artifacts.,P2,unassigned
XC-0023,Application,Return from gameplay,libDungeonHunter2.so,0x32c1f4,Application::GoToMainMenu(GoToMainMenuEvent),port/level-loader/application_go_to_main_menu_v114.cpp; port/level-loader/area_transition_request_v114.cpp; port/level-loader/area_transition_sequence_v114.cpp; port/android-native/app/src/main/cpp/native_main_menu_load_v114.inc,Trace GoToMainMenu's active type-38 Level branch through save completion before MenuManager::Reset and menu lookup.,pseudocode/0032/0032c1f4.c:L17-L37; assembly-functions.asm @ 0x32c1f4,partial,"IDA GoToMainMenu clears multiplayer flags, saves an active type-38 Level, then resets/looks up menu and switches state (0x32c1f4 lines 17-37). application_go_to_main_menu_v114.cpp:64-82 contains type-38 branching, QuickSave/local-save callbacks, manager reset, and menu lookup; these critical effects are injected services and are not wired here to the original Application/StateMachine in the cited source.",not_run,Acceptance: exercise the identified path in integrated Act 1 and record the cross-system state/result plus build/artifacts.,P2,unassigned
XC-0024,Application,Return from gameplay,libDungeonHunter2.so,0x32c1f4,Application::GoToMainMenu(GoToMainMenuEvent),port/level-loader/application_go_to_main_menu_v114.cpp; port/level-loader/area_transition_request_v114.cpp; port/level-loader/area_transition_sequence_v114.cpp; port/android-native/app/src/main/cpp/native_main_menu_load_v114.inc,Compare the two source-flag QuickSave branches and verify both eligible type-38 paths converge on local-player save; retain the map branch distinction.,pseudocode/0032/0032c1f4.c:L21-L35; assembly-functions.asm @ 0x32c1f4,implemented,IDA GoToMainMenu chooses QuickSave in both level-flag branches and converges on SG_SaveLocalPlayer (0x32c1f4 lines 21-35). application_go_to_main_menu_v114.cpp:69-76 uses the dungeon flag to select map-vs-save path and then executes quick_save followed by save_local_player; injected callbacks remain external.,not_run,Acceptance: exercise the identified path in integrated Act 1 and record the cross-system state/result plus build/artifacts.,P2,unassigned
XC-0025,Application,Return from gameplay,libDungeonHunter2.so,0x32c1f4,Application::GoToMainMenu(GoToMainMenuEvent),port/level-loader/application_go_to_main_menu_v114.cpp; port/level-loader/area_transition_request_v114.cpp; port/level-loader/area_transition_sequence_v114.cpp; port/android-native/app/src/main/cpp/native_main_menu_load_v114.inc,"Trace MenuManager::Reset, menu_MainMenu lookup/state assignment, and StateMachine::SwitchState in order.",pseudocode/0032/0032c1f4.c:L36-L43; assembly-functions.asm @ 0x32c1f4,partial,"IDA resets menu manager, looks up menu_MainMenu, stores menu state, and switches to GSFlashMenu (0x32c1f4 lines 36-43). application_go_to_main_menu_v114.cpp:80-95 and 96-106 orders reset, lookup, state fields, and switch through injected providers; full native binding is external.",not_run,Acceptance: exercise the identified path in integrated Act 1 and record the cross-system state/result plus build/artifacts.,P2,unassigned
XC-0026,Application,Return from gameplay,libDungeonHunter2.so,0x32c1f4,Application::GoToMainMenu(GoToMainMenuEvent),port/level-loader/application_go_to_main_menu_v114.cpp; port/level-loader/area_transition_request_v114.cpp; port/level-loader/area_transition_sequence_v114.cpp; port/android-native/app/src/main/cpp/native_main_menu_load_v114.inc,"Trace state-switch completion followed by score submission, trophy unlock, and player removal in GoToMainMenu; verify the source condition controlling score submission.",pseudocode/0032/0032c1f4.c:L42-L48; assembly-functions.asm @ 0x32c1f4,partial,"IDA calls SendGLHiScore/Trophy unlock, then RemoveAllPlayers after SwitchState (0x32c1f4 lines 42-48). application_go_to_main_menu_v114.cpp:108-113 sequences score/trophy/player callbacks after state-switch completion, but SendGLHiScore is conditional on submit_online_scores and all leaves are injected; confirm the production flag/binding.",not_run,Acceptance: exercise the identified path in integrated Act 1 and record the cross-system state/result plus build/artifacts.,P1,unassigned
XC-0027,Application,Return from gameplay,libDungeonHunter2.so,0x32c1f4,Application::GoToMainMenu(GoToMainMenuEvent),port/level-loader/application_go_to_main_menu_v114.cpp; port/level-loader/area_transition_request_v114.cpp; port/level-loader/area_transition_sequence_v114.cpp; port/android-native/app/src/main/cpp/native_main_menu_load_v114.inc,"Trace the online teardown conditions through optional sign-in and matching leave, provider selection/destruction, and online/game-state flag resets.",pseudocode/0032/0032c1f4.c:L48-L72; assembly-functions.asm @ 0x32c1f4,partial,IDA online teardown has online/sign-in/matching conditional branches and clears provider/online/game-state flags (0x32c1f4 lines 48-72). application_go_to_main_menu_v114.cpp:114-126 represents these branches and operations with callbacks; actual online service binding is delegated.,not_run,Acceptance: exercise the identified path in integrated Act 1 and record the cross-system state/result plus build/artifacts.,P2,unassigned
XC-0028,Application,World map transition,libDungeonHunter2.so,0x321140,Application::LoadWorldMap(int),port/level-loader/application_go_to_main_menu_v114.cpp; port/level-loader/area_transition_request_v114.cpp; port/level-loader/area_transition_sequence_v114.cpp; port/android-native/app/src/main/cpp/native_main_menu_load_v114.inc,Trace Application::LoadWorldMap as a GSLevelMap::Inst/StateMachine::SwitchState operation; this body does not call GSLevel::LoadLevel.,pseudocode/0032/00321140.c:L1-L9; assembly-functions.asm @ 0x321140,disconnected,IDA LoadWorldMap only obtains GSLevelMap::Inst and switches state (0x321140 lines 1-9). No implementation of that Application method is present in the cited application/transition owners; those files are about GoToMainMenu and level transition. Scoped search of the cited files found no `LoadWorldMap` entrypoint.,not_run,Acceptance: exercise the identified path in integrated Act 1 and record the cross-system state/result plus build/artifacts.,P2,unassigned
XC-0029,Level loading,GSLevel dispatch stages,libDungeonHunter2.so,0x386818,"GSLevel::LoadLevel(char const*, int, unsigned int, unsigned int, unsigned int, bool, bool, int, int)",port/level-loader/canonical_level_loading_v26.cpp; port/level-loader/canonical_source_adapter_v1.cpp; port/level-loader/canonical_module_files_v1.cpp; port/level-loader/assigned_loadfile_kernel_v65.cpp,Trace GSLevel::LoadLevel storing the level name and each request argument before the GSLevel state switch; do not assume IDA's decompiler parameter names are authoritative.,pseudocode/0038/00386818.c:L15-L25; assembly-functions.asm @ 0x386818,partial,IDA GSLevel::LoadLevel copies the level name and request fields to GSLevel state before SwitchState (0x386818 lines 15-25). area_transition_request_v114.cpp:108-115 creates GS projection arguments; area_transition_sequence_v114.cpp:48-70 delegates native start. No direct GSLevel::LoadLevel state-field writer appears in cited owners.,not_run,Acceptance: exercise the identified path in integrated Act 1 and record the cross-system state/result plus build/artifacts.,P2,unassigned
XC-0030,Level loading,GSLevel dispatch stages,libDungeonHunter2.so,0x386818; 0x32bdc8,"GSLevel::LoadLevel(char const*, int, unsigned int, unsigned int, unsigned int, bool, bool, int, int); Application::LoadLevel(char const*, int, unsigned int, bool, bool, int, bool, unsigned int, unsigned int)",port/level-loader/canonical_level_loading_v26.cpp; port/level-loader/canonical_source_adapter_v1.cpp; port/level-loader/canonical_module_files_v1.cpp; port/level-loader/assigned_loadfile_kernel_v65.cpp,"Compare every argument persisted by GSLevel::LoadLevel with the Application::LoadLevel call-site values, including the branch-dependent seed and flags.",pseudocode/0038/00386818.c:L15-L25; assembly-functions.asm @ 0x386818; pseudocode/0032/0032bdc8.c:L119-L124; assembly-functions.asm @ 0x32bdc8,partial,IDA Application::LoadLevel calls GSLevel::LoadLevel after its saved/remote branches (0x32bdc8 lines 119-124); area_transition_request_v114.cpp:108-115 builds a GS request record and area_transition_sequence_v114.cpp:48-70 delegates startup. A direct mapped call preserving the original per-field argument mapping is not shown in cited paths.,not_run,Acceptance: exercise the identified path in integrated Act 1 and record the cross-system state/result plus build/artifacts.,P2,unassigned
XC-0031,Level loading,GSLevel staged update,libDungeonHunter2.so,0x386630,"GSLevel::Update(StateMachine *, double)",port/level-loader/canonical_level_loading_v26.cpp; port/level-loader/canonical_source_adapter_v1.cpp; port/level-loader/canonical_module_files_v1.cpp; port/level-loader/assigned_loadfile_kernel_v65.cpp,Trace GSLevel state 1 advancing to 2; verify Level::Load is not called in the state-1 switch arm.,pseudocode/0038/00386630.c:L13-L24; assembly-functions.asm @ 0x386630,partial,IDA GSLevel::Update advances state 1 to 2 without calling Level::Load in that arm (0x386630 lines 13-24). canonical_level_loading_v26.cpp:21-24 only implements the native loading completion state36-to-37 callback; `AreaTransitionSequenceV114` delegates native startup/completion. No matching GS state-1 update implementation in cited source files.,not_run,Acceptance: exercise the identified path in integrated Act 1 and record the cross-system state/result plus build/artifacts.,P1,unassigned
XC-0032,Level loading,GSLevel staged update,libDungeonHunter2.so,0x386630,"GSLevel::Update(StateMachine *, double)",port/level-loader/canonical_level_loading_v26.cpp; port/level-loader/canonical_source_adapter_v1.cpp; port/level-loader/canonical_module_files_v1.cpp; port/level-loader/assigned_loadfile_kernel_v65.cpp,Trace GSLevel state 2 calling Level::Load and then setting state 3.,pseudocode/0038/00386630.c:L21-L25; assembly-functions.asm @ 0x386630,partial,"IDA state 2 calls Level::Load then advances to 3 (0x386630 lines 21-25). `CanonicalModuleFilesV1` and `ObjectInitializationV1` implement delegated pieces of load, but cited canonical_level_loading_v26.cpp is only a late loading callback; no direct GS state-2 dispatcher found in cited files.",not_run,Acceptance: exercise the identified path in integrated Act 1 and record the cross-system state/result plus build/artifacts.,P2,unassigned
XC-0033,Level loading,GSLevel staged update,libDungeonHunter2.so,0x386630,"GSLevel::Update(StateMachine *, double)",port/level-loader/canonical_level_loading_v26.cpp; port/level-loader/canonical_source_adapter_v1.cpp; port/level-loader/canonical_module_files_v1.cpp; port/level-loader/assigned_loadfile_kernel_v65.cpp,Trace GSLevel state 3 calling Level::Update and advancing to 4 only when the Level type equals 38.,pseudocode/0038/00386630.c:L26-L31; assembly-functions.asm @ 0x386630,partial,IDA state 3 calls Level::Update and advances to 4 only when Level type is 38 (0x386630 lines 26-31). canonical_level_loading_v26.cpp:21-24 handles an unrelated end-loading state36-to-37 transition; no cited owner implements this GS update arm.,not_run,Acceptance: exercise the identified path in integrated Act 1 and record the cross-system state/result plus build/artifacts.,P2,unassigned
XC-0034,Level loading,GSLevel staged update,libDungeonHunter2.so,0x386630,"GSLevel::Update(StateMachine *, double)",port/level-loader/canonical_level_loading_v26.cpp; port/level-loader/canonical_source_adapter_v1.cpp; port/level-loader/canonical_module_files_v1.cpp; port/level-loader/assigned_loadfile_kernel_v65.cpp,"Compare GSLevel state 4's Level::Update, debug-switch handling, and MenuManager::Update gate.",pseudocode/0038/00386630.c:L32-L62; assembly-functions.asm @ 0x386630,partial,"IDA state 4 performs Level::Update, optional debug-switch work, then conditionally MenuManager::Update (0x386630 lines 32-62). No GS state-4 frame owner exists in cited loader sources; `area_transition_sequence_v114.cpp` is a one-time transition sequence, not frame update.",not_run,Acceptance: exercise the identified path in integrated Act 1 and record the cross-system state/result plus build/artifacts.,P2,unassigned
XC-0035,Level loading,Module provider sequence,libDungeonHunter2.so,0x38a88c,Module::LoadModule(void)const,port/level-loader/canonical_level_loading_v26.cpp; port/level-loader/canonical_source_adapter_v1.cpp; port/level-loader/canonical_module_files_v1.cpp; port/level-loader/assigned_loadfile_kernel_v65.cpp,Trace Module::LoadModule setting the active object-module ID and module offsets before choosing XML families.,pseudocode/0038/0038a88c.c:L11-L40; assembly-functions.asm @ 0x38a88c,partial,"IDA Module::LoadModule sets the active object-module ID/offsets and calls _ChooseXmls (0x38a88c lines 11-40). canonical_module_files_v1.cpp:79-95 captures module occurrence/id/offsets; `ObjectInitializationV1` delegates load_module, but the cited owners do not implement the Module receiver's whole method/field setup.",not_run,Acceptance: exercise the identified path in integrated Act 1 and record the cross-system state/result plus build/artifacts.,P2,unassigned
XC-0036,Level loading,Module provider sequence,libDungeonHunter2.so,0x38a88c,Module::LoadModule(void)const,port/level-loader/canonical_level_loading_v26.cpp; port/level-loader/canonical_source_adapter_v1.cpp; port/level-loader/canonical_module_files_v1.cpp; port/level-loader/assigned_loadfile_kernel_v65.cpp,Compare the first chosen XML family loop: each selected entry is passed to Level::LoadFile repeatedly until it succeeds.,pseudocode/0038/0038a88c.c:L40-L50; assembly-functions.asm @ 0x38a88c,partial,"IDA loops over first XML family calling Level::LoadFile until success (0x38a88c lines 40-50). canonical_module_files_v1.cpp:79-118 relays a module file into the canonical walk, but family iteration and repeat-until-success belong to the injected Module load_module provider; not implemented in this owner.",not_run,Acceptance: exercise the identified path in integrated Act 1 and record the cross-system state/result plus build/artifacts.,P1,unassigned
XC-0037,Level loading,Module provider sequence,libDungeonHunter2.so,0x38a88c,Module::LoadModule(void)const,port/level-loader/canonical_level_loading_v26.cpp; port/level-loader/canonical_source_adapter_v1.cpp; port/level-loader/canonical_module_files_v1.cpp; port/level-loader/assigned_loadfile_kernel_v65.cpp,Compare the second XML family loop and verify it begins only after the first family loop completes.,pseudocode/0038/0038a88c.c:L51-L60; assembly-functions.asm @ 0x38a88c,partial,IDA starts the second XML family loop only after the first finishes (0x38a88c lines 51-60). canonical_module_files_v1.cpp:79-118 handles one begun module-file occurrence at a time; no two-family iteration order is implemented in cited sources.,not_run,Acceptance: exercise the identified path in integrated Act 1 and record the cross-system state/result plus build/artifacts.,P2,unassigned
XC-0038,Level loading,Module provider sequence,libDungeonHunter2.so,0x38a88c,Module::LoadModule(void)const,port/level-loader/canonical_level_loading_v26.cpp; port/level-loader/canonical_source_adapter_v1.cpp; port/level-loader/canonical_module_files_v1.cpp; port/level-loader/assigned_loadfile_kernel_v65.cpp,Trace Module::LoadModule's post-loop reset of temporary module fields and object-module ID to -1.,pseudocode/0038/0038a88c.c:L61-L67; assembly-functions.asm @ 0x38a88c,partial,IDA clears temporary module offsets and resets object-module ID to -1 after both loops (0x38a88c lines 61-67). canonical_module_files_v1.cpp:79-95 snapshots module fields but does not perform Module::LoadModule cleanup; no matching cleanup writer in cited paths.,not_run,Acceptance: exercise the identified path in integrated Act 1 and record the cross-system state/result plus build/artifacts.,P2,unassigned
XC-0039,Level loading,File provider sequence,libDungeonHunter2.so,0x3f3b40,"Level::LoadFile(std::string const&, std::string const&)",port/level-loader/canonical_level_loading_v26.cpp; port/level-loader/canonical_source_adapter_v1.cpp; port/level-loader/canonical_module_files_v1.cpp; port/level-loader/assigned_loadfile_kernel_v65.cpp,Trace Level::LoadFile's expected root type `Level` and whether the cached-document path is consulted only for that root.,pseudocode/003f/003f3b40.c:L42-L55; assembly-functions.asm @ 0x3f3b40,partial,"IDA Level::LoadFile expects root node type Level before consulting cached XML (0x3f3b40 lines 42-55). canonical_module_files_v1.cpp:97-118 routes a loaded document through step_document with the supplied root; the actual root filtering is delegated to CanonicalCachedFileV1/LevelFileWalk, not implemented by this adapter.",not_run,Acceptance: exercise the identified path in integrated Act 1 and record the cross-system state/result plus build/artifacts.,P2,unassigned
XC-0040,Level loading,File provider sequence,libDungeonHunter2.so,0x3f3b40; 0x3f3b40,"Level::LoadFile(std::string const&, std::string const&); Level::LoadFile(std::string const&, std::string const&)",port/level-loader/canonical_level_loading_v26.cpp; port/level-loader/canonical_source_adapter_v1.cpp; port/level-loader/canonical_module_files_v1.cpp; port/level-loader/assigned_loadfile_kernel_v65.cpp,"Trace cached-document traversal, child-element selection, and exact root-name comparison; distinguish it from filename candidate loading.",pseudocode/003f/003f3b40.c:L44-L56; assembly-functions.asm @ 0x3f3b40; pseudocode/003f/003f3b40.c:L85-L98; assembly-functions.asm @ 0x3f3b40,partial,"IDA cached-document branch traverses XML nodes and compares requested root name (0x3f3b40 lines 44-56, 85-98). canonical_module_files_v1.cpp:97-118 sends the same document to `step_document`; source walk/parser semantics are delegated to CanonicalCachedFileV1 and not visible in the cited adapter.",not_run,Acceptance: exercise the identified path in integrated Act 1 and record the cross-system state/result plus build/artifacts.,P2,unassigned
XC-0041,Level loading,File provider sequence,libDungeonHunter2.so,0x3f3b40,"Level::LoadFile(std::string const&, std::string const&)",port/level-loader/canonical_level_loading_v26.cpp; port/level-loader/canonical_source_adapter_v1.cpp; port/level-loader/canonical_module_files_v1.cpp; port/level-loader/assigned_loadfile_kernel_v65.cpp,Trace XML parse failure setting the attempt result and reaching the common LoadFile return/loop continuation.,pseudocode/003f/003f3b40.c:L105-L124; assembly-functions.asm @ 0x3f3b40,partial,"IDA parse failure sets failed result and returns through shared LoadFile continuation (0x3f3b40 lines 105-124). canonical_module_files_v1.cpp:107-118 translates native and canonical failure to a retained failed step; `AssignedReadLeavesV65` / parser callback owns actual parsing, so the precise original parse-failure path is delegated.",not_run,Acceptance: exercise the identified path in integrated Act 1 and record the cross-system state/result plus build/artifacts.,P1,unassigned
XC-0042,Level loading,File provider sequence,libDungeonHunter2.so,0x3f3b40,"Level::LoadFile(std::string const&, std::string const&)",port/level-loader/canonical_level_loading_v26.cpp; port/level-loader/canonical_source_adapter_v1.cpp; port/level-loader/canonical_module_files_v1.cpp; port/level-loader/assigned_loadfile_kernel_v65.cpp,Trace each folder candidate construction and the IsUsingUncompiledData guard before its provider open call.,pseudocode/003f/003f3b40.c:L141-L171; assembly-functions.asm @ 0x3f3b40,partial,"IDA builds folder candidates, calls IsUsingUncompiledData, and opens provider stream only on accepted branch (0x3f3b40 lines 141-171). canonical_module_files_v1.cpp:36-49 requires native filename/open/close services and lines 103-117 delegates candidate stepping to FilenameRootRouteV65; the cited adapter does not itself implement candidate construction or guard.",not_run,Acceptance: exercise the identified path in integrated Act 1 and record the cross-system state/result plus build/artifacts.,P2,unassigned
XC-0043,Level loading,File provider sequence,libDungeonHunter2.so,0x3f3b40,"Level::LoadFile(std::string const&, std::string const&)",port/level-loader/canonical_level_loading_v26.cpp; port/level-loader/canonical_source_adapter_v1.cpp; port/level-loader/canonical_module_files_v1.cpp; port/level-loader/assigned_loadfile_kernel_v65.cpp,Trace the compiled/hack-folder candidate loop and its four-candidate termination boundary.,pseudocode/003f/003f3b40.c:L174-L190; assembly-functions.asm @ 0x3f3b40,partial,IDA tries compiled/hack candidates with a four-attempt termination boundary (0x3f3b40 lines 174-190). canonical_module_files_v1.cpp:97-118 delegates path selection/retry to FilenameRootRouteV65; no four-candidate loop is in the cited module adapter.,not_run,Acceptance: exercise the identified path in integrated Act 1 and record the cross-system state/result plus build/artifacts.,P2,unassigned
XC-0044,World ownership,XML object creation,libDungeonHunter2.so,0x34b868,"ObjectManager::LoadFromXML(TiXmlElement *, char const*, Point3D<float> const&, int)",port/level-loader/canonical_level_class_dispatch_v1.cpp; port/level-loader/game_object_arrays_owner_v81.cpp; port/android-native/app/src/main/cpp/source_campaign_object_loading_deferred_v106.cpp,Trace XML gametype/name attribute checks and optional gametype filtering before factory lookup.,pseudocode/0034/0034b868.c:L23-L35; assembly-functions.asm @ 0x34b868,implemented,"IDA ObjectManager::LoadFromXML checks `gametype`/`name` and optional filter before factory lookup (0x34b868 lines 23-35). canonical_object_factory_v1.cpp:12-18 reads those attributes, skips absent/filter-mismatched entries, then searches the canonical factory catalog.",not_run,Acceptance: exercise the identified path in integrated Act 1 and record the cross-system state/result plus build/artifacts.,P2,unassigned
XC-0045,World ownership,XML object creation,libDungeonHunter2.so,0x34b868,"ObjectManager::LoadFromXML(TiXmlElement *, char const*, Point3D<float> const&, int)",port/level-loader/canonical_level_class_dispatch_v1.cpp; port/level-loader/game_object_arrays_owner_v81.cpp; port/android-native/app/src/main/cpp/source_campaign_object_loading_deferred_v106.cpp,Trace the `_prim_PlayerLight` name suffix and forced factory/room ID adjustment before manager insertion.,pseudocode/0034/0034b868.c:L36-L50; assembly-functions.asm @ 0x34b868,implemented,IDA `_prim_PlayerLight` appends `_S` and forces room/module ID -1 (0x34b868 lines 36-50). canonical_object_factory_v1.cpp:20-22 applies the same name suffix and room=-1 special case before manager Add.,not_run,Acceptance: exercise the identified path in integrated Act 1 and record the cross-system state/result plus build/artifacts.,P2,unassigned
XC-0046,World ownership,XML object creation,libDungeonHunter2.so,0x34b868,"ObjectManager::LoadFromXML(TiXmlElement *, char const*, Point3D<float> const&, int)",port/level-loader/canonical_level_class_dispatch_v1.cpp; port/level-loader/game_object_arrays_owner_v81.cpp; port/android-native/app/src/main/cpp/source_campaign_object_loading_deferred_v106.cpp,"Compare factory result/handle success with subsequent InitProperties, including null/allocation and duplicate-name branches.",pseudocode/0034/0034b868.c:L48-L57; assembly-functions.asm @ 0x34b868,partial,"IDA initializes properties only when GetNewObject yields a handle/object (0x34b868 lines 48-57). canonical_object_factory_v1.cpp:16-25 requires a constructed identity/lease and successful manager Add before property initialization; nullable/native allocation and Add duplicate behavior are modeled in separate transport/manager owners, so this single source path has a stricter failure contract.",not_run,Acceptance: exercise the identified path in integrated Act 1 and record the cross-system state/result plus build/artifacts.,P1,unassigned
XC-0047,World ownership,XML object creation,libDungeonHunter2.so,0x34b868,"ObjectManager::LoadFromXML(TiXmlElement *, char const*, Point3D<float> const&, int)",port/level-loader/canonical_level_class_dispatch_v1.cpp; port/level-loader/game_object_arrays_owner_v81.cpp; port/android-native/app/src/main/cpp/source_campaign_object_loading_deferred_v106.cpp,Trace optional template application before default-property loading and XML overrides.,pseudocode/0034/0034b868.c:L57-L80; assembly-functions.asm @ 0x34b868,implemented,"IDA order is optional template, LoadDefaultProperties, then XML overrides (0x34b868 lines 57-80). canonical_object_factory_v1.cpp:23-27 performs `set_template` only when present, then defaults and overrides in that order.",not_run,Acceptance: exercise the identified path in integrated Act 1 and record the cross-system state/result plus build/artifacts.,P2,unassigned
XC-0048,World ownership,XML object creation,libDungeonHunter2.so,0x34b868,"ObjectManager::LoadFromXML(TiXmlElement *, char const*, Point3D<float> const&, int)",port/level-loader/canonical_level_class_dispatch_v1.cpp; port/level-loader/game_object_arrays_owner_v81.cpp; port/android-native/app/src/main/cpp/source_campaign_object_loading_deferred_v106.cpp,Trace LevelConfig's early virtual initialization before the later common object InitPost path.,pseudocode/0034/0034b868.c:L80-L87; assembly-functions.asm @ 0x34b868,implemented,IDA calls LevelConfig virtual pre-init before common object initialization (0x34b868 lines 80-87). canonical_object_factory_v1.cpp:27-29 calls early InitPost only for LevelConfig; object_initialization_v1.cpp:67-73 later performs common InitPost/TestEnableCondition during signed-key initialization.,not_run,Acceptance: exercise the identified path in integrated Act 1 and record the cross-system state/result plus build/artifacts.,P2,unassigned
XC-0049,World ownership,XML object creation,libDungeonHunter2.so,0x34b868,"ObjectManager::LoadFromXML(TiXmlElement *, char const*, Point3D<float> const&, int)",port/level-loader/canonical_level_class_dispatch_v1.cpp; port/level-loader/game_object_arrays_owner_v81.cpp; port/android-native/app/src/main/cpp/source_campaign_object_loading_deferred_v106.cpp,Compare successful game-object initialization with adding the XML/module position offset to current position and calling SetPosition with update enabled.,pseudocode/0034/0034b868.c:L85-L95; assembly-functions.asm @ 0x34b868,implemented,"IDA calls IsGameObject and adds XML module position offset before SetPosition (0x34b868 lines 85-95). canonical_object_factory_v1.cpp:29-32 branches on `is_game_object`, adds y/z/x offsets to position, then calls set_position(update=true).",not_run,Acceptance: exercise the identified path in integrated Act 1 and record the cross-system state/result plus build/artifacts.,P2,unassigned
XC-0050,World ownership,Spawn and manager insertion,libDungeonHunter2.so,0x34b724,"ObjectManager::Spawn(char const*, char const*, bool, bool)",port/level-loader/canonical_level_class_dispatch_v1.cpp; port/level-loader/game_object_arrays_owner_v81.cpp; port/android-native/app/src/main/cpp/source_campaign_object_loading_deferred_v106.cpp,Trace Spawn's factory call and verify InitProperties/default properties run only when an object handle is returned.,pseudocode/0034/0034b724.c:L21-L28; assembly-functions.asm @ 0x34b724,partial,"IDA Spawn runs GetNewObject then InitProperties/defaults only if a handle was returned (0x34b724 lines 21-28). canonical_receiver_transport_v1.cpp:30-68 implements native catalog construction/retention and null result, while canonical_object_factory_v1.cpp is the XML factory path, not Spawn's property/default initialization; no Spawn property-init sequence found in cited sources.",not_run,Acceptance: exercise the identified path in integrated Act 1 and record the cross-system state/result plus build/artifacts.,P2,unassigned
XC-0051,World ownership,Spawn and manager insertion,libDungeonHunter2.so,0x34b724,"ObjectManager::Spawn(char const*, char const*, bool, bool)",port/level-loader/canonical_level_class_dispatch_v1.cpp; port/level-loader/game_object_arrays_owner_v81.cpp; port/android-native/app/src/main/cpp/source_campaign_object_loading_deferred_v106.cpp,"Trace the Spawn flag branch: when the flag is false, invoke object virtual initialization and TestEnableCondition(true).",pseudocode/0034/0034b724.c:L33-L42; assembly-functions.asm @ 0x34b724,partial,IDA Spawn's `!a5` branch calls virtual initialization then TestEnableCondition(true) (0x34b724 lines 33-42). `CanonicalReceiverTransportV1` retains class continuation providers but its native spawn method (canonical_receiver_transport_v1.cpp:30-68) does not invoke InitPost/TestEnableCondition; no Spawn flag branch in cited owners.,not_run,Acceptance: exercise the identified path in integrated Act 1 and record the cross-system state/result plus build/artifacts.,P1,unassigned
XC-0052,World ownership,Spawn and manager insertion,libDungeonHunter2.so,0x34b724,"ObjectManager::Spawn(char const*, char const*, bool, bool)",port/level-loader/canonical_level_class_dispatch_v1.cpp; port/level-loader/game_object_arrays_owner_v81.cpp; port/android-native/app/src/main/cpp/source_campaign_object_loading_deferred_v106.cpp,Trace Spawn's virtual56 condition and conditional insertion of the returned handle into the parent-owned object list.,pseudocode/0034/0034b724.c:L40-L51; assembly-functions.asm @ 0x34b724,partial,"IDA inserts object handle into parent list only when virtual56 succeeds (0x34b724 lines 40-51). CanonicalObjectManagerV1::append_pending exists for a source Spawn pending receiver (canonical_object_manager_v1.cpp:54-60), but it appends to manager pending IDs and does not model Spawn's parent-owned list/virtual56 condition; cited files show no matching branch.",not_run,Acceptance: exercise the identified path in integrated Act 1 and record the cross-system state/result plus build/artifacts.,P2,unassigned
XC-0053,World ownership,Manager insertion,libDungeonHunter2.so,0x34b270,"ObjectManager::Add(ObjectBase *, char const*, char const*, int, bool)",port/level-loader/canonical_level_class_dispatch_v1.cpp; port/level-loader/game_object_arrays_owner_v81.cpp; port/android-native/app/src/main/cpp/source_campaign_object_loading_deferred_v106.cpp,Trace duplicate-name lookup and confirm the duplicate branch destroys only the incoming object while preserving the existing mapped receiver.,pseudocode/0034/0034b270.c:L56-L66; assembly-functions.asm @ 0x34b270,implemented,"IDA Add looks up duplicate name and calls deleting destructor on incoming object, preserving prior object (0x34b270 lines 56-66). canonical_object_manager_v1.cpp:96-107 calls by_name, detects existing publication, and invokes destroy_duplicate on the new actor before returning.",not_run,Acceptance: exercise the identified path in integrated Act 1 and record the cross-system state/result plus build/artifacts.,P2,unassigned
XC-0054,World ownership,Manager insertion,libDungeonHunter2.so,0x34b270,"ObjectManager::Add(ObjectBase *, char const*, char const*, int, bool)",port/level-loader/canonical_level_class_dispatch_v1.cpp; port/level-loader/game_object_arrays_owner_v81.cpp; port/android-native/app/src/main/cpp/source_campaign_object_loading_deferred_v106.cpp,"Trace successful Add publication into the typed object map and assignment of name, archetype/type, room/module, and handle fields.",pseudocode/0034/0034b270.c:L64-L75; assembly-functions.asm @ 0x34b270,implemented,"IDA successful Add inserts into typed map, increments count, assigns object manager/name/archetype/module fields (0x34b270 lines 64-75). canonical_object_manager_v1.cpp:108-119 publishes entry/count/handle then calls SetName, SetArchetype, and assigns room; manager key/map storage is typed by signed key.",not_run,Acceptance: exercise the identified path in integrated Act 1 and record the cross-system state/result plus build/artifacts.,P2,unassigned
XC-0055,World ownership,Manager insertion,libDungeonHunter2.so,0x34b270,"ObjectManager::Add(ObjectBase *, char const*, char const*, int, bool)",port/level-loader/canonical_level_class_dispatch_v1.cpp; port/level-loader/game_object_arrays_owner_v81.cpp; port/android-native/app/src/main/cpp/source_campaign_object_loading_deferred_v106.cpp,Trace ObjectHandle-to-Character detection and conditional manager character-list insertion.,pseudocode/0034/0034b270.c:L75-L86; assembly-functions.asm @ 0x34b270,implemented,IDA converts handle to Character and conditionally inserts into character list (0x34b270 lines 75-86). canonical_object_manager_v1.cpp:119-123 calls the receiver's `as_character` conversion and appends only a nonzero character identity.,not_run,Acceptance: exercise the identified path in integrated Act 1 and record the cross-system state/result plus build/artifacts.,P2,unassigned
XC-0056,World ownership,Room membership,libDungeonHunter2.so,0x3427a0,"ObjectManager::AddRoomObjects(std::list<GameObject *, std::allocator<GameObject *>> *)",port/level-loader/game_object_arrays_owner_v81.cpp; port/android-native/app/src/main/cpp/source_campaign_object_loading_deferred_v106.cpp; port/android-native/app/src/main/cpp/source_campaign_release_v88.cpp,Trace AddRoomObjects' non-null assertion and duplicate-room-pointer check before insertion; note source assertion mode determines whether execution continues.,pseudocode/0034/003427a0.c:L9-L53; assembly-functions.asm @ 0x3427a0,implemented,"IDA AddRoomObjects asserts non-null and asserts the room pointer is not already present, then still allocates/inserts subject to assertion mode (0x3427a0 lines 9-53). canonical_room_lists_v105.cpp:13-19 performs null and duplicate assertion checks and then pushes the exact pointer to room_objects80.",not_run,Acceptance: exercise the identified path in integrated Act 1 and record the cross-system state/result plus build/artifacts.,P1,unassigned
XC-0057,World ownership,Room membership,libDungeonHunter2.so,0x3427a0,"ObjectManager::AddRoomObjects(std::list<GameObject *, std::allocator<GameObject *>> *)",port/level-loader/game_object_arrays_owner_v81.cpp; port/android-native/app/src/main/cpp/source_campaign_object_loading_deferred_v106.cpp; port/android-native/app/src/main/cpp/source_campaign_release_v88.cpp,Trace AddRoomObjects inserting the passed room-list pointer into manager storage; do not attribute deletion of the room object to this function.,pseudocode/0034/003427a0.c:L55-L63; assembly-functions.asm @ 0x3427a0,implemented,IDA AddRoomObjects allocates a list node containing the exact passed pointer (0x3427a0 lines 55-63); no deletion occurs in this body. canonical_room_lists_v105.cpp:13-20 appends the borrowed pointer to room_objects80_v105_ without deleting or copying the pointed-to room list.,not_run,Acceptance: exercise the identified path in integrated Act 1 and record the cross-system state/result plus build/artifacts.,P2,unassigned
XC-0058,World ownership,Room membership,libDungeonHunter2.so,0x345fbc,"ObjectManager::DelRoomObjects(std::list<GameObject *, std::allocator<GameObject *>> *)",port/level-loader/game_object_arrays_owner_v81.cpp; port/android-native/app/src/main/cpp/source_campaign_object_loading_deferred_v106.cpp; port/android-native/app/src/main/cpp/source_campaign_release_v88.cpp,Trace DelRoomObjects removing matching room-list nodes while preserving nonmatching nodes.,pseudocode/0034/00345fbc.c:L25-L44; assembly-functions.asm @ 0x345fbc,implemented,port/level-world/canonical_room_lists_v105.cpp:21-23 removes all matching room pointers while retaining nonmatches; IDA pseudocode/0034/00345fbc.c:25-44 scans and erases matching list nodes.,not_run,Acceptance: exercise the identified path in integrated Act 1 and record the cross-system state/result plus build/artifacts.,P2,unassigned
XC-0059,World ownership,Object removal,libDungeonHunter2.so,0x348ea4,ObjectManager::Remove(ObjectHandle),port/level-loader/game_object_arrays_owner_v81.cpp; port/android-native/app/src/main/cpp/source_campaign_object_loading_deferred_v106.cpp; port/android-native/app/src/main/cpp/source_campaign_release_v88.cpp,Trace ObjectManager::Remove's GameObject branch to RoomZone::RemoveObject and RemoveNoRoomObject.,pseudocode/0034/00348ea4.c:L48-L59; assembly-functions.asm @ 0x348ea4,implemented,port/level-world/canonical_object_manager_v1.cpp:154-161 gates room/no-room unlink work on the resolved GameObject and calls room_remove plus no-room removal; IDA pseudocode/0034/00348ea4.c:48-59.,not_run,Acceptance: exercise the identified path in integrated Act 1 and record the cross-system state/result plus build/artifacts.,P2,unassigned
XC-0060,World ownership,Object removal,libDungeonHunter2.so,0x348ea4,ObjectManager::Remove(ObjectHandle),port/level-loader/game_object_arrays_owner_v81.cpp; port/android-native/app/src/main/cpp/source_campaign_object_loading_deferred_v106.cpp; port/android-native/app/src/main/cpp/source_campaign_release_v88.cpp,Trace ObjectManager::Remove unlinking the object from its manager list when the pointer is found.,pseudocode/0034/00348ea4.c:L59-L80; assembly-functions.asm @ 0x348ea4,partial,"port/level-world/canonical_object_manager_v1.cpp:163-188 unlinks from native lists and erases the handle map entry, but uses remove_all for list2c; IDA pseudocode/0034/00348ea4.c:59-80 unlinks a found node.",not_run,Acceptance: exercise the identified path in integrated Act 1 and record the cross-system state/result plus build/artifacts.,P2,unassigned
XC-0061,World ownership,Deferred deletion,libDungeonHunter2.so,0x3432f8,ObjectManager::MarkForDeletion(ObjectBase *),port/level-loader/game_object_arrays_owner_v81.cpp; port/android-native/app/src/main/cpp/source_campaign_object_loading_deferred_v106.cpp; port/android-native/app/src/main/cpp/source_campaign_release_v88.cpp,Trace MarkForDeletion's existing-entry scan and insertion only when the object is not already queued.,pseudocode/0034/003432f8.c:L8-L33; assembly-functions.asm @ 0x3432f8,implemented,port/level-world/canonical_object_manager_v1.cpp:231-234 scans marked_for_deletion and inserts only if absent; IDA pseudocode/0034/003432f8.c:11-33.,not_run,Acceptance: exercise the identified path in integrated Act 1 and record the cross-system state/result plus build/artifacts.,P1,unassigned
XC-0062,World ownership,Manager flush,libDungeonHunter2.so,0x3496b8,ObjectManager::Flush(void),port/level-loader/game_object_arrays_owner_v81.cpp; port/android-native/app/src/main/cpp/source_campaign_object_loading_deferred_v106.cpp; port/android-native/app/src/main/cpp/source_campaign_release_v88.cpp,Trace ObjectManager::Flush calling GameObject::FlushTargetList before ObjectBase::Delete for each object.,pseudocode/0034/003496b8.c:L26-L38; assembly-functions.asm @ 0x3496b8,implemented,port/level-world/canonical_object_manager_v1.cpp:199 calls flush_target_list before object_delete for each character; IDA pseudocode/0034/003496b8.c:27-30.,not_run,Acceptance: exercise the identified path in integrated Act 1 and record the cross-system state/result plus build/artifacts.,P2,unassigned
XC-0063,World ownership,Manager flush,libDungeonHunter2.so,0x3496b8; 0x3496b8,ObjectManager::Flush(void); ObjectManager::Flush(void),port/level-loader/game_object_arrays_owner_v81.cpp; port/android-native/app/src/main/cpp/source_campaign_object_loading_deferred_v106.cpp; port/android-native/app/src/main/cpp/source_campaign_release_v88.cpp,Compare ObjectManager::Flush room-list clearing with object deletion; room membership is cleared after object pass.,pseudocode/0034/003496b8.c:L26-L31; assembly-functions.asm @ 0x3496b8; pseudocode/0034/003496b8.c:L73-L85; assembly-functions.asm @ 0x3496b8,partial,"port/level-world/canonical_object_manager_v1.cpp:199-205 clears manager object state and no_room88 later, but does not clear room_objects80_v105_; IDA pseudocode/0034/003496b8.c:26-31,73-85.",not_run,Acceptance: exercise the identified path in integrated Act 1 and record the cross-system state/result plus build/artifacts.,P2,unassigned
XC-0064,World ownership,Manager flush,libDungeonHunter2.so,0x3496b8,ObjectManager::Flush(void),port/level-loader/game_object_arrays_owner_v81.cpp; port/android-native/app/src/main/cpp/source_campaign_object_loading_deferred_v106.cpp; port/android-native/app/src/main/cpp/source_campaign_release_v88.cpp,Trace ObjectManager::Flush clearing the object map and resetting map roots/count after traversal.,pseudocode/0034/003496b8.c:L73-L84; assembly-functions.asm @ 0x3496b8,implemented,"port/level-world/canonical_object_manager_v1.cpp:202,208-209 clears entries and resets relevant manager cells/count after traversal; IDA pseudocode/0034/003496b8.c:73-84.",not_run,Acceptance: exercise the identified path in integrated Act 1 and record the cross-system state/result plus build/artifacts.,P2,unassigned
XC-0065,World ownership,Manager flush,libDungeonHunter2.so,0x3496b8,ObjectManager::Flush(void),port/level-loader/game_object_arrays_owner_v81.cpp; port/android-native/app/src/main/cpp/source_campaign_object_loading_deferred_v106.cpp; port/android-native/app/src/main/cpp/source_campaign_release_v88.cpp,Trace character-list clearing after manager object data cleanup.,pseudocode/0034/003496b8.c:L85-L101; assembly-functions.asm @ 0x3496b8,implemented,"port/level-world/canonical_object_manager_v1.cpp:202,211 clears object data before characters70; IDA pseudocode/0034/003496b8.c:85-101.",not_run,Acceptance: exercise the identified path in integrated Act 1 and record the cross-system state/result plus build/artifacts.,P2,unassigned
XC-0066,World ownership,Manager flush,libDungeonHunter2.so,0x3496b8,ObjectManager::Flush(void),port/level-loader/game_object_arrays_owner_v81.cpp; port/android-native/app/src/main/cpp/source_campaign_object_loading_deferred_v106.cpp; port/android-native/app/src/main/cpp/source_campaign_release_v88.cpp,Compare queued object data cleanup against render/FX list cleanup later in the same flush body.,pseudocode/0034/003496b8.c:L101-L127; assembly-functions.asm @ 0x3496b8,partial,"port/level-world/canonical_object_manager_v1.cpp:201,212-215 invokes class D0 for map/orphan objects, but the audited render/FX cleanup order is not fully represented in this owner; IDA pseudocode/0034/003496b8.c:101-127.",not_run,Acceptance: exercise the identified path in integrated Act 1 and record the cross-system state/result plus build/artifacts.,P1,unassigned
XC-0067,World ownership,Object lifetime boundary,libDungeonHunter2.so,0x348ea4,ObjectManager::Remove(ObjectHandle),port/level-loader/game_object_arrays_owner_v81.cpp; port/android-native/app/src/main/cpp/source_campaign_object_loading_deferred_v106.cpp; port/android-native/app/src/main/cpp/source_campaign_release_v88.cpp,Trace ObjectManager::Remove's handle conversion guard: world/room unlink work runs only when the GameObject handle resolves.,pseudocode/0034/00348ea4.c:L48-L59; assembly-functions.asm @ 0x348ea4,implemented,port/level-world/canonical_object_manager_v1.cpp:154-161 performs room/no-room unlink only when the handle resolves to a GameObject; IDA pseudocode/0034/00348ea4.c:48-59.,not_run,Acceptance: exercise the identified path in integrated Act 1 and record the cross-system state/result plus build/artifacts.,P2,unassigned
XC-0068,Character ownership,Player removal handoff,libDungeonHunter2.so,0x371d80,PlayerManager::RemoveCharacter(Character *),port/android-native/app/src/main/cpp/source_campaign_player_removal_v114.hpp; port/android-native/app/src/main/cpp/source_campaign_character_unload_v105.cpp; port/android-native/app/src/main/cpp/source_campaign_character_gameobject_v111.cpp,Trace RemoveCharacter's null input guard before player lookup or character mutation.,pseudocode/0037/00371d80.c:L28-L35; assembly-functions.asm @ 0x371d80,implemented,port/android-native/app/src/main/cpp/source_campaign_player_removal_v114.cpp:85-90 requires a valid request then returns early for null Character660 before mutation; IDA pseudocode/0037/00371d80.c:28-35.,not_run,Acceptance: exercise the identified path in integrated Act 1 and record the cross-system state/result plus build/artifacts.,P2,unassigned
XC-0069,Character ownership,Player removal handoff,libDungeonHunter2.so,0x371d80,PlayerManager::RemoveCharacter(Character *),port/android-native/app/src/main/cpp/source_campaign_player_removal_v114.hpp; port/android-native/app/src/main/cpp/source_campaign_character_unload_v105.cpp; port/android-native/app/src/main/cpp/source_campaign_character_gameobject_v111.cpp,Trace created-character count decrement and character repositioning before virtual stop/deactivation calls.,pseudocode/0037/00371d80.c:L34-L60; assembly-functions.asm @ 0x371d80,implemented,port/android-native/app/src/main/cpp/source_campaign_player_removal_v114.cpp:95-100 decrements count and repositions before disable/visibility/stop-camera work; IDA pseudocode/0037/00371d80.c:34-60.,not_run,Acceptance: exercise the identified path in integrated Act 1 and record the cross-system state/result plus build/artifacts.,P2,unassigned
XC-0070,Character ownership,Player removal handoff,libDungeonHunter2.so,0x371d80,PlayerManager::RemoveCharacter(Character *),port/android-native/app/src/main/cpp/source_campaign_player_removal_v114.hpp; port/android-native/app/src/main/cpp/source_campaign_character_unload_v105.cpp; port/android-native/app/src/main/cpp/source_campaign_character_gameobject_v111.cpp,Trace target/aggro cleanup calls before ObjectBase::Delete marks the Character for deletion.,pseudocode/0037/00371d80.c:L61-L70; assembly-functions.asm @ 0x371d80,implemented,port/android-native/app/src/main/cpp/source_campaign_player_removal_v114.cpp:103-107 clears target and both aggro directions before ObjectBase deletion; IDA pseudocode/0037/00371d80.c:61-70.,not_run,Acceptance: exercise the identified path in integrated Act 1 and record the cross-system state/result plus build/artifacts.,P2,unassigned
XC-0071,Character ownership,Player removal handoff,libDungeonHunter2.so,0x371d80,PlayerManager::RemoveCharacter(Character *),port/android-native/app/src/main/cpp/source_campaign_player_removal_v114.hpp; port/android-native/app/src/main/cpp/source_campaign_character_unload_v105.cpp; port/android-native/app/src/main/cpp/source_campaign_character_gameobject_v111.cpp,Trace active-level camera retargeting to another local/player character after removal.,pseudocode/0037/00371d80.c:L71-L94; assembly-functions.asm @ 0x371d80,implemented,port/android-native/app/src/main/cpp/source_campaign_player_removal_v114.cpp:112-128 resolves next target and updates camera target before continuing; IDA pseudocode/0037/00371d80.c:71-94.,not_run,Acceptance: exercise the identified path in integrated Act 1 and record the cross-system state/result plus build/artifacts.,P1,unassigned
XC-0072,Character ownership,Player removal handoff,libDungeonHunter2.so,0x371d80,PlayerManager::RemoveCharacter(Character *),port/android-native/app/src/main/cpp/source_campaign_player_removal_v114.hpp; port/android-native/app/src/main/cpp/source_campaign_character_unload_v105.cpp; port/android-native/app/src/main/cpp/source_campaign_character_gameobject_v111.cpp,"Trace the post-removal PlayerInfo reset branch for class, name, level, inventory bytes, XP, gold, and ingame flag.",pseudocode/0037/00371d80.c:L101-L133; assembly-functions.asm @ 0x371d80,implemented,port/level-world/player_network_local_owner_v4.cpp:118-136 resets local PlayerInfo class/name/level/buffer/XP/gold/ingame fields; IDA pseudocode/0037/00371d80.c:101-133.,not_run,Acceptance: exercise the identified path in integrated Act 1 and record the cross-system state/result plus build/artifacts.,P2,unassigned
XC-0073,Character ownership,Player removal handoff,libDungeonHunter2.so,0x3721b8; 0x371d80,PlayerManager::RemoveAllCharacters(void); PlayerManager::RemoveCharacter(Character *),port/android-native/app/src/main/cpp/source_campaign_player_removal_v114.hpp; port/android-native/app/src/main/cpp/source_campaign_character_unload_v105.cpp; port/android-native/app/src/main/cpp/source_campaign_character_gameobject_v111.cpp,Compare RemoveAllCharacters iterating players and delegating each non-null character to RemoveCharacter.,pseudocode/0037/003721b8.c:L9-L33; assembly-functions.asm @ 0x3721b8; pseudocode/0037/00371d80.c:L28-L35; assembly-functions.asm @ 0x371d80,implemented,port/level-world/player_manager_owner_v1.cpp:53-72 walks players and dispatches each non-null character to RemoveCharacter; IDA pseudocode/0037/003721b8.c:9-33 and 00371d80.c:28-35.,not_run,Acceptance: exercise the identified path in integrated Act 1 and record the cross-system state/result plus build/artifacts.,P2,unassigned
XC-0074,Character ownership,Player removal handoff,libDungeonHunter2.so,0x3721b8,PlayerManager::RemoveAllCharacters(void),port/android-native/app/src/main/cpp/source_campaign_player_removal_v114.hpp; port/android-native/app/src/main/cpp/source_campaign_character_unload_v105.cpp; port/android-native/app/src/main/cpp/source_campaign_character_gameobject_v111.cpp,Trace RemoveAllCharacters resetting the created-character count after the removal loop.,pseudocode/0037/003721b8.c:L9-L33; assembly-functions.asm @ 0x3721b8,implemented,"port/level-world/player_manager_owner_v1.cpp:66-73 re-queries count, finishes the loop, then resets character_count6c4_; IDA pseudocode/0037/003721b8.c:9-33 and assembly-functions.asm @ 0x3721b8.",not_run,Acceptance: exercise the identified path in integrated Act 1 and record the cross-system state/result plus build/artifacts.,P2,unassigned
XC-0075,Character ownership,Local player lookup,libDungeonHunter2.so,0x330794; 0x36dfb0,"PlayerManager::GetLocalPlayerCharacter(void); PlayerManager::GetPlayerByInternalID(int, bool)",port/android-native/app/src/main/cpp/source_campaign_player_removal_v114.hpp; port/android-native/app/src/main/cpp/source_campaign_character_unload_v105.cpp; port/android-native/app/src/main/cpp/source_campaign_character_gameobject_v111.cpp,Trace the separate local-character getter and internal-player-ID lookup sites before using character/profile association.,pseudocode/0033/00330794.c:L1-L4; assembly-functions.asm @ 0x330794; pseudocode/0036/0036dfb0.c:L1-L35; assembly-functions.asm @ 0x36dfb0,implemented,port/level-world/player_manager_owner_v1.cpp:99-102 exposes separate get_by_internal/get_local_player routes; IDA pseudocode/0033/00330794.c:1-4 and 0036/0036dfb0.c:13-59.,not_run,Acceptance: exercise the identified path in integrated Act 1 and record the cross-system state/result plus build/artifacts.,P2,unassigned
XC-0076,Character ownership,Player identity mapping,libDungeonHunter2.so,0x36dfb0; 0x330794,"PlayerManager::GetPlayerByInternalID(int, bool); PlayerManager::GetLocalPlayerCharacter(void)",port/android-native/app/src/main/cpp/source_campaign_player_removal_v114.hpp; port/android-native/app/src/main/cpp/source_campaign_character_unload_v105.cpp; port/android-native/app/src/main/cpp/source_campaign_character_gameobject_v111.cpp,Compare Character lookup by internal ID with local-character access; preserve the explicit ID argument instead of assuming list index identity.,pseudocode/0036/0036dfb0.c:L1-L35; assembly-functions.asm @ 0x36dfb0; pseudocode/0033/00330794.c:L1-L4; assembly-functions.asm @ 0x330794,implemented,port/level-world/player_manager_owner_v1.cpp:75-102 routes explicit internal IDs through get_by_internal and local access through mapped selector 1; IDA pseudocode/0036/0036dfb0.c:13-59 and 0033/00330794.c:1-4.,not_run,Acceptance: exercise the identified path in integrated Act 1 and record the cross-system state/result plus build/artifacts.,P1,unassigned
XC-0077,Character ownership,Player removal handoff,libDungeonHunter2.so,0x371d80,PlayerManager::RemoveCharacter(Character *),port/android-native/app/src/main/cpp/source_campaign_player_removal_v114.hpp; port/android-native/app/src/main/cpp/source_campaign_character_unload_v105.cpp; port/android-native/app/src/main/cpp/source_campaign_character_gameobject_v111.cpp,Trace HUD refresh callback after PlayerInfo and character removal updates.,pseudocode/0037/00371d80.c:L135-L145; assembly-functions.asm @ 0x371d80,implemented,port/android-native/app/src/main/cpp/source_campaign_player_removal_v114.cpp:132-133 calls source_main_menu_refresh_hud after PlayerInfo cleanup; IDA pseudocode/0037/00371d80.c:135-145.,not_run,Acceptance: exercise the identified path in integrated Act 1 and record the cross-system state/result plus build/artifacts.,P2,unassigned
XC-0078,Events,Receiver registration,libDungeonHunter2.so,0x338da0,"EventManager::Attach(int, IEventReceiver *, int)",port/level-loader/game_event_runtime_v75.cpp; port/level-loader/game_event_manager_v50.cpp; port/android-native/app/src/main/cpp/source_campaign_events_v75.cpp,Trace Attach selecting the event-ID map bucket and storing receiver plus priority.,pseudocode/0033/00338da0.c:L19-L55; assembly-functions.asm @ 0x338da0,implemented,port/level-world/event_manager_owner_v12.cpp:23-29 selects the event bucket and appends receiver plus priority; IDA pseudocode/0033/00338da0.c:19-55.,not_run,Acceptance: exercise the identified path in integrated Act 1 and record the cross-system state/result plus build/artifacts.,P2,unassigned
XC-0079,Events,Receiver registration,libDungeonHunter2.so,0x338da0,"EventManager::Attach(int, IEventReceiver *, int)",port/level-loader/game_event_runtime_v75.cpp; port/level-loader/game_event_manager_v50.cpp; port/android-native/app/src/main/cpp/source_campaign_events_v75.cpp,Trace Attach's existing-bucket scan and duplicate receiver comparison before insertion.,pseudocode/0033/00338da0.c:L57-L75; assembly-functions.asm @ 0x338da0,implemented,"port/level-world/event_manager_owner_v12.cpp:26-28 scans a bucket, accepts duplicate identity without insertion, and stores new receiver/priority; IDA pseudocode/0033/00338da0.c:57-77.",not_run,Acceptance: exercise the identified path in integrated Act 1 and record the cross-system state/result plus build/artifacts.,P2,unassigned
XC-0080,Events,Receiver teardown,libDungeonHunter2.so,0x33811c,"EventManager::Detach(int, IEventReceiver *)",port/level-loader/game_event_runtime_v75.cpp; port/level-loader/game_event_manager_v50.cpp; port/android-native/app/src/main/cpp/source_campaign_events_v75.cpp,Trace Detach searching the requested event-ID bucket and returning zero when the bucket is absent.,pseudocode/0033/0033811c.c:L15-L37; assembly-functions.asm @ 0x33811c,implemented,port/level-world/event_manager_owner_v12.cpp:30-32 returns removed=false for absent bucket and searches the requested type; IDA pseudocode/0033/0033811c.c:15-37.,not_run,Acceptance: exercise the identified path in integrated Act 1 and record the cross-system state/result plus build/artifacts.,P2,unassigned
XC-0081,Events,Receiver teardown,libDungeonHunter2.so,0x33811c,"EventManager::Detach(int, IEventReceiver *)",port/level-loader/game_event_runtime_v75.cpp; port/level-loader/game_event_manager_v50.cpp; port/android-native/app/src/main/cpp/source_campaign_events_v75.cpp,Trace Detach unlinking only the matching receiver and returning success.,pseudocode/0033/0033811c.c:L37-L54; assembly-functions.asm @ 0x33811c,implemented,port/level-world/event_manager_owner_v12.cpp:31-32 erases the first matching receiver and reports removed; IDA pseudocode/0033/0033811c.c:37-54.,not_run,Acceptance: exercise the identified path in integrated Act 1 and record the cross-system state/result plus build/artifacts.,P1,unassigned
XC-0082,Events,Synchronous dispatch,libDungeonHunter2.so,0x338ebc,EventManager::Raise(IEvent const&)const,port/level-loader/game_event_runtime_v75.cpp; port/level-loader/game_event_manager_v50.cpp; port/android-native/app/src/main/cpp/source_campaign_events_v75.cpp,Trace Raise deriving event ID from the event object and selecting the matching receiver bucket.,pseudocode/0033/00338ebc.c:L23-L50; assembly-functions.asm @ 0x338ebc,implemented,port/level-world/event_manager_owner_v12.cpp:62-65 gets the event type then selects matching receiver bucket; IDA pseudocode/0033/00338ebc.c:23-50.,not_run,Acceptance: exercise the identified path in integrated Act 1 and record the cross-system state/result plus build/artifacts.,P2,unassigned
XC-0083,Events,Synchronous dispatch,libDungeonHunter2.so,0x338ebc,EventManager::Raise(IEvent const&)const,port/level-loader/game_event_runtime_v75.cpp; port/level-loader/game_event_manager_v50.cpp; port/android-native/app/src/main/cpp/source_campaign_events_v75.cpp,Trace Raise invoking receivers in list order and stopping dispatch when a receiver returns 1.,pseudocode/0033/00338ebc.c:L53-L67; assembly-functions.asm @ 0x338ebc,implemented,port/level-world/event_manager_owner_v12.cpp:66-71 snapshots in list order and stops on result 1; IDA pseudocode/0033/00338ebc.c:53-67.,not_run,Acceptance: exercise the identified path in integrated Act 1 and record the cross-system state/result plus build/artifacts.,P2,unassigned
XC-0084,Events,Receiver lifetime during dispatch,libDungeonHunter2.so,0x338ebc,EventManager::Raise(IEvent const&)const,port/level-loader/game_event_runtime_v75.cpp; port/level-loader/game_event_manager_v50.cpp; port/android-native/app/src/main/cpp/source_campaign_events_v75.cpp,Trace Raise copying receiver entries into a temporary list when the registered bucket is nonempty before callbacks.,pseudocode/0033/00338ebc.c:L69-L89; assembly-functions.asm @ 0x338ebc,implemented,port/level-world/event_manager_owner_v12.cpp:66-70 copies the nonempty bucket before callbacks; IDA pseudocode/0033/00338ebc.c:69-89.,not_run,Acceptance: exercise the identified path in integrated Act 1 and record the cross-system state/result plus build/artifacts.,P2,unassigned
XC-0085,Events,Async event update,libDungeonHunter2.so,0x33900c,EventManager::Update(double),port/level-loader/game_event_runtime_v75.cpp; port/level-loader/game_event_manager_v50.cpp; port/android-native/app/src/main/cpp/source_campaign_events_v75.cpp,"Trace EventManager::Update taking the queued event, dispatching it through Raise, then releasing it.",pseudocode/0033/0033900c.c:L11-L25; assembly-functions.asm @ 0x33900c,partial,"port/level-world/event_manager_owner_v12.cpp:73-87 implements queued Update dispatch/destruction/drop-delayed-detach, but queued events enter only via an explicit producer and RaiseAsync itself is synchronous; IDA pseudocode/0033/0033900c.c:11-35.",not_run,Acceptance: exercise the identified path in integrated Act 1 and record the cross-system state/result plus build/artifacts.,P2,unassigned
XC-0086,Events,Async event update,libDungeonHunter2.so,0x33900c,EventManager::Update(double),port/level-loader/game_event_runtime_v75.cpp; port/level-loader/game_event_manager_v50.cpp; port/android-native/app/src/main/cpp/source_campaign_events_v75.cpp,Trace queued-event node unlink/deallocation after Raise and before the next queue item.,pseudocode/0033/0033900c.c:L21-L35; assembly-functions.asm @ 0x33900c,implemented,"port/level-world/event_manager_owner_v12.cpp:83-87 raises, runs deleting destructor, then pops the front queued event; IDA pseudocode/0033/0033900c.c:21-35.",not_run,Acceptance: exercise the identified path in integrated Act 1 and record the cross-system state/result plus build/artifacts.,P1,unassigned
XC-0087,Events,Receiver lifetime during dispatch,libDungeonHunter2.so,0x33900c,EventManager::Update(double),port/level-loader/game_event_runtime_v75.cpp; port/level-loader/game_event_manager_v50.cpp; port/android-native/app/src/main/cpp/source_campaign_events_v75.cpp,Trace EventManager::Update calling DropDelayedDetach after queued events have been processed.,pseudocode/0033/0033900c.c:L31-L35; assembly-functions.asm @ 0x33900c,implemented,port/level-world/event_manager_owner_v12.cpp:83-87 calls drop_delayed_detach after draining queue; IDA pseudocode/0033/0033900c.c:31-35.,not_run,Acceptance: exercise the identified path in integrated Act 1 and record the cross-system state/result plus build/artifacts.,P2,unassigned
XC-0088,Events,Manager teardown,libDungeonHunter2.so,0x3384ac,EventManager::Flush(void),port/level-loader/game_event_runtime_v75.cpp; port/level-loader/game_event_manager_v50.cpp; port/android-native/app/src/main/cpp/source_campaign_events_v75.cpp,"Trace EventManager::Flush clearing queued events, receiver buckets, and delayed-detach state.",pseudocode/0033/003384ac.c:L1-L14; assembly-functions.asm @ 0x3384ac,implemented,"port/level-world/event_manager_owner_v12.cpp:89-92 clears pending events, receiver map, and delayed-detach state; IDA pseudocode/0033/003384ac.c:1-14.",not_run,Acceptance: exercise the identified path in integrated Act 1 and record the cross-system state/result plus build/artifacts.,P2,unassigned
XC-0089,Events,Async alias boundary,libDungeonHunter2.so,0x339090; 0x338ebc,EventManager::RaiseAsync(IEvent const&)const; EventManager::Raise(IEvent const&)const,port/level-loader/game_event_runtime_v75.cpp; port/level-loader/game_event_manager_v50.cpp; port/android-native/app/src/main/cpp/source_campaign_events_v75.cpp,Verify RaiseAsync is a direct alias to Raise and trace synchronous dispatch at its caller; this body does not enqueue.,pseudocode/0033/00339090.c:L1-L5; assembly-functions.asm @ 0x339090; pseudocode/0033/00338ebc.c:L23-L27; assembly-functions.asm @ 0x338ebc,implemented,port/level-world/event_manager_owner_v12.hpp:68 aliases raise_async directly to raise; port/level-world/zone_collision_runtime_v83.cpp:80-97 constructs and dispatches the MoveInZone event synchronously. IDA pseudocode/0033/00339090.c:1-5 and 00338ebc.c:23-27.,not_run,Acceptance: exercise the identified path in integrated Act 1 and record the cross-system state/result plus build/artifacts.,P2,unassigned
XC-0090,Quest/event/save,Collision to quest event,libDungeonHunter2.so,0x396120,QuestMoveInZone::OnCollisionBegins(GameObject *),port/level-loader/game_event_runtime_v75.cpp; port/level-loader/game_event_manager_v50.cpp; port/android-native/app/src/main/cpp/source_campaign_quests_v76.cpp; port/game-data/quest_persistence_v51.cpp,Trace QuestMoveInZone rejecting a null GameObject and requiring the object's virtual predicate before event creation.,pseudocode/0039/00396120.c:L11-L29; assembly-functions.asm @ 0x396120,implemented,"port/level-world/zone_collision_runtime_v83.cpp:80-86 asserts/rejects null object, applies virtual character predicate, then gets current level; IDA pseudocode/0039/00396120.c:11-29.",not_run,Acceptance: exercise the identified path in integrated Act 1 and record the cross-system state/result plus build/artifacts.,P2,unassigned
XC-0091,Quest/event/save,Collision to quest event,libDungeonHunter2.so,0x396120,QuestMoveInZone::OnCollisionBegins(GameObject *),port/level-loader/game_event_runtime_v75.cpp; port/level-loader/game_event_manager_v50.cpp; port/android-native/app/src/main/cpp/source_campaign_quests_v76.cpp; port/game-data/quest_persistence_v51.cpp,"Trace QuestMoveInZone retrieving current level and writing objective type, GameObject pointer, and zone owner into event fields.",pseudocode/0039/00396120.c:L27-L41; assembly-functions.asm @ 0x396120,implemented,"port/level-world/zone_collision_runtime_v83.cpp:88-96 fills MoveInZone type, GameObject, room, zone owner and event fields; IDA pseudocode/0039/00396120.c:27-41.",not_run,Acceptance: exercise the identified path in integrated Act 1 and record the cross-system state/result plus build/artifacts.,P1,unassigned
XC-0092,Quest/event/save,Collision to quest event,libDungeonHunter2.so,0x396120; 0x339090,QuestMoveInZone::OnCollisionBegins(GameObject *); EventManager::RaiseAsync(IEvent const&)const,port/level-loader/game_event_runtime_v75.cpp; port/level-loader/game_event_manager_v50.cpp; port/android-native/app/src/main/cpp/source_campaign_quests_v76.cpp; port/game-data/quest_persistence_v51.cpp,Trace the constructed MoveInZone event into EventManager::RaiseAsync.,pseudocode/0039/00396120.c:L29-L42; assembly-functions.asm @ 0x396120; pseudocode/0033/00339090.c:L1-L5; assembly-functions.asm @ 0x339090,implemented,port/level-world/zone_collision_runtime_v83.cpp:93-97 raises the constructed envelope; RaiseAsync is direct synchronous raise at event_manager_owner_v12.hpp:68. IDA pseudocode/0039/00396120.c:29-42 and 0033/00339090.c:1-5.,not_run,Acceptance: exercise the identified path in integrated Act 1 and record the cross-system state/result plus build/artifacts.,P2,unassigned
XC-0093,Quest/event/save,Quest state update,libDungeonHunter2.so,0x481818,Quest::Update(void),port/level-loader/game_event_runtime_v75.cpp; port/level-loader/game_event_manager_v50.cpp; port/android-native/app/src/main/cpp/source_campaign_quests_v76.cpp; port/game-data/quest_persistence_v51.cpp,Trace Quest::Update gating on the local character/quest availability and online host condition before state handlers.,pseudocode/0048/00481818.c:L20-L32; assembly-functions.asm @ 0x481818,partial,"port/level-world/native_quest_runtime_v76.cpp:201-205 gates updates through frame_gate; source_campaign_quest_frame_v108.inc:91-98 checks local save/sync/online-host state, but non-host online branch fails at line 98 rather than modeling the source continuation. IDA pseudocode/0048/00481818.c:20-32.",not_run,Acceptance: exercise the identified path in integrated Act 1 and record the cross-system state/result plus build/artifacts.,P2,unassigned
XC-0094,Quest/event/save,Quest state update,libDungeonHunter2.so,0x481818,Quest::Update(void),port/level-loader/game_event_runtime_v75.cpp; port/level-loader/game_event_manager_v50.cpp; port/android-native/app/src/main/cpp/source_campaign_quests_v76.cpp; port/game-data/quest_persistence_v51.cpp,Trace loaded-quest reinitialization and clearing the loaded marker before state-specific processing.,pseudocode/0048/00481818.c:L28-L33; assembly-functions.asm @ 0x481818,implemented,port/level-world/native_quest_runtime_v76.cpp:204-206 reinitializes saved volatile state then clears the loaded marker; IDA pseudocode/0048/00481818.c:28-33.,not_run,Acceptance: exercise the identified path in integrated Act 1 and record the cross-system state/result plus build/artifacts.,P2,unassigned
XC-0095,Quest/event/save,Quest state update,libDungeonHunter2.so,0x481818,Quest::Update(void),port/level-loader/game_event_runtime_v75.cpp; port/level-loader/game_event_manager_v50.cpp; port/android-native/app/src/main/cpp/source_campaign_quests_v76.cpp; port/game-data/quest_persistence_v51.cpp,Trace the state-value dispatch from Locked through Active branches into their dedicated update handlers.,pseudocode/0048/00481818.c:L33-L56; assembly-functions.asm @ 0x481818,implemented,port/level-world/native_quest_runtime_v76.cpp:207-218 dispatches Locked through Active state cases to prerequisite/script/objective handlers; IDA pseudocode/0048/00481818.c:33-56.,not_run,Acceptance: exercise the identified path in integrated Act 1 and record the cross-system state/result plus build/artifacts.,P2,unassigned
XC-0096,Quest/event/save,Quest state update,libDungeonHunter2.so,0x481818,Quest::Update(void),port/level-loader/game_event_runtime_v75.cpp; port/level-loader/game_event_manager_v50.cpp; port/android-native/app/src/main/cpp/source_campaign_quests_v76.cpp; port/game-data/quest_persistence_v51.cpp,"Trace Completed, PostCompleted, PreClosed, and Closed state dispatch branches.",pseudocode/0048/00481818.c:L57-L75; assembly-functions.asm @ 0x481818,implemented,port/level-world/native_quest_runtime_v76.cpp:207-243 dispatches Completed/PostCompleted/PreClosed/Closed and skips PostClosed's no-op body; IDA pseudocode/0048/00481818.c:57-75.,not_run,Acceptance: exercise the identified path in integrated Act 1 and record the cross-system state/result plus build/artifacts.,P1,unassigned
XC-0097,Quest/event/save,Quest transition persistence,libDungeonHunter2.so,0x47fb74,Quest::HandleSaveInStateTransitonIfNeeded(int),port/level-loader/game_event_runtime_v75.cpp; port/level-loader/game_event_manager_v50.cpp; port/android-native/app/src/main/cpp/source_campaign_quests_v76.cpp; port/game-data/quest_persistence_v51.cpp,Trace the volatility assertion and per-state script-ID check before the save path.,pseudocode/0047/0047fb74.c:L20-L84; assembly-functions.asm @ 0x47fb74,partial,"port/level-world/native_quest_runtime_v76.cpp:160-175 uses a volatility table and per-state script IDs before transition save, but does not reproduce the original failed IsVolatileState assertion path; IDA pseudocode/0047/0047fb74.c:20-84.",not_run,Acceptance: exercise the identified path in integrated Act 1 and record the cross-system state/result plus build/artifacts.,P2,unassigned
XC-0098,Quest/event/save,Quest transition persistence,libDungeonHunter2.so,0x47fb74,Quest::HandleSaveInStateTransitonIfNeeded(int),port/level-loader/game_event_runtime_v75.cpp; port/level-loader/game_event_manager_v50.cpp; port/android-native/app/src/main/cpp/source_campaign_quests_v76.cpp; port/game-data/quest_persistence_v51.cpp,Trace the successful save-state branch to level unblocking and QuickSave.,pseudocode/0047/0047fb74.c:L84-L93; assembly-functions.asm @ 0x47fb74,implemented,port/android-native/app/src/main/cpp/source_campaign_quest_frame_v108.inc:42-50 clears level save block and invokes QuickSave on successful transition; IDA pseudocode/0047/0047fb74.c:84-93.,not_run,Acceptance: exercise the identified path in integrated Act 1 and record the cross-system state/result plus build/artifacts.,P2,unassigned
XC-0099,Quest/event/save,Quest transition persistence,libDungeonHunter2.so,0x47fb74; 0x3bc4a8,Quest::HandleSaveInStateTransitonIfNeeded(int); Character::SG_Save(void),port/level-loader/game_event_runtime_v75.cpp; port/level-loader/game_event_manager_v50.cpp; port/android-native/app/src/main/cpp/source_campaign_quests_v76.cpp; port/game-data/quest_persistence_v51.cpp,Trace the same successful branch from local-player lookup to Character::SG_Block and Character::SG_Save.,pseudocode/0047/0047fb74.c:L87-L100; assembly-functions.asm @ 0x47fb74; pseudocode/003b/003bc4a8.c:L1-L9; assembly-functions.asm @ 0x3bc4a8,implemented,"port/android-native/app/src/main/cpp/source_campaign_quest_frame_v108.inc:52-57 repeats local-player lookup, unblocks Character save, and writes via PlayerSaveWriteOwner; IDA pseudocode/0047/0047fb74.c:87-100 and 003b/003bc4a8.c:1-9.",not_run,Acceptance: exercise the identified path in integrated Act 1 and record the cross-system state/result plus build/artifacts.,P2,unassigned
XC-0100,Quest/event/save,Quest persistence,libDungeonHunter2.so,0x46c6fc,QuestSavegame::SaveQuests(IStreamBase *),port/level-loader/game_event_runtime_v75.cpp; port/level-loader/game_event_manager_v50.cpp; port/android-native/app/src/main/cpp/source_campaign_quests_v76.cpp; port/game-data/quest_persistence_v51.cpp,"Trace QuestSavegame::SaveQuests packing difficulty/context buckets 0, 1, and 2 in sequence.",pseudocode/0046/0046c6fc.c:L1-L6; assembly-functions.asm @ 0x46c6fc,implemented,port/level-world/player_save_collections_writer_v45.cpp:16-27 writes each of the three difficulty buckets in sequence; IDA pseudocode/0046/0046c6fc.c:1-6.,not_run,Acceptance: exercise the identified path in integrated Act 1 and record the cross-system state/result plus build/artifacts.,P2,unassigned
XC-0101,Quest/event/save,Quest persistence,libDungeonHunter2.so,0x46c550,QuestSavegame::LoadQuests(IStreamBase *),port/level-loader/game_event_runtime_v75.cpp; port/level-loader/game_event_manager_v50.cpp; port/android-native/app/src/main/cpp/source_campaign_quests_v76.cpp; port/game-data/quest_persistence_v51.cpp,"Trace QuestSavegame::LoadQuests unpacking the same three buckets 0, 1, and 2.",pseudocode/0046/0046c550.c:L1-L12; assembly-functions.asm @ 0x46c550,implemented,port/game-data/quest_savegame_v1.cpp:44-52 unpacks difficulty buckets 0 through 2; IDA pseudocode/0046/0046c550.c:1-12.,not_run,Acceptance: exercise the identified path in integrated Act 1 and record the cross-system state/result plus build/artifacts.,P1,unassigned
XC-0102,Quest/event/save,Quest persistence,libDungeonHunter2.so,0x47f734,Quest::_saveQuestData(IStreamBase *),port/level-loader/game_event_runtime_v75.cpp; port/level-loader/game_event_manager_v50.cpp; port/android-native/app/src/main/cpp/source_campaign_quests_v76.cpp; port/game-data/quest_persistence_v51.cpp,"Trace quest save payload writing the quest state value, both child data blocks, and objective data.",pseudocode/0047/0047f734.c:L1-L7; assembly-functions.asm @ 0x47f734,implemented,"port/game-data/quest_persistence_v51.cpp:90-93 writes quest state, accept/end objectives, and objective list; IDA pseudocode/0047/0047f734.c:1-7.",not_run,Acceptance: exercise the identified path in integrated Act 1 and record the cross-system state/result plus build/artifacts.,P2,unassigned
XC-0103,Profile identity,Menu preview to save,libDungeonHunter2.so,0x42bd08,MenuMainMenu::SetupCharacter(void),port/game-data/player_savegame_v1.cpp; port/game-data/player_profile_index_v1.cpp; port/game-data/campaign_profile_files_v1.cpp; port/engine-ui/character_menu_save_actions_v1.cpp,Trace the selected menu save slot to PlayerSavegame::SG_Exists and the existing-save versus fresh-player creation branch.,pseudocode/0042/0042bd08.c:L11-L36; assembly-functions.asm @ 0x42bd08,implemented,"port/android-native/app/src/main/cpp/native_menu_preview_v121.cpp:106-123 checks selected slot/save existence, creates fresh or existing player, and calls SG_Load(4) only for existing save; IDA pseudocode/0042/0042bd08.c:11-36.",not_run,Acceptance: exercise the identified path in integrated Act 1 and record the cross-system state/result plus build/artifacts.,P2,unassigned
XC-0104,Profile identity,Menu preview to save,libDungeonHunter2.so,0x42bd08; 0x3bc4d0,MenuMainMenu::SetupCharacter(void); Character::SG_Load(int),port/game-data/player_savegame_v1.cpp; port/game-data/player_profile_index_v1.cpp; port/game-data/campaign_profile_files_v1.cpp; port/engine-ui/character_menu_save_actions_v1.cpp,Trace existing-slot preview creation into Character::SG_Load with selector 4.,pseudocode/0042/0042bd08.c:L14-L25; assembly-functions.asm @ 0x42bd08; pseudocode/003b/003bc4d0.c:L1-L9; assembly-functions.asm @ 0x3bc4d0,implemented,port/android-native/app/src/main/cpp/native_menu_preview_v121.cpp:114-124 connects save_exists/create_player and existing Character SG_Load(4); IDA pseudocode/0042/0042bd08.c:14-25 and 003b/003bc4d0.c:1-9.,not_run,Acceptance: exercise the identified path in integrated Act 1 and record the cross-system state/result plus build/artifacts.,P2,unassigned
XC-0105,Profile identity,Menu preview ownership,libDungeonHunter2.so,0x42c0d0,"MenuMainMenu::ChangeCharacterToDisplay(int, bool)",port/game-data/player_savegame_v1.cpp; port/game-data/player_profile_index_v1.cpp; port/game-data/campaign_profile_files_v1.cpp; port/engine-ui/character_menu_save_actions_v1.cpp,"Trace slot change destroying the prior preview, storing the new slot, then rebuilding preview and camera.",pseudocode/0042/0042c0d0.c:L7-L14; assembly-functions.asm @ 0x42c0d0,implemented,"port/engine-ui/menu_avatar_preview_v1.cpp:3-15 destroys previous preview, stores new slot, runs setup, then camera creation; IDA pseudocode/0042/0042c0d0.c:7-14.",not_run,Acceptance: exercise the identified path in integrated Act 1 and record the cross-system state/result plus build/artifacts.,P2,unassigned
XC-0106,Profile identity,Character save identity,libDungeonHunter2.so,0x3bc4a8,Character::SG_Save(void),port/game-data/player_savegame_v1.cpp; port/game-data/player_profile_index_v1.cpp; port/game-data/campaign_profile_files_v1.cpp; port/engine-ui/character_menu_save_actions_v1.cpp,Trace Character::SG_Save forwarding only when the Character has a PlayerSavegame object.,pseudocode/003b/003bc4a8.c:L1-L9; assembly-functions.asm @ 0x3bc4a8,partial,IDA .local-inputs/ida-apk-export-2026-10-07/libraries/libDungeonHunter2.so/pseudocode/003b/003bc4a8.c:1-8: null-check then PlayerSavegame::SG_Save. Port only delegates save via graph callback: port/engine-ui/character_menu_save_actions_v1.cpp:6-10; no direct native SG_Save body in cited implementation files.,not_run,Acceptance: exercise the identified path in integrated Act 1 and record the cross-system state/result plus build/artifacts.,P1,unassigned
XC-0107,Profile identity,Character save identity,libDungeonHunter2.so,0x3bc4d0,Character::SG_Load(int),port/game-data/player_savegame_v1.cpp; port/game-data/player_profile_index_v1.cpp; port/game-data/campaign_profile_files_v1.cpp; port/engine-ui/character_menu_save_actions_v1.cpp,Trace Character::SG_Load forwarding its selector to the owned PlayerSavegame only when present.,pseudocode/003b/003bc4d0.c:L1-L9; assembly-functions.asm @ 0x3bc4d0,partial,"IDA .local-inputs/ida-apk-export-2026-10-07/libraries/libDungeonHunter2.so/pseudocode/003b/003bc4d0.c:1-8: same saved pointer null-check and selector forwarding. Port has profile load orchestration through section requests, not this Character wrapper: port/game-data/player_save_load_owner_v1.cpp:89-100.",not_run,Acceptance: exercise the identified path in integrated Act 1 and record the cross-system state/result plus build/artifacts.,P2,unassigned
XC-0108,Profile identity,World location persistence,libDungeonHunter2.so,0x3bb854,"Character::SG_SetLevelId(int, int)",port/game-data/player_savegame_v1.cpp; port/game-data/player_profile_index_v1.cpp; port/game-data/campaign_profile_files_v1.cpp; port/engine-ui/character_menu_save_actions_v1.cpp,Trace SG_SetLevelId's difficulty -1 sentinel to current difficulty index and explicit difficulty to the supplied index.,pseudocode/003b/003bb854.c:L1-L13; assembly-functions.asm @ 0x3bb854,partial,"IDA .local-inputs/ida-apk-export-2026-10-07/libraries/libDungeonHunter2.so/pseudocode/003b/003bb854.c:1-13: save pointer gate; -1 uses current difficulty, else supplied index; writes level ID. Port stores a validated explicit difficulty cell at port/game-data/player_savegame_v1.hpp:106-108 and invokes an external setter in stage restore at port/level-loader/stage_loader_stage34_v1.hpp:75; no Character wrapper/current-difficulty branch.",not_run,Acceptance: exercise the identified path in integrated Act 1 and record the cross-system state/result plus build/artifacts.,P2,unassigned
XC-0109,Profile identity,World location persistence,libDungeonHunter2.so,0x3bb89c,"Character::SG_SetLevelEntryPoint(int, int)",port/game-data/player_savegame_v1.cpp; port/game-data/player_profile_index_v1.cpp; port/game-data/campaign_profile_files_v1.cpp; port/engine-ui/character_menu_save_actions_v1.cpp,Trace SG_SetLevelEntryPoint's parallel sentinel/current-difficulty indexing rule.,pseudocode/003b/003bb89c.c:L1-L13; assembly-functions.asm @ 0x3bb89c,partial,IDA .local-inputs/ida-apk-export-2026-10-07/libraries/libDungeonHunter2.so/pseudocode/003b/003bb89c.c:1-13: -1/current difficulty or explicit index writes entrypoint. Port has explicit validated store only at port/game-data/player_savegame_v1.hpp:99-101; corresponding Character wrapper not found in scoped port/game-data and port/engine-ui search.,not_run,Acceptance: exercise the identified path in integrated Act 1 and record the cross-system state/result plus build/artifacts.,P2,unassigned
XC-0110,Profile identity,Quest progression persistence,libDungeonHunter2.so,0x3bbf40,"Character::SG_SetCurrentAct(int, int)",port/game-data/player_savegame_v1.cpp; port/game-data/player_profile_index_v1.cpp; port/game-data/campaign_profile_files_v1.cpp; port/engine-ui/character_menu_save_actions_v1.cpp,Trace SG_SetCurrentAct's monotonic max update for current difficulty and explicit difficulty branches.,pseudocode/003b/003bbf40.c:L8-L25; assembly-functions.asm @ 0x3bbf40,partial,"IDA .local-inputs/ida-apk-export-2026-10-07/libraries/libDungeonHunter2.so/pseudocode/003b/003bbf40.c:1-25: forwards through SG_GetQuestSG and raises current-act value only when greater, for current/explicit difficulty. Port quest state exposes bulk current-act assignment at port/game-data/quest_savegame_v1.hpp:53 but no Character forwarding/max branch in scoped port/game-data/engine-ui search.",not_run,Acceptance: exercise the identified path in integrated Act 1 and record the cross-system state/result plus build/artifacts.,P2,unassigned
XC-0111,Profile identity,Quest progression persistence,libDungeonHunter2.so,0x3bbfbc,"Character::SG_SetCurrentPrimaryQuest(int, int)",port/game-data/player_savegame_v1.cpp; port/game-data/player_profile_index_v1.cpp; port/game-data/campaign_profile_files_v1.cpp; port/engine-ui/character_menu_save_actions_v1.cpp,Trace SG_SetCurrentPrimaryQuest resolving difficulty -1 to PlayerSavegame's current difficulty before writing quest-save state.,pseudocode/003b/003bbfbc.c:L6-L15; assembly-functions.asm @ 0x3bbfbc,partial,IDA .local-inputs/ida-apk-export-2026-10-07/libraries/libDungeonHunter2.so/pseudocode/003b/003bbfbc.c:1-15: -1 resolves current difficulty then writes primary quest through SG_GetQuestSG. Port has quest state storage but no corresponding Character setter in scoped port/game-data/engine-ui search; port/game-data/quest_savegame_v1.hpp:53 shows adjacent act state only.,not_run,Acceptance: exercise the identified path in integrated Act 1 and record the cross-system state/result plus build/artifacts.,P1,unassigned
XC-0112,Profile identity,Saved level identity,libDungeonHunter2.so,0x468938,"PlayerSavegame::__LoadLevelEntryPoint(IStreamBase *, void *)",port/game-data/player_savegame_v1.cpp; port/game-data/player_profile_index_v1.cpp; port/game-data/campaign_profile_files_v1.cpp; port/engine-ui/character_menu_save_actions_v1.cpp,Trace the level-entry-point load callback reading three consecutive int fields into the target save structure.,pseudocode/0046/00468938.c:L1-L6; assembly-functions.asm @ 0x468938,implemented,IDA .local-inputs/ida-apk-export-2026-10-07/libraries/libDungeonHunter2.so/pseudocode/0046/00468938.c:1-6: three consecutive int reads. Port reads three LEPT words into entry_points: port/game-data/player_savegame_v1.cpp:67-71.,not_run,Acceptance: exercise the identified path in integrated Act 1 and record the cross-system state/result plus build/artifacts.,P2,unassigned
XC-0113,Profile identity,Saved level identity,libDungeonHunter2.so,0x468b78,"PlayerSavegame::__LoadLevelName(IStreamBase *, void *)",port/game-data/player_savegame_v1.cpp; port/game-data/player_profile_index_v1.cpp; port/game-data/campaign_profile_files_v1.cpp; port/engine-ui/character_menu_save_actions_v1.cpp,Trace level-name/progression load callback reading the difficulty count and looping exactly three difficulty records.,pseudocode/0046/00468b78.c:L8-L22; assembly-functions.asm @ 0x468b78,implemented,"IDA .local-inputs/ida-apk-export-2026-10-07/libraries/libDungeonHunter2.so/pseudocode/0046/00468b78.c:8-22: unsigned date then exactly three level/seed/act records, paired act store. Port reads date and loops three times reading those fields: port/game-data/player_savegame_v1.cpp:55-65.",not_run,Acceptance: exercise the identified path in integrated Act 1 and record the cross-system state/result plus build/artifacts.,P2,unassigned
XC-0114,Profile identity,World progression restore,libDungeonHunter2.so,0x46a9cc,"PlayerSavegame::__LoadLevelStates(IStreamBase *, void *)",port/game-data/player_savegame_v1.cpp; port/game-data/player_profile_index_v1.cpp; port/game-data/campaign_profile_files_v1.cpp; port/engine-ui/character_menu_save_actions_v1.cpp,Trace level-state restore matching serialized level names against the current LevelList before setting a level state.,pseudocode/0046/0046a9cc.c:L25-L53; assembly-functions.asm @ 0x46a9cc,implemented,"IDA .local-inputs/ida-apk-export-2026-10-07/libraries/libDungeonHunter2.so/pseudocode/0046/0046a9cc.c:25-53: three level tiers, name lookup and state application or consume unknown. Port implements three tiers and name match into initialized LevelList state: port/game-data/player_save_state_fields_v45.cpp:17-27.",not_run,Acceptance: exercise the identified path in integrated Act 1 and record the cross-system state/result plus build/artifacts.,P2,unassigned
XC-0115,Profile identity,World progression restore,libDungeonHunter2.so,0x46a9cc,"PlayerSavegame::__LoadLevelStates(IStreamBase *, void *)",port/game-data/player_savegame_v1.cpp; port/game-data/player_profile_index_v1.cpp; port/game-data/campaign_profile_files_v1.cpp; port/engine-ui/character_menu_save_actions_v1.cpp,Trace map-location restore matching saved names against WorldMap before setting the corresponding map state.,pseudocode/0046/0046a9cc.c:L56-L86; assembly-functions.asm @ 0x46a9cc,implemented,"IDA .local-inputs/ida-apk-export-2026-10-07/libraries/libDungeonHunter2.so/pseudocode/0046/0046a9cc.c:56-86: three map tiers, name lookup and state application. Port mirrors name matching into initialized map arrays: port/game-data/player_save_state_fields_v45.cpp:20-27.",not_run,Acceptance: exercise the identified path in integrated Act 1 and record the cross-system state/result plus build/artifacts.,P2,unassigned
XC-0116,Transition/teardown,GSLevel lifecycle,libDungeonHunter2.so,0x3860bc,GSLevel::Dtor(StateMachine const*),port/level-loader/gslevel_lifecycle_v2.hpp; port/level-loader/area_transition_sequence_v114.cpp; port/level-loader/application_go_to_main_menu_v114.cpp; port/android-native/app/src/main/cpp/source_campaign_quicksave_v88.cpp,Trace GSLevel::Dtor calling Level::Unload before looking up/hiding the HUD menu.,pseudocode/0038/003860bc.c:L8-L15; assembly-functions.asm @ 0x3860bc,implemented,"IDA .local-inputs/ida-apk-export-2026-10-07/libraries/libDungeonHunter2.so/pseudocode/0038/003860bc.c:1-24: unload, menu lookup/hide, destroy/clear level, clear global. Port models that ordered continuation and optional menu branch: port/level-loader/gslevel_lifecycle_v2.hpp:167-191; engine operations remain providers.",not_run,Acceptance: exercise the identified path in integrated Act 1 and record the cross-system state/result plus build/artifacts.,P1,unassigned
XC-0117,Transition/teardown,GSLevel lifecycle,libDungeonHunter2.so,0x3860bc,GSLevel::Dtor(StateMachine const*),port/level-loader/gslevel_lifecycle_v2.hpp; port/level-loader/area_transition_sequence_v114.cpp; port/level-loader/application_go_to_main_menu_v114.cpp; port/android-native/app/src/main/cpp/source_campaign_quicksave_v88.cpp,"Trace GSLevel::Dtor destroying and clearing its owned Level pointer, then resetting GSLevel::s_level.",pseudocode/0038/003860bc.c:L16-L24; assembly-functions.asm @ 0x3860bc,implemented,IDA .local-inputs/ida-apk-export-2026-10-07/libraries/libDungeonHunter2.so/pseudocode/0038/003860bc.c:16-24: destroy and clear owned Level then clear s_level. Port destroys/clears level before resetting current global: port/level-loader/gslevel_lifecycle_v2.hpp:182-191.,not_run,Acceptance: exercise the identified path in integrated Act 1 and record the cross-system state/result plus build/artifacts.,P2,unassigned
XC-0118,Transition/teardown,GSLevel reload,libDungeonHunter2.so,0x385ea0,GSLevel::Reload(void),port/level-loader/gslevel_lifecycle_v2.hpp; port/level-loader/area_transition_sequence_v114.cpp; port/level-loader/application_go_to_main_menu_v114.cpp; port/android-native/app/src/main/cpp/source_campaign_quicksave_v88.cpp,Trace GSLevel::Reload invoking its virtual teardown callback before its virtual constructor/re-entry callback.,pseudocode/0038/00385ea0.c:L1-L5; assembly-functions.asm @ 0x385ea0,missing,IDA .local-inputs/ida-apk-export-2026-10-07/libraries/libDungeonHunter2.so/pseudocode/0038/00385ea0.c:1-5: virtual teardown callback then virtual constructor/re-entry callback. Scoped search of port/level-loader lifecycle sources found no Reload method; port/level-loader/gslevel_lifecycle_v2.hpp:151-191 implements destruction only.,not_run,Acceptance: exercise the identified path in integrated Act 1 and record the cross-system state/result plus build/artifacts.,P2,unassigned
XC-0119,Transition/teardown,GSLevel update,libDungeonHunter2.so,0x386630,"GSLevel::Update(StateMachine *, double)",port/level-loader/gslevel_lifecycle_v2.hpp; port/level-loader/area_transition_sequence_v114.cpp; port/level-loader/application_go_to_main_menu_v114.cpp; port/android-native/app/src/main/cpp/source_campaign_quicksave_v88.cpp,Trace stage-2 Level::Load advancing to stage 3 and stage-3 Level::Update condition for type 38.,pseudocode/0038/00386630.c:L21-L31; assembly-functions.asm @ 0x386630,partial,"IDA .local-inputs/ida-apk-export-2026-10-07/libraries/libDungeonHunter2.so/pseudocode/0038/00386630.c:21-31: stage 2 calls Level::Load and enters stage 3; stage 3 calls Level::Update and tests type 38. Port has lifecycle construction/destruction but no matching GSLevel Update state machine in port/level-loader/gslevel_lifecycle_v2.hpp:117-149,151-191.",not_run,Acceptance: exercise the identified path in integrated Act 1 and record the cross-system state/result plus build/artifacts.,P2,unassigned
XC-0120,Transition/teardown,Exit-level handoff,libDungeonHunter2.so,0x39c8f8,TriggerZoneExitLevel::DeclareProperties(void),port/level-loader/gslevel_lifecycle_v2.hpp; port/level-loader/area_transition_sequence_v114.cpp; port/level-loader/application_go_to_main_menu_v114.cpp; port/android-native/app/src/main/cpp/source_campaign_quicksave_v88.cpp,"Trace TriggerZoneExitLevel property registration for level ID/name, entrypoint, maploc, question, and fasttravel.",pseudocode/0039/0039c8f8.c:L1-L10; assembly-functions.asm @ 0x39c8f8,missing,IDA .local-inputs/ida-apk-export-2026-10-07/libraries/libDungeonHunter2.so/pseudocode/0039/0039c8f8.c:1-10: registers six TriggerZoneExitLevel properties. Scoped port/level-loader search found factory/type registration but no property declaration body; port/level-loader/original_factory_table_v1.inc:20 only registers the type.,not_run,Acceptance: exercise the identified path in integrated Act 1 and record the cross-system state/result plus build/artifacts.,P2,unassigned
XC-0121,Transition/teardown,Exit-level handoff,libDungeonHunter2.so,0x39c8c8,TriggerZoneExitLevel::InitPost(void),port/level-loader/gslevel_lifecycle_v2.hpp; port/level-loader/area_transition_sequence_v114.cpp; port/level-loader/application_go_to_main_menu_v114.cpp; port/android-native/app/src/main/cpp/source_campaign_quicksave_v88.cpp,Trace InitPost calling TriggerZone::InitPost and mapping a changed level name to a LevelList ID.,pseudocode/0039/0039c8c8.c:L1-L12; assembly-functions.asm @ 0x39c8c8,missing,IDA .local-inputs/ida-apk-export-2026-10-07/libraries/libDungeonHunter2.so/pseudocode/0039/0039c8c8.c:1-12: base InitPost then maps changed level name to LevelList ID. Scoped port/level-loader search found no TriggerZoneExitLevel InitPost implementation; port/level-loader/area_transition_request_v114.hpp:11 explicitly covers Menu confirmation instead.,not_run,Acceptance: exercise the identified path in integrated Act 1 and record the cross-system state/result plus build/artifacts.,P1,unassigned
XC-0122,Transition/teardown,Exit-level condition,libDungeonHunter2.so,0x39c33c,TriggerZoneExitLevel::Update(void),port/level-loader/gslevel_lifecycle_v2.hpp; port/level-loader/area_transition_sequence_v114.cpp; port/level-loader/application_go_to_main_menu_v114.cpp; port/android-native/app/src/main/cpp/source_campaign_quicksave_v88.cpp,Trace TriggerZoneExitLevel requiring a current level/transition state and local player before exit-zone processing.,pseudocode/0039/0039c33c.c:L33-L43; assembly-functions.asm @ 0x39c33c,missing,IDA .local-inputs/ida-apk-export-2026-10-07/libraries/libDungeonHunter2.so/pseudocode/0039/0039c33c.c:33-43: current-level/transition gate then local player/character gate before exit processing. Scoped port/level-loader search found no TriggerZoneExitLevel::Update body; port/level-loader/area_transition_sequence_v114.cpp:75 handles a separate menu transition path.,not_run,Acceptance: exercise the identified path in integrated Act 1 and record the cross-system state/result plus build/artifacts.,P2,unassigned
XC-0123,Transition/teardown,Fast travel state,libDungeonHunter2.so,0x39c33c,TriggerZoneExitLevel::Update(void),port/level-loader/gslevel_lifecycle_v2.hpp; port/level-loader/area_transition_sequence_v114.cpp; port/level-loader/application_go_to_main_menu_v114.cpp; port/android-native/app/src/main/cpp/source_campaign_quicksave_v88.cpp,Trace exit trigger unlocking its configured fast-travel ID once when an activating player is present.,pseudocode/0039/0039c33c.c:L44-L48; assembly-functions.asm @ 0x39c33c,missing,IDA .local-inputs/ida-apk-export-2026-10-07/libraries/libDungeonHunter2.so/pseudocode/0039/0039c33c.c:44-48: activation unlocks configured fast-travel ID once. No TriggerZoneExitLevel update/unlock implementation found in scoped port/level-loader; port/game-data/player_save_state_fields_v45.cpp:46-52 only loads stored fast-travel bits.,not_run,Acceptance: exercise the identified path in integrated Act 1 and record the cross-system state/result plus build/artifacts.,P2,unassigned
XC-0124,Transition/teardown,Fast travel UI,libDungeonHunter2.so,0x39c33c,TriggerZoneExitLevel::Update(void),port/level-loader/gslevel_lifecycle_v2.hpp; port/level-loader/area_transition_sequence_v114.cpp; port/level-loader/application_go_to_main_menu_v114.cpp; port/android-native/app/src/main/cpp/source_campaign_quicksave_v88.cpp,"Trace fast-travel display condition through touching, local-host, and MeetCondition checks.",pseudocode/0039/0039c33c.c:L49-L57; assembly-functions.asm @ 0x39c33c,missing,"IDA .local-inputs/ida-apk-export-2026-10-07/libraries/libDungeonHunter2.so/pseudocode/0039/0039c33c.c:49-57: touching, local-host, and MeetCondition gates fast-travel display. No corresponding TriggerZoneExitLevel UI condition path found in scoped port/level-loader/engine-ui; port/level-loader/area_transition_sequence_v114.cpp:1-20 is a distinct handoff owner.",not_run,Acceptance: exercise the identified path in integrated Act 1 and record the cross-system state/result plus build/artifacts.,P2,unassigned
XC-0125,Transition/teardown,Fast travel UI,libDungeonHunter2.so,0x39c33c,TriggerZoneExitLevel::Update(void),port/level-loader/gslevel_lifecycle_v2.hpp; port/level-loader/area_transition_sequence_v114.cpp; port/level-loader/application_go_to_main_menu_v114.cpp; port/android-native/app/src/main/cpp/source_campaign_quicksave_v88.cpp,"Trace HUD DisplayFastTravel callback argument construction from level display name, configured level name, and entry value.",pseudocode/0039/0039c33c.c:L57-L85; assembly-functions.asm @ 0x39c33c,missing,"IDA .local-inputs/ida-apk-export-2026-10-07/libraries/libDungeonHunter2.so/pseudocode/0039/0039c33c.c:57-85: builds DisplayFastTravel args from translated level name, configured name, and entry. No callback construction path found in scoped port/level-loader/engine-ui; port/level-loader/area_transition_sequence_v114.cpp:1-20 handles a different transition sequence.",not_run,Acceptance: exercise the identified path in integrated Act 1 and record the cross-system state/result plus build/artifacts.,P2,unassigned
XC-0126,Transition/teardown,Checkpoint reload,libDungeonHunter2.so,0x3f0428,Level::LoadCheckpoint(void),port/level-loader/gslevel_lifecycle_v2.hpp; port/level-loader/area_transition_sequence_v114.cpp; port/level-loader/application_go_to_main_menu_v114.cpp; port/android-native/app/src/main/cpp/source_campaign_quicksave_v88.cpp,"Trace Level::LoadCheckpoint setting its in-progress flag, loading level checkpoint, and reinitializing GameEventManager.",pseudocode/003f/003f0428.c:L7-L13; assembly-functions.asm @ 0x3f0428,partial,"IDA .local-inputs/ida-apk-export-2026-10-07/libraries/libDungeonHunter2.so/pseudocode/003f/003f0428.c:7-13: sets in-progress, restores Level checkpoint and reinitializes GameEventManager. Port checkpoint owner handles checkpoint save/validation/tail providers but does not implement this LoadCheckpoint prefix: port/level-loader/stage_loader_checkpoint_v1.hpp:91-109.",not_run,Acceptance: exercise the identified path in integrated Act 1 and record the cross-system state/result plus build/artifacts.,P1,unassigned
XC-0127,Transition/teardown,Checkpoint reload,libDungeonHunter2.so,0x3f0428,Level::LoadCheckpoint(void),port/level-loader/gslevel_lifecycle_v2.hpp; port/level-loader/area_transition_sequence_v114.cpp; port/level-loader/application_go_to_main_menu_v114.cpp; port/android-native/app/src/main/cpp/source_campaign_quicksave_v88.cpp,Trace checkpoint restore continuing to local Character::SG_LoadCheckpoint and SG_Update before clearing the in-progress flag.,pseudocode/003f/003f0428.c:L14-L22; assembly-functions.asm @ 0x3f0428,partial,"IDA .local-inputs/ida-apk-export-2026-10-07/libraries/libDungeonHunter2.so/pseudocode/003f/003f0428.c:14-22: local Character SG_LoadCheckpoint then SG_Update before clearing flag. Port checkpoint code includes Character SG_SaveCheckpoint and save-record updates, not this load/update sequence: port/level-loader/stage_loader_checkpoint_v1.hpp:76-87.",not_run,Acceptance: exercise the identified path in integrated Act 1 and record the cross-system state/result plus build/artifacts.,P2,unassigned
XC-0128,Save I/O,Save section registration,libDungeonHunter2.so,0x315848,"Savegame::load(char const*, void (*)(IStreamBase *, void *), void (*)(IStreamBase *, void *), void *)",port/game-data/player_savegame_v1.cpp; port/game-data/player_save_write_owner_v1.cpp; port/game-data/player_save_load_owner_v1.cpp; port/game-data/player_save_quest_sync_v3.cpp,Trace Savegame::load registering callback pair and user data for a previously unseen section key.,pseudocode/0031/00315848.c:L14-L27; assembly-functions.asm @ 0x315848,partial,IDA .local-inputs/ida-apk-export-2026-10-07/libraries/libDungeonHunter2.so/pseudocode/0031/00315848.c:14-27: unseen section registers callback pair/user data. Port cache registers only fixed INFO/OBJS section keys: port/level-world/level_savegame_cache_v1.cpp:24-28; generic keyed callback registry absent.,not_run,Acceptance: exercise the identified path in integrated Act 1 and record the cross-system state/result plus build/artifacts.,P2,unassigned
XC-0129,Save I/O,Save section loading,libDungeonHunter2.so,0x315848,"Savegame::load(char const*, void (*)(IStreamBase *, void *), void (*)(IStreamBase *, void *), void *)",port/game-data/player_savegame_v1.cpp; port/game-data/player_save_write_owner_v1.cpp; port/game-data/player_save_load_owner_v1.cpp; port/game-data/player_save_quest_sync_v3.cpp,Trace existing-section load overwriting callbacks/userdata and invoking the stored stream callback only when cached section data and stream are present.,pseudocode/0031/00315848.c:L28-L49; assembly-functions.asm @ 0x315848,partial,IDA .local-inputs/ida-apk-export-2026-10-07/libraries/libDungeonHunter2.so/pseudocode/0031/00315848.c:28-49: existing section overwrites callbacks/userdata and conditionally calls stored callback when cached section+stream exist. Port fixed cache loads INFO/OBJS only: port/level-world/level_savegame_cache_v1.cpp:29-41; no generic callback overwrite path.,not_run,Acceptance: exercise the identified path in integrated Act 1 and record the cross-system state/result plus build/artifacts.,P2,unassigned
XC-0130,Save I/O,Save file build,libDungeonHunter2.so,0x315fb8,Savegame::saveAll(void),port/game-data/player_savegame_v1.cpp; port/game-data/player_save_write_owner_v1.cpp; port/game-data/player_save_load_owner_v1.cpp; port/game-data/player_save_quest_sync_v3.cpp,Trace saveAll writing the file header sentinel before traversing registered sections.,pseudocode/0031/00315fb8.c:L36-L59; assembly-functions.asm @ 0x315fb8,implemented,IDA .local-inputs/ida-apk-export-2026-10-07/libraries/libDungeonHunter2.so/pseudocode/0031/00315fb8.c:36-59: saveAll writes header sentinel before section traversal. Port writes invalid header at frame start before directory loop: port/level-world/level_savegame_writer_v2.cpp:9-12.,not_run,Acceptance: exercise the identified path in integrated Act 1 and record the cross-system state/result plus build/artifacts.,P2,unassigned
XC-0131,Save I/O,Save file build,libDungeonHunter2.so,0x315fb8,Savegame::saveAll(void),port/game-data/player_savegame_v1.cpp; port/game-data/player_save_write_owner_v1.cpp; port/game-data/player_save_load_owner_v1.cpp; port/game-data/player_save_quest_sync_v3.cpp,"Trace per-section serialization choosing the custom callback when present, otherwise copying the section's fixed-size data.",pseudocode/0031/00315fb8.c:L60-L103; assembly-functions.asm @ 0x315fb8,partial,"IDA .local-inputs/ida-apk-export-2026-10-07/libraries/libDungeonHunter2.so/pseudocode/0031/00315fb8.c:60-103: callback when present, otherwise fixed-size section bytes. Port chooses writer callback or copies cached payload: port/level-world/level_savegame_writer_v2.cpp:10-13; payload-copy branch substitutes for native fixed-size data representation.",not_run,Acceptance: exercise the identified path in integrated Act 1 and record the cross-system state/result plus build/artifacts.,P1,unassigned
XC-0132,Save I/O,Save file build,libDungeonHunter2.so,0x315fb8,Savegame::saveAll(void),port/game-data/player_savegame_v1.cpp; port/game-data/player_save_write_owner_v1.cpp; port/game-data/player_save_load_owner_v1.cpp; port/game-data/player_save_quest_sync_v3.cpp,Trace saveAll computing serialized section byte count and patching the section size field.,pseudocode/0031/00315fb8.c:L104-L117; assembly-functions.asm @ 0x315fb8,implemented,"IDA .local-inputs/ida-apk-export-2026-10-07/libraries/libDungeonHunter2.so/pseudocode/0031/00315fb8.c:104-117: computes section serialized byte count and patches size. Port records start/end, validates size, seeks back to patch it, then resumes: port/level-world/level_savegame_writer_v2.cpp:10-13.",not_run,Acceptance: exercise the identified path in integrated Act 1 and record the cross-system state/result plus build/artifacts.,P2,unassigned
XC-0133,Save I/O,Save file publish,libDungeonHunter2.so,0x315fb8,Savegame::saveAll(void),port/game-data/player_savegame_v1.cpp; port/game-data/player_save_write_owner_v1.cpp; port/game-data/player_save_load_owner_v1.cpp; port/game-data/player_save_quest_sync_v3.cpp,Trace saveAll appending the final section count/terminator and passing the completed buffer to _cacheFile.,pseudocode/0031/00315fb8.c:L141-L152; assembly-functions.asm @ 0x315fb8,implemented,"IDA .local-inputs/ida-apk-export-2026-10-07/libraries/libDungeonHunter2.so/pseudocode/0031/00315fb8.c:141-152: appends final section count and calls _cacheFile. Port patches directory count at offset zero and publishes completed buffer into cache: port/level-world/level_savegame_writer_v2.cpp:15-16,25-27.",not_run,Acceptance: exercise the identified path in integrated Act 1 and record the cross-system state/result plus build/artifacts.,P2,unassigned
XC-0134,Save I/O,Save file publish,libDungeonHunter2.so,0x315fb8,Savegame::saveAll(void),port/game-data/player_savegame_v1.cpp; port/game-data/player_save_write_owner_v1.cpp; port/game-data/player_save_load_owner_v1.cpp; port/game-data/player_save_quest_sync_v3.cpp,Trace saveAll enqueueing the resulting file write job after the cache-file call.,pseudocode/0031/00315fb8.c:L151-L163; assembly-functions.asm @ 0x315fb8,implemented,IDA .local-inputs/ida-apk-export-2026-10-07/libraries/libDungeonHunter2.so/pseudocode/0031/00315fb8.c:151-163: enqueues write job after cache-file call. Port recaches completed bytes and queues write: port/level-world/level_savegame_writer_v2.cpp:25-27.,not_run,Acceptance: exercise the identified path in integrated Act 1 and record the cross-system state/result plus build/artifacts.,P2,unassigned
XC-0135,Save I/O,Cached file lifetime,libDungeonHunter2.so,0x315ad0,Savegame::_cacheFile(StreamBuffer *),port/game-data/player_savegame_v1.cpp; port/game-data/player_save_write_owner_v1.cpp; port/game-data/player_save_load_owner_v1.cpp; port/game-data/player_save_quest_sync_v3.cpp,Trace _cacheFile releasing prior cached stream before wrapping a newly supplied StreamBuffer.,pseudocode/0031/00315ad0.c:L25-L38; assembly-functions.asm @ 0x315ad0,partial,IDA .local-inputs/ida-apk-export-2026-10-07/libraries/libDungeonHunter2.so/pseudocode/0031/00315ad0.c:25-38: releases prior cached stream before wrapping new StreamBuffer. Port cache recache replaces profile index only after exclusive snapshot check: port/level-world/level_savegame_cache_v1.cpp:58; it does not model native StreamBuffer wrapper ownership.,not_run,Acceptance: exercise the identified path in integrated Act 1 and record the cross-system state/result plus build/artifacts.,P2,unassigned
XC-0136,Save I/O,Cached file lifetime,libDungeonHunter2.so,0x315ad0,Savegame::_cacheFile(StreamBuffer *),port/game-data/player_savegame_v1.cpp; port/game-data/player_save_write_owner_v1.cpp; port/game-data/player_save_load_owner_v1.cpp; port/game-data/player_save_quest_sync_v3.cpp,Trace _cacheFile opening the named file when no buffer is supplied and retaining a wrapper only when stream open succeeds.,pseudocode/0031/00315ad0.c:L39-L54; assembly-functions.asm @ 0x315ad0,partial,IDA .local-inputs/ida-apk-export-2026-10-07/libraries/libDungeonHunter2.so/pseudocode/0031/00315ad0.c:39-54: null buffer opens named file and retains wrapper only on successful open. Port reads/indexes file bytes in cache construction but has no retained StreamBuffer wrapper: port/level-world/level_savegame_cache_v1.cpp:43-58.,not_run,Acceptance: exercise the identified path in integrated Act 1 and record the cross-system state/result plus build/artifacts.,P1,unassigned
XC-0137,Save I/O,Save job retry/guard,libDungeonHunter2.so,0x314734,Savegame::UpdateJobs(void),port/game-data/player_savegame_v1.cpp; port/game-data/player_save_write_owner_v1.cpp; port/game-data/player_save_load_owner_v1.cpp; port/game-data/player_save_quest_sync_v3.cpp,Trace UpdateJobs refusing reentrant calls and setting the in-queue guard before selecting a queued job.,pseudocode/0031/00314734.c:L36-L49; assembly-functions.asm @ 0x314734,implemented,IDA .local-inputs/ida-apk-export-2026-10-07/libraries/libDungeonHunter2.so/pseudocode/0031/00314734.c:36-49: reentrant UpdateJobs returns and queue guard is set before selecting a job. Port returns while busy then sets busy before checking/dequeuing pending jobs: port/level-world/savegame_jobs_owner_v2.cpp:9-12.,not_run,Acceptance: exercise the identified path in integrated Act 1 and record the cross-system state/result plus build/artifacts.,P2,unassigned
XC-0138,Save I/O,Save job failure,libDungeonHunter2.so,0x314734; 0x314734,Savegame::UpdateJobs(void); Savegame::UpdateJobs(void),port/game-data/player_savegame_v1.cpp; port/game-data/player_save_write_owner_v1.cpp; port/game-data/player_save_load_owner_v1.cpp; port/game-data/player_save_quest_sync_v3.cpp,Trace save stream open failure branch finishing the current job and returning through the guard-reset exit.,pseudocode/0031/00314734.c:L135-L157; assembly-functions.asm @ 0x314734; pseudocode/0031/00314734.c:L226-L232; assembly-functions.asm @ 0x314734,partial,"IDA .local-inputs/ida-apk-export-2026-10-07/libraries/libDungeonHunter2.so/pseudocode/0031/00314734.c:135-157,226-232: open failure finishes current job and resets guard. Port NULL open reports failure then finish clears active job, while provider failures mark owner failed: port/level-world/savegame_jobs_owner_v2.cpp:14-18,8-8; source failure/guard contract differs.",not_run,Acceptance: exercise the identified path in integrated Act 1 and record the cross-system state/result plus build/artifacts.,P2,unassigned
XC-0139,Save I/O,Save job completion,libDungeonHunter2.so,0x314734,Savegame::UpdateJobs(void),port/game-data/player_savegame_v1.cpp; port/game-data/player_save_write_owner_v1.cpp; port/game-data/player_save_load_owner_v1.cpp; port/game-data/player_save_quest_sync_v3.cpp,"Trace the final write chunk, header commit and close path, then release current-job state.",pseudocode/0031/00314734.c:L197-L232; assembly-functions.asm @ 0x314734,partial,"IDA .local-inputs/ida-apk-export-2026-10-07/libraries/libDungeonHunter2.so/pseudocode/0031/00314734.c:197-232: final chunk/header commit closes file and Job::finish releases current job; no queue-observation callback in this source path. Port final write/header path closes file and clears active state: port/level-world/savegame_jobs_owner_v2.cpp:25-26,8.",not_run,Acceptance: exercise the identified path in integrated Act 1 and record the cross-system state/result plus build/artifacts.,P2,unassigned
XC-0140,Save I/O,Save job flush,libDungeonHunter2.so,0x314cfc,Savegame::FlushJobs(char const*),port/game-data/player_savegame_v1.cpp; port/game-data/player_save_write_owner_v1.cpp; port/game-data/player_save_load_owner_v1.cpp; port/game-data/player_save_quest_sync_v3.cpp,Trace FlushJobs filtering by filename and pumping UpdateJobs until the selected job completes.,pseudocode/0031/00314cfc.c:L6-L40; assembly-functions.asm @ 0x314cfc,implemented,IDA .local-inputs/ida-apk-export-2026-10-07/libraries/libDungeonHunter2.so/pseudocode/0031/00314cfc.c:6-40: non-null name filters queue; matching/all flush pumps UpdateJobs. Port filters active/pending filenames and drains update loop: port/level-world/savegame_jobs_owner_v2.cpp:29.,not_run,Acceptance: exercise the identified path in integrated Act 1 and record the cross-system state/result plus build/artifacts.,P2,unassigned
XC-0141,Serialization widths,Quest sync packet,libDungeonHunter2.so,0x320434,CMsgQuestsSync::ReadData(NetBitStream &),port/game-data/player_savegame_v1.cpp; port/game-data/player_save_quest_sync_v3.cpp; port/level-loader/canonical_level_context_v1.cpp; port/script-runtime/script_int_bindings.cpp,Trace CMsgQuestsSync::ReadData reading the fixed eight-byte header before freeing and reallocating the variable payload.,pseudocode/0032/00320434.c:L9-L22; assembly-functions.asm @ 0x320434,missing,"IDA .local-inputs/ida-apk-export-2026-10-07/libraries/libDungeonHunter2.so/pseudocode/0032/00320434.c:9-22: reads fixed 8-byte header then frees/reallocates payload. Scoped port/game-data search found no CMsgQuestsSync ReadData implementation; port/game-data/player_save_quest_sync_v3.cpp:22-27 handles quest unpack flow, not packet bytes.",not_run,Acceptance: exercise the identified path in integrated Act 1 and record the cross-system state/result plus build/artifacts.,P1,unassigned
XC-0142,Serialization widths,Quest sync packet,libDungeonHunter2.so,0x3204fc,CMsgQuestsSync::WriteData(NetBitStream &),port/game-data/player_savegame_v1.cpp; port/game-data/player_save_quest_sync_v3.cpp; port/level-loader/canonical_level_context_v1.cpp; port/script-runtime/script_int_bindings.cpp,Trace CMsgQuestsSync::WriteData emitting the eight-byte header and variable payload only when payload storage is non-null.,pseudocode/0032/003204fc.c:L6-L14; assembly-functions.asm @ 0x3204fc,missing,IDA .local-inputs/ida-apk-export-2026-10-07/libraries/libDungeonHunter2.so/pseudocode/0032/003204fc.c:6-14: writes 8-byte header and payload only with non-null storage. No CMsgQuestsSync WriteData implementation found in scoped port/game-data; port/game-data/player_save_quest_sync_v3.cpp:14 delegates pack/send.,not_run,Acceptance: exercise the identified path in integrated Act 1 and record the cross-system state/result plus build/artifacts.,P2,unassigned
XC-0143,Serialization widths,Loot packet,libDungeonHunter2.so,0x3203bc,CMsgDropLoot::ReadData(NetBitStream &),port/game-data/player_savegame_v1.cpp; port/game-data/player_save_quest_sync_v3.cpp; port/level-loader/canonical_level_context_v1.cpp; port/script-runtime/script_int_bindings.cpp,Trace CMsgDropLoot::ReadData reading a fixed 0x18-byte prefix and allocating variable data only for positive length.,pseudocode/0032/003203bc.c:L10-L27; assembly-functions.asm @ 0x3203bc,missing,"IDA .local-inputs/ida-apk-export-2026-10-07/libraries/libDungeonHunter2.so/pseudocode/0032/003203bc.c:10-27: reads 0x18-byte prefix and allocates payload only for positive length. No CMsgDropLoot ReadData implementation found in scoped port/game-data/network sources; port/level-world/character_kill.cpp:54 is gameplay loot dispatch, not packet deserialization.",not_run,Acceptance: exercise the identified path in integrated Act 1 and record the cross-system state/result plus build/artifacts.,P2,unassigned
XC-0144,Serialization widths,Loot packet,libDungeonHunter2.so,0x3204a4,CMsgDropLoot::WriteData(NetBitStream &),port/game-data/player_savegame_v1.cpp; port/game-data/player_save_quest_sync_v3.cpp; port/level-loader/canonical_level_context_v1.cpp; port/script-runtime/script_int_bindings.cpp,Trace CMsgDropLoot::WriteData writing its fixed 0x18-byte prefix and positive-length payload condition.,pseudocode/0032/003204a4.c:L8-L18; assembly-functions.asm @ 0x3204a4,missing,IDA .local-inputs/ida-apk-export-2026-10-07/libraries/libDungeonHunter2.so/pseudocode/0032/003204a4.c:8-18: writes 0x18-byte prefix and positive-length payload condition. No CMsgDropLoot WriteData implementation found in scoped port/game-data/network sources; port/level-world/character_kill.cpp:54 handles separate loot dispatch.,not_run,Acceptance: exercise the identified path in integrated Act 1 and record the cross-system state/result plus build/artifacts.,P2,unassigned
XC-0145,Serialization widths,Profile level IDs,libDungeonHunter2.so,0x3bb854,"Character::SG_SetLevelId(int, int)",port/game-data/player_savegame_v1.cpp; port/game-data/player_save_quest_sync_v3.cpp; port/level-loader/canonical_level_context_v1.cpp; port/script-runtime/script_int_bindings.cpp,Compare the native int parameter and difficulty-indexed int slot write in SG_SetLevelId.,pseudocode/003b/003bb854.c:L1-L13; assembly-functions.asm @ 0x3bb854,partial,IDA .local-inputs/ida-apk-export-2026-10-07/libraries/libDungeonHunter2.so/pseudocode/003b/003bb854.c:1-13: int arguments and difficulty-indexed int store. Port stores int32 level IDs with validated difficulty: port/game-data/player_savegame_v1.hpp:106-108; current-difficulty sentinel/Character wrapper absent.,not_run,Acceptance: exercise the identified path in integrated Act 1 and record the cross-system state/result plus build/artifacts.,P2,unassigned
XC-0146,Serialization widths,Profile entry IDs,libDungeonHunter2.so,0x3bb89c,"Character::SG_SetLevelEntryPoint(int, int)",port/game-data/player_savegame_v1.cpp; port/game-data/player_save_quest_sync_v3.cpp; port/level-loader/canonical_level_context_v1.cpp; port/script-runtime/script_int_bindings.cpp,Compare native entrypoint int and difficulty-indexed int slot write in SG_SetLevelEntryPoint.,pseudocode/003b/003bb89c.c:L1-L13; assembly-functions.asm @ 0x3bb89c,partial,IDA .local-inputs/ida-apk-export-2026-10-07/libraries/libDungeonHunter2.so/pseudocode/003b/003bb89c.c:1-13: int entrypoint and difficulty-indexed int store. Port stores int32 entrypoint with explicit validated difficulty: port/game-data/player_savegame_v1.hpp:99-101; current-difficulty sentinel/Character wrapper absent.,not_run,Acceptance: exercise the identified path in integrated Act 1 and record the cross-system state/result plus build/artifacts.,P1,unassigned
XC-0147,Serialization widths,Level save record,libDungeonHunter2.so,0x461820,"LevelSavegame::__LoadLevelInfo(IStreamBase *, void *)",port/game-data/player_savegame_v1.cpp; port/game-data/player_save_quest_sync_v3.cpp; port/level-loader/canonical_level_context_v1.cpp; port/script-runtime/script_int_bindings.cpp,Trace LevelSavegame::__LoadLevelInfo reading one int from the stream into the level-save structure.,pseudocode/0046/00461820.c:L1-L4; assembly-functions.asm @ 0x461820,implemented,IDA .local-inputs/ida-apk-export-2026-10-07/libraries/libDungeonHunter2.so/pseudocode/0046/00461820.c:1-4: one int read into level save field. Port reads one 32-bit word into level field: port/game-data/player_savegame_v1.cpp:53.,not_run,Acceptance: exercise the identified path in integrated Act 1 and record the cross-system state/result plus build/artifacts.,P2,unassigned
XC-0148,Serialization widths,Saved entry record,libDungeonHunter2.so,0x468938,"PlayerSavegame::__LoadLevelEntryPoint(IStreamBase *, void *)",port/game-data/player_savegame_v1.cpp; port/game-data/player_save_quest_sync_v3.cpp; port/level-loader/canonical_level_context_v1.cpp; port/script-runtime/script_int_bindings.cpp,Trace the three consecutive int reads that reconstruct saved level entry fields.,pseudocode/0046/00468938.c:L1-L6; assembly-functions.asm @ 0x468938,implemented,"IDA .local-inputs/ida-apk-export-2026-10-07/libraries/libDungeonHunter2.so/pseudocode/0046/00468938.c:1-6: three int reads. Port loops over exactly three entry-point cells, reading 32-bit words: port/game-data/player_savegame_v1.cpp:67-71.",not_run,Acceptance: exercise the identified path in integrated Act 1 and record the cross-system state/result plus build/artifacts.,P2,unassigned
XC-0149,Serialization widths,Saved level names,libDungeonHunter2.so,0x468b78,"PlayerSavegame::__LoadLevelName(IStreamBase *, void *)",port/game-data/player_savegame_v1.cpp; port/game-data/player_save_quest_sync_v3.cpp; port/level-loader/canonical_level_context_v1.cpp; port/script-runtime/script_int_bindings.cpp,Compare the unsigned-int header field with the subsequent signed-int record fields in the three-pass level-name loader.,pseudocode/0046/00468b78.c:L8-L22; assembly-functions.asm @ 0x468b78,implemented,"IDA .local-inputs/ida-apk-export-2026-10-07/libraries/libDungeonHunter2.so/pseudocode/0046/00468b78.c:8-22: unsigned int date then signed int records, three passes. Port reads date as uint32 and reads subsequent word fields through signed conversion in a three-record loop: port/game-data/player_savegame_v1.cpp:59-64.",not_run,Acceptance: exercise the identified path in integrated Act 1 and record the cross-system state/result plus build/artifacts.,P2,unassigned
XC-0150,Serialization widths,Saved progression arrays,libDungeonHunter2.so,0x46a9cc,"PlayerSavegame::__LoadLevelStates(IStreamBase *, void *)",port/game-data/player_savegame_v1.cpp; port/game-data/player_save_quest_sync_v3.cpp; port/level-loader/canonical_level_context_v1.cpp; port/script-runtime/script_int_bindings.cpp,"Trace signed-int counts and int state values for LevelList entries, including name lookup before applying state.",pseudocode/0046/0046a9cc.c:L25-L53; assembly-functions.asm @ 0x46a9cc,implemented,IDA .local-inputs/ida-apk-export-2026-10-07/libraries/libDungeonHunter2.so/pseudocode/0046/0046a9cc.c:25-53: signed-int counts and values; LevelList name match before applying. Port decodes signed count/value and applies only on name match: port/game-data/player_save_state_fields_v45.cpp:20-25.,not_run,Acceptance: exercise the identified path in integrated Act 1 and record the cross-system state/result plus build/artifacts.,P2,unassigned
XC-0151,Serialization widths,Saved progression arrays,libDungeonHunter2.so,0x46a9cc,"PlayerSavegame::__LoadLevelStates(IStreamBase *, void *)",port/game-data/player_savegame_v1.cpp; port/game-data/player_save_quest_sync_v3.cpp; port/level-loader/canonical_level_context_v1.cpp; port/script-runtime/script_int_bindings.cpp,"Trace signed-int counts and int values for WorldMap entries, including map-name lookup before applying state.",pseudocode/0046/0046a9cc.c:L56-L86; assembly-functions.asm @ 0x46a9cc,implemented,IDA .local-inputs/ida-apk-export-2026-10-07/libraries/libDungeonHunter2.so/pseudocode/0046/0046a9cc.c:56-86: signed-int counts/values; WorldMap name match before applying. Port uses same decoder and name match for map arrays: port/game-data/player_save_state_fields_v45.cpp:20-27.,not_run,Acceptance: exercise the identified path in integrated Act 1 and record the cross-system state/result plus build/artifacts.,P1,unassigned
XC-0152,Serialization widths,Quest network to profile,libDungeonHunter2.so,0x36d814,PlayerManager::ReceiveQuestSync(PlayerSavegame *),port/game-data/player_savegame_v1.cpp; port/game-data/player_save_quest_sync_v3.cpp; port/level-loader/canonical_level_context_v1.cpp; port/script-runtime/script_int_bindings.cpp,Trace received quest-sync payload into PlayerSavegame::SG_UnpackQuestSync and clearing the manager's pending-sync flag.,pseudocode/0036/0036d814.c:L1-L8; assembly-functions.asm @ 0x36d814,partial,IDA .local-inputs/ida-apk-export-2026-10-07/libraries/libDungeonHunter2.so/pseudocode/0036/0036d814.c:1-8: ReceiveQuestSync invokes SG_UnpackQuestSync then clears manager pending flag. Port reaches ReceiveQuestSync only through required callback: port/game-data/player_save_quest_sync_v3.cpp:19-20; concrete receiver and pending-flag clearing are not implemented here.,not_run,Acceptance: exercise the identified path in integrated Act 1 and record the cross-system state/result plus build/artifacts.,P2,unassigned
XC-0153,Serialization widths,Quest save layout,libDungeonHunter2.so,0x46c6fc; 0x46c550,QuestSavegame::SaveQuests(IStreamBase *); QuestSavegame::LoadQuests(IStreamBase *),port/game-data/player_savegame_v1.cpp; port/game-data/player_save_quest_sync_v3.cpp; port/level-loader/canonical_level_context_v1.cpp; port/script-runtime/script_int_bindings.cpp,"Compare save/load quest bucket order and cardinality: indices 0, 1, and 2 are handled sequentially.",pseudocode/0046/0046c6fc.c:L1-L6; assembly-functions.asm @ 0x46c6fc; pseudocode/0046/0046c550.c:L1-L12; assembly-functions.asm @ 0x46c550,partial,"IDA .local-inputs/ida-apk-export-2026-10-07/libraries/libDungeonHunter2.so/pseudocode/0046/0046c6fc.c:1-6 calls PackQuests in order 0,1,2; 0046/0046c550.c:1-12 calls UnpackQuests for i=0..2. Port load loops three difficulties: port/game-data/quest_savegame_v1.cpp:44-53; scoped port/game-data search found no SaveQuests/PackQuests implementation, so save side is missing.",not_run,Acceptance: exercise the identified path in integrated Act 1 and record the cross-system state/result plus build/artifacts.,P2,unassigned
