ID,System,Subsystem,IDA library,IDA address,IDA function,Source path(s),Check / expected behavior,IDA evidence,Implementation status,Implementation evidence,Runtime status,Acceptance evidence,Priority,Owner/session
PP-0001,Input,Touch queue and gesture,libDungeonHunter2.so,0x33a9bc,"TouchScreenBase::_AddToQueue(TouchScreenBase::TouchEvent, Point2D<float> const&, long)",port/engine-ui/authored_menu_touchscreen_v3.cpp; port/engine-ui/authored_joystick_v1.cpp; port/android-native/app/src/main/java/com/example/dh2/MainActivity.java,"Compare the original 16-slot enqueue/coalescing behavior, including empty/full and rejected-event index mutations, against the actual port event path.",pseudocode/0033/0033a9bc.c,partial,"IDA pseudocode/0033/0033a9bc.c advances a 16-entry ring tail, rolls back when empty, coalesces some same-ID events, and overwrites/uses the selected slot. Port authored_menu_touchscreen_v3.hpp:16-24 exposes a 16-entry array and head/tail only; MainActivity routes input to App events via native_menu_application_event_v120.inc:71-105 rather than implementing this insertion routine.",not_run,"Differential trace/test documenting original and port values, ordering, and side effects for the stated case.",P1,unassigned
PP-0002,Input,Touch queue and gesture,libDungeonHunter2.so,0x33a9a4,TouchScreenBase::_IsQueueEmpty(void)const,port/engine-ui/authored_menu_touchscreen_v3.cpp; port/engine-ui/authored_joystick_v1.cpp; port/android-native/app/src/main/java/com/example/dh2/MainActivity.java,"Verify the queue-empty predicate is head/tail equality, including the ring's empty representation.",pseudocode/0033/0033a9a4.c,implemented,IDA pseudocode/0033/0033a9a4.c implements head==tail as empty; authored_menu_touchscreen_v3.hpp:29 uses the same equality over source head/tail.,not_run,"Differential trace/test documenting original and port values, ordering, and side effects for the stated case.",P1,unassigned
PP-0003,Input,Touch queue and gesture,libDungeonHunter2.so,0x33ac24,"TouchScreenBase::touchBegan(Point2D<short> const&, long)",port/engine-ui/authored_menu_touchscreen_v3.cpp; port/engine-ui/authored_joystick_v1.cpp; port/android-native/app/src/main/java/com/example/dh2/MainActivity.java,Verify the first down for a source slot records its initial press point and a repeated down for an active slot preserves that origin.,pseudocode/0033/0033ac24.c,missing,"IDA pseudocode/0033/0033ac24.c saves origin only when the slot was not active, then updates current/previous coordinates. The port touch projection has active bits but no per-slot origin or touchBegan method (authored_menu_touchscreen_v3.hpp:13-33); native_menu_application_event_v120.inc:71-105 stores latest Android x/y only.",not_run,"Differential trace/test documenting original and port values, ordering, and side effects for the stated case.",P1,unassigned
PP-0004,Input,Touch queue and gesture,libDungeonHunter2.so,0x33ac24,"TouchScreenBase::touchBegan(Point2D<short> const&, long)",port/engine-ui/authored_menu_touchscreen_v3.cpp; port/engine-ui/authored_joystick_v1.cpp; port/android-native/app/src/main/java/com/example/dh2/MainActivity.java,Verify down copies the slot's prior current point into previous-point storage before storing the new coordinates.,pseudocode/0033/0033ac24.c,missing,IDA 0x33ac24 copies current coordinates into previous-coordinate storage before writing the new down point. The port touch projection at authored_menu_touchscreen_v3.hpp:13-33 has no current/previous point arrays; Android transport stores only x/y in native_menu_application_event_v120.inc:76-84.,not_run,"Differential trace/test documenting original and port values, ordering, and side effects for the stated case.",P1,unassigned
PP-0005,Input,Touch queue and gesture,libDungeonHunter2.so,0x33ac24,"TouchScreenBase::touchBegan(Point2D<short> const&, long)",port/engine-ui/authored_menu_touchscreen_v3.cpp; port/engine-ui/authored_joystick_v1.cpp; port/android-native/app/src/main/java/com/example/dh2/MainActivity.java,Verify the down path sets both original slot flags before enqueueing the press event.,pseudocode/0033/0033ac24.c,partial,"IDA 0x33ac24 sets active and newly-pressed flags before _AddToQueue. The port has an active-byte array (authored_menu_touchscreen_v3.hpp:16,21); Android dispatch sets active before delivering a down packet (native_menu_application_event_v120.inc:100-104), but does not implement the original press flag or queue insertion.",not_run,"Differential trace/test documenting original and port values, ordering, and side effects for the stated case.",P1,unassigned
PP-0006,Input,Touch queue and gesture,libDungeonHunter2.so,0x33ac24,"TouchScreenBase::touchBegan(Point2D<short> const&, long)",port/engine-ui/authored_menu_touchscreen_v3.cpp; port/engine-ui/authored_joystick_v1.cpp; port/android-native/app/src/main/java/com/example/dh2/MainActivity.java,"Compare ID-zero, highest valid slot, and out-of-range behavior, including the original high-water extent update and any caller-side bounds guarantees.",pseudocode/0033/0033ac24.c,partial,IDA 0x33ac24 raises the extent to ID+1 only when ID exceeds the prior high-water value and has no explicit bounds check in this body. Android transport maps pointer IDs to the first inactive slot and silently drops when none exists (native_menu_application_event_v120.inc:79-104); the source high-water field is absent from authored_menu_touchscreen_v3.hpp:13-33.,not_run,"Differential trace/test documenting original and port values, ordering, and side effects for the stated case.",P1,unassigned
PP-0007,Input,Touch queue and gesture,libDungeonHunter2.so,0x33ad28,"TouchScreenBase::touchMoved(Point2D<short> const&, long)",port/engine-ui/authored_menu_touchscreen_v3.cpp; port/engine-ui/authored_joystick_v1.cpp; port/android-native/app/src/main/java/com/example/dh2/MainActivity.java,Verify move updates the source slot's current point while preserving its press origin and active state.,pseudocode/0033/0033ad28.c,missing,"IDA pseudocode/0033/0033ad28.c updates previous/current point samples only for an active source slot, then queues a move. Port authored_menu_touchscreen_v3.hpp:13-33 has no point samples or touchMoved method; native_menu_application_event_v120.inc:71-105 retains only latest adapter coordinates.",not_run,"Differential trace/test documenting original and port values, ordering, and side effects for the stated case.",P1,unassigned
PP-0008,Input,Touch queue and gesture,libDungeonHunter2.so,0x33ad28,"TouchScreenBase::touchMoved(Point2D<short> const&, long)",port/engine-ui/authored_menu_touchscreen_v3.cpp; port/engine-ui/authored_joystick_v1.cpp; port/android-native/app/src/main/java/com/example/dh2/MainActivity.java,Compare inactive-ID move behavior: original may still enqueue the move without creating/updating a slot; verify the port's event path.,pseudocode/0033/0033ad28.c,partial,"IDA 0x33ad28 changes slot point/swipe state only when active, but calls _AddToQueue for every move. Android transport ignores a move if no physical pointer is mapped (native_menu_application_event_v120.inc:99-101), and no source queue method exists in authored_menu_touchscreen_v3.cpp:1-21.",not_run,"Differential trace/test documenting original and port values, ordering, and side effects for the stated case.",P1,unassigned
PP-0009,Input,Touch queue and gesture,libDungeonHunter2.so,0x33ae3c,"TouchScreenBase::touchCancelled(Point2D<short> const&, long)",port/engine-ui/authored_menu_touchscreen_v3.cpp; port/engine-ui/authored_joystick_v1.cpp; port/android-native/app/src/main/java/com/example/dh2/MainActivity.java,"Verify touchCancelled and touchEnded share the source cancellation path: clear active, set ended state, adjust extent, and enqueue event type 2.",pseudocode/0033/0033ae3c.c,partial,"IDA pseudocode/0033/0033ae3c.c clears active, sets the ended state, adjusts high-water, and queues event type 2. The IDA touchEnded at 0x33aeb8 is a thunk to touchCancelled, so cancel and end share this path. Android phase 2 clears its active pointer before App-event delivery (native_menu_application_event_v120.inc:103-105), but it does not implement the source queue/state transition.",not_run,"Differential trace/test documenting original and port values, ordering, and side effects for the stated case.",P1,unassigned
PP-0010,Input,Touch queue and gesture,libDungeonHunter2.so,0x33aeb8,"TouchScreenBase::touchEnded(Point2D<short> const&, long)",port/engine-ui/authored_menu_touchscreen_v3.cpp; port/engine-ui/authored_joystick_v1.cpp; port/android-native/app/src/main/java/com/example/dh2/MainActivity.java,"Verify end uses the same cancellation path, queues the supplied final coordinates as type 2, and does not claim to update slot current-point storage.",pseudocode/0033/0033aeb8.c,partial,"IDA 0x33aeb8 is a thunk to touchCancelled; 0x33ae3c queues the supplied final coordinates as event type 2 but does not update the slot's current-point fields. Android release clears active mapping and dispatches an App event (native_menu_application_event_v120.inc:83-84,103-105), without the TouchScreen queue.",not_run,"Differential trace/test documenting original and port values, ordering, and side effects for the stated case.",P1,unassigned
PP-0011,Input,Touch queue and gesture,libDungeonHunter2.so,0x33aebc,TouchScreenBase::isRegionPressed(glitch::core::rect<float> const&)const,port/engine-ui/authored_menu_touchscreen_v3.cpp; port/engine-ui/authored_joystick_v1.cpp; port/android-native/app/src/main/java/com/example/dh2/MainActivity.java,"Verify inclusive rectangle edges, transformed/scaled coordinates, and the original pressed/active/not-ended slot guards.",pseudocode/0033/0033aebc.c,missing,"IDA pseudocode/0033/0033aebc.c applies inclusive rectangle bounds plus orientation/scale conversion, then requires pressed, active, and not-ended flags. Scoped port search found no isRegionPressed implementation; authored_menu_touchscreen_v3.hpp:13-33 stores only active flags and queue projection.",not_run,"Differential trace/test documenting original and port values, ordering, and side effects for the stated case.",P1,unassigned
PP-0012,Input,Touch queue and gesture,libDungeonHunter2.so,0x33aebc,TouchScreenBase::isRegionPressed(glitch::core::rect<float> const&)const,port/engine-ui/authored_menu_touchscreen_v3.cpp; port/engine-ui/authored_joystick_v1.cpp; port/android-native/app/src/main/java/com/example/dh2/MainActivity.java,Verify the region query applies the source orientation transform and scale before rectangle comparison.,pseudocode/0033/0033aebc.c,missing,IDA 0x33aebc applies orientation cases 1-3 and scale before comparing against the rectangle. The port projection exposes orientation/scale values (authored_menu_touchscreen_v3.hpp:25-27) but no region-query implementation in the scoped UI sources.,not_run,"Differential trace/test documenting original and port values, ordering, and side effects for the stated case.",P1,unassigned
PP-0013,Input,Touch queue and gesture,libDungeonHunter2.so,0x33b02c,TouchScreenBase::getTouchIDInitiatedInRegion(glitch::core::rect<float> const&)const,port/engine-ui/authored_menu_touchscreen_v3.cpp; port/engine-ui/authored_joystick_v1.cpp; port/android-native/app/src/main/java/com/example/dh2/MainActivity.java,Verify initiated-in-region uses the stored press-origin point and returns the first matching source slot.,pseudocode/0033/0033b02c.c,missing,IDA pseudocode/0033/0033b02c.c tests each active/pressed slot's initial point and returns the first matching slot index. No initiated-region query or initial-point array exists in authored_menu_touchscreen_v3.hpp:13-33 or authored_menu_touchscreen_v3.cpp:1-21.,not_run,"Differential trace/test documenting original and port values, ordering, and side effects for the stated case.",P1,unassigned
PP-0014,Input,Touch queue and gesture,libDungeonHunter2.so,0x33b0e8,TouchScreenBase::getTouchIDInRegion(glitch::core::rect<float> const&)const,port/engine-ui/authored_menu_touchscreen_v3.cpp; port/engine-ui/authored_joystick_v1.cpp; port/android-native/app/src/main/java/com/example/dh2/MainActivity.java,Verify current-point region selection checks simultaneous slots in ascending source index and returns the first match.,pseudocode/0033/0033b0e8.c,missing,IDA 0x33b0e8 tests each active/pressed slot's current point in ascending slot order. No getTouchIDInRegion implementation or point arrays exist in the scoped port UI files.,not_run,"Differential trace/test documenting original and port values, ordering, and side effects for the stated case.",P1,unassigned
PP-0015,Input,Touch queue and gesture,libDungeonHunter2.so,0x33b1a4,TouchScreenBase::getTouchPoint(long),port/engine-ui/authored_menu_touchscreen_v3.cpp; port/engine-ui/authored_joystick_v1.cpp; port/android-native/app/src/main/java/com/example/dh2/MainActivity.java,"Verify getTouchPoint returns the current-point reference only for an active, pressed slot and nullptr otherwise.",pseudocode/0033/0033b1a4.c,missing,"IDA pseudocode/0033/0033b1a4.c returns the current-point address only when the requested slot is both active and pressed, otherwise nullptr. No point accessor/state exists in authored_menu_touchscreen_v3.hpp:13-33.",not_run,"Differential trace/test documenting original and port values, ordering, and side effects for the stated case.",P1,unassigned
PP-0016,Input,Touch queue and gesture,libDungeonHunter2.so,0x33b1e0,TouchScreenBase::getFirstTouchPoint(long),port/engine-ui/authored_menu_touchscreen_v3.cpp; port/engine-ui/authored_joystick_v1.cpp; port/android-native/app/src/main/java/com/example/dh2/MainActivity.java,"Verify getFirstTouchPoint indexes the requested slot and returns its initial point only when active and pressed, otherwise nullptr.",pseudocode/0033/0033b1e0.c,missing,"IDA 0x33b1e0 takes a slot ID directly and returns that slot's initial-point address only when active and pressed, otherwise nullptr; it does not search/iterate active fingers. No accessor exists in the scoped port UI source.",not_run,"Differential trace/test documenting original and port values, ordering, and side effects for the stated case.",P1,unassigned
PP-0017,Input,Touch queue and gesture,libDungeonHunter2.so,0x33b21c,TouchScreenBase::getTouchDisplacement(long)const,port/engine-ui/authored_menu_touchscreen_v3.cpp; port/engine-ui/authored_joystick_v1.cpp; port/android-native/app/src/main/java/com/example/dh2/MainActivity.java,"Verify displacement uses the source's current/previous point samples and yields zero for inactive, unpressed, or unchanged touch state; preserve axis/sign order.",pseudocode/0033/0033b21c.c,missing,"IDA pseudocode/0033/0033b21c.c computes displacement from source point samples, returning zero for inactive/unpressed or unchanged samples. Port has no point samples or displacement method in authored_menu_touchscreen_v3.hpp:13-33.",not_run,"Differential trace/test documenting original and port values, ordering, and side effects for the stated case.",P1,unassigned
PP-0018,Input,Touch queue and gesture,libDungeonHunter2.so,0x33b2bc,TouchScreenBase::getSwipeDirection(long)const,port/engine-ui/authored_menu_touchscreen_v3.cpp; port/engine-ui/authored_joystick_v1.cpp; port/android-native/app/src/main/java/com/example/dh2/MainActivity.java,"Verify touchMoved's source thresholds and tie behavior set the stored swipe direction, and getSwipeDirection returns that stored value or zero.",pseudocode/0033/0033b2bc.c,missing,"IDA 0x33ad28 records swipe direction only for horizontal movement exceeding 11 units while vertical delta is at most 4, and getSwipeDirection at 0x33b2bc returns that stored value (or zero when inactive/unpressed). No swipe field/method exists in the port projection.",not_run,"Differential trace/test documenting original and port values, ordering, and side effects for the stated case.",P1,unassigned
PP-0019,Input,Touch queue and gesture,libDungeonHunter2.so,0x33b2ec,TouchScreenBase::hasTouch(void),port/engine-ui/authored_menu_touchscreen_v3.cpp; port/engine-ui/authored_joystick_v1.cpp; port/android-native/app/src/main/java/com/example/dh2/MainActivity.java,"Verify hasTouch scans all eight slots and requires the source active, pressed, and not-ended flags, including cancel/end/update transitions.",pseudocode/0033/0033b2ec.c,partial,"IDA pseudocode/0033/0033b2ec.c scans eight slots and requires active, pressed, and not-ended state. The port exposes active flags and clears them on pointer release/cancel (native_menu_application_event_v120.inc:91-105), but has no pressed/ended per-slot state to implement the full predicate.",not_run,"Differential trace/test documenting original and port values, ordering, and side effects for the stated case.",P1,unassigned
PP-0020,Input,Touch queue and gesture,libDungeonHunter2.so,0x33b334,TouchScreenBase::update(double),port/engine-ui/authored_menu_touchscreen_v3.cpp; port/engine-ui/authored_joystick_v1.cpp; port/android-native/app/src/main/java/com/example/dh2/MainActivity.java,Verify update stores the timestamp and retires the source ended/inactive slot only when its stored timestamp plus 0.5 is strictly less than now.,pseudocode/0033/0033b334.c,missing,"IDA 0x33b334 stores the supplied timestamp, then clears timed-out inactive slots only when stored_time+0.5 is strictly less than current time. No timestamp/update method or per-slot timers exist in authored_menu_touchscreen_v3.hpp:13-33.",not_run,"Differential trace/test documenting original and port values, ordering, and side effects for the stated case.",P1,unassigned
PP-0021,Input,Touch queue and gesture,libDungeonHunter2.so,0x33b334,TouchScreenBase::update(double),port/engine-ui/authored_menu_touchscreen_v3.cpp; port/engine-ui/authored_joystick_v1.cpp; port/android-native/app/src/main/java/com/example/dh2/MainActivity.java,"""Verify update maintains the source high-water ID extent as active slots are scanned and the highest ID is removed.""",pseudocode/0033/0033b334.c,missing,IDA pseudocode/0033/0033b334.c updates the high-water slot extent while scanning live IDs and decrements it when the highest slot retires. The port has active bits but no high-water field/update method (authored_menu_touchscreen_v3.hpp:13-33).,not_run,"Differential trace/test documenting original and port values, ordering, and side effects for the stated case.",P1,unassigned
PP-0022,Input,Touch queue and gesture,libDungeonHunter2.so,0x33b334,TouchScreenBase::update(double),port/engine-ui/authored_menu_touchscreen_v3.cpp; port/engine-ui/authored_joystick_v1.cpp; port/android-native/app/src/main/java/com/example/dh2/MainActivity.java,Verify the exact boundary is strict: a slot remains at exactly 0.5 seconds and retires only after that value.,pseudocode/0033/0033b334.c,missing,"IDA 0x33b334 uses stored timestamp + 0.5 < supplied timestamp, so equality at exactly 0.5 does not retire the slot. No timed retirement implementation exists in the scoped port touch projection.",not_run,"Differential trace/test documenting original and port values, ordering, and side effects for the stated case.",P1,unassigned
PP-0023,Input,Touch queue and gesture,libDungeonHunter2.so,0x33b4d8,TouchScreenBase::clear(void),port/engine-ui/authored_menu_touchscreen_v3.cpp; port/engine-ui/authored_joystick_v1.cpp; port/android-native/app/src/main/java/com/example/dh2/MainActivity.java,"Verify clear resets the eight active bytes only, preserving the source behavior for coordinates, high-water extent, and queued events.",pseudocode/0033/0033b4d8.c,partial,"IDA pseudocode/0033/0033b4d8.c clears only each of the eight active bytes; it does not reset coordinates, extent, or queued events. Port reset path snapshots/releases active IDs (authored_menu_touchscreen_v3.cpp:4-12); Android phase 3 clears active/pointer mappings (native_menu_application_event_v120.inc:91-95), but no TouchScreenBase clear equivalent exists.",not_run,"Differential trace/test documenting original and port values, ordering, and side effects for the stated case.",P1,unassigned
PP-0024,Input,Touch queue and gesture,libDungeonHunter2.so,0x33b510,TouchScreenBase::_PopFromQueue(void),port/engine-ui/authored_menu_touchscreen_v3.cpp; port/engine-ui/authored_joystick_v1.cpp; port/android-native/app/src/main/java/com/example/dh2/MainActivity.java,Verify pop increments head modulo 16 and preserves the source empty-queue assertion behavior.,pseudocode/0033/0033b510.c,missing,"IDA 0x33b510 asserts/logs if queue empty, then increments head modulo 16. The port exposes head/tail references only (authored_menu_touchscreen_v3.hpp:22-24); its process method delegates all nonempty draining, with no pop implementation (authored_menu_touchscreen_v3.cpp:15-20).",not_run,"Differential trace/test documenting original and port values, ordering, and side effects for the stated case.",P1,unassigned
PP-0025,Input,Touch queue and gesture,libDungeonHunter2.so,0x33b5c0,TouchScreenBase::_GetNextEventInQueue(void)const,port/engine-ui/authored_menu_touchscreen_v3.cpp; port/engine-ui/authored_joystick_v1.cpp; port/android-native/app/src/main/java/com/example/dh2/MainActivity.java,Verify next-event peek returns the head record without consuming it or mutating either cursor.,pseudocode/0033/0033b5c0.c,missing,"IDA pseudocode/0033/0033b5c0.c returns a pointer to the current head event without advancing head. Port exposes queue storage/head (authored_menu_touchscreen_v3.hpp:17,22-24) but no peek method in scoped UI sources.",not_run,"Differential trace/test documenting original and port values, ordering, and side effects for the stated case.",P1,unassigned
PP-0026,Input,Touch queue and gesture,libDungeonHunter2.so,0x33bd2c,TouchScreenBase::getTouchIDList(void)const,port/engine-ui/authored_menu_touchscreen_v3.cpp; port/engine-ui/authored_joystick_v1.cpp; port/android-native/app/src/main/java/com/example/dh2/MainActivity.java,"Verify the source ID-list semantics: each active slot once, sorted by slot index after sparse release/repress; check the reset snapshot uses the same ordering.",pseudocode/0033/0033bd2c.c,partial,"IDA 0x33bd2c lists active IDs then sorts ascending. Port reset snapshots active slots in ascending 0..7 order (authored_menu_touchscreen_v3.cpp:4-8), but there is no general getTouchIDList API and physical-ID mapping differs from source IDs (native_menu_application_event_v120.inc:75-105).",not_run,"Differential trace/test documenting original and port values, ordering, and side effects for the stated case.",P1,unassigned
PP-0027,Input,Touch queue and gesture,libDungeonHunter2.so,0x33c298,"TouchScreenBase::TouchScreenBase(short, short)",port/engine-ui/authored_menu_touchscreen_v3.cpp; port/engine-ui/authored_joystick_v1.cpp; port/android-native/app/src/main/java/com/example/dh2/MainActivity.java,"Compare constructor initialization of all eight slot records, dimensions, scale/orientation, extent, and sixteen queue records/cursors.",pseudocode/0033/0033c298.c,partial,"IDA pseudocode/0033/0033c298.c initializes eight touch-slot records, dimensions, scale/orientation, high-water and queue cursors, and reserves/initializes 16 events. Port authored_menu_touchscreen_v3.hpp:13-29 initializes dimensions, scale/orientation, active/event arrays and head/tail, but does not define the full per-slot record/high-water state.",not_run,"Differential trace/test documenting original and port values, ordering, and side effects for the stated case.",P1,unassigned
PP-0028,Input,Touch queue and gesture,libDungeonHunter2.so,0x33c568,TouchScreenBase::ProcessEvents(void),port/engine-ui/authored_menu_touchscreen_v3.cpp; port/engine-ui/authored_joystick_v1.cpp; port/android-native/app/src/main/java/com/example/dh2/MainActivity.java,"Verify nonempty processing drains FIFO events exactly once, applies the source coordinate transform, and dispatches each press/move/end event before returning.",pseudocode/0033/0033c568.c,partial,"IDA 0x33c568 drains head events in FIFO order, pops each before dispatch, transforms coordinates, and raises typed events. Port process returns early when empty and delegates nonempty processing to a callback (authored_menu_touchscreen_v3.cpp:15-20); Android transport raises App events directly (native_menu_application_event_v120.inc:82-88).",not_run,"Differential trace/test documenting original and port values, ordering, and side effects for the stated case.",P1,unassigned
PP-0029,Input,Touch queue and gesture,libDungeonHunter2.so,0x33c568,TouchScreenBase::ProcessEvents(void),port/engine-ui/authored_menu_touchscreen_v3.cpp; port/engine-ui/authored_joystick_v1.cpp; port/android-native/app/src/main/java/com/example/dh2/MainActivity.java,Verify the empty ProcessEvents path returns without changing queue events or either cursor.,pseudocode/0033/0033c568.c,implemented,IDA pseudocode/0033/0033c568.c returns immediately when the queue is empty without popping or changing the cursor. Port authored_menu_touchscreen_v3.cpp:15-18 returns true before index validation or callback when head==tail.,not_run,"Differential trace/test documenting original and port values, ordering, and side effects for the stated case.",P1,unassigned
PP-0030,Input,Touch queue and gesture,libDungeonHunter2.so,0x33d054,"TouchScreenIPhone::touchBegan(float, float, double, int, float, float, long)",port/engine-ui/authored_menu_touchscreen_v3.cpp; port/engine-ui/authored_joystick_v1.cpp; port/android-native/app/src/main/java/com/example/dh2/MainActivity.java,"Verify the platform began adapter resolves the source touch ID, converts x/y to signed 16-bit, and forwards them to touchBegan; trace how Android maps its pointer identity into that contract.",pseudocode/0033/0033d054.c,partial,"IDA pseudocode/0033/0033d054.c resolves the platform ID with getID, truncates x/y to signed 16-bit, and calls TouchScreenBase::touchBegan; other supplied timing/coordinate arguments are not used in this body. Android MainActivity.java:414-419 forwards raw coordinates/pointer ID; native_menu_application_event_v120.inc:71-105 maps pointer identity to a slot and raises App events, not touchBegan.",not_run,"Differential trace/test documenting original and port values, ordering, and side effects for the stated case.",P1,unassigned
PP-0031,Input,Touch queue and gesture,libDungeonHunter2.so,0x33d124,"TouchScreenIPhone::touchMoved(float, float, double, int, float, float, long)",port/engine-ui/authored_menu_touchscreen_v3.cpp; port/engine-ui/authored_joystick_v1.cpp; port/android-native/app/src/main/java/com/example/dh2/MainActivity.java,"Verify platform move resolves the stable source ID, truncates x/y to signed 16-bit, and forwards even zero-distance moves to touchMoved.",pseudocode/0033/0033d124.c,partial,"IDA 0x33d124 resolves ID and forwards signed-16 x/y to touchMoved; timing/additional arguments are ignored. Android MainActivity.java:414-419 and native_menu_application_event_v120.inc:71-105 forward latest pointer coordinates through App events, with no source TouchScreen move queue.",not_run,"Differential trace/test documenting original and port values, ordering, and side effects for the stated case.",P1,unassigned
PP-0032,Input,Touch queue and gesture,libDungeonHunter2.so,0x33ceb4,"TouchScreenIPhone::touchEnded(float, float, double, int, float, float, long)",port/engine-ui/authored_menu_touchscreen_v3.cpp; port/engine-ui/authored_joystick_v1.cpp; port/android-native/app/src/main/java/com/example/dh2/MainActivity.java,"Verify platform end resolves the ID and forwards the final signed-16 sample to the source touchEnded path, which aliases touchCancelled and does not synthesize a down.",pseudocode/0033/0033ceb4.c,partial,IDA 0x33ceb4 resolves ID and forwards signed-16 x/y to touchEnded (which aliases touchCancelled). Android release forwarding is in MainActivity.java:414-419 and native_menu_application_event_v120.inc:103-105; it clears the pointer slot and raises an App event rather than the source touchEnded call.,not_run,"Differential trace/test documenting original and port values, ordering, and side effects for the stated case.",P1,unassigned
PP-0033,Input,Touch queue and gesture,libDungeonHunter2.so,0x33cf84,"TouchScreenIPhone::touchCancelled(float, float, double, int, float, float, long)",port/engine-ui/authored_menu_touchscreen_v3.cpp; port/engine-ui/authored_joystick_v1.cpp; port/android-native/app/src/main/java/com/example/dh2/MainActivity.java,Verify platform cancel resolves each source ID and forwards its signed-16 coordinates through touchCancelled; compare Android system-cancel ordering and state effects.,pseudocode/0033/0033cf84.c,partial,"IDA pseudocode/0033/0033cf84.c resolves ID and forwards signed-16 x/y to touchCancelled. Android cancel-all uses phase 3 (MainActivity.java:414-419; native_menu_application_event_v120.inc:91-95), releasing active slots in ascending order through App events, not the source cancel adapter.",not_run,"Differential trace/test documenting original and port values, ordering, and side effects for the stated case.",P1,unassigned
PP-0034,Input,Touch queue and gesture,libDungeonHunter2.so,0x33d21c,TouchScreenPS3::onEvent(glitch::SEvent const&),port/engine-ui/authored_menu_touchscreen_v3.cpp; port/engine-ui/authored_joystick_v1.cpp; port/android-native/app/src/main/java/com/example/dh2/MainActivity.java,"Verify only source event category 1 is handled; subtype 0 sets down and dispatches began, subtype 6 dispatches move only while down, subtype 3 clears down and dispatches ended, and all other cases return false.",pseudocode/0033/0033d21c.c,missing,"IDA pseudocode/0033/0033d21c.c accepts only SEvent category 1; subtypes 0/6/3 dispatch down/move/up, move requires the static isDown flag, and subtype 3 clears it. Scoped port search found no TouchScreenPS3::onEvent or PS3 SEvent adapter in port/engine-ui or port/android-native/app/src/main/cpp.",not_run,"Differential trace/test documenting original and port values, ordering, and side effects for the stated case.",P1,unassigned
PP-0035,Input,Touch queue and gesture,libDungeonHunter2.so,0x328f40,Application::ResetTouch(void),port/engine-ui/authored_menu_touchscreen_v3.cpp; port/engine-ui/authored_joystick_v1.cpp; port/android-native/app/src/main/java/com/example/dh2/MainActivity.java,"ResetTouch dispatches release for each tracked active ID using (-1,-1); compare source and port tracking domains.",pseudocode/0032/00328f40.c,partial,"IDA 0x328f40 walks active touch IDs and dispatches releases at (-1,-1); no clear occurs. Port snapshots active28_[0..7] and delegates releases only (authored_menu_touchscreen_v3.cpp:4-13).",not_run,"Differential trace/test documenting original and port values, ordering, and side effects for the stated case.",P1,unassigned
PP-0036,Input,Touch queue and gesture,libDungeonHunter2.so,0x33ccac,TouchScreenIPhone::isRegionPressed(glitch::core::rect<float> const&)const,port/engine-ui/authored_menu_touchscreen_v3.cpp; port/engine-ui/authored_joystick_v1.cpp; port/android-native/app/src/main/java/com/example/dh2/MainActivity.java,"iPhone specialization delegates to base rectangle hit-test; check base semantics, not an orientation-specific variant.",pseudocode/0033/0033ccac.c,missing,IDA 0x33ccac is a thunk to TouchScreenBase::isRegionPressed. Port touchscreen owner has reset/process only and no region test (authored_menu_touchscreen_v3.cpp:4-20).,not_run,"Differential trace/test documenting original and port values, ordering, and side effects for the stated case.",P1,unassigned
PP-0037,Platform/app lifecycle,Startup and lifecycle,libDungeonHunter2.so,0x323ae0,Application::Init(glitch::IDevice *),port/android-native/app/src/main/java/com/example/dh2/MainActivity.java; port/android-native/app/src/main/java/com/example/dh2/NativeBridge.java; port/engine-ui/authored_menu_lifecycle_v1.cpp,Init stores device/registers receiver/configures driver and resource state; compare ordering. It does not create UI.,pseudocode/0032/00323ae0.c,partial,"IDA 0x323ae0 retains device, registers event receiver, configures driver/resource flags, and sets animation memory limit. Port calls initialize at surface creation but no matching complete device setup (MainActivity.java:130-140; NativeBridge.java:5-8).",not_run,"Differential trace/test documenting original and port values, ordering, and side effects for the stated case.",P1,unassigned
PP-0038,Platform/app lifecycle,Startup and lifecycle,libDungeonHunter2.so,0x00323AE0; 0x0032FAB4; 0x0060B990,Application::Init(glitch::IDevice *),port/android-native/app/src/main/java/com/example/dh2/MainActivity.java; port/android-native/app/src/main/java/com/example/dh2/NativeBridge.java; port/engine-ui/authored_menu_lifecycle_v1.cpp,Document whether Application::Init has an observable failure/rollback contract before requiring port equivalence. Inspect its checkMemoryUsage return and InitWin32 caller; separately verify the Android initialization-error guard suppresses deferred asset loading. Successful Init side effects are checked by PP-0037.,Second review pseudocode references: pseudocode/0032/00323ae0.c:8-26; pseudocode/0060/0060b990.c:13-33; pseudocode/0032/0032fab4.c:29-30,unclear,"Bounded ambiguity: this row asks for original failure/rollback equivalence, but no such contract exists in the cited function. IDA Application::Init 0x323ae0 (pseudocode/0032/00323ae0.c:8-26) publishes device/receiver and driver/resource state, sets animation cache budget 512000, then returns checkMemoryUsage; that callee (0x60b990, pseudocode/0060/0060b990.c:13-33) returns a budget value or Printer::log result, not a documented initialization-success Boolean. The only exported direct caller, Application::InitWin32 0x32fab4 (pseudocode/0032/0032fab4.c:29-30), ignores the return and immediately calls PostInit. Port native_app.cpp:212-258 introduces its own exception/error-result path and cleanup; MainActivity.java:129-150 explicitly suppresses deferred asset loading after a null/error initialization result. These guards are implemented, but IDA provides no failure case against which to judge their equivalence; successful Init side effects belong to PP-0037. This is an unsupported comparison requirement, not evidence of missing game behavior. Runtime not assessed.",not_run,"Differential trace/test documenting original and port values, ordering, and side effects for the stated case.",P1,unassigned
PP-0039,Platform/app lifecycle,Startup and lifecycle,libDungeonHunter2.so,0x323bc4,Application::Quit(void),port/android-native/app/src/main/java/com/example/dh2/MainActivity.java; port/android-native/app/src/main/java/com/example/dh2/NativeBridge.java; port/engine-ui/authored_menu_lifecycle_v1.cpp,"Quit save/flush and teardown order for game managers, device, scene, and online services.",pseudocode/0032/00323bc4.c,partial,"IDA 0x323bc4 saves settings/level/player, stops sounds, clears managers, flushes jobs, cleans device/online services. Port onDestroy closes select audio/UI resources; NativeBridge has no Quit entry point (MainActivity.java:523-530; NativeBridge.java:5-60).",not_run,"Differential trace/test documenting original and port values, ordering, and side effects for the stated case.",P1,unassigned
PP-0040,Platform/app lifecycle,Startup and lifecycle,libDungeonHunter2.so,0x322924,Application::Pause(void),port/android-native/app/src/main/java/com/example/dh2/MainActivity.java; port/android-native/app/src/main/java/com/example/dh2/NativeBridge.java; port/engine-ui/authored_menu_lifecycle_v1.cpp,Pause's game state/save/menu/audio/state-machine effects compared with Android onPause.,pseudocode/0032/00322924.c,partial,"IDA 0x322924 pauses audio, saves player/settings in qualifying states, handles menus, sleeps state machine, and may set orientation. Port onPause handles surface/audio/input, not game save/state machine (MainActivity.java:520).",not_run,"Differential trace/test documenting original and port values, ordering, and side effects for the stated case.",P1,unassigned
PP-0041,Platform/app lifecycle,Startup and lifecycle,libDungeonHunter2.so,0x324210,Application::OnInterruptPause(void),port/android-native/app/src/main/java/com/example/dh2/MainActivity.java; port/android-native/app/src/main/java/com/example/dh2/NativeBridge.java; port/engine-ui/authored_menu_lifecycle_v1.cpp,OnInterruptPause pauses background music only when native playback is active; compare interrupt routing.,pseudocode/0032/00324210.c,partial,IDA 0x324210 only pauses background music when native playback is active. Port onPause suspends Java audio/render/input producers (MainActivity.java:520).,not_run,"Differential trace/test documenting original and port values, ordering, and side effects for the stated case.",P1,unassigned
PP-0042,Platform/app lifecycle,Startup and lifecycle,libDungeonHunter2.so,0x3241b8,Application::OnInterruptResume(void),port/android-native/app/src/main/java/com/example/dh2/MainActivity.java; port/android-native/app/src/main/java/com/example/dh2/NativeBridge.java; port/engine-ui/authored_menu_lifecycle_v1.cpp,OnInterruptResume pushes GS_InterruptLoading; compare native state transition.,pseudocode/0032/003241b8.c,partial,IDA 0x3241b8 constructs GS_InterruptLoading and pushes it on state machine. Port onResume resumes Java services and marks ready (MainActivity.java:521).,not_run,"Differential trace/test documenting original and port values, ordering, and side effects for the stated case.",P1,unassigned
PP-0043,Platform/app lifecycle,Startup and lifecycle,libDungeonHunter2.so,0x320da4,Application::ComputeDt(void),port/android-native/app/src/main/java/com/example/dh2/MainActivity.java; port/android-native/app/src/main/java/com/example/dh2/NativeBridge.java; port/engine-ui/authored_menu_lifecycle_v1.cpp,"ComputeDt elapsed delta, scale multiplication, fractional accumulator, and integer scaled-time update; verify initialization via callers rather than assumed clamps.",pseudocode/0032/00320da4.c,missing,"IDA 0x320da4 computes elapsed realtime, multiplies by timescale, accumulates fractional scaled time, and stores integer scaled time; no clamp shown. No GetDt API in NativeBridge (NativeBridge.java:5-60).",not_run,"Differential trace/test documenting original and port values, ordering, and side effects for the stated case.",P1,unassigned
PP-0044,Platform/app lifecycle,Startup and lifecycle,libDungeonHunter2.so,0x31f66c,Application::GetDt(void),port/android-native/app/src/main/java/com/example/dh2/MainActivity.java; port/android-native/app/src/main/java/com/example/dh2/NativeBridge.java; port/engine-ui/authored_menu_lifecycle_v1.cpp,GetDt returns ComputeDt's field after time scaling; verify units/callers.,pseudocode/0031/0031f66c.c,missing,"IDA 0x31f66c returns field +35, which ComputeDt writes after timescale multiplication. NativeBridge exposes no equivalent (NativeBridge.java:5-60).",not_run,"Differential trace/test documenting original and port values, ordering, and side effects for the stated case.",P1,unassigned
PP-0045,Platform/app lifecycle,Startup and lifecycle,libDungeonHunter2.so,0x31f674,Application::GetDtScaled(void),port/android-native/app/src/main/java/com/example/dh2/MainActivity.java; port/android-native/app/src/main/java/com/example/dh2/NativeBridge.java; port/engine-ui/authored_menu_lifecycle_v1.cpp,GetDtScaled returns the integer accumulated scaled-time field; compare update cadence.,pseudocode/0031/0031f674.c,missing,"IDA 0x31f674 returns field +36, written from accumulated scaled time. NativeBridge has no equivalent query (NativeBridge.java:5-60).",not_run,"Differential trace/test documenting original and port values, ordering, and side effects for the stated case.",P1,unassigned
PP-0046,Platform/app lifecycle,Startup and lifecycle,libDungeonHunter2.so,0x31f67c,Application::SetTimeScale(float),port/android-native/app/src/main/java/com/example/dh2/MainActivity.java; port/android-native/app/src/main/java/com/example/dh2/NativeBridge.java; port/engine-ui/authored_menu_lifecycle_v1.cpp,"SetTimeScale stores supplied float directly; compare downstream scaled-delta use, including zero/negative values.",pseudocode/0031/0031f67c.c,missing,IDA 0x31f67c directly stores supplied float at Application+152; no validation. NativeBridge has no time-scale setter (NativeBridge.java:5-60).,not_run,"Differential trace/test documenting original and port values, ordering, and side effects for the stated case.",P1,unassigned
PP-0047,Platform/app lifecycle,Startup and lifecycle,libDungeonHunter2.so,0x31f74c,"Application::SetOrientation(int, bool)",port/android-native/app/src/main/java/com/example/dh2/MainActivity.java; port/android-native/app/src/main/java/com/example/dh2/NativeBridge.java; port/engine-ui/authored_menu_lifecycle_v1.cpp,SetOrientation is a no-op returning zero in this target; compare port platform policy separately.,pseudocode/0031/0031f74c.c,partial,IDA 0x31f74c returns 0 without using arguments. Port requests sensor-landscape at activity creation outside inspection/developer modes (MainActivity.java:49-53).,not_run,"Differential trace/test documenting original and port values, ordering, and side effects for the stated case.",P1,unassigned
PP-0048,Platform/app lifecycle,Startup and lifecycle,libDungeonHunter2.so,0x31f748,Application::ResetOrientation(int),port/android-native/app/src/main/java/com/example/dh2/MainActivity.java; port/android-native/app/src/main/java/com/example/dh2/NativeBridge.java; port/engine-ui/authored_menu_lifecycle_v1.cpp,ResetOrientation is a no-op in target; compare any port reset behavior beyond startup policy.,pseudocode/0031/0031f748.c,partial,IDA 0x31f748 is empty. Port sets startup orientation but exposes no reset (MainActivity.java:49-53; NativeBridge.java:5-60).,not_run,"Differential trace/test documenting original and port values, ordering, and side effects for the stated case.",P1,unassigned
PP-0049,Platform/app lifecycle,Startup and lifecycle,libDungeonHunter2.so,0x31f668,Application::ShowStatubBar(bool),port/android-native/app/src/main/java/com/example/dh2/MainActivity.java; port/android-native/app/src/main/java/com/example/dh2/NativeBridge.java; port/engine-ui/authored_menu_lifecycle_v1.cpp,ShowStatubBar is a no-op in target; compare the port's independent system-bar policy.,pseudocode/0031/0031f668.c,partial,IDA 0x31f668 is empty. Port hides Android system bars at startup (MainActivity.java:49-54).,not_run,"Differential trace/test documenting original and port values, ordering, and side effects for the stated case.",P1,unassigned
PP-0050,Platform/app lifecycle,Startup and lifecycle,libDungeonHunter2.so,0x321000,Application::IsLevelPaused(bool),port/android-native/app/src/main/java/com/example/dh2/MainActivity.java; port/android-native/app/src/main/java/com/example/dh2/NativeBridge.java; port/engine-ui/authored_menu_lifecycle_v1.cpp,IsLevelPaused's bool modes and state-stack/s_igmOpened conditions.,pseudocode/0032/00321000.c,missing,IDA 0x321000 requires state machine/running level then branches on bool to inspect top state/GSLevel or s_igmOpened. No equivalent query in NativeBridge (NativeBridge.java:5-60).,not_run,"Differential trace/test documenting original and port values, ordering, and side effects for the stated case.",P1,unassigned
PP-0051,Platform/app lifecycle,Startup and lifecycle,libDungeonHunter2.so,0x320f5c,Application::IsLevelRunning(void),port/android-native/app/src/main/java/com/example/dh2/MainActivity.java; port/android-native/app/src/main/java/com/example/dh2/NativeBridge.java; port/engine-ui/authored_menu_lifecycle_v1.cpp,IsLevelRunning is a nonnull-current-level query; compare port campaign predicate and scope.,pseudocode/0032/00320f5c.c,partial,IDA 0x320f5c returns whether GetCurrentLevel is nonnull; no stopping-state exclusion. Port only exposes sourceCampaignSceneActive (NativeBridge.java:28-29).,not_run,"Differential trace/test documenting original and port values, ordering, and side effects for the stated case.",P1,unassigned
PP-0052,Platform/app lifecycle,Startup and lifecycle,libDungeonHunter2.so,0x321140,Application::LoadWorldMap(int),port/android-native/app/src/main/java/com/example/dh2/MainActivity.java; port/android-native/app/src/main/java/com/example/dh2/NativeBridge.java; port/engine-ui/authored_menu_lifecycle_v1.cpp,LoadWorldMap creates GSLevelMap then SwitchState; do not assume validation or teardown notifications.,pseudocode/0032/00321140.c,partial,IDA 0x321140 creates GSLevelMap from its argument and calls SwitchState; no validation sequence shown. Port routes selected world bytes to NativeBridge.loadWorld (MainActivity.java:452-460; NativeBridge.java:17-19).,not_run,"Differential trace/test documenting original and port values, ordering, and side effects for the stated case.",P1,unassigned
PP-0053,Platform/app lifecycle,Startup and lifecycle,libDungeonHunter2.so,0x320e94,Application::SwitchGSInitBackground(void),port/android-native/app/src/main/java/com/example/dh2/MainActivity.java; port/android-native/app/src/main/java/com/example/dh2/NativeBridge.java; port/engine-ui/authored_menu_lifecycle_v1.cpp,SwitchGSInitBackground selects/replaces splash texture from saved language after clearing loading screen.,pseudocode/0032/00320e94.c,partial,"IDA 0x320e94 delegates to GSInit::SwitchBackground: clears loading screen, reads saved language, selects splash texture and replaces retained texture. Port maps locale for intro only (MainActivity.java:415-424).",not_run,"Differential trace/test documenting original and port values, ordering, and side effects for the stated case.",P1,unassigned
PP-0054,Platform/app lifecycle,Startup and lifecycle,libDungeonHunter2.so,0x31f5b4,Application::IsLevelLoaded(void),port/android-native/app/src/main/java/com/example/dh2/MainActivity.java; port/android-native/app/src/main/java/com/example/dh2/NativeBridge.java; port/engine-ui/authored_menu_lifecycle_v1.cpp,IsLevelLoaded's exact predicate is no current level OR current-level state 38; otherwise it clears loaded flag.,pseudocode/0031/0031f5b4.c,partial,"IDA 0x31f5b4 returns true if no current level or level state==38; else clears field+169 and returns false. Port uses Java ready and sourceCampaignSceneActive (MainActivity.java:130-140,173-176).",not_run,"Differential trace/test documenting original and port values, ordering, and side effects for the stated case.",P1,unassigned
PP-0055,Platform/app lifecycle,Startup and lifecycle,libDungeonHunter2.so,0x31f5e8,Application::IsInLevelTransition(void),port/android-native/app/src/main/java/com/example/dh2/MainActivity.java; port/android-native/app/src/main/java/com/example/dh2/NativeBridge.java; port/engine-ui/authored_menu_lifecycle_v1.cpp,"IsInLevelTransition reads current-level byte +325, or zero without a level.",pseudocode/0031/0031f5e8.c,missing,"IDA 0x31f5e8 returns current-level byte +325 or zero. NativeBridge exposes scene-active only, no transition query (NativeBridge.java:28-29).",not_run,"Differential trace/test documenting original and port values, ordering, and side effects for the stated case.",P1,unassigned
PP-0056,Platform/app lifecycle,Startup and lifecycle,libDungeonHunter2.so,0x31f774,Application::GetGoToMainMenuEvent(bool),port/android-native/app/src/main/java/com/example/dh2/MainActivity.java; port/android-native/app/src/main/java/com/example/dh2/NativeBridge.java; port/engine-ui/authored_menu_lifecycle_v1.cpp,GetGoToMainMenuEvent is peek when false and consume/clear when true.,pseudocode/0031/0031f774.c,missing,IDA 0x31f774 returns event field+44 and clears it only when bool is true. consumeFrontLaunch has no bool-mode API (NativeBridge.java:27-29).,not_run,"Differential trace/test documenting original and port values, ordering, and side effects for the stated case.",P1,unassigned
PP-0057,Platform/app lifecycle,Startup and lifecycle,libDungeonHunter2.so,0x321164,Application::_CheckGamepad(void),port/android-native/app/src/main/java/com/example/dh2/MainActivity.java; port/android-native/app/src/main/java/com/example/dh2/NativeBridge.java; port/engine-ui/authored_menu_lifecycle_v1.cpp,"_CheckGamepad controller discovery, connection changes, and input-event routing.",pseudocode/0032/00321164.c,missing,IDA 0x321164 is large InputManager/controller polling and event routing. Scoped MainActivity/NativeBridge shows no gamepad poll/query (NativeBridge.java:5-60; MainActivity.java:1-220).,not_run,"Differential trace/test documenting original and port values, ordering, and side effects for the stated case.",P1,unassigned
PP-0058,Platform/app lifecycle,Startup and lifecycle,libDungeonHunter2.so,0x320e74,Application::IsUsingDPad(void),port/android-native/app/src/main/java/com/example/dh2/MainActivity.java; port/android-native/app/src/main/java/com/example/dh2/NativeBridge.java; port/engine-ui/authored_menu_lifecycle_v1.cpp,IsUsingDPad reads saved DPad option and tests nonzero.,pseudocode/0032/00320e74.c,partial,"IDA 0x320e74 is GetSavedOption(""DPad"")!=0. Port has touch controls but no saved DPad getter (MainActivity.java:1-60; NativeBridge.java:5-60).",not_run,"Differential trace/test documenting original and port values, ordering, and side effects for the stated case.",P1,unassigned
PP-0059,Platform/app lifecycle,Startup and lifecycle,libDungeonHunter2.so,0x320e14,Application::IsSavedOptionOn(char const*),port/android-native/app/src/main/java/com/example/dh2/MainActivity.java; port/android-native/app/src/main/java/com/example/dh2/NativeBridge.java; port/engine-ui/authored_menu_lifecycle_v1.cpp,IsSavedOptionOn uses hasOption/isOptionToggled; absent option yields false.,pseudocode/0032/00320e14.c,missing,IDA 0x320e14 calls hasOption then isOptionToggled when present. No generic saved-option API in NativeBridge (NativeBridge.java:5-60).,not_run,"Differential trace/test documenting original and port values, ordering, and side effects for the stated case.",P1,unassigned
PP-0060,Platform/app lifecycle,Startup and lifecycle,libDungeonHunter2.so,0x320e44,Application::GetSavedOption(char const*),port/android-native/app/src/main/java/com/example/dh2/MainActivity.java; port/android-native/app/src/main/java/com/example/dh2/NativeBridge.java; port/engine-ui/authored_menu_lifecycle_v1.cpp,GetSavedOption returns stored value when present and zero when absent.,pseudocode/0032/00320e44.c,missing,"IDA 0x320e44 calls hasOption then getOption when present, otherwise returns zero. No generic saved-option API (NativeBridge.java:5-60).",not_run,"Differential trace/test documenting original and port values, ordering, and side effects for the stated case.",P1,unassigned
PP-0061,Platform/app lifecycle,Startup and lifecycle,libDungeonHunter2.so,0x31f75c,Application::GetDeviceLanguage(void),port/android-native/app/src/main/java/com/example/dh2/MainActivity.java; port/android-native/app/src/main/java/com/example/dh2/NativeBridge.java; port/engine-ui/authored_menu_lifecycle_v1.cpp,GetDeviceLanguage returns -1 in target; compare locale-derived port mapping in its actual caller scope.,pseudocode/0031/0031f75c.c,partial,IDA 0x31f75c always returns -1. MainActivity maps selected locales to 0..7 for intro selection (MainActivity.java:421-424).,not_run,"Differential trace/test documenting original and port values, ordering, and side effects for the stated case.",P1,unassigned
PP-0062,Rendering,"Scene, camera, materials and frame passes",libDungeonHunter2.so,0x3587a0,SceneManager::_renderLists(glitch::video::IVideoDriver *),port/scene-materials/scene.cpp; port/scene-materials/material_compare_v4.cpp; port/scene-materials/effect_render_pass_v4.cpp; port/engine-ui/viewport.cpp,"_renderLists execution/order across default, distance, material/render-data, transparent lists.",pseudocode/0035/003587a0.c,missing,IDA 0x3587a0 executes custom/default/distance/render-data/transparent lists. Port scene code is BRES parser/value model with no CSceneManager list owner (scene.hpp:129-140; scene.cpp:105-125).,not_run,"Differential trace/test documenting original and port values, ordering, and side effects for the stated case.",P1,unassigned
PP-0063,Rendering,"Scene, camera, materials and frame passes",libDungeonHunter2.so,0x358008,SceneManager::renderCustomLists(glitch::video::IVideoDriver *),port/scene-materials/scene.cpp; port/scene-materials/material_compare_v4.cpp; port/scene-materials/effect_render_pass_v4.cpp; port/engine-ui/viewport.cpp,renderCustomLists order for custom list kinds relative to scene passes.,pseudocode/0035/00358008.c,missing,IDA 0x358008 renders custom list kinds in sequence around normal passes and changes driver state; no custom scene-list runtime in port scene model (scene.hpp:129-140).,not_run,"Differential trace/test documenting original and port values, ordering, and side effects for the stated case.",P1,unassigned
PP-0064,Rendering,"Scene, camera, materials and frame passes",libDungeonHunter2.so,0x35233c,"SceneManager::EnableFog(float, float, Point3D<float> const&, glitch::scene::ISceneNode *)",port/scene-materials/scene.cpp; port/scene-materials/material_compare_v4.cpp; port/scene-materials/effect_render_pass_v4.cpp; port/engine-ui/viewport.cpp,EnableFog enables global fog and writes range/color; verify scene-node argument use against callers/assembly.,pseudocode/0035/0035233c.c,missing,"IDA 0x35233c enables fog and writes global material range/color parameters. Port scene parser stores authored light/camera/material data, no fog manager (scene.hpp:102-140; scene.cpp:105-125).",not_run,"Differential trace/test documenting original and port values, ordering, and side effects for the stated case.",P1,unassigned
PP-0065,Rendering,"Scene, camera, materials and frame passes",libDungeonHunter2.so,0x3522f8,"SceneManager::UpdateFog(float, float, Point3D<float> const&)",port/scene-materials/scene.cpp; port/scene-materials/material_compare_v4.cpp; port/scene-materials/effect_render_pass_v4.cpp; port/engine-ui/viewport.cpp,UpdateFog writes the global range only when fog is enabled.,pseudocode/0035/003522f8.c,missing,IDA 0x3522f8 writes global fog range only when enabled; no runtime fog updater in port scene owners (scene.hpp:129-140).,not_run,"Differential trace/test documenting original and port values, ordering, and side effects for the stated case.",P1,unassigned
PP-0066,Rendering,"Scene, camera, materials and frame passes",libDungeonHunter2.so,0x3525b4,"SceneManager::SetMaterialTexture(boost::intrusive_ptr<glitch::video::CMaterial>, boost::intrusive_ptr<glitch::video::CMaterial>)",port/scene-materials/scene.cpp; port/scene-materials/material_compare_v4.cpp; port/scene-materials/effect_render_pass_v4.cpp; port/engine-ui/viewport.cpp,SetMaterialTexture copies only the source Diffuse texture parameter when valid; unrelated material state is not copied.,pseudocode/0035/003525b4.c,partial,"IDA 0x3525b4 resolves Diffuse IDs, gets source texture, assigns destination parameter, drops temporary ref. Port parses diffuse filename but has no runtime parameter-copy mutator (scene.cpp:105-125; scene.hpp:12-18).",not_run,"Differential trace/test documenting original and port values, ordering, and side effects for the stated case.",P1,unassigned
PP-0067,Rendering,"Scene, camera, materials and frame passes",libDungeonHunter2.so,0x3527fc,"SceneManager::SetMaterialEffects(boost::intrusive_ptr<glitch::video::CMaterial>, glitch::core::vector3d<float>, float, float)",port/scene-materials/scene.cpp; port/scene-materials/material_compare_v4.cpp; port/scene-materials/effect_render_pass_v4.cpp; port/engine-ui/viewport.cpp,SetMaterialEffects supported renderer/technique gates and per-value > -0.5 conditions.,pseudocode/0035/003527fc.c,partial,IDA 0x3527fc gates Object_Color/Saturation/Alpha writes by renderer/technique names and values > -0.5. Port compare is read-only; effect pass parses static render state (material_compare_v4.cpp:10-63; effect_render_pass_v4.cpp:13-23).,not_run,"Differential trace/test documenting original and port values, ordering, and side effects for the stated case.",P1,unassigned
PP-0068,Rendering,"Scene, camera, materials and frame passes",libDungeonHunter2.so,0x352a2c,"SceneManager::ChangeTechnique(boost::intrusive_ptr<glitch::video::CMaterial>, char const*)",port/scene-materials/scene.cpp; port/scene-materials/material_compare_v4.cpp; port/scene-materials/effect_render_pass_v4.cpp; port/engine-ui/viewport.cpp,ChangeTechnique updates current technique only for a matching existing name different from current; miss leaves unchanged.,pseudocode/0035/00352a2c.c,partial,IDA 0x352a2c changes technique only for existing nonnull different name. Port parses named BRES technique but has no live CMaterial mutation (effect_render_pass_v4.cpp:13-23; scene.cpp:114-120).,not_run,"Differential trace/test documenting original and port values, ordering, and side effects for the stated case.",P1,unassigned
PP-0069,Rendering,"Scene, camera, materials and frame passes",libDungeonHunter2.so,0x352fa8,SceneManager::AutoLoadNormalMap(boost::intrusive_ptr<glitch::video::CMaterial>),port/scene-materials/scene.cpp; port/scene-materials/material_compare_v4.cpp; port/scene-materials/effect_render_pass_v4.cpp; port/engine-ui/viewport.cpp,"AutoLoadNormalMap eligibility, suffix replacement, Normal parameter, and success-only mutation.",pseudocode/0035/00352fa8.c,missing,"IDA 0x352fa8 checks eligibility/Normal parameter, derives _autonm.tga companion from diffuse suffix, loads and assigns only on success. Port has no autoload routine (scene.cpp:118-120).",not_run,"Differential trace/test documenting original and port values, ordering, and side effects for the stated case.",P1,unassigned
PP-0070,Rendering,"Scene, camera, materials and frame passes",libDungeonHunter2.so,0x354b2c,SceneManager::AutoLoadNormalMap(glitch::scene::ISceneNode *),port/scene-materials/scene.cpp; port/scene-materials/material_compare_v4.cpp; port/scene-materials/effect_render_pass_v4.cpp; port/engine-ui/viewport.cpp,"Node AutoLoadNormalMap eligible node types, traversal root, all material slots, and reference lifetime.",pseudocode/0035/00354b2c.c,partial,"IDA 0x354b2c searches three node types, visits every material slot, retains material during per-material call. Port has material-index vectors but no SceneManager traversal (scene.hpp:29-32,122-128).",not_run,"Differential trace/test documenting original and port values, ordering, and side effects for the stated case.",P1,unassigned
PP-0071,Rendering,"Scene, camera, materials and frame passes",libDungeonHunter2.so,0x354cb8,"SceneManager::SetMaterialEffects(glitch::scene::ISceneNode *, glitch::core::vector3d<float>, float, float)",port/scene-materials/scene.cpp; port/scene-materials/material_compare_v4.cpp; port/scene-materials/effect_render_pass_v4.cpp; port/engine-ui/viewport.cpp,Node SetMaterialEffects traversal and per-slot update over eligible node types.,pseudocode/0035/00354cb8.c,partial,"IDA 0x354cb8 searches same node types and applies effects across each material slot. Port has no node-level material mutation (scene.hpp:29-32,122-128; material_compare_v4.cpp:10-63).",not_run,"Differential trace/test documenting original and port values, ordering, and side effects for the stated case.",P1,unassigned
PP-0072,Rendering,"Scene, camera, materials and frame passes",libDungeonHunter2.so,0x3566ec,"SceneManager::ChangeTechnique(glitch::scene::ISceneNode *, char const*, char const*, int)",port/scene-materials/scene.cpp; port/scene-materials/material_compare_v4.cpp; port/scene-materials/effect_render_pass_v4.cpp; port/engine-ui/viewport.cpp,"Node ChangeTechnique selected material index, current-technique filter, and missing-name behavior.",pseudocode/0035/003566ec.c,partial,"IDA 0x3566ec checks node/material index, optional current-technique filter, resolves and sets target technique. Port parses technique but has no indexed runtime mutation (effect_render_pass_v4.cpp:13-23; scene.hpp:122-140).",not_run,"Differential trace/test documenting original and port values, ordering, and side effects for the stated case.",P1,unassigned
PP-0073,Rendering,"Scene, camera, materials and frame passes",libDungeonHunter2.so,0x35364c,glitch::video::CMaterial::getHashCode(void)const,port/scene-materials/scene.cpp; port/scene-materials/material_compare_v4.cpp; port/scene-materials/effect_render_pass_v4.cpp; port/engine-ui/viewport.cpp,getHashCode selected-technique dirty-bit/cache behavior and supported pass domain.,pseudocode/0035/0035364c.c,partial,IDA 0x35364c lazily refreshes selected technique hash when dirty then returns cached hash. Port material_refresh_hash_v4 supports single-pass views and stores one hash (material_compare_v4.cpp:44-63).,not_run,"Differential trace/test documenting original and port values, ordering, and side effects for the stated case.",P1,unassigned
PP-0074,Rendering,"Scene, camera, materials and frame passes",libDungeonHunter2.so,0x353684,"glitch::video::CMaterial::equals(unsigned char, glitch::video::CMaterial const&, unsigned char)const",port/scene-materials/scene.cpp; port/scene-materials/material_compare_v4.cpp; port/scene-materials/effect_render_pass_v4.cpp; port/engine-ui/viewport.cpp,"equals compares explicitly selected technique indices; second byte is a technique index, not a comparison mask.",pseudocode/0035/00353684.c,partial,"IDA 0x353684 compares hashes, selected renderer/pass state and parameters for two technique indices. Port normalized equality lacks target CMaterial owner/index API (material_compare_v4.cpp:33-36).",not_run,"Differential trace/test documenting original and port values, ordering, and side effects for the stated case.",P1,unassigned
PP-0075,Rendering,"Scene, camera, materials and frame passes",libDungeonHunter2.so,0x3537b0,glitch::video::CMaterial::operator==(glitch::video::CMaterial const&)const,port/scene-materials/scene.cpp; port/scene-materials/material_compare_v4.cpp; port/scene-materials/effect_render_pass_v4.cpp; port/engine-ui/viewport.cpp,operator== compares current techniques through equals; compare complete field domain.,pseudocode/0035/003537b0.c,partial,IDA 0x3537b0 gets each current technique then delegates equals. Port has a comparison primitive but no CMaterial current-technique wrapper (material_compare_v4.cpp:33-36; scene.hpp:12-18).,not_run,"Differential trace/test documenting original and port values, ordering, and side effects for the stated case.",P1,unassigned
PP-0076,Rendering,"Scene, camera, materials and frame passes",libDungeonHunter2.so,0x3537e4,glitch::video::CMaterial::operator<(glitch::video::CMaterial const&)const,port/scene-materials/scene.cpp; port/scene-materials/material_compare_v4.cpp; port/scene-materials/effect_render_pass_v4.cpp; port/engine-ui/viewport.cpp,"operator< orders by current-technique hash, parameter count, then target compare routine.",pseudocode/0035/003537e4.c,partial,"IDA 0x3537e4 orders by current-technique hash, renderer parameter count, then CMaterial::compare. Port has normalized less primitive, not target wrapper/type (material_compare_v4.cpp:38-42).",not_run,"Differential trace/test documenting original and port values, ordering, and side effects for the stated case.",P1,unassigned
PP-0077,Rendering,"Scene, camera, materials and frame passes",libDungeonHunter2.so,0x354b2c,SceneManager::AutoLoadNormalMap(glitch::scene::ISceneNode *),port/scene-materials/scene.cpp; port/scene-materials/material_compare_v4.cpp; port/scene-materials/effect_render_pass_v4.cpp; port/engine-ui/viewport.cpp,Node normal-map traversal all selected node materials and retain/release around each call.,pseudocode/0035/00354b2c.c,partial,"IDA 0x354b2c retains/releases each material around per-material autoload. Port stores material IDs but no intrusive material traversal (scene.hpp:29-32,122-128).",not_run,"Differential trace/test documenting original and port values, ordering, and side effects for the stated case.",P1,unassigned
PP-0078,Rendering,"Scene, camera, materials and frame passes",libDungeonHunter2.so,0x3525b4,"SceneManager::SetMaterialTexture(boost::intrusive_ptr<glitch::video::CMaterial>, boost::intrusive_ptr<glitch::video::CMaterial>)",port/scene-materials/scene.cpp; port/scene-materials/material_compare_v4.cpp; port/scene-materials/effect_render_pass_v4.cpp; port/engine-ui/viewport.cpp,SetMaterialTexture Diffuse ownership transfer and temporary-ref release; cover missing IDs/null texture.,pseudocode/0035/003525b4.c,missing,IDA 0x3525b4 sets destination Diffuse texture and drops temporary intrusive ref. Port has no runtime texture setter/reference owner (scene.hpp:12-18; scene.cpp:105-125).,not_run,"Differential trace/test documenting original and port values, ordering, and side effects for the stated case.",P1,unassigned
PP-0079,Rendering,"Scene, camera, materials and frame passes",libDungeonHunter2.so,0x3527fc,"SceneManager::SetMaterialEffects(boost::intrusive_ptr<glitch::video::CMaterial>, glitch::core::vector3d<float>, float, float)",port/scene-materials/scene.cpp; port/scene-materials/material_compare_v4.cpp; port/scene-materials/effect_render_pass_v4.cpp; port/engine-ui/viewport.cpp,SetMaterialEffects eligible parameter updates and renderer lifetime during the call; remove queued-draw premise.,pseudocode/0035/003527fc.c,partial,"IDA 0x3527fc retains renderer for the call, mutates selected parameters, then releases it; no queued draw here. Port comparison/parser does not mutate runtime material (material_compare_v4.cpp:10-63; effect_render_pass_v4.cpp:13-23).",not_run,"Differential trace/test documenting original and port values, ordering, and side effects for the stated case.",P1,unassigned
PP-0080,Rendering,"Scene, camera, materials and frame passes",libDungeonHunter2.so,0x5cbe0c,glitch::video::CMaterial::cloneHeap(char const*)const,port/scene-materials/scene.cpp; port/scene-materials/material_compare_v4.cpp; port/scene-materials/effect_render_pass_v4.cpp; port/engine-ui/viewport.cpp,cloneHeap allocation and copied renderer/name/parameter/render-state semantics.,pseudocode/005c/005cbe0c.c,missing,IDA 0x5cbe0c allocates a process-buffer material from source renderer/state/parameter/render-state data. Port Material is a value struct with no CMaterial clone (scene.hpp:12-18).,not_run,"Differential trace/test documenting original and port values, ordering, and side effects for the stated case.",P1,unassigned
PP-0081,Rendering,"Scene, camera, materials and frame passes",libDungeonHunter2.so,0x5cbf78,glitch::video::CMaterial::~CMaterial(),port/scene-materials/scene.cpp; port/scene-materials/material_compare_v4.cpp; port/scene-materials/effect_render_pass_v4.cpp; port/engine-ui/viewport.cpp,"CMaterial destructor parameter drop, renderer callback, name and intrusive renderer release.",pseudocode/005c/005cbf78.c,partial,"IDA 0x5cbf78 drops parameters, calls renderer callback, releases shared name and renderer ref. Port value Material destroys strings but does not model engine refs/callbacks (scene.hpp:12-18).",not_run,"Differential trace/test documenting original and port values, ordering, and side effects for the stated case.",P1,unassigned
PP-0082,Rendering,"Scene, camera, materials and frame passes",libDungeonHunter2.so,0x5cbe58,"glitch::video::CMaterial::CMaterial(boost::intrusive_ptr<glitch::video::CMaterialRenderer> const&, char const*, glitch::video::CMaterial::SStateWithoutRenderState const&, unsigned char const*, glitch::video::detail::material::SRenderState const*)",port/scene-materials/scene.cpp; port/scene-materials/material_compare_v4.cpp; port/scene-materials/effect_render_pass_v4.cpp; port/engine-ui/viewport.cpp,"CMaterial engine constructor state/parameter storage and per-technique hash seeds, distinct from parsed BRES Material data.",pseudocode/005c/005cbe58.c,partial,"IDA 0x5cbe58 initializes renderer ref, technique/render state, shared name, parameters, calls init, seeds per-technique hashes. Port Material defaults parsed fields and scene.cpp reads a subset of BRES params (scene.hpp:12-18; scene.cpp:105-135).",not_run,"Differential trace/test documenting original and port values, ordering, and side effects for the stated case.",P1,unassigned
PP-0083,Rendering,"Scene, camera, materials and frame passes",libDungeonHunter2.so,0x5cda48,"glitch::video::CMaterial::deserializeAttributes(glitch::io::IAttributes *, glitch::io::SAttributeReadWriteOptions *)",port/scene-materials/scene.cpp; port/scene-materials/material_compare_v4.cpp; port/scene-materials/effect_render_pass_v4.cpp; port/engine-ui/viewport.cpp,"Trace missing-attribute behavior in CMaterial::deserializeAttributes and the delegated material-parameter deserializer, including whether prior values are retained or reset.",pseudocode/005c/005cda48.c,missing,"IDA CMaterial::deserializeAttributes (005cda48, lines 5-15) reads BaseTechnique, enters Parameters, delegates parameter deserialization, then pops the group. Scoped search of port/scene-materials (scene.cpp, material_compare_v4.cpp, effect_render_pass_v4.cpp) found no CMaterial deserializeAttributes implementation; scene.cpp parses scene graphs instead.",not_run,"Differential trace/test documenting original and port values, ordering, and side effects for the stated case.",P1,unassigned
PP-0084,Rendering,"Scene, camera, materials and frame passes",libDungeonHunter2.so,0x5ce460,"glitch::video::CMaterial::serializeAttributes(glitch::io::IAttributes *, glitch::io::SAttributeReadWriteOptions *)const",port/scene-materials/scene.cpp; port/scene-materials/material_compare_v4.cpp; port/scene-materials/effect_render_pass_v4.cpp; port/engine-ui/viewport.cpp,"Trace CMaterial serialization of Name, Material Renderer, BDAE File, BaseTechnique, and delegated Parameters attributes.",pseudocode/005c/005ce460.c,missing,"IDA CMaterial::serializeAttributes (005ce460, lines 26-31, 90-128) writes Name, Material Renderer, BDAE File, BaseTechnique, then serializes the Parameters group. No corresponding CMaterial serializer was found in scoped port/scene-materials search; material_compare_v4.cpp compares/hash-compares runtime material snapshots only (lines 11-24, 34-63).",not_run,"Differential trace/test documenting original and port values, ordering, and side effects for the stated case.",P1,unassigned
PP-0085,Rendering,"Scene, camera, materials and frame passes",libDungeonHunter2.so,0x30df74,glViewport,port/scene-materials/scene.cpp; port/scene-materials/material_compare_v4.cpp; port/scene-materials/effect_render_pass_v4.cpp; port/engine-ui/viewport.cpp,"Verify the resize call supplies origin (0,0) and the clamped current surface width and height to glViewport.",pseudocode/0030/0030df74.c,implemented,"IDA glViewport is a four-argument imported thunk only (0030df74, lines 1-5); it does not establish resize policy. Current resize handler stores clamped surface dimensions and calls glViewport(0,0,surface_width,surface_height) in port/android-native/app/src/main/cpp/native_app.cpp:290-291.",not_run,"Differential trace/test documenting original and port values, ordering, and side effects for the stated case.",P1,unassigned
PP-0086,Rendering,"Scene, camera, materials and frame passes",libDungeonHunter2.so,0x30de30,glFramebufferTexture2D,port/scene-materials/scene.cpp; port/scene-materials/material_compare_v4.cpp; port/scene-materials/effect_render_pass_v4.cpp; port/engine-ui/viewport.cpp,"Trace each relevant framebuffer call site for attachment target, texture dimensions/format, replacement or detach behavior, and completeness handling.",pseudocode/0030/0030de30.c,partial,"IDA glFramebufferTexture2D is an imported thunk with no recovered arguments or control flow (0030de30, lines 1-5), so matching dimensions/format and stale detach are not proven by this function. The authored UI probe attaches its second texture and checks completeness in port/android-native/app/src/main/cpp/authored_shader_program.cpp:112-116; no old-attachment detach is shown in this probe.",not_run,"Differential trace/test documenting original and port values, ordering, and side effects for the stated case.",P1,unassigned
PP-0087,Rendering,"Scene, camera, materials and frame passes",libDungeonHunter2.so,0x30e1b4,glCheckFramebufferStatus,port/scene-materials/scene.cpp; port/scene-materials/material_compare_v4.cpp; port/scene-materials/effect_render_pass_v4.cpp; port/engine-ui/viewport.cpp,Trace framebuffer-status checks at relevant render-target call sites and confirm incomplete targets stop before their draw path.,pseudocode/0030/0030e1b4.c,partial,"IDA glCheckFramebufferStatus is an imported thunk only (0030e1b4, lines 1-5); caller propagation is outside the thunk. The authored UI probe throws when incomplete before probe drawing at port/android-native/app/src/main/cpp/authored_shader_program.cpp:115-117. This covers that probe, not every render target.",not_run,"Differential trace/test documenting original and port values, ordering, and side effects for the stated case.",P1,unassigned
PP-0088,Rendering,"Scene, camera, materials and frame passes",libDungeonHunter2.so,0x30e46c,glCompileShader,port/scene-materials/scene.cpp; port/scene-materials/material_compare_v4.cpp; port/scene-materials/effect_render_pass_v4.cpp; port/engine-ui/viewport.cpp,"Verify each native shader helper checks compile status, reports the shader log on failure, and does not publish a failed shader/program.",pseudocode/0030/0030e46c.c,implemented,"IDA glCompileShader is an imported thunk only (0030e46c, lines 1-5), with no logging/publication policy at the thunk. Current effect shader helper checks compile status, obtains the info log, deletes the failed shader, and throws in port/android-native/app/src/main/cpp/renderer_effect_draw_v4.inc:22-25; model shader helper does likewise at model_renderer.cpp:907-908.",not_run,"Differential trace/test documenting original and port values, ordering, and side effects for the stated case.",P1,unassigned
PP-0089,Rendering,"Scene, camera, materials and frame passes",libDungeonHunter2.so,0x30e628,glDeleteShader,port/scene-materials/scene.cpp; port/scene-materials/material_compare_v4.cpp; port/scene-materials/effect_render_pass_v4.cpp; port/engine-ui/viewport.cpp,Trace shader deletion at program setup/failure call sites and verify cleanup follows compile/link use while preserving GL attachment semantics.,pseudocode/0030/0030e628.c,implemented,"IDA glDeleteShader is an imported thunk only (0030e628, lines 1-5). Effect program setup deletes shader objects after link and deletes remaining objects on exceptions in port/android-native/app/src/main/cpp/renderer_effect_draw_v4.inc:73-82; model setup deletes shaders after link in model_renderer.cpp:918-920. GL deletion marks attached shader objects for deletion; “not while still referenced” is too strong.",not_run,"Differential trace/test documenting original and port values, ordering, and side effects for the stated case.",P1,unassigned
PP-0090,Audio,"Playback, routing, focus and spatial state",libDungeonHunter2.so,0x369514,VoxSoundManager::SetMusicState(char const*),port/engine-audio/audio_gameplay_runtime_v40.cpp; port/engine-audio/audio_mixer_v34.cpp; port/engine-audio/audio_listener_rows_v38.cpp; port/engine-ui/android_music_support_v1.cpp; port/android-native/app/src/main/java/com/example/dh2/AudioLifecycleV34.java,"Trace SetMusicState’s current-music guard, loaded-handle/first-emitter selection, Java-audio bypass, and state forwarding to the matching active channel.",pseudocode/0036/00369514.c,partial,"IDA SetMusicState only acts when current music ordinal is valid and Java audio is off, resolves that ordinal through Arrays::Sounds, checks a loaded handle, and updates the first emitter if present (00369514, lines 8-29). V42 exposes native_state by active voice token/name (audio_gameplay_runtime_v42.cpp:162-165); its source operation path delegates other Vox operations to a provider (183-195). No direct current-music ordinal-to-token owner is shown in the listed runtime.",not_run,"Differential trace/test documenting original and port values, ordering, and side effects for the stated case.",P1,unassigned
PP-0091,Audio,"Playback, routing, focus and spatial state",libDungeonHunter2.so,0x3695f4,VoxSoundManager::SetLevelRouting(int),port/engine-audio/audio_gameplay_runtime_v40.cpp; port/engine-audio/audio_mixer_v34.cpp; port/engine-audio/audio_listener_rows_v38.cpp; port/engine-ui/android_music_support_v1.cpp; port/android-native/app/src/main/java/com/example/dh2/AudioLifecycleV34.java,"Trace level index to LevelList routing path construction, -1/Java early returns, and the dynamic bus routing call at the level-transition boundary.",pseudocode/0036/003695f4.c,partial,"IDA SetLevelRouting ignores -1 and Java-audio cases; otherwise it builds RES_PATH + data/routing/ + selected LevelList routing name and calls SetDynamicBusRouting (003695f4, lines 6-13). V42 has a routing adapter but accepts only a specific proved path and delegates the live engine call (audio_gameplay_runtime_v42.cpp:197-205); level-index-to-path assembly is not part of that helper.",not_run,"Differential trace/test documenting original and port values, ordering, and side effects for the stated case.",P1,unassigned
PP-0092,Audio,"Playback, routing, focus and spatial state",libDungeonHunter2.so,0x3698f0,VoxSoundManager::StopAllMusic(int),port/engine-audio/audio_gameplay_runtime_v40.cpp; port/engine-audio/audio_mixer_v34.cpp; port/engine-audio/audio_listener_rows_v38.cpp; port/engine-ui/android_music_support_v1.cpp; port/android-native/app/src/main/java/com/example/dh2/AudioLifecycleV34.java,"Trace StopAllMusic’s MUSIC-only/native scope, fade argument conversion, and current/previous music-state updates; do not infer them from world-wide stop_all.",pseudocode/0036/003698f0.c,partial,"IDA stops the MUSIC group (or native Java big-sound route), then clears current music and stores the former current value as previous (003698f0, lines 7-19). Port stop_world posts stop_all and marks the runtime quiescing (audio_gameplay_runtime_v42.cpp:154); mixer stop_all applies to all active voices, not only MUSIC (audio_mixer_v34.cpp:70-80), and the manager current/previous fields are not represented there.",not_run,"Differential trace/test documenting original and port values, ordering, and side effects for the stated case.",P1,unassigned
PP-0093,Audio,"Playback, routing, focus and spatial state",libDungeonHunter2.so,0x369990,VoxSoundManager::StopAllSounds(int),port/engine-audio/audio_gameplay_runtime_v40.cpp; port/engine-audio/audio_mixer_v34.cpp; port/engine-audio/audio_listener_rows_v38.cpp; port/engine-ui/android_music_support_v1.cpp; port/android-native/app/src/main/java/com/example/dh2/AudioLifecycleV34.java,"Trace StopAllSounds’ Java branch, engine-null behavior, all-emitter mask, and milliseconds-to-seconds fade at its source call path.",pseudocode/0036/00369990.c,partial,"IDA StopAllSounds routes to Java native stop-all or calls StopAllEmitters with all-group mask and milliseconds converted to seconds when engine exists (00369990, lines 3-7). Port V42 world shutdown posts stop_all and mixer applies it across all voices (audio_gameplay_runtime_v42.cpp:154; audio_mixer_v34.cpp:70-80), but no Vox manager StopAllSounds entry point or its Java branch is shown.",not_run,"Differential trace/test documenting original and port values, ordering, and side effects for the stated case.",P1,unassigned
PP-0094,Audio,"Playback, routing, focus and spatial state",libDungeonHunter2.so,0x3699fc,VoxSoundManager::LoadSound(int),port/engine-audio/audio_gameplay_runtime_v40.cpp; port/engine-audio/audio_mixer_v34.cpp; port/engine-audio/audio_listener_rows_v38.cpp; port/engine-ui/android_music_support_v1.cpp; port/android-native/app/src/main/java/com/example/dh2/AudioLifecycleV34.java,"Trace LoadSound’s Java and range guards, metadata lookup/recheck, same-manager cache reuse, and datasource creation/store for the original UID.",pseudocode/0036/003699fc.c,partial,"IDA LoadSound checks Java mode and inclusive UID bounds, queries bank metadata, rechecks bounds, reuses a cached slot, otherwise loads and stores a datasource (003699fc, lines 13-24). AudioSampleBankV34 caches by UID/filename and reads the selected asset (audio_bank_v34.cpp:8-28), but no Java branch or source manager’s inclusive-bound/metadata/recheck sequence is present in that cache helper.",not_run,"Differential trace/test documenting original and port values, ordering, and side effects for the stated case.",P1,unassigned
PP-0095,Audio,"Playback, routing, focus and spatial state",libDungeonHunter2.so,0x36921c,VoxSoundManager::UnloadSound(int),port/engine-audio/audio_gameplay_runtime_v40.cpp; port/engine-audio/audio_mixer_v34.cpp; port/engine-audio/audio_listener_rows_v38.cpp; port/engine-ui/android_music_support_v1.cpp; port/android-native/app/src/main/java/com/example/dh2/AudioLifecycleV34.java,"Trace selected-slot unload and clearing for valid loaded IDs, and the invalid, empty, and Java-mode no-op cases.",pseudocode/0036/0036921c.c,partial,"IDA unloads only an in-range non-null slot when Java mode is off, then clears that slot (0036921c, lines 9-16). AudioSampleBankV34 has no selected-UID unload operation; its trim only evicts unpinned least-recently-used entries over the byte limit (audio_bank_v34.cpp:4-5).",not_run,"Differential trace/test documenting original and port values, ordering, and side effects for the stated case.",P1,unassigned
PP-0096,Audio,"Playback, routing, focus and spatial state",libDungeonHunter2.so,0x369298,VoxSoundManager::UnloadAllSounds(void),port/engine-audio/audio_gameplay_runtime_v40.cpp; port/engine-audio/audio_mixer_v34.cpp; port/engine-audio/audio_listener_rows_v38.cpp; port/engine-ui/android_music_support_v1.cpp; port/android-native/app/src/main/java/com/example/dh2/AudioLifecycleV34.java,Trace the full loaded-slot range and Java-mode guard in UnloadAllSounds; distinguish clearing all slots from capacity-based cache trimming.,pseudocode/0036/00369298.c,partial,"IDA UnloadAllSounds loops over every loaded slot via UnloadSound only outside Java mode (00369298, lines 8-13). AudioSampleBankV34 exposes no unload-all/clear operation; cache trimming is conditional capacity eviction (audio_bank_v34.cpp:4-5, 8-28).",not_run,"Differential trace/test documenting original and port values, ordering, and side effects for the stated case.",P1,unassigned
PP-0097,Audio,"Playback, routing, focus and spatial state",libDungeonHunter2.so,0x369b38,VoxSoundManager::GetSoundVolume(int),port/engine-audio/audio_gameplay_runtime_v40.cpp; port/engine-audio/audio_mixer_v34.cpp; port/engine-audio/audio_listener_rows_v38.cpp; port/engine-ui/android_music_support_v1.cpp; port/android-native/app/src/main/java/com/example/dh2/AudioLifecycleV34.java,"Trace category-to-group mapping, Java return value, unknown-category mask, and percent scaling in GetSoundVolume.",pseudocode/0036/00369b38.c,partial,"IDA maps category 2 to MUSIC, 3 to VFX, 1 to SFX, and other values to mask 0, then returns engine group gain times 100; Java mode returns 1 (00369b38, lines 6-30). Port mixer has four group gains but exposes no matching getter/category mapping or Java behavior (audio_mixer_v34.hpp:33-39; audio_mixer_v34.cpp:32-40).",not_run,"Differential trace/test documenting original and port values, ordering, and side effects for the stated case.",P1,unassigned
PP-0098,Audio,"Playback, routing, focus and spatial state",libDungeonHunter2.so,0x369da0,"VoxSoundManager::SetSoundVolume(int, float)",port/engine-audio/audio_gameplay_runtime_v40.cpp; port/engine-audio/audio_mixer_v34.cpp; port/engine-audio/audio_listener_rows_v38.cpp; port/engine-ui/android_music_support_v1.cpp; port/android-native/app/src/main/java/com/example/dh2/AudioLifecycleV34.java,"Trace Java stored-value/native calls and non-Java category mapping, percent normalization, and fixed 0.05-second ramp; include unknown categories.",pseudocode/0036/00369da0.c,partial,"IDA Java mode stores music or shared SFX/VFX volume values for categories 2, 1/3; non-Java maps 2/3/1 to MUSIC/VFX/SFX and calls SetGroupGain(value/100, 0.05), with other categories leaving mask zero (00369da0, lines 9-40). Mixer accepts normalized 0..1 group volume and a fade duration (audio_mixer_v34.cpp:32-40), but V42 lacks this category/JNI adapter in the cited gameplay runtime.",not_run,"Differential trace/test documenting original and port values, ordering, and side effects for the stated case.",P1,unassigned
PP-0099,Audio,"Playback, routing, focus and spatial state",libDungeonHunter2.so,0x369ee8,VoxSoundManager::GetMasterVolume(void),port/engine-audio/audio_gameplay_runtime_v40.cpp; port/engine-audio/audio_mixer_v34.cpp; port/engine-audio/audio_listener_rows_v38.cpp; port/engine-ui/android_music_support_v1.cpp; port/android-native/app/src/main/java/com/example/dh2/AudioLifecycleV34.java,Trace Java-mode constant and engine master-gain read for GetMasterVolume.,pseudocode/0036/00369ee8.c,partial,"IDA returns 1 in Java mode, otherwise VoxEngine master gain (00369ee8, lines 3-6). AudioMixerV34 exposes no master-gain getter; it stores only four group gains (audio_mixer_v34.hpp:33-39).",not_run,"Differential trace/test documenting original and port values, ordering, and side effects for the stated case.",P1,unassigned
PP-0100,Audio,"Playback, routing, focus and spatial state",libDungeonHunter2.so,0x369f1c,VoxSoundManager::SetMasterVolume(float),port/engine-audio/audio_gameplay_runtime_v40.cpp; port/engine-audio/audio_mixer_v34.cpp; port/engine-audio/audio_listener_rows_v38.cpp; port/engine-ui/android_music_support_v1.cpp; port/android-native/app/src/main/java/com/example/dh2/AudioLifecycleV34.java,Trace Java-mode no-op and the 0.05-second VoxEngine master-gain ramp.,pseudocode/0036/00369f1c.c,partial,"IDA calls SetMasterGain(value, 0.05) only outside Java mode (00369f1c, lines 3-5). AudioMixerV34 implements per-group volume commands but no master gain channel (audio_mixer_v34.cpp:32-40).",not_run,"Differential trace/test documenting original and port values, ordering, and side effects for the stated case.",P1,unassigned
PP-0101,Audio,"Playback, routing, focus and spatial state",libDungeonHunter2.so,0x369c2c,"VoxSoundManager::SetInitialVolume(float, float, float)",port/engine-audio/audio_gameplay_runtime_v40.cpp; port/engine-audio/audio_mixer_v34.cpp; port/engine-audio/audio_listener_rows_v38.cpp; port/engine-ui/android_music_support_v1.cpp; port/android-native/app/src/main/java/com/example/dh2/AudioLifecycleV34.java,"Trace Java and non-Java startup branches, MUSIC/SFX/VFX order, ramp values, and one-time initialization guard.",pseudocode/0036/00369c2c.c,partial,"IDA Java branch stores SFX/music values and invokes nativeSetVolumeBig twice; non-Java branch runs only while initialized byte is false, applies MUSIC then SFX then VFX gains with 0.05-second ramps, and sets initialized byte (00369c2c, lines 6-24). Mixer starts groups at unity and has no source SetInitialVolume sequence (audio_mixer_v34.hpp:33-39).",not_run,"Differential trace/test documenting original and port values, ordering, and side effects for the stated case.",P1,unassigned
PP-0102,Audio,"Playback, routing, focus and spatial state",libDungeonHunter2.so,0x369f50,"VoxSoundManager::SetListenerPos(glitch::core::vector3d<float> const&, glitch::core::vector3d<float> const&, glitch::core::vector3d<float> const&, int, int, float)",port/engine-audio/audio_gameplay_runtime_v40.cpp; port/engine-audio/audio_mixer_v34.cpp; port/engine-audio/audio_listener_rows_v38.cpp; port/engine-ui/android_music_support_v1.cpp; port/android-native/app/src/main/java/com/example/dh2/AudioLifecycleV34.java,"Trace Java bypass, vector component order, trailing listener-field stores, and the caller connecting the projected listener to VoxEngine.",pseudocode/0036/00369f50.c,partial,"IDA skips entirely in Java mode; otherwise forwards three position and six orientation floats to VoxEngine, then stores the three trailing listener fields at offsets +84/+88/+92 (00369f50, lines 5-19). Port listener projection copies position/front/up and distance fields (audio_listener_rows_v38.cpp:10-12), but the helper itself does not call Set3DListenerPosition/Orientation or update the Vox manager.",not_run,"Differential trace/test documenting original and port values, ordering, and side effects for the stated case.",P1,unassigned
PP-0103,Audio,"Playback, routing, focus and spatial state",libDungeonHunter2.so,0x369fec,"VoxSoundManager::Stop(int, int)",port/engine-audio/audio_gameplay_runtime_v40.cpp; port/engine-audio/audio_mixer_v34.cpp; port/engine-audio/audio_listener_rows_v38.cpp; port/engine-ui/android_music_support_v1.cpp; port/android-native/app/src/main/java/com/example/dh2/AudioLifecycleV34.java,"Trace Stop’s negative-ID and Java branches, ordinal-to-loaded-handle resolution, readiness gate, first-ten emitter cap, and fade conversion.",pseudocode/0036/00369fec.c,partial,"IDA Stop rejects negative sound IDs, routes Java IDs to native stop, otherwise maps sound ordinal to a loaded datasource, checks engine readiness, enumerates up to 10 emitters, and stops each using milliseconds/1000 (00369fec, lines 18-61). V42 has source-ordinal stop and stop3D helpers with loaded-source checks and duration conversion (audio_gameplay_runtime_v42.cpp:79-109), but exact Java branch and per-ordinal first-10 enumeration are not equivalent in the shown map traversal.",not_run,"Differential trace/test documenting original and port values, ordering, and side effects for the stated case.",P1,unassigned
PP-0104,Audio,"Playback, routing, focus and spatial state",libDungeonHunter2.so,0x36a138,VoxSoundManager::StopBeat(void),port/engine-audio/audio_gameplay_runtime_v40.cpp; port/engine-audio/audio_mixer_v34.cpp; port/engine-audio/audio_listener_rows_v38.cpp; port/engine-ui/android_music_support_v1.cpp; port/android-native/app/src/main/java/com/example/dh2/AudioLifecycleV34.java,"Trace StopBeat’s invalid-handle early return, BeatFadeoutTime lookup, delegated Stop, and beat-handle reset.",pseudocode/0036/0036a138.c,partial,"IDA StopBeat returns when beat handle is -1; otherwise reads BeatFadeoutTime, calls Stop for that handle, then clears the beat handle (0036a138, lines 8-18). V42 stop-by-ordinal/3D routes can stop mapped sources (audio_gameplay_runtime_v42.cpp:79-109), but no beat-handle ownership or BeatFadeoutTime lookup/clear sequence is present in the listed audio runtime.",not_run,"Differential trace/test documenting original and port values, ordering, and side effects for the stated case.",P1,unassigned
PP-0105,Audio,"Playback, routing, focus and spatial state",libDungeonHunter2.so,0x36a218,"VoxSoundManager::Stop3D(int, int, Point3D<float> *, float)",port/engine-audio/audio_gameplay_runtime_v40.cpp; port/engine-audio/audio_mixer_v34.cpp; port/engine-audio/audio_listener_rows_v38.cpp; port/engine-ui/android_music_support_v1.cpp; port/android-native/app/src/main/java/com/example/dh2/AudioLifecycleV34.java,"Trace Stop3D’s original center/radius and fade arguments, selected emitter set, and position comparison before issuing stops.",pseudocode/0036/0036a218.c,partial,"IDA Stop3D has its own implementation and delegates selected emitter stops; the thunk is not the evidence here (0036a218 body). V42 stop_source_3d_v112 filters the source UID’s existing voices by radius and posts stop commands with converted duration (audio_gameplay_runtime_v42.cpp:82-109), but it does not establish equivalence for all source arguments/emitter selection.",not_run,"Differential trace/test documenting original and port values, ordering, and side effects for the stated case.",P1,unassigned
PP-0106,Audio,"Playback, routing, focus and spatial state",libDungeonHunter2.so,0x36a470,VoxSoundManager::Resume(int),port/engine-audio/audio_gameplay_runtime_v40.cpp; port/engine-audio/audio_mixer_v34.cpp; port/engine-audio/audio_listener_rows_v38.cpp; port/engine-ui/android_music_support_v1.cpp; port/android-native/app/src/main/java/com/example/dh2/AudioLifecycleV34.java,"Trace Resume’s source/handle selection and paused-state branch, then verify the same emitter cursor is retained by the resume path.",pseudocode/0036/0036a470.c,partial,"IDA Resume resolves the source and resumes enumerated emitters; it does not itself prove cursor policy (0036a470 body). Mixer resume_voice preserves the existing cursor and only changes paused/envelope state (audio_mixer_v34.cpp:84-89); V42 exposes resume by source ordinal (audio_gameplay_runtime_v42.cpp:111-115), not an exact same-handle Vox Resume entry point.",not_run,"Differential trace/test documenting original and port values, ordering, and side effects for the stated case.",P1,unassigned
PP-0107,Audio,"Playback, routing, focus and spatial state",libDungeonHunter2.so,0x36a590,VoxSoundManager::ResumeAllSounds(void),port/engine-audio/audio_gameplay_runtime_v40.cpp; port/engine-audio/audio_mixer_v34.cpp; port/engine-audio/audio_listener_rows_v38.cpp; port/engine-ui/android_music_support_v1.cpp; port/android-native/app/src/main/java/com/example/dh2/AudioLifecycleV34.java,Trace the source ResumeAllSounds emitter scope and Java branch; verify whether any categories are excluded before comparing to global resume_all.,pseudocode/0036/0036a590.c,partial,"IDA ResumeAllSounds body is the source authority (0036a590); its behavior is broader than a category-specific operation. Mixer resume_all clears a global paused flag (audio_mixer_v34.cpp:55-57), but no source Vox manager call is present in the cited runtime, and mixer has no excluded-category filter.",not_run,"Differential trace/test documenting original and port values, ordering, and side effects for the stated case.",P1,unassigned
PP-0108,Audio,"Playback, routing, focus and spatial state",libDungeonHunter2.so,0x36a624,VoxSoundManager::PauseAllSounds(void),port/engine-audio/audio_gameplay_runtime_v40.cpp; port/engine-audio/audio_mixer_v34.cpp; port/engine-audio/audio_listener_rows_v38.cpp; port/engine-ui/android_music_support_v1.cpp; port/android-native/app/src/main/java/com/example/dh2/AudioLifecycleV34.java,Trace PauseAllSounds’ Java/non-Java behavior and exact emitter/music scope; compare against the mixer-wide pause primitive.,pseudocode/0036/0036a624.c,partial,IDA PauseAllSounds body is the source authority (0036a624). Mixer pause_all globally pauses rendering for every voice (audio_mixer_v34.cpp:55-57); no source music-vs-SFX policy or Vox manager entry point is connected in V42.,not_run,"Differential trace/test documenting original and port values, ordering, and side effects for the stated case.",P1,unassigned
PP-0109,Audio,"Playback, routing, focus and spatial state",libDungeonHunter2.so,0x36a664,VoxSoundManager::Pause(int),port/engine-audio/audio_gameplay_runtime_v40.cpp; port/engine-audio/audio_mixer_v34.cpp; port/engine-audio/audio_listener_rows_v38.cpp; port/engine-ui/android_music_support_v1.cpp; port/android-native/app/src/main/java/com/example/dh2/AudioLifecycleV34.java,"Trace Pause’s ID-to-emitter selection and Java branch, then verify the selected channel remains addressable until resume or stop.",pseudocode/0036/0036a664.c,partial,"IDA Pause body is the source authority (0036a664). Mixer pause_voice marks the selected token paused without clearing cursor/handle (audio_mixer_v34.cpp:84-85), but V42 has no pause-by-source-ordinal wrapper in audio_gameplay_runtime_v42.cpp (lines 47-115), so original handle selection/Java path is not connected.",not_run,"Differential trace/test documenting original and port values, ordering, and side effects for the stated case.",P1,unassigned
PP-0110,Audio,"Playback, routing, focus and spatial state",libDungeonHunter2.so,0x36a784,VoxSoundManager::PauseMusic(void),port/engine-audio/audio_gameplay_runtime_v40.cpp; port/engine-audio/audio_mixer_v34.cpp; port/engine-audio/audio_listener_rows_v38.cpp; port/engine-ui/android_music_support_v1.cpp; port/android-native/app/src/main/java/com/example/dh2/AudioLifecycleV34.java,Trace PauseMusic’s music-emitter selection and Java route; verify unrelated SFX remain unaffected if the source path leaves them playing.,pseudocode/0036/0036a784.c,partial,"IDA PauseMusic body is the source authority (0036a784). Mixer only provides pause_voice and pause_all (audio_mixer_v34.hpp:7-8; audio_mixer_v34.cpp:55-57, 84-85); no MUSIC-only pause operation/selection is exposed in V42.",not_run,"Differential trace/test documenting original and port values, ordering, and side effects for the stated case.",P1,unassigned
PP-0111,Audio,"Playback, routing, focus and spatial state",libDungeonHunter2.so,0x36a7c0,"VoxSoundManager::PlaySoundPackSound(int, char const*, vox::FormatTypes, int, int, vox::VoxSourceLoadingFlags, glitch::core::vector3d<float> const&, float, float)",port/engine-audio/audio_gameplay_runtime_v40.cpp; port/engine-audio/audio_mixer_v34.cpp; port/engine-audio/audio_listener_rows_v38.cpp; port/engine-ui/android_music_support_v1.cpp; port/android-native/app/src/main/java/com/example/dh2/AudioLifecycleV34.java,"Trace argument-to-source mapping for format, loading flags, priority, position, volumes, and final emitter call in PlaySoundPackSound.",pseudocode/0036/0036a7c0.c,partial,"IDA PlaySoundPackSound body (0036a7c0) constructs/updates source emitter properties from its arguments and calls into Vox playback. V42 loads exact UID/group and obtains command fields from a required producer before posting a play (audio_gameplay_runtime_v42.cpp:15-25; audio_bank_v34.cpp:30-37), so the key field mapping remains delegated rather than implemented in this owner.",not_run,"Differential trace/test documenting original and port values, ordering, and side effects for the stated case.",P1,unassigned
PP-0112,Audio,"Playback, routing, focus and spatial state",libDungeonHunter2.so,0x3692f0,VoxSoundManager::ConvertVisual3DToSound3D(glitch::core::vector3d<float> const&),port/engine-audio/audio_gameplay_runtime_v40.cpp; port/engine-audio/audio_mixer_v34.cpp; port/engine-audio/audio_listener_rows_v38.cpp; port/engine-ui/android_music_support_v1.cpp; port/android-native/app/src/main/java/com/example/dh2/AudioLifecycleV34.java,Verify the dedicated visual-to-sound conversion returns each coordinate component multiplied by 0.01 with its axis order preserved.,pseudocode/0036/003692f0.c,missing,"IDA ConvertVisual3DToSound3D multiplies x, y, and z independently by 0.01 without axis swapping (003692f0, body lines 1-12). Scoped search found no direct ConvertVisual3DToSound3D owner in port/engine-audio; audio_spatial_v34.cpp:13-36 performs listener-relative attenuation/panning and does not apply this coordinate scale.",not_run,"Differential trace/test documenting original and port values, ordering, and side effects for the stated case.",P1,unassigned
PP-0113,Audio,"Playback, routing, focus and spatial state",libDungeonHunter2.so,0x8616f8,vox::VoxEngine::SuspendEngine(void),port/engine-audio/audio_gameplay_runtime_v40.cpp; port/engine-audio/audio_mixer_v34.cpp; port/engine-audio/audio_listener_rows_v38.cpp; port/engine-ui/android_music_support_v1.cpp; port/android-native/app/src/main/java/com/example/dh2/AudioLifecycleV34.java,Trace SuspendEngine’s source/output callback quiescence and prove live emitters remain allocated and resumable through the suspension interval.,pseudocode/0086/008616f8.c,partial,"IDA VoxEngine::SuspendEngine body (008616f8) is authoritative for engine suspension. Android AudioLifecycleV34 pauses/resumes app focus and publishes lifecycle state (AudioLifecycleV34.java:32-40), while V42 stop_world quiesces and stops voices (audio_gameplay_runtime_v42.cpp:154); neither cited path establishes engine callback suspension while retaining live emitters.",not_run,"Differential trace/test documenting original and port values, ordering, and side effects for the stated case.",P1,unassigned
PP-0114,Audio,"Playback, routing, focus and spatial state",libDungeonHunter2.so,0x861734,vox::VoxEngine::ResumeEngine(void),port/engine-audio/audio_gameplay_runtime_v40.cpp; port/engine-audio/audio_mixer_v34.cpp; port/engine-audio/audio_listener_rows_v38.cpp; port/engine-ui/android_music_support_v1.cpp; port/android-native/app/src/main/java/com/example/dh2/AudioLifecycleV34.java,Trace ResumeEngine restoring the suspended source/output path once and reconnecting existing emitters without duplicate startup.,pseudocode/0086/00861734.c,partial,IDA VoxEngine::ResumeEngine body (00861734) is authoritative for reactivation. AudioLifecycleV34 reacquires focus and republishes lifecycle (AudioLifecycleV34.java:32-40); V42 has no ResumeEngine method and its stop_world path is teardown-oriented (audio_gameplay_runtime_v42.cpp:154-160).,not_run,"Differential trace/test documenting original and port values, ordering, and side effects for the stated case.",P1,unassigned
PP-0115,Audio,"Playback, routing, focus and spatial state",libDungeonHunter2.so,0x8617b4,vox::VoxEngine::Update(float),port/engine-audio/audio_gameplay_runtime_v40.cpp; port/engine-audio/audio_mixer_v34.cpp; port/engine-audio/audio_listener_rows_v38.cpp; port/engine-ui/android_music_support_v1.cpp; port/android-native/app/src/main/java/com/example/dh2/AudioLifecycleV34.java,"Trace VoxEngine::Update delta and source/emitter ordering, then identify the port frame path that invokes the corresponding updates in that order.",pseudocode/0086/008617b4.c,partial,"IDA VoxEngine::Update body (008617b4) establishes source-before-emitter update order. Mixer render consumes commands, updates group ramps and active voices/cursors in its consumer loop (audio_mixer_v34.cpp:108-145); this is a new transport loop, not a demonstrated call-order connection to VoxEngine::Update.",not_run,"Differential trace/test documenting original and port values, ordering, and side effects for the stated case.",P1,unassigned
PP-0116,Audio,"Playback, routing, focus and spatial state",libDungeonHunter2.so,0x861c18,"vox::VoxEngine::Set3DListenerPosition(float, float, float)",port/engine-audio/audio_gameplay_runtime_v40.cpp; port/engine-audio/audio_mixer_v34.cpp; port/engine-audio/audio_listener_rows_v38.cpp; port/engine-ui/android_music_support_v1.cpp; port/android-native/app/src/main/java/com/example/dh2/AudioLifecycleV34.java,Trace the three position components from source listener producer through the connected VoxEngine position setter.,pseudocode/0086/00861c18.c,partial,IDA Set3DListenerPosition forwards its three floats into VoxEngine (00861c18 body). Port listener helper records the position components (audio_listener_rows_v38.cpp:10-12) but no direct VoxEngine setter invocation is shown there.,not_run,"Differential trace/test documenting original and port values, ordering, and side effects for the stated case.",P1,unassigned
PP-0117,Audio,"Playback, routing, focus and spatial state",libDungeonHunter2.so,0x861bb0,"vox::VoxEngine::Set3DListenerOrientation(float, float, float, float, float, float)",port/engine-audio/audio_gameplay_runtime_v40.cpp; port/engine-audio/audio_mixer_v34.cpp; port/engine-audio/audio_listener_rows_v38.cpp; port/engine-ui/android_music_support_v1.cpp; port/android-native/app/src/main/java/com/example/dh2/AudioLifecycleV34.java,"Trace all six orientation components from source producer through the port call, preserving forward-then-up order.",pseudocode/0086/00861bb0.c,partial,"IDA Set3DListenerOrientation forwards six floats as the first vector followed by the second vector (00861bb0 body). Port listener projection copies front then up vectors in order (audio_listener_rows_v38.cpp:10-12), but direct setter wiring is not shown in that helper.",not_run,"Differential trace/test documenting original and port values, ordering, and side effects for the stated case.",P1,unassigned
PP-0118,Menu/HUD,"Menu state, overlays and actions",libDungeonHunter2.so,0x330270,Console::Update(double),port/engine-ui/authored_gameplay_hud_v1.cpp; port/engine-ui/authored_hud_options_bridge_v1.cpp; port/engine-ui/authored_character_menu_bridge_v1.cpp; port/engine-ui/authored_menu_lifecycle_v1.cpp; port/android-native/app/src/main/java/com/example/dh2/GameplayHud.java,"Trace Console::Update’s active-state gate and per-frame debug-console update sequence, including any showroom update calls.",pseudocode/0033/00330270.c,missing,IDA Console::Update (00330270 body) updates the debug console/list state and gates work by its active state. Scoped search of the listed runtime files found no Console owner; authored_gameplay_hud_v1.cpp implements gameplay HUD binding/update and authored_menu_lifecycle_v1.cpp implements MenuBase lifecycle only (authored_gameplay_hud_v1.cpp:49-113; authored_menu_lifecycle_v1.cpp:21-35).,not_run,"Differential trace/test documenting original and port values, ordering, and side effects for the stated case.",P1,unassigned
PP-0119,Menu/HUD,"Menu state, overlays and actions",libDungeonHunter2.so,0x33271c,"Console::onEventNotOpened(IEvent const*, EventManager const*)",port/engine-ui/authored_gameplay_hud_v1.cpp; port/engine-ui/authored_hud_options_bridge_v1.cpp; port/engine-ui/authored_character_menu_bridge_v1.cpp; port/engine-ui/authored_menu_lifecycle_v1.cpp; port/android-native/app/src/main/java/com/example/dh2/GameplayHud.java,"Trace the exact event types/key or touch shortcut consumed while Console is closed, plus the unconsumed result for other events.",pseudocode/0033/0033271c.c,missing,IDA Console::onEventNotOpened (0033271c body) handles the closed-console shortcut branch before the open-console dispatcher. No Console event owner appears in the listed authored HUD/menu files; their handlers invoke authored clips/menu lifecycle rather than debug-console event routing (authored_gameplay_hud_v1.cpp:20-27; authored_menu_lifecycle_v1.cpp:21-35).,not_run,"Differential trace/test documenting original and port values, ordering, and side effects for the stated case.",P1,unassigned
PP-0120,Menu/HUD,"Menu state, overlays and actions",libDungeonHunter2.so,0x335b14,"Console::onEvent(IEvent const*, EventManager const*)",port/engine-ui/authored_gameplay_hud_v1.cpp; port/engine-ui/authored_hud_options_bridge_v1.cpp; port/engine-ui/authored_character_menu_bridge_v1.cpp; port/engine-ui/authored_menu_lifecycle_v1.cpp; port/android-native/app/src/main/java/com/example/dh2/GameplayHud.java,"Trace Console event order: closed-console handling, active check, event-type/key or pointer branches, and consumed return values.",pseudocode/0033/00335b14.c,missing,"IDA Console::onEvent calls onEventNotOpened first, then checks active state and dispatches key/touch event branches (00335b14 body). No Console dispatcher exists in the listed current UI owner files; authored clip invocation and MenuBase lifecycle are separate paths (authored_gameplay_hud_v1.cpp:20-27; authored_menu_lifecycle_v1.cpp:21-35).",not_run,"Differential trace/test documenting original and port values, ordering, and side effects for the stated case.",P1,unassigned
PP-0121,Menu/HUD,"Menu state, overlays and actions",libDungeonHunter2.so,0x334d1c,Console::_selectItem(int),port/engine-ui/authored_gameplay_hud_v1.cpp; port/engine-ui/authored_hud_options_bridge_v1.cpp; port/engine-ui/authored_character_menu_bridge_v1.cpp; port/engine-ui/authored_menu_lifecycle_v1.cpp; port/android-native/app/src/main/java/com/example/dh2/GameplayHud.java,Trace _selectItem’s upper-bound guard and menu-kind-specific action for the selected list index; do not describe it as general wrapping.,pseudocode/0033/00334d1c.c,missing,"IDA _selectItem first rejects index >= max item count, then dispatches by menu kind; it does not wrap a general selection index (00334d1c body, initial guard and switch). No debug-console selection owner was found in the listed UI sources; character-menu dispatch is a different route (authored_character_menu_bridge_v1.cpp:8-26).",not_run,"Differential trace/test documenting original and port values, ordering, and side effects for the stated case.",P1,unassigned
PP-0122,Menu/HUD,"Menu state, overlays and actions",libDungeonHunter2.so,0x334bd8,Console::Toggle(void),port/engine-ui/authored_gameplay_hud_v1.cpp; port/engine-ui/authored_hud_options_bridge_v1.cpp; port/engine-ui/authored_character_menu_bridge_v1.cpp; port/engine-ui/authored_menu_lifecycle_v1.cpp; port/android-native/app/src/main/java/com/example/dh2/GameplayHud.java,"Trace the debug-console active-byte flip, open-time list rebuild/menu setup, and close-time list destruction.",pseudocode/0033/00334bd8.c,partial,"IDA Console::Toggle flips its active byte; on opening it clears/rebuilds the debug asset list and calls _setMenu, while closing destroys that list (00334bd8 body, lines 12-51). Authored menu lifecycle does show/hide menus and invokes onPush/onPop (authored_menu_lifecycle_v1.cpp:21-53), but does not implement this debug-console toggle/list behavior.",not_run,"Differential trace/test documenting original and port values, ordering, and side effects for the stated case.",P1,unassigned
PP-0123,Menu/HUD,"Menu state, overlays and actions",libDungeonHunter2.so,0x3301d8,Console::_setMenuCameras(void),port/engine-ui/authored_gameplay_hud_v1.cpp; port/engine-ui/authored_hud_options_bridge_v1.cpp; port/engine-ui/authored_character_menu_bridge_v1.cpp; port/engine-ui/authored_menu_lifecycle_v1.cpp; port/android-native/app/src/main/java/com/example/dh2/GameplayHud.java,Verify Console::_setMenuCameras remains a no-op; the IDA body contains no camera attachment or teardown operations.,pseudocode/0033/003301d8.c,implemented,"IDA _setMenuCameras is an empty function body (003301d8, lines 1-4); therefore the source behavior is a no-op. No camera-selection behavior needs to be inferred from the port’s separate menu camera or viewport code.",not_run,"Differential trace/test documenting original and port values, ordering, and side effects for the stated case.",P1,unassigned
PP-0124,Menu/HUD,"Menu state, overlays and actions",libDungeonHunter2.so,0x331b68,Console::InitShowRoomCameraPos(void),port/engine-ui/authored_gameplay_hud_v1.cpp; port/engine-ui/authored_hud_options_bridge_v1.cpp; port/engine-ui/authored_character_menu_bridge_v1.cpp; port/engine-ui/authored_menu_lifecycle_v1.cpp; port/android-native/app/src/main/java/com/example/dh2/GameplayHud.java,"Trace the debug-switch/current-node/camera guards, bounds-center calculation, and fixed camera offsets in showroom camera initialization.",pseudocode/0033/00331b68.c,missing,"IDA InitShowRoomCameraPos is gated by IsUsingCharacterShowRoom, a non-current showroom node, and an available camera; it computes the node-bounds center and applies fixed +2000 Y/+1500 Z camera offsets (00331b68, lines 15-37). No Console/showroom camera owner was found in listed UI files.",not_run,"Differential trace/test documenting original and port values, ordering, and side effects for the stated case.",P1,unassigned
PP-0125,Menu/HUD,"Menu state, overlays and actions",libDungeonHunter2.so,0x331f7c,Console::UpdateCharacterShowRoom(void),port/engine-ui/authored_gameplay_hud_v1.cpp; port/engine-ui/authored_hud_options_bridge_v1.cpp; port/engine-ui/authored_character_menu_bridge_v1.cpp; port/engine-ui/authored_menu_lifecycle_v1.cpp; port/android-native/app/src/main/java/com/example/dh2/GameplayHud.java,Trace showroom VisualObject update/visibility and camera target update order under the source debug-switch and non-current-node guards.,pseudocode/0033/00331f7c.c,missing,"IDA UpdateCharacterShowRoom is gated by IsUsingCharacterShowRoom; for a non-current node it updates the showroom VisualObject, makes its node visible, updates an associated object, and aims the camera at a bounds-derived point (00331f7c, lines 13-36). No matching Console showroom update exists in listed UI sources.",not_run,"Differential trace/test documenting original and port values, ordering, and side effects for the stated case.",P1,unassigned
PP-0126,Menu/HUD,"Menu state, overlays and actions",libDungeonHunter2.so,0x33026c,Console::SetShowRoomDisplayedAnim(int),port/engine-ui/authored_gameplay_hud_v1.cpp; port/engine-ui/authored_hud_options_bridge_v1.cpp; port/engine-ui/authored_character_menu_bridge_v1.cpp; port/engine-ui/authored_menu_lifecycle_v1.cpp; port/android-native/app/src/main/java/com/example/dh2/GameplayHud.java,Verify SetShowRoomDisplayedAnim remains a no-op; check callers separately for any surrounding showroom state changes.,pseudocode/0033/0033026c.c,implemented,"IDA SetShowRoomDisplayedAnim is an empty function body (0033026c, lines 1-4), so it performs no state change itself. No action is required for this specific method; callers may still invoke it.",not_run,"Differential trace/test documenting original and port values, ordering, and side effects for the stated case.",P1,unassigned
PP-0127,Menu/HUD,"Menu state, overlays and actions",libDungeonHunter2.so,0x3301dc,Console::_setMenuLoadQuestProgress(void),port/engine-ui/authored_gameplay_hud_v1.cpp; port/engine-ui/authored_hud_options_bridge_v1.cpp; port/engine-ui/authored_character_menu_bridge_v1.cpp; port/engine-ui/authored_menu_lifecycle_v1.cpp; port/android-native/app/src/main/java/com/example/dh2/GameplayHud.java,Trace _setMenuLoadQuestProgress creating the named list from the stored progress rows; track job-state updates and clearing at their separate producer/caller.,pseudocode/0033/003301dc.c,partial,"IDA _setMenuLoadQuestProgress only calls _createList with the stored list at Console+13 and label “Load Quest Progress” (003301dc, lines 1-4); it does not itself read a live job or clear progress on completion. No Console list owner appears in the cited HUD/menu source.",not_run,"Differential trace/test documenting original and port values, ordering, and side effects for the stated case.",P1,unassigned
PP-0128,Menu/HUD,"Menu state, overlays and actions",libDungeonHunter2.so,0x3320ec,Console::_setMenuQuestList(void),port/engine-ui/authored_gameplay_hud_v1.cpp; port/engine-ui/authored_hud_options_bridge_v1.cpp; port/engine-ui/authored_character_menu_bridge_v1.cpp; port/engine-ui/authored_menu_lifecycle_v1.cpp; port/android-native/app/src/main/java/com/example/dh2/GameplayHud.java,"Trace quest list clearing, table-order iteration, local-character/empty-table behavior, and each name plus current-state label.",pseudocode/0033/003320ec.c,missing,"IDA _setMenuQuestList creates the QUESTS list, obtains the local character, iterates Arrays::v2Quests names in table order, resolves each quest, and appends “name - state” (003320ec, lines 12-33). No debug quest-list producer was found in listed UI sources.",not_run,"Differential trace/test documenting original and port values, ordering, and side effects for the stated case.",P1,unassigned
PP-0129,Menu/HUD,"Menu state, overlays and actions",libDungeonHunter2.so,0x33169c,Console::_setMenuStats(void),port/engine-ui/authored_gameplay_hud_v1.cpp; port/engine-ui/authored_hud_options_bridge_v1.cpp; port/engine-ui/authored_character_menu_bridge_v1.cpp; port/engine-ui/authored_menu_lifecycle_v1.cpp; port/android-native/app/src/main/java/com/example/dh2/GameplayHud.java,Trace the 22 debug-stat labels and their MenuDebugHUD flag-based colors; inspect stat/equipment refresh at the separate producer.,pseudocode/0033/0033169c.c,missing,"IDA _setMenuStats creates STATS, reads 22 MenuDebugHUD stat strings and per-stat flag bytes to choose green/red text color (0033169c, lines 13-36). It does not directly establish a live character snapshot or equipment refresh. No matching debug stats producer exists in listed UI sources.",not_run,"Differential trace/test documenting original and port values, ordering, and side effects for the stated case.",P1,unassigned
PP-0130,Menu/HUD,"Menu state, overlays and actions",libDungeonHunter2.so,0x3312bc,Console::_setMenuListeners(void),port/engine-ui/authored_gameplay_hud_v1.cpp; port/engine-ui/authored_hud_options_bridge_v1.cpp; port/engine-ui/authored_character_menu_bridge_v1.cpp; port/engine-ui/authored_menu_lifecycle_v1.cpp; port/android-native/app/src/main/java/com/example/dh2/GameplayHud.java,"Trace listener-name table order, current-level listener color selection, and final selection reset in the debug list builder.",pseudocode/0033/003312bc.c,missing,"IDA _setMenuListeners creates LISTENERS, iterates Arrays::Listeners names, colors the current level listener green and others red, then resets selected row (003312bc, lines 11-40). This is a debug list, not listener registration. No matching Console list producer exists in listed UI sources.",not_run,"Differential trace/test documenting original and port values, ordering, and side effects for the stated case.",P1,unassigned
PP-0131,Menu/HUD,"Menu state, overlays and actions",libDungeonHunter2.so,0x334940,Console::_setMenuDebugSwitches(void),port/engine-ui/authored_gameplay_hud_v1.cpp; port/engine-ui/authored_hud_options_bridge_v1.cpp; port/engine-ui/authored_character_menu_bridge_v1.cpp; port/engine-ui/authored_menu_lifecycle_v1.cpp; port/android-native/app/src/main/java/com/example/dh2/GameplayHud.java,Verify the console debug-switch list is populated from loaded switch names and marks each current value; verify click dispatch separately against its caller.,pseudocode/0033/00334940.c,missing,"IDA pseudocode 00334940 builds DEBUG SWITCHES from DebugSwitches.load entries and current bool values. Scoped search of port/engine-ui/authored_gameplay_hud_v1.cpp, authored_hud_options_bridge_v1.cpp, authored_character_menu_bridge_v1.cpp, authored_menu_lifecycle_v1.cpp, and GameplayHud.java found no Console::_setMenuDebugSwitches equivalent or backing toggle menu; existing DebugSwitches services are not this console UI.",not_run,"Differential trace/test documenting original and port values, ordering, and side effects for the stated case.",P1,unassigned
PP-0132,Menu/HUD,"Menu state, overlays and actions",libDungeonHunter2.so,0x330cc0,Console::_setMenuVFXSetList(void),port/engine-ui/authored_gameplay_hud_v1.cpp; port/engine-ui/authored_hud_options_bridge_v1.cpp; port/engine-ui/authored_character_menu_bridge_v1.cpp; port/engine-ui/authored_menu_lifecycle_v1.cpp; port/android-native/app/src/main/java/com/example/dh2/GameplayHud.java,Verify VFX_SET population from AnimatedEffectTable names and the empty-table behavior; selection dispatch is a separate check.,pseudocode/0033/00330cc0.c,missing,"IDA pseudocode 00330cc0 creates VFX_SET, lists Arrays::AnimatedEffectTable member names when size is nonzero, then sets selection to -1. Scoped source search of the listed HUD/menu bridge files and port found no equivalent Console VFX-set list builder.",not_run,"Differential trace/test documenting original and port values, ordering, and side effects for the stated case.",P1,unassigned
PP-0133,Menu/HUD,"Menu state, overlays and actions",libDungeonHunter2.so,0x330d70,Console::_setMenuVFXList(void),port/engine-ui/authored_gameplay_hud_v1.cpp; port/engine-ui/authored_hud_options_bridge_v1.cpp; port/engine-ui/authored_character_menu_bridge_v1.cpp; port/engine-ui/authored_menu_lifecycle_v1.cpp; port/android-native/app/src/main/java/com/example/dh2/GameplayHud.java,Verify VFX list population from EffectDict names and the empty-dictionary behavior; selection dispatch is a separate check.,pseudocode/0033/00330d70.c,missing,"IDA pseudocode 00330d70 creates VFX, lists Arrays::EffectDict member names when size is nonzero, then sets selection to -1. Scoped source search of the listed HUD/menu bridge files and port found no equivalent Console VFX list builder.",not_run,"Differential trace/test documenting original and port values, ordering, and side effects for the stated case.",P1,unassigned
PP-0134,Menu/HUD,"Menu state, overlays and actions",libDungeonHunter2.so,0x330bf0,Console::_setMenuAnimList(void),port/engine-ui/authored_gameplay_hud_v1.cpp; port/engine-ui/authored_hud_options_bridge_v1.cpp; port/engine-ui/authored_character_menu_bridge_v1.cpp; port/engine-ui/authored_menu_lifecycle_v1.cpp; port/android-native/app/src/main/java/com/example/dh2/GameplayHud.java,Verify ANIMS population from AnimDict names and the initial selection reset; asset-reload selection stability is not established by this function alone.,pseudocode/0033/00330bf0.c,missing,"IDA pseudocode 00330bf0 creates ANIMS, obtains the device, lists Arrays::AnimDict member names, and sets selection to -1. Scoped source search found no equivalent Console animation-list builder or stable selection identity handling.",not_run,"Differential trace/test documenting original and port values, ordering, and side effects for the stated case.",P1,unassigned
PP-0135,Menu/HUD,"Menu state, overlays and actions",libDungeonHunter2.so,0x330ee0,Console::_setMenuCharModules(void),port/engine-ui/authored_gameplay_hud_v1.cpp; port/engine-ui/authored_hud_options_bridge_v1.cpp; port/engine-ui/authored_character_menu_bridge_v1.cpp; port/engine-ui/authored_menu_lifecycle_v1.cpp; port/android-native/app/src/main/java/com/example/dh2/GameplayHud.java,Verify module names are enumerated from the local player's VisualObject by category; selection preservation after rebuild is a separate behavior.,pseudocode/0033/00330ee0.c,missing,IDA pseudocode 00330ee0 obtains the local player's VisualObject and enumerates modular categories/modules into Character Modules. Scoped source search found no equivalent Console module-list enumeration in the cited port menu/HUD files.,not_run,"Differential trace/test documenting original and port values, ordering, and side effects for the stated case.",P1,unassigned
PP-0136,Menu/HUD,"Menu state, overlays and actions",libDungeonHunter2.so,0x330ff8,Console::_setMenuScripts(void),port/engine-ui/authored_gameplay_hud_v1.cpp; port/engine-ui/authored_hud_options_bridge_v1.cpp; port/engine-ui/authored_character_menu_bridge_v1.cpp; port/engine-ui/authored_menu_lifecycle_v1.cpp; port/android-native/app/src/main/java/com/example/dh2/GameplayHud.java,Verify script names and running-state colors are listed and Hide all is appended; dispatch and valid-name filtering require their own caller evidence.,pseudocode/0033/00330ff8.c,missing,"IDA pseudocode 00330ff8 enumerates ScriptManager names, colors running scripts differently, and appends Hide all. Scoped source search found no equivalent Console script list builder in the cited menu/HUD files.",not_run,"Differential trace/test documenting original and port values, ordering, and side effects for the stated case.",P1,unassigned
PP-0137,Menu/HUD,"Menu state, overlays and actions",libDungeonHunter2.so,0x331140,Console::_setMenuMenus(void),port/engine-ui/authored_gameplay_hud_v1.cpp; port/engine-ui/authored_hud_options_bridge_v1.cpp; port/engine-ui/authored_character_menu_bridge_v1.cpp; port/engine-ui/authored_menu_lifecycle_v1.cpp; port/android-native/app/src/main/java/com/example/dh2/GameplayHud.java,"Verify menu names and visibility colors are populated in menu-ID order, then Hide all is appended; stale-entry cleanup is not established by this function.",pseudocode/0033/00331140.c,missing,"IDA pseudocode 00331140 iterates MenuManager IDs, lists each menu name, colors visible menus, and appends Hide all. Scoped source search found no equivalent Console menu list builder in the cited menu/HUD files.",not_run,"Differential trace/test documenting original and port values, ordering, and side effects for the stated case.",P1,unassigned
PP-0138,Menu/HUD,"Menu state, overlays and actions",libDungeonHunter2.so,0x311914,PerfCounters::Draw(void),port/engine-ui/authored_gameplay_hud_v1.cpp; port/engine-ui/authored_hud_options_bridge_v1.cpp; port/engine-ui/authored_character_menu_bridge_v1.cpp; port/engine-ui/authored_menu_lifecycle_v1.cpp; port/android-native/app/src/main/java/com/example/dh2/GameplayHud.java,"Verify PerfCounters::Draw gating on EnablePerfCounters and the graph draw data; establish same-frame measurement inclusion at its caller, not from Draw alone.",pseudocode/0031/00311914.c,missing,"IDA pseudocode 00311914 checks EnablePerfCounters and, when enabled with timing samples, prepares/draws graph geometry through the video driver. Scoped source search of the port HUD/menu files found no PerfCounters overlay drawing equivalent; Java frame pacing diagnostics are not this native graph.",not_run,"Differential trace/test documenting original and port values, ordering, and side effects for the stated case.",P1,unassigned
PP-0139,Menu/HUD,"Menu state, overlays and actions",libDungeonHunter2.so,0x358008,SceneManager::renderCustomLists(glitch::video::IVideoDriver *),port/engine-ui/authored_gameplay_hud_v1.cpp; port/engine-ui/authored_hud_options_bridge_v1.cpp; port/engine-ui/authored_character_menu_bridge_v1.cpp; port/engine-ui/authored_menu_lifecycle_v1.cpp; port/android-native/app/src/main/java/com/example/dh2/GameplayHud.java,"Compare custom-list bucket ordering, sorting/cap behavior, dynamic-light reset, and deletion-list clearing; depth/blend restoration is not the behavior proven by this function.",pseudocode/0035/00358008.c,partial,"IDA pseudocode 00358008 renders multiple custom scene-node buckets in sequence, sorts distance/render-data/transparent entries, clears dynamic lights, and clears a deletion list. The port has native frame/scene rendering in port/android-native/app/src/main/cpp/native_app.cpp:314-381, but scoped search of the cited HUD/activity files found no matching SceneManager custom-list buckets or deletion-list lifecycle.",not_run,"Differential trace/test documenting original and port values, ordering, and side effects for the stated case.",P1,unassigned
PP-0140,Android/platform,Java/native callbacks and startup data,libDungeonHunter2.so,0x323ae0,Application::Init(glitch::IDevice *),port/android-native/app/src/main/java/com/example/dh2/MainActivity.java; port/android-native/app/src/main/java/com/example/dh2/NativeBridge.java; port/android-native/app/src/main/java/com/example/dh2/VsyncSurfaceViewV44.java; port/android-native/app/src/main/java/com/example/dh2/AudioLifecycleV34.java,"Compare Application::Init device retention/event receiver, device and resource flags, animation-memory limit, and return path against native initialization; do not infer these details from Android call order alone.",pseudocode/0032/00323ae0.c,partial,"IDA pseudocode 00323ae0 retains the device, installs Application as event receiver, configures device flags/resources, sets animation streaming memory to 512000, and checks memory usage. Port initialization is connected from MainActivity.java:125-141 to NativeBridge.initialize and native_app.cpp:197-242, but that path initializes the authored/native runtime rather than reproducing all listed IDA device mutations.",not_run,"Differential trace/test documenting original and port values, ordering, and side effects for the stated case.",P1,unassigned
PP-0141,Android/platform,Java/native callbacks and startup data,libDungeonHunter2.so,0x324210,Application::OnInterruptPause(void),port/android-native/app/src/main/java/com/example/dh2/MainActivity.java; port/android-native/app/src/main/java/com/example/dh2/NativeBridge.java; port/android-native/app/src/main/java/com/example/dh2/VsyncSurfaceViewV44.java; port/android-native/app/src/main/java/com/example/dh2/AudioLifecycleV34.java,Verify the native pause callback checks nativeGetisplaying()==1 before setting Musicplayerpause and calling nativePauseMusicBG; surface/listener teardown is outside this function.,pseudocode/0032/00324210.c,partial,"IDA pseudocode 00324210 pauses background music only when nativeGetisplaying returns 1, then emits debug output. MainActivity.java:520 pauses surface/front audio and cancels app controls, but this is broader lifecycle handling and does not establish the exact native music-player guard/call.",not_run,"Differential trace/test documenting original and port values, ordering, and side effects for the stated case.",P1,unassigned
PP-0142,Android/platform,Java/native callbacks and startup data,libDungeonHunter2.so,0x3241b8,Application::OnInterruptResume(void),port/android-native/app/src/main/java/com/example/dh2/MainActivity.java; port/android-native/app/src/main/java/com/example/dh2/NativeBridge.java; port/android-native/app/src/main/java/com/example/dh2/VsyncSurfaceViewV44.java; port/android-native/app/src/main/java/com/example/dh2/AudioLifecycleV34.java,Verify resume allocates and pushes GS_InterruptLoading on the native state machine; duplicate listener handling is not established by this function.,pseudocode/0032/003241b8.c,partial,"IDA pseudocode 003241b8 allocates GS_InterruptLoading and pushes it on the Application state machine. MainActivity.java:521 resumes the Android surface/audio and marks a loaded asset ready, but no matching GS_InterruptLoading state push is evidenced in the cited port path.",not_run,"Differential trace/test documenting original and port values, ordering, and side effects for the stated case.",P1,unassigned
PP-0143,Android/platform,Java/native callbacks and startup data,libDungeonHunter2.so,0x323bc4,Application::Quit(void),port/android-native/app/src/main/java/com/example/dh2/MainActivity.java; port/android-native/app/src/main/java/com/example/dh2/NativeBridge.java; port/android-native/app/src/main/java/com/example/dh2/VsyncSurfaceViewV44.java; port/android-native/app/src/main/java/com/example/dh2/AudioLifecycleV34.java,Compare Quit's save-settings and native subsystem teardown edges to the process/Activity destruction path; avoid treating Java resource closure alone as equivalent.,pseudocode/0032/00323bc4.c,partial,"IDA pseudocode 00323bc4 saves settings and performs broad current-level, state-machine, input, sound, online/trophy, and player cleanup. MainActivity.java:523-530 closes movie/audio and Java lifecycle resources; it does not show the same native Application::Quit teardown sequence.",not_run,"Differential trace/test documenting original and port values, ordering, and side effects for the stated case.",P1,unassigned
PP-0144,Android/platform,Java/native callbacks and startup data,libDungeonHunter2.so,0x31f74c,"Application::SetOrientation(int, bool)",port/android-native/app/src/main/java/com/example/dh2/MainActivity.java; port/android-native/app/src/main/java/com/example/dh2/NativeBridge.java; port/android-native/app/src/main/java/com/example/dh2/VsyncSurfaceViewV44.java; port/android-native/app/src/main/java/com/example/dh2/AudioLifecycleV34.java,Record that Application::SetOrientation currently has no body effect in this IDA export; review Android orientation policy as a separate platform behavior.,pseudocode/0031/0031f74c.c,partial,"IDA pseudocode 0031f74c is a no-op returning 0. MainActivity.java:60-64 requests sensor landscape outside inspection/developer mode, which is a platform policy and not behavior in the cited native function.",not_run,"Differential trace/test documenting original and port values, ordering, and side effects for the stated case.",P1,unassigned
PP-0145,Android/platform,Java/native callbacks and startup data,libDungeonHunter2.so,0x31f668,Application::ShowStatubBar(bool),port/android-native/app/src/main/java/com/example/dh2/MainActivity.java; port/android-native/app/src/main/java/com/example/dh2/NativeBridge.java; port/android-native/app/src/main/java/com/example/dh2/VsyncSurfaceViewV44.java; port/android-native/app/src/main/java/com/example/dh2/AudioLifecycleV34.java,Record the no-op body of Application::ShowStatubBar(bool); test immersive/system-bar restoration through Android lifecycle separately.,pseudocode/0031/0031f668.c,implemented,IDA pseudocode 0031f668 is a no-op. MainActivity.java:56-64 sets immersive fullscreen/navigation flags at Activity creation; matching the cited native routine requires no additional status-bar mutation.,not_run,"Differential trace/test documenting original and port values, ordering, and side effects for the stated case.",P1,unassigned
PP-0146,Android/platform,Java/native callbacks and startup data,libDungeonHunter2.so,0x328f40,Application::ResetTouch(void),port/android-native/app/src/main/java/com/example/dh2/MainActivity.java; port/android-native/app/src/main/java/com/example/dh2/NativeBridge.java; port/android-native/app/src/main/java/com/example/dh2/VsyncSurfaceViewV44.java; port/android-native/app/src/main/java/com/example/dh2/AudioLifecycleV34.java,"Verify lifecycle reset snapshots all active input IDs, sends the source reset event for each, and clears the snapshot; check every native/menu touch owner.",pseudocode/0032/00328f40.c,partial,"IDA pseudocode 00328f40 snapshots the active touch-ID map, delivers a reset/cancel callback for every active ID, then frees the snapshot. MainActivity.java:520 cancels gameplay HUD press and stops movement and routes a cancel for the original menu, but the cited path does not establish cancellation of every active native touch ID.",not_run,"Differential trace/test documenting original and port values, ordering, and side effects for the stated case.",P1,unassigned
PP-0147,Android/platform,Java/native callbacks and startup data,libDungeonHunter2.so,0x320da4,Application::ComputeDt(void),port/android-native/app/src/main/java/com/example/dh2/MainActivity.java; port/android-native/app/src/main/java/com/example/dh2/NativeBridge.java; port/android-native/app/src/main/java/com/example/dh2/VsyncSurfaceViewV44.java; port/android-native/app/src/main/java/com/example/dh2/AudioLifecycleV34.java,"Compare timer sampling, elapsed wrap behavior, scale multiplication, fractional accumulator, and published dt; this is not a surface callback timestamp conversion.",pseudocode/0032/00320da4.c,partial,"IDA pseudocode 00320da4 samples Timer::getRealTime, computes elapsed time, applies a scale, accumulates fractional time, and publishes integer dt. native_app.cpp:319-327 publishes raw modulo-32 elapsed milliseconds only; exact scaling/fraction carry is not represented there.",not_run,"Differential trace/test documenting original and port values, ordering, and side effects for the stated case.",P1,unassigned
PP-0148,Android/platform,Java/native callbacks and startup data,libDungeonHunter2.so,0x30df74,glViewport,port/android-native/app/src/main/java/com/example/dh2/MainActivity.java; port/android-native/app/src/main/java/com/example/dh2/NativeBridge.java; port/android-native/app/src/main/java/com/example/dh2/VsyncSurfaceViewV44.java; port/android-native/app/src/main/java/com/example/dh2/AudioLifecycleV34.java,Verify surface resize forwards the new physical width/height to glViewport before drawing; the IDA function itself is only a GL thunk.,pseudocode/0030/0030df74.c,implemented,"IDA pseudocode 0030df74 is a direct glViewport thunk. MainActivity.java:148 calls NativeBridge.resize(w,h), and native_app.cpp:290-291 stores clamped dimensions then calls glViewport(0,0,width,height).",not_run,"Differential trace/test documenting original and port values, ordering, and side effects for the stated case.",P1,unassigned
PP-0149,Android/platform,Java/native callbacks and startup data,libDungeonHunter2.so,0x323ae0,Application::Init(glitch::IDevice *),port/android-native/app/src/main/java/com/example/dh2/MainActivity.java; port/android-native/app/src/main/java/com/example/dh2/NativeBridge.java; port/android-native/app/src/main/java/com/example/dh2/VsyncSurfaceViewV44.java; port/android-native/app/src/main/java/com/example/dh2/AudioLifecycleV34.java,"Compare native init's device/resource setup and failure result handling. Asset-listing failure is a separate startup-stage check, not behavior shown in Application::Init.",pseudocode/0032/00323ae0.c,partial,"IDA pseudocode 00323ae0 contains device/event-receiver/resource setup and animation-memory initialization, not asset listing. MainActivity.java:130-141 treats native initialization failure as failure and does not proceed to load selected assets, but exact IDA initialization semantics remain only partly mapped.",not_run,"Differential trace/test documenting original and port values, ordering, and side effects for the stated case.",P1,unassigned
PP-0150,Android/platform,Java/native callbacks and startup data,libDungeonHunter2.so,0x321140,Application::LoadWorldMap(int),port/android-native/app/src/main/java/com/example/dh2/MainActivity.java; port/android-native/app/src/main/java/com/example/dh2/NativeBridge.java; port/android-native/app/src/main/java/com/example/dh2/VsyncSurfaceViewV44.java; port/android-native/app/src/main/java/com/example/dh2/AudioLifecycleV34.java,Verify LoadWorldMap resolves GSLevelMap and invokes StateMachine::SwitchState; selected-index restoration is a separate Activity-state check.,pseudocode/0032/00321140.c,partial,"IDA pseudocode 00321140 obtains GSLevelMap::Inst and switches the Application state machine to it. MainActivity.java:532 persists the selected asset name, and menu_manager_prefix_v62.cpp:12 recognizes LoadWorldMap, but the cited port evidence does not establish the same GSLevelMap state transition.",not_run,"Differential trace/test documenting original and port values, ordering, and side effects for the stated case.",P1,unassigned
PP-0151,Android/platform,Java/native callbacks and startup data,libDungeonHunter2.so,0x369514,VoxSoundManager::SetMusicState(char const*),port/android-native/app/src/main/java/com/example/dh2/MainActivity.java; port/android-native/app/src/main/java/com/example/dh2/NativeBridge.java; port/android-native/app/src/main/java/com/example/dh2/VsyncSurfaceViewV44.java; port/android-native/app/src/main/java/com/example/dh2/AudioLifecycleV34.java,Verify SetMusicState resolves the current music emitter and applies the requested interactive state when the resource/handle guards pass; compare title audio separately.,pseudocode/0036/00369514.c,partial,IDA pseudocode 00369514 finds the current native music entry and calls VoxEngine::SetInteractiveMusicState on its emitter when handles are available. FrontAudio.java:21-28 and 140-163 manage separate title intro/loop playback and focus; this does not prove the same native emitter transition.,not_run,"Differential trace/test documenting original and port values, ordering, and side effects for the stated case.",P1,unassigned
PP-0152,Android/platform,Java/native callbacks and startup data,libDungeonHunter2.so,0x369f1c,VoxSoundManager::SetMasterVolume(float),port/android-native/app/src/main/java/com/example/dh2/MainActivity.java; port/android-native/app/src/main/java/com/example/dh2/NativeBridge.java; port/android-native/app/src/main/java/com/example/dh2/VsyncSurfaceViewV44.java; port/android-native/app/src/main/java/com/example/dh2/AudioLifecycleV34.java,"Verify the non-JAVA_SOUNDS master-gain call and its guard. In Java audio, check independently that focus gain does not overwrite saved user volume.",pseudocode/0036/00369f1c.c,partial,"IDA pseudocode 00369f1c calls VoxEngine::SetMasterGain(a2,0.05) only when JAVA_SOUNDS is false; otherwise it returns. FrontAudio.java:21-28 and 70-76 keeps user music volume and music gain separately, but this is the Java title path, not proof of native master-gain behavior.",not_run,"Differential trace/test documenting original and port values, ordering, and side effects for the stated case.",P1,unassigned
PP-0153,Android/platform,Java/native callbacks and startup data,libDungeonHunter2.so,0x8616f8,vox::VoxEngine::SuspendEngine(void),port/android-native/app/src/main/java/com/example/dh2/MainActivity.java; port/android-native/app/src/main/java/com/example/dh2/NativeBridge.java; port/android-native/app/src/main/java/com/example/dh2/VsyncSurfaceViewV44.java; port/android-native/app/src/main/java/com/example/dh2/AudioLifecycleV34.java,Verify SuspendEngine conditionally forwards once to the internal engine suspend virtual; idempotence across Android callbacks is a caller/policy check.,pseudocode/0086/008616f8.c,partial,"IDA pseudocode 008616f8 forwards SuspendEngine to m_internal virtual +12 only when m_internal is nonnull. AudioFocusPolicyV40.java:25-36 tracks focus state and publishes lifecycle state, but a matching VoxEngine suspend dispatch is not established in the active port JNI implementation.",not_run,"Differential trace/test documenting original and port values, ordering, and side effects for the stated case.",P1,unassigned
PP-0154,Android/platform,Java/native callbacks and startup data,libDungeonHunter2.so,0x861734,vox::VoxEngine::ResumeEngine(void),port/android-native/app/src/main/java/com/example/dh2/MainActivity.java; port/android-native/app/src/main/java/com/example/dh2/NativeBridge.java; port/android-native/app/src/main/java/com/example/dh2/VsyncSurfaceViewV44.java; port/android-native/app/src/main/java/com/example/dh2/AudioLifecycleV34.java,Verify ResumeEngine conditionally forwards to the internal resume virtual; output readiness and duplicate-start behavior are separate caller/engine checks.,pseudocode/0086/00861734.c,partial,"IDA pseudocode 00861734 forwards ResumeEngine to m_internal virtual +16 only when m_internal is nonnull. AudioFocusPolicyV40.java:25-36 tracks focus state and publishes lifecycle state, but a matching VoxEngine resume dispatch/readiness guard is not established in the active port JNI implementation.",not_run,"Differential trace/test documenting original and port values, ordering, and side effects for the stated case.",P1,unassigned
PP-0155,Android/platform,Java/native callbacks and startup data,libDungeonHunter2.so,0x320e0c,Application::HasSavedOption(char const*),port/android-native/app/src/main/java/com/example/dh2/MainActivity.java; port/android-native/app/src/main/java/com/example/dh2/NativeBridge.java; port/android-native/app/src/main/java/com/example/dh2/VsyncSurfaceViewV44.java; port/android-native/app/src/main/java/com/example/dh2/AudioLifecycleV34.java,Verify HasSavedOption delegates to SavegameManager::hasOption for the supplied name; startup option loading/order is a separate check.,pseudocode/0032/00320e0c.c,implemented,"IDA pseudocode 00320e0c forwards Application::HasSavedOption(name) to SavegameManager::hasOption. OwnedHudSettingsV1::has_option at port/engine-ui/owned_hud_settings_v1.cpp:28 and saved_option at :38 implement existence/value lookup; front_ui_session_v87.cpp:424, 466-476 consumes the same saved settings owner.",not_run,"Differential trace/test documenting original and port values, ordering, and side effects for the stated case.",P1,unassigned
