ID,System,Subsystem,IDA library,IDA address,IDA function,Source path(s),Check / expected behavior,IDA evidence,Implementation status,Implementation evidence,Runtime status,Acceptance evidence,Priority,Owner/session
LW-0001,Level loading / world,entry args,libDungeonHunter2.so,0x32bdc8,Application::LoadLevel,port/level-loader/area_transition_request_v114.cpp; port/android-native/app/src/main/cpp/native_source_area_transition_v114.inc,Check each of nine LoadLevel arguments keeps its independent meaning and is forwarded to GSLevel::LoadLevel.,pseudocode/0032/0032bdc8.c; assembly-functions.asm 0x32bdc8; xrefs.jsonl 0x32bdc8,implemented,IDA .local-inputs/ida-apk-export-2026-10-07/libraries/libDungeonHunter2.so/pseudocode/0032/0032bdc8.c @0x32bdc8: assigns transition arguments to distinct temp fields before CurrentLevel branch. Source: port/level-loader/area_transition_request_v114.hpp:14-34; area_transition_request_v114.cpp:101-111; port/android-native/app/src/main/cpp/native_source_area_transition_v114.inc:75-80.,not_run,"Verify exact branch, inputs, outputs, field writes and side effects against IDA/source; attach line-level evidence or counterexample.",P1,unassigned
LW-0002,Level loading / world,entry args,libDungeonHunter2.so,0x32bdc8,Application::LoadLevel,port/level-loader/area_transition_request_v114.cpp,Check entryPointId is persisted separately from destination string and destination member row.,pseudocode/0032/0032bdc8.c; assembly-functions.asm 0x32bdc8; xrefs.jsonl 0x32bdc8,implemented,IDA .local-inputs/ida-apk-export-2026-10-07/libraries/libDungeonHunter2.so/pseudocode/0032/0032bdc8.c @0x32bdc8: entry is separate from destination and passed to GSLevel. Source: port/level-loader/area_transition_request_v114.hpp:14-34; area_transition_request_v114.cpp:101-111.,not_run,"Verify exact branch, inputs, outputs, field writes and side effects against IDA/source; attach line-level evidence or counterexample.",P1,unassigned
LW-0003,Level loading / world,entry args,libDungeonHunter2.so,0x32bdc8,Application::LoadLevel,port/level-loader/area_transition_request_v114.cpp,"Check save slot, entry point, resume, use-spawn, difficulty, seed24, seed28, and remote flag are assigned before current-level branching.",pseudocode/0032/0032bdc8.c; assembly-functions.asm 0x32bdc8; xrefs.jsonl 0x32bdc8,partial,"IDA .local-inputs/ida-apk-export-2026-10-07/libraries/libDungeonHunter2.so/pseudocode/0032/0032bdc8.c @0x32bdc8: native temp fields are assigned before CurrentLevel query. Port retains the arguments but forms request only after current Save/Level borrow; Application temp writes/order are not reproduced. Source: port/level-loader/area_transition_request_v114.cpp:40-61,101-111; port/android-native/app/src/main/cpp/native_source_area_transition_v114.inc:54-89.",not_run,"Verify exact branch, inputs, outputs, field writes and side effects against IDA/source; attach line-level evidence or counterexample.",P1,unassigned
LW-0004,Level loading / world,pre-load effects,libDungeonHunter2.so,0x32bdc8,Application::LoadLevel,port/android-native/app/src/main/cpp/native_source_area_transition_v114.inc,Check GameCenter transition byte is set before loading begins.,pseudocode/0032/0032bdc8.c; assembly-functions.asm 0x32bdc8; xrefs.jsonl 0x32bdc8,missing,IDA .local-inputs/ida-apk-export-2026-10-07/libraries/libDungeonHunter2.so/pseudocode/0032/0032bdc8.c @0x32bdc8: writes GameCenter+20 before GetCurrentLevel. Scoped transition path port/android-native/app/src/main/cpp/native_source_area_transition_v114.inc:54-124 and port/level-loader/area_transition_request_v114.cpp:40-120 has no matching delivery.,not_run,"Verify exact branch, inputs, outputs, field writes and side effects against IDA/source; attach line-level evidence or counterexample.",P1,unassigned
LW-0005,Level loading / world,pre-load effects,libDungeonHunter2.so,0x32bdc8,Application::LoadLevel,port/android-native/app/src/main/cpp/native_source_area_transition_v114.inc,Check Application transition byte at this+171 is cleared before GetCurrentLevel.,pseudocode/0032/0032bdc8.c; assembly-functions.asm 0x32bdc8; xrefs.jsonl 0x32bdc8,missing,IDA .local-inputs/ida-apk-export-2026-10-07/libraries/libDungeonHunter2.so/pseudocode/0032/0032bdc8.c @0x32bdc8: clears Application+171 before GetCurrentLevel. Scoped transition path port/android-native/app/src/main/cpp/native_source_area_transition_v114.inc:54-124 and port/level-loader/area_transition_request_v114.cpp:40-120 has no matching field/write.,not_run,"Verify exact branch, inputs, outputs, field writes and side effects against IDA/source; attach line-level evidence or counterexample.",P1,unassigned
LW-0006,Level loading / world,pre-load effects,libDungeonHunter2.so,0x32bdc8,Application::LoadLevel,port/android-native/app/src/main/cpp/native_source_area_transition_v114.inc,Check status bar is hidden immediately after reading current Level.,pseudocode/0032/0032bdc8.c; assembly-functions.asm 0x32bdc8; xrefs.jsonl 0x32bdc8,missing,IDA .local-inputs/ida-apk-export-2026-10-07/libraries/libDungeonHunter2.so/pseudocode/0032/0032bdc8.c @0x32bdc8: calls ShowStatubBar(false) after GetCurrentLevel. Scoped transition path port/android-native/app/src/main/cpp/native_source_area_transition_v114.inc:54-124 and port/level-loader/area_transition_request_v114.cpp:40-120 has no status-bar call.,not_run,"Verify exact branch, inputs, outputs, field writes and side effects against IDA/source; attach line-level evidence or counterexample.",P1,unassigned
LW-0007,Level loading / world,new level,libDungeonHunter2.so,0x32bdc8,Application::LoadLevel,port/android-native/app/src/main/cpp/native_source_area_transition_v114.inc,Check absent-current-level branch sets previous-level marker to -1 and global loading byte before start.,pseudocode/0032/0032bdc8.c; assembly-functions.asm 0x32bdc8; xrefs.jsonl 0x32bdc8,partial,"IDA .local-inputs/ida-apk-export-2026-10-07/libraries/libDungeonHunter2.so/pseudocode/0032/0032bdc8.c @0x32bdc8: no-current branch sets prior-level marker -1 and global loading byte before start. Port accepts previous marker from caller and GS lifecycle sets loading38 after Level construction, not in Application pre-start prefix. Source: port/level-loader/area_transition_request_v114.cpp:42-44,101-112; port/level-loader/gslevel_lifecycle_v2.hpp:120-126.",not_run,"Verify exact branch, inputs, outputs, field writes and side effects against IDA/source; attach line-level evidence or counterexample.",P1,unassigned
LW-0008,Level loading / world,new level,libDungeonHunter2.so,0x32bdc8,Application::LoadLevel,port/level-loader/area_transition_request_v114.cpp,Check remote-trigger request bypasses PlayerSavegame seed setup at the original branch.,pseudocode/0032/0032bdc8.c; assembly-functions.asm 0x32bdc8; xrefs.jsonl 0x32bdc8,implemented,IDA .local-inputs/ida-apk-export-2026-10-07/libraries/libDungeonHunter2.so/pseudocode/0032/0032bdc8.c @0x32bdc8: remote branch bypasses temporary PlayerSavegame/seed setup. Port bypass_saved_seed skips saved-seed/Debug/Timer block (port/level-loader/area_transition_request_v114.cpp:81-99); request route retains current profile context (port/android-native/app/src/main/cpp/native_source_area_transition_v114.inc:60-89).,not_run,"Verify exact branch, inputs, outputs, field writes and side effects against IDA/source; attach line-level evidence or counterexample.",P1,unassigned
LW-0009,Level loading / world,new level,libDungeonHunter2.so,0x32bdc8,Application::LoadLevel,port/level-loader/area_transition_request_v114.cpp,"Check PlayerSavegame constructor uses requested slot, constructor mode 1, and remote flag.",pseudocode/0032/0032bdc8.c; assembly-functions.asm 0x32bdc8; xrefs.jsonl 0x32bdc8,missing,"IDA .local-inputs/ida-apk-export-2026-10-07/libraries/libDungeonHunter2.so/pseudocode/0032/0032bdc8.c @0x32bdc8: non-bypass branch constructs temporary PlayerSavegame(slot,1,remote). Scoped route/projection (port/android-native/app/src/main/cpp/native_source_area_transition_v114.inc:54-89; port/level-loader/area_transition_request_v114.cpp:40-120) borrows current Save; no temporary constructor call.",not_run,"Verify exact branch, inputs, outputs, field writes and side effects against IDA/source; attach line-level evidence or counterexample.",P1,unassigned
LW-0010,Level loading / world,seed,libDungeonHunter2.so,0x32bdc8,Application::LoadLevel,port/level-loader/area_transition_request_v114.cpp,Check selected difficulty seed is read from PlayerSavegame offset 92 using native difficulty index.,pseudocode/0032/0032bdc8.c; assembly-functions.asm 0x32bdc8; xrefs.jsonl 0x32bdc8,implemented,"IDA .local-inputs/ida-apk-export-2026-10-07/libraries/libDungeonHunter2.so/pseudocode/0032/0032bdc8.c @0x32bdc8: indexes saved seed array by native difficulty. Port reads save.location().seeds[difficulty] after range checks: port/level-loader/area_transition_request_v114.cpp:47-49,81-84.",not_run,"Verify exact branch, inputs, outputs, field writes and side effects against IDA/source; attach line-level evidence or counterexample.",P1,unassigned
LW-0011,Level loading / world,seed,libDungeonHunter2.so,0x32bdc8,Application::LoadLevel,port/level-loader/area_transition_request_v114.cpp,Check zero saved seed refreshes from Timer.getRealTime.,pseudocode/0032/0032bdc8.c; assembly-functions.asm 0x32bdc8; xrefs.jsonl 0x32bdc8,implemented,IDA .local-inputs/ida-apk-export-2026-10-07/libraries/libDungeonHunter2.so/pseudocode/0032/0032bdc8.c @0x32bdc8: zero seed refreshes from Timer.getRealTime. Port matches: port/level-loader/area_transition_request_v114.cpp:83-96.,not_run,"Verify exact branch, inputs, outputs, field writes and side effects against IDA/source; attach line-level evidence or counterexample.",P1,unassigned
LW-0012,Level loading / world,seed,libDungeonHunter2.so,0x32bdc8,Application::LoadLevel,port/level-loader/area_transition_request_v114.cpp,Check nonzero saved seed calls DebugSwitches::load and DontUsePlayerSeed before refresh decision.,pseudocode/0032/0032bdc8.c; assembly-functions.asm 0x32bdc8; xrefs.jsonl 0x32bdc8,implemented,IDA .local-inputs/ida-apk-export-2026-10-07/libraries/libDungeonHunter2.so/pseudocode/0032/0032bdc8.c @0x32bdc8: nonzero seed loads DebugSwitches and queries DontUsePlayerSeed before deciding refresh. Port matches: port/level-loader/area_transition_request_v114.cpp:86-96.,not_run,"Verify exact branch, inputs, outputs, field writes and side effects against IDA/source; attach line-level evidence or counterexample.",P1,unassigned
LW-0013,Level loading / world,seed,libDungeonHunter2.so,0x32bdc8,Application::LoadLevel,port/level-loader/area_transition_request_v114.cpp,Check that selected seed is written back into the same temporary PlayerSavegame difficulty slot before its destructor; IDA does not establish a serialization step here.,pseudocode/0032/0032bdc8.c; assembly-functions.asm 0x32bdc8; xrefs.jsonl 0x32bdc8,missing,IDA .local-inputs/ida-apk-export-2026-10-07/libraries/libDungeonHunter2.so/pseudocode/0032/0032bdc8.c @0x32bdc8: writes result into temporary PlayerSavegame difficulty slot at offset92. Port computes local seed24 but never mutates save.location().seeds[difficulty] (port/level-loader/area_transition_request_v114.cpp:81-99).,not_run,"Verify exact branch, inputs, outputs, field writes and side effects against IDA/source; attach line-level evidence or counterexample.",P1,unassigned
LW-0014,Level loading / world,online,libDungeonHunter2.so,0x32bdc8,Application::LoadLevel,port/level-loader/area_transition_request_v114.cpp,Check online LevelList scan compares every member name case-insensitively to requested destination.,pseudocode/0032/0032bdc8.c; assembly-functions.asm 0x32bdc8; xrefs.jsonl 0x32bdc8,missing,IDA .local-inputs/ida-apk-export-2026-10-07/libraries/libDungeonHunter2.so/pseudocode/0032/0032bdc8.c @0x32bdc8: online path case-insensitively scans every LevelList member name. Scoped Application route/projection port/level-loader/area_transition_request_v114.cpp:40-120 and port/android-native/app/src/main/cpp/native_source_area_transition_v114.inc:54-124 contains no such scan.,not_run,"Verify exact branch, inputs, outputs, field writes and side effects against IDA/source; attach line-level evidence or counterexample.",P1,unassigned
LW-0015,Level loading / world,online,libDungeonHunter2.so,0x32bdc8,Application::LoadLevel,port/level-loader/area_transition_request_v114.cpp,Check duplicate matching names retain the last matching index in the online scan.,pseudocode/0032/0032bdc8.c; assembly-functions.asm 0x32bdc8; xrefs.jsonl 0x32bdc8,missing,IDA .local-inputs/ida-apk-export-2026-10-07/libraries/libDungeonHunter2.so/pseudocode/0032/0032bdc8.c @0x32bdc8: scan retains last matching row. Same scoped route/projection contains no online match accumulator; separate filename lookup is not this scan (port/level-loader/area_transition_request_v114.cpp:9-38).,not_run,"Verify exact branch, inputs, outputs, field writes and side effects against IDA/source; attach line-level evidence or counterexample.",P1,unassigned
LW-0016,Level loading / world,online,libDungeonHunter2.so,0x32bdc8,Application::LoadLevel,port/level-loader/area_transition_request_v114.cpp,Check CMsgStartGame is created only if online scan found a matching LevelList row.,pseudocode/0032/0032bdc8.c; assembly-functions.asm 0x32bdc8; xrefs.jsonl 0x32bdc8,missing,IDA .local-inputs/ida-apk-export-2026-10-07/libraries/libDungeonHunter2.so/pseudocode/0032/0032bdc8.c @0x32bdc8: creates CMsgStartGame only after online scan match. Scoped Application path port/level-loader/area_transition_request_v114.cpp:40-120; port/android-native/app/src/main/cpp/native_source_area_transition_v114.inc:54-124 has no message creation.,not_run,"Verify exact branch, inputs, outputs, field writes and side effects against IDA/source; attach line-level evidence or counterexample.",P1,unassigned
LW-0017,Level loading / world,online,libDungeonHunter2.so,0x32bdc8,Application::LoadLevel,port/level-loader/area_transition_request_v114.cpp,"Check CMsgStartGame fields 80,84,88,89,92,96,100 receive row, entry, resume, spawn, difficulty, seed, seed.",pseudocode/0032/0032bdc8.c; assembly-functions.asm 0x32bdc8; xrefs.jsonl 0x32bdc8,missing,"IDA .local-inputs/ida-apk-export-2026-10-07/libraries/libDungeonHunter2.so/pseudocode/0032/0032bdc8.c @0x32bdc8: fills CMsgStartGame fields 80,84,88,89,92,96,100. Scoped Application path port/level-loader/area_transition_request_v114.cpp:40-120 has no message-field writes.",not_run,"Verify exact branch, inputs, outputs, field writes and side effects against IDA/source; attach line-level evidence or counterexample.",P1,unassigned
LW-0018,Level loading / world,online,libDungeonHunter2.so,0x32bdc8,Application::LoadLevel,port/level-loader/area_transition_request_v114.cpp,Check online matching callback receives mode 7 and true after optional start message.,pseudocode/0032/0032bdc8.c; assembly-functions.asm 0x32bdc8; xrefs.jsonl 0x32bdc8,missing,"IDA .local-inputs/ida-apk-export-2026-10-07/libraries/libDungeonHunter2.so/pseudocode/0032/0032bdc8.c @0x32bdc8: online path invokes matching callback (7,true) after optional message. Scoped Application path port/level-loader/area_transition_request_v114.cpp:40-120 and port/android-native/app/src/main/cpp/native_source_area_transition_v114.inc:54-124 has no matching call.",not_run,"Verify exact branch, inputs, outputs, field writes and side effects against IDA/source; attach line-level evidence or counterexample.",P1,unassigned
LW-0019,Level loading / world,existing level,libDungeonHunter2.so,0x32bdc8,Application::LoadLevel,port/android-native/app/src/main/cpp/native_source_area_transition_v114.inc,Check existing current-level branch returns without loading unless field+304 equals 38.,pseudocode/0032/0032bdc8.c; assembly-functions.asm 0x32bdc8; xrefs.jsonl 0x32bdc8,partial,"IDA .local-inputs/ida-apk-export-2026-10-07/libraries/libDungeonHunter2.so/pseudocode/0032/0032bdc8.c @0x32bdc8: existing-Level branch returns unless Level+304==38. Port requires current campaign and retires/loads it, but projection has no +304 gate. Source: port/level-loader/area_transition_request_v114.cpp:45-61; port/android-native/app/src/main/cpp/native_source_area_transition_v114.inc:60-89,99-124.",not_run,"Verify exact branch, inputs, outputs, field writes and side effects against IDA/source; attach line-level evidence or counterexample.",P1,unassigned
LW-0020,Level loading / world,existing level,libDungeonHunter2.so,0x32bdc8,Application::LoadLevel,port/android-native/app/src/main/cpp/native_source_area_transition_v114.inc,Check current-level transition invokes menu/state callback only when its loading byte is false.,pseudocode/0032/0032bdc8.c; assembly-functions.asm 0x32bdc8; xrefs.jsonl 0x32bdc8,missing,IDA .local-inputs/ida-apk-export-2026-10-07/libraries/libDungeonHunter2.so/pseudocode/0032/0032bdc8.c @0x32bdc8: calls menu/state callback only if CurrentLevel+408 is false. Scoped source coordinator port/android-native/app/src/main/cpp/native_source_area_transition_v114.inc:54-124 has no matching conditional menu callback.,not_run,"Verify exact branch, inputs, outputs, field writes and side effects against IDA/source; attach line-level evidence or counterexample.",P1,unassigned
LW-0021,Level loading / world,existing level,libDungeonHunter2.so,0x32bdc8,Application::LoadLevel,port/android-native/app/src/main/cpp/native_source_area_transition_v114.inc,"Check old level transition byte+325, high-score send, prior Level ID read, and byte+240 mutation order.",pseudocode/0032/0032bdc8.c; assembly-functions.asm 0x32bdc8; xrefs.jsonl 0x32bdc8,missing,"IDA .local-inputs/ida-apk-export-2026-10-07/libraries/libDungeonHunter2.so/pseudocode/0032/0032bdc8.c @0x32bdc8: ordered +325 mutation, high-score send, prior level ID read, +240 mutation. Scoped coordinator port/android-native/app/src/main/cpp/native_source_area_transition_v114.inc:54-124 and projection port/level-loader/area_transition_request_v114.cpp:40-120 do not reproduce this prefix.",not_run,"Verify exact branch, inputs, outputs, field writes and side effects against IDA/source; attach line-level evidence or counterexample.",P1,unassigned
LW-0022,Level loading / world,existing level,libDungeonHunter2.so,0x32bdc8,Application::LoadLevel,port/android-native/app/src/main/cpp/native_source_area_transition_v114.inc,"Check old level calls SG_SaveLocalPlayer(1), QuickSave(1), and ResetIsLoaded in order.",pseudocode/0032/0032bdc8.c; assembly-functions.asm 0x32bdc8; xrefs.jsonl 0x32bdc8,missing,"IDA .local-inputs/ida-apk-export-2026-10-07/libraries/libDungeonHunter2.so/pseudocode/0032/0032bdc8.c @0x32bdc8: SG_SaveLocalPlayer(true), QuickSave(true), ResetIsLoaded in order. Area path port/android-native/app/src/main/cpp/native_source_area_transition_v114.inc:54-124 has no such sequence; separate menu-return path uses different order/arguments (port/level-loader/application_go_to_main_menu_v114.cpp:74-75).",not_run,"Verify exact branch, inputs, outputs, field writes and side effects against IDA/source; attach line-level evidence or counterexample.",P1,unassigned
LW-0023,Level loading / world,completion,libDungeonHunter2.so,0x32bdc8,Application::LoadLevel,port/android-native/app/src/main/cpp/native_source_area_transition_v114.inc,Check PlayerSavegame destructs before GSLevel::LoadLevel call.,pseudocode/0032/0032bdc8.c; assembly-functions.asm 0x32bdc8; xrefs.jsonl 0x32bdc8,missing,IDA .local-inputs/ida-apk-export-2026-10-07/libraries/libDungeonHunter2.so/pseudocode/0032/0032bdc8.c @0x32bdc8: destroys temporary PlayerSavegame before GSLevel::LoadLevel. Source transition projection uses existing Save and has no temporary PlayerSavegame destructor (port/level-loader/area_transition_request_v114.cpp:40-120).,not_run,"Verify exact branch, inputs, outputs, field writes and side effects against IDA/source; attach line-level evidence or counterexample.",P1,unassigned
LW-0024,Level loading / world,completion,libDungeonHunter2.so,0x32bdc8,Application::LoadLevel,port/android-native/app/src/main/cpp/native_source_area_transition_v114.inc,Check successful request calls GSLevel::LoadLevel then resets PlayerStatManager and updates PlayerManager.,pseudocode/0032/0032bdc8.c; assembly-functions.asm 0x32bdc8; xrefs.jsonl 0x32bdc8,partial,"IDA .local-inputs/ida-apk-export-2026-10-07/libraries/libDungeonHunter2.so/pseudocode/0032/0032bdc8.c @0x32bdc8: calls GSLevel::LoadLevel then PlayerStatManager::Reset then PlayerManager::Update. Port asynchronously starts destination and verifies restoration, but exact ordered tail is not in coordinator (port/android-native/app/src/main/cpp/native_source_area_transition_v114.inc:107-124).",not_run,"Verify exact branch, inputs, outputs, field writes and side effects against IDA/source; attach line-level evidence or counterexample.",P1,unassigned
LW-0025,Level loading / world,state-machine capture,libDungeonHunter2.so,0x386818,GSLevel::LoadLevel,port/level-loader/native_gslevel_runtime_v27.cpp; port/level-loader/area_transition_request_v114.cpp,Check destination CString is copied to persistent request storage before state-machine switch.,pseudocode/0038/00386818.c; assembly-functions.asm 0x386818; xrefs.jsonl 0x386818,implemented,IDA .local-inputs/ida-apk-export-2026-10-07/libraries/libDungeonHunter2.so/pseudocode/0038/00386818.c @0x386818: copies destination CString into persistent storage before state switch. Port retains GS args before construct: port/level-loader/native_gslevel_runtime_v27.cpp:8-15; port/level-loader/gslevel_lifecycle_v2.hpp:110-121.,not_run,Verify original field offsets and branch order; record source line-level match or counterexample.,P1,unassigned
LW-0026,Level loading / world,state-machine capture,libDungeonHunter2.so,0x386818,GSLevel::LoadLevel,port/level-loader/area_transition_request_v114.cpp,Check entry argument is stored separately from destination CString.,pseudocode/0038/00386818.c; assembly-functions.asm 0x386818; xrefs.jsonl 0x386818,implemented,IDA .local-inputs/ida-apk-export-2026-10-07/libraries/libDungeonHunter2.so/pseudocode/0038/00386818.c @0x386818: stores entry separately from copied CString. Source: port/level-loader/gslevel_lifecycle_v2.hpp:13-20; port/level-loader/native_gslevel_runtime_v27.cpp:8-15.,not_run,Verify original field offsets and branch order; record source line-level match or counterexample.,P1,unassigned
LW-0027,Level loading / world,state-machine capture,libDungeonHunter2.so,0x386818,GSLevel::LoadLevel,port/level-loader/area_transition_request_v114.cpp,Check save slot is retained separately from entry and source row identity.,pseudocode/0038/00386818.c; assembly-functions.asm 0x386818; xrefs.jsonl 0x386818,implemented,IDA .local-inputs/ida-apk-export-2026-10-07/libraries/libDungeonHunter2.so/pseudocode/0038/00386818.c @0x386818: stores save slot separately from entry. Source: port/level-loader/gslevel_lifecycle_v2.hpp:13-20; port/level-loader/native_gslevel_runtime_v27.cpp:8-15.,not_run,Verify original field offsets and branch order; record source line-level match or counterexample.,P1,unassigned
LW-0028,Level loading / world,state-machine capture,libDungeonHunter2.so,0x386818,GSLevel::LoadLevel,port/level-loader/area_transition_request_v114.cpp,Check seed24 and seed28 persist in distinct request fields.,pseudocode/0038/00386818.c; assembly-functions.asm 0x386818; xrefs.jsonl 0x386818,implemented,IDA .local-inputs/ida-apk-export-2026-10-07/libraries/libDungeonHunter2.so/pseudocode/0038/00386818.c @0x386818: stores two seed words in separate persistent fields. Source: port/level-loader/gslevel_lifecycle_v2.hpp:13-20; port/level-loader/native_gslevel_runtime_v27.cpp:8-15.,not_run,Verify original field offsets and branch order; record source line-level match or counterexample.,P1,unassigned
LW-0029,Level loading / world,state-machine capture,libDungeonHunter2.so,0x386818,GSLevel::LoadLevel,port/level-loader/area_transition_request_v114.cpp,Check resume and use-spawn flags are captured separately as bytes.,pseudocode/0038/00386818.c; assembly-functions.asm 0x386818; xrefs.jsonl 0x386818,implemented,IDA .local-inputs/ida-apk-export-2026-10-07/libraries/libDungeonHunter2.so/pseudocode/0038/00386818.c @0x386818: stores resume and use-spawn flags independently as bytes. Source: port/level-loader/gslevel_lifecycle_v2.hpp:13-20; port/level-loader/native_gslevel_runtime_v27.cpp:8-15.,not_run,Verify original field offsets and branch order; record source line-level match or counterexample.,P1,unassigned
LW-0030,Level loading / world,state-machine capture,libDungeonHunter2.so,0x386818,GSLevel::LoadLevel,port/level-loader/area_transition_request_v114.cpp,Check previous-level marker is captured independently of transition mode.,pseudocode/0038/00386818.c; assembly-functions.asm 0x386818; xrefs.jsonl 0x386818,implemented,IDA .local-inputs/ida-apk-export-2026-10-07/libraries/libDungeonHunter2.so/pseudocode/0038/00386818.c @0x386818: stores previous-level marker separately from transition flags. Source: port/level-loader/gslevel_lifecycle_v2.hpp:13-20; port/level-loader/native_gslevel_runtime_v27.cpp:8-15.,not_run,Verify original field offsets and branch order; record source line-level match or counterexample.,P1,unassigned
LW-0031,Level loading / world,state-machine capture,libDungeonHunter2.so,0x386818,GSLevel::LoadLevel,port/level-loader/area_transition_request_v114.cpp,"Check that GSLevel::LoadLevel persists requested difficulty in dword9A2634; do not require persistence of trailing a10, which this IDA body does not store.",pseudocode/0038/00386818.c; assembly-functions.asm 0x386818; xrefs.jsonl 0x386818,partial,IDA .local-inputs/ida-apk-export-2026-10-07/libraries/libDungeonHunter2.so/pseudocode/0038/00386818.c @0x386818: persists difficulty in dword9A2634; trailing a10 is not stored by this body. Port retains word40 and passes it into Level C1 (port/level-loader/gslevel_lifecycle_v2.hpp:13-20; port/level-loader/native_gslevel_connection_v26.hpp:17-22).,not_run,Verify original field offsets and branch order; record source line-level match or counterexample.,P1,unassigned
LW-0032,Level loading / world,state-machine capture,libDungeonHunter2.so,0x386818,GSLevel::LoadLevel,port/level-loader/native_gslevel_runtime_v27.cpp,Check state switch targets GSLevel::s_gsLevel with initial transition argument zero.,pseudocode/0038/00386818.c; assembly-functions.asm 0x386818; xrefs.jsonl 0x386818,partial,"IDA .local-inputs/ida-apk-export-2026-10-07/libraries/libDungeonHunter2.so/pseudocode/0038/00386818.c @0x386818: calls StateMachine::SwitchState(global,&GSLevel::s_gsLevel,0). Port has a separate native GS lifecycle and delegates start via start_source_campaign_v55; direct SwitchState binding is not visible in this request owner. Source: port/level-loader/native_gslevel_runtime_v27.cpp:8-15; port/android-native/app/src/main/cpp/native_source_area_transition_v114.inc:107-110.",not_run,Verify original field offsets and branch order; record source line-level match or counterexample.,P1,unassigned
LW-0033,Level loading / world,caller contract,libDungeonHunter2.so,0x386818,GSLevel::LoadLevel,port/level-loader/area_transition_request_v114.cpp,Check bypass mode forwards both caller-supplied seed words unchanged; saved-seed mode should forward its native saved-seed/Timer-derived values.,pseudocode/0038/00386818.c; assembly-functions.asm 0x386818; xrefs.jsonl 0x386818,implemented,IDA .local-inputs/ida-apk-export-2026-10-07/libraries/libDungeonHunter2.so/pseudocode/0032/0032bdc8.c @0x32bdc8 caller / IDA .local-inputs/ida-apk-export-2026-10-07/libraries/libDungeonHunter2.so/pseudocode/0038/00386818.c @0x386818: bypass mode preserves both caller seed words; saved-seed mode derives them. Source: port/level-loader/area_transition_request_v114.cpp:81-111; port/android-native/app/src/main/cpp/native_source_area_transition_v114.inc:75-80.,not_run,Verify original field offsets and branch order; record source line-level match or counterexample.,P1,unassigned
LW-0034,Level loading / world,constructor initialization,libDungeonHunter2.so,0x3f3128,Level::Level,port/level-loader/level_constructor_v3.cpp; port/level-loader/level_constructor_bindings_v4.cpp,Check event manager allocation precedes embedded LuaScript constructor.,pseudocode/003f/003f3128.c; assembly-functions.asm 0x3f3128; xrefs.jsonl 0x3f3128,implemented,IDA .local-inputs/ida-apk-export-2026-10-07/libraries/libDungeonHunter2.so/pseudocode/003f/003f3128.c @0x3f3128: EventManager base precedes embedded LuaScript constructor. Source: port/level-loader/level_constructor_v3.cpp:24-30.,not_run,Verify original field offsets and branch order; record source line-level match or counterexample.,P1,unassigned
LW-0035,Level loading / world,constructor initialization,libDungeonHunter2.so,0x3f3128,Level::Level,port/level-loader/level_constructor_v3.cpp,"Check LevelConfig pointer, source row and difficulty use original zero/-1 initial sentinels.",pseudocode/003f/003f3128.c; assembly-functions.asm 0x3f3128; xrefs.jsonl 0x3f3128,implemented,IDA .local-inputs/ida-apk-export-2026-10-07/libraries/libDungeonHunter2.so/pseudocode/003f/003f3128.c @0x3f3128: config pointer zero and row/difficulty -1 sentinels match. Source: port/level-loader/level_constructor_v3.cpp:24-27.,not_run,Verify original field offsets and branch order; record source line-level match or counterexample.,P1,unassigned
LW-0036,Level loading / world,constructor initialization,libDungeonHunter2.so,0x3f3128,Level::Level,port/level-loader/level_constructor_v3.cpp,Check LuaScript constructor receives BindFunction(false) before constructor fields are populated.,pseudocode/003f/003f3128.c; assembly-functions.asm 0x3f3128; xrefs.jsonl 0x3f3128,implemented,IDA .local-inputs/ida-apk-export-2026-10-07/libraries/libDungeonHunter2.so/pseudocode/003f/003f3128.c @0x3f3128: LuaScript constructed with false before fields populated. Source: port/level-loader/level_constructor_v3.cpp:28-33; port/level-loader/level_constructor_bindings_v4.cpp:10-21.,not_run,Verify original field offsets and branch order; record source line-level match or counterexample.,P1,unassigned
LW-0037,Level loading / world,constructor fields,libDungeonHunter2.so,0x3f3128,Level::Level,port/level-loader/level_constructor_v3.cpp,"Check party, wordE0, byteF1, byteF2 and phaseE4 retain input/default assignments.",pseudocode/003f/003f3128.c; assembly-functions.asm 0x3f3128; xrefs.jsonl 0x3f3128,implemented,"IDA .local-inputs/ida-apk-export-2026-10-07/libraries/libDungeonHunter2.so/pseudocode/003f/003f3128.c @0x3f3128: party, wordE0, byteF1/F2 and phaseE4 assignments match args/default. Source: port/level-loader/level_constructor_v3.cpp:31-35.",not_run,Verify original field offsets and branch order; record source line-level match or counterexample.,P1,unassigned
LW-0038,Level loading / world,constructor fields,libDungeonHunter2.so,0x3f3128,Level::Level,port/level-loader/level_constructor_v3.cpp,"Check save pointer and flag bytes initialize before name, level and seed fields.",pseudocode/003f/003f3128.c; assembly-functions.asm 0x3f3128; xrefs.jsonl 0x3f3128,implemented,IDA .local-inputs/ida-apk-export-2026-10-07/libraries/libDungeonHunter2.so/pseudocode/003f/003f3128.c @0x3f3128: save/flag fields initialize before name/level/seed. Source: port/level-loader/level_constructor_v3.cpp:31-38.,not_run,Verify original field offsets and branch order; record source line-level match or counterexample.,P1,unassigned
LW-0039,Level loading / world,constructor fields,libDungeonHunter2.so,0x3f3128,Level::Level,port/level-loader/level_constructor_v3.cpp,"Check module offsets, mode, music/safe-zone/ambient IDs and state fields get source defaults.",pseudocode/003f/003f3128.c; assembly-functions.asm 0x3f3128; xrefs.jsonl 0x3f3128,implemented,"IDA .local-inputs/ida-apk-export-2026-10-07/libraries/libDungeonHunter2.so/pseudocode/003f/003f3128.c @0x3f3128: module offsets, mode, music/safe-zone/ambient and other state fields receive corresponding defaults. Source: port/level-loader/level_constructor_v3.cpp:34-38,47-50.",not_run,Verify original field offsets and branch order; record source line-level match or counterexample.,P1,unassigned
LW-0040,Level loading / world,script loads,libDungeonHunter2.so,0x3f3128,Level::Level,port/level-loader/level_constructor_v3.cpp,Check debug Level-load counter increments before LuaScript path assignment.,pseudocode/003f/003f3128.c; assembly-functions.asm 0x3f3128; xrefs.jsonl 0x3f3128,implemented,IDA .local-inputs/ida-apk-export-2026-10-07/libraries/libDungeonHunter2.so/pseudocode/003f/003f3128.c @0x3f3128: increments debug Level-load count before path assignment. Source: port/level-loader/level_constructor_v3.cpp:39-42.,not_run,Verify original field offsets and branch order; record source line-level match or counterexample.,P1,unassigned
LW-0041,Level loading / world,script loads,libDungeonHunter2.so,0x3f3128,Level::Level,port/level-loader/level_constructor_v3.cpp,Check script path is assigned data/scripts/ with source length 13.,pseudocode/003f/003f3128.c; assembly-functions.asm 0x3f3128; xrefs.jsonl 0x3f3128,implemented,IDA .local-inputs/ida-apk-export-2026-10-07/libraries/libDungeonHunter2.so/pseudocode/003f/003f3128.c @0x3f3128: assigns literal data/scripts/ with length 13. Source: port/level-loader/level_constructor_v3.cpp:39-42.,not_run,Verify original field offsets and branch order; record source line-level match or counterexample.,P1,unassigned
LW-0042,Level loading / world,script loads,libDungeonHunter2.so,0x3f3128,Level::Level,port/level-loader/level_constructor_v3.cpp,Check level/combat_formulas loads before level/death_scripts.,pseudocode/003f/003f3128.c; assembly-functions.asm 0x3f3128; xrefs.jsonl 0x3f3128,implemented,IDA .local-inputs/ida-apk-export-2026-10-07/libraries/libDungeonHunter2.so/pseudocode/003f/003f3128.c @0x3f3128: loads combat_formulas before death_scripts. Source: port/level-loader/level_constructor_v3.cpp:43-46.,not_run,Verify original field offsets and branch order; record source line-level match or counterexample.,P1,unassigned
LW-0043,Level loading / world,module state,libDungeonHunter2.so,0x3f3128,Level::Level,port/level-loader/level_constructor_v3.cpp,Check module ID global resets after baseline script loads and before LevelList resolution.,pseudocode/003f/003f3128.c; assembly-functions.asm 0x3f3128; xrefs.jsonl 0x3f3128,implemented,IDA .local-inputs/ida-apk-export-2026-10-07/libraries/libDungeonHunter2.so/pseudocode/003f/003f3128.c @0x3f3128: resets Module::s_moduleId after baseline scripts and before LevelList scan. Source: port/level-loader/level_constructor_v3.cpp:43-53.,not_run,Verify original field offsets and branch order; record source line-level match or counterexample.,P1,unassigned
LW-0044,Level loading / world,LevelList resolution,libDungeonHunter2.so,0x3f3128,Level::Level,port/level-loader/level_constructor_v3.cpp,Check LevelList scan walks source order and compares requested filename against lowercased row filename substring.,pseudocode/003f/003f3128.c; assembly-functions.asm 0x3f3128; xrefs.jsonl 0x3f3128,implemented,IDA .local-inputs/ida-apk-export-2026-10-07/libraries/libDungeonHunter2.so/pseudocode/003f/003f3128.c @0x3f3128: source-order scan lowercases each row filename and searches unchanged caller CString; stops at first match. Source: port/level-loader/level_constructor_v3.cpp:51-63.,not_run,Verify original field offsets and branch order; record source line-level match or counterexample.,P1,unassigned
LW-0045,Level loading / world,LevelList resolution,libDungeonHunter2.so,0x3f3128,Level::Level,port/level-loader/level_constructor_v3.cpp,"Check first matching row sets byteE8, row3C and difficulty40 from the row scalar fields.",pseudocode/003f/003f3128.c; assembly-functions.asm 0x3f3128; xrefs.jsonl 0x3f3128,implemented,"IDA .local-inputs/ida-apk-export-2026-10-07/libraries/libDungeonHunter2.so/pseudocode/003f/003f3128.c @0x3f3128: first matching row sets byteE8, row3C and difficulty40 from row scalars. Source: port/level-loader/level_constructor_v3.cpp:53-63.",not_run,Verify original field offsets and branch order; record source line-level match or counterexample.,P1,unassigned
LW-0046,Level loading / world,LevelList resolution,libDungeonHunter2.so,0x3f3128,Level::Level,port/level-loader/level_constructor_v3.cpp,Check no match leaves row3C sentinel and skips LevelSavegame allocation.,pseudocode/003f/003f3128.c; assembly-functions.asm 0x3f3128; xrefs.jsonl 0x3f3128,implemented,"IDA 0x3f3128 pseudocode lines 89-109: row3C starts -1 and save construction is inside row3C != -1. Source port/level-loader/level_constructor_v3.cpp:55-62,86-99 performs first-match lookup and encloses allocation in the row-found branch.",not_run,Verify original field offsets and branch order; record source line-level match or counterexample.,P1,unassigned
LW-0047,Level loading / world,online state,libDungeonHunter2.so,0x3f3128,Level::Level,port/level-loader/level_constructor_v3.cpp,Check local host online path reads PlayerManager byte719 and clears byteF1 only when original condition matches.,pseudocode/003f/003f3128.c; assembly-functions.asm 0x3f3128; xrefs.jsonl 0x3f3128,implemented,"IDA 0x3f3128 pseudocode lines 72-87: online path tests IsLocalPlayerHosting, conditionally tests state 3/4 and CMatching IsHost, then reads PlayerManager+1817 (byte719); byteF1 is cleared on the resulting predicate. Source level_constructor_v3.cpp:65-84 implements the same branch tree.",not_run,Verify original field offsets and branch order; record source line-level match or counterexample.,P1,unassigned
LW-0048,Level loading / world,online state,libDungeonHunter2.so,0x3f3128,Level::Level,port/level-loader/level_constructor_v3.cpp,Check non-host online state values 3 or 4 consult CMatching IsHost before byte719 access.,pseudocode/003f/003f3128.c; assembly-functions.asm 0x3f3128; xrefs.jsonl 0x3f3128,implemented,IDA 0x3f3128 pseudocode lines 76-81 gates CMatching::IsHost on non-hosting and OnlineGameState value 3 or 4. Source level_constructor_v3.cpp:69-80 uses unsigned(mode-3)<=1 and invokes matching only there.,not_run,Verify original field offsets and branch order; record source line-level match or counterexample.,P1,unassigned
LW-0049,Level loading / world,save allocation,libDungeonHunter2.so,0x3f3128,Level::Level,port/level-loader/level_constructor_v3.cpp,"Check save construction uses constructor seed, row difficulty, row index and mode with false final argument.",pseudocode/003f/003f3128.c; assembly-functions.asm 0x3f3128; xrefs.jsonl 0x3f3128,implemented,"IDA 0x3f3128 pseudocode lines 95-109 passes constructor seed, row difficulty/index, mode, and false to LevelSavegame C1. Source level_constructor_v3.cpp:96-99 builds the same request and calls the save constructor.",not_run,Verify original field offsets and branch order; record source line-level match or counterexample.,P1,unassigned
LW-0050,Level loading / world,save allocation,libDungeonHunter2.so,0x3f3128,Level::Level,port/level-loader/level_constructor_v3.cpp,Check successful LevelSavegame allocation remains owned by Level constructor fields.,pseudocode/003f/003f3128.c; assembly-functions.asm 0x3f3128; xrefs.jsonl 0x3f3128,implemented,IDA 0x3f3128 pseudocode lines 99-109 allocates LevelSavegame only after a match and stores it in Level field59. Source level_constructor_v3.cpp:86-100 allocates only with row3C present and retains successful allocation in f.save_ec.,not_run,Verify original field offsets and branch order; record source line-level match or counterexample.,P1,unassigned
LW-0051,Level loading / world,stage 0,libDungeonHunter2.so,0x3f6990,Level::_LoadProcess,port/level-loader/level_source_loading_v43.cpp; port/level-loader/canonical_level_loading_v26.cpp,"Check step 0 resets big-I/big-V globals, cleans renderer state, stops sounds and clears three counters.",pseudocode/003f/003f6990.c; assembly-functions.asm 0x3f6990; xrefs.jsonl 0x3f6990,implemented,"IDA 0x3f6990 pseudocode lines 208-221 step0 resets g_bigI/g_bigV, calls CleanGlitch and StopAllSounds(500), zeros counters 77-79 and byte324. Source stage_loader_v46_early.hpp:35-49 implements that reached prefix and resets counter/current/file/byte fields; native_root_loading_connection_v50.hpp:94 binds state0.",not_run,"Compare exact stage gate, effects, fields, and ordering; record matching source lines or counterexample.",P1,unassigned
LW-0052,Level loading / world,stage 0,libDungeonHunter2.so,0x3f6990,Level::_LoadProcess,port/level-loader/level_source_loading_v43.cpp,Check step 0 sets global loading flag and clears Level byte324 before advancing state.,pseudocode/003f/003f6990.c; assembly-functions.asm 0x3f6990; xrefs.jsonl 0x3f6990,implemented,"IDA 0x3f6990 pseudocode lines 208-221 sets global byte_99F7E0 and Level byte324=0 before incrementing state. Source stage_loader_v46_early.hpp:49 clears byte144 with the counters; campaign source provider renderer_source_campaign_v55.inc:90-98 supplies the application global borrow, and root connection binds Stage0 at native_root_loading_connection_v50.hpp:94.",not_run,"Compare exact stage gate, effects, fields, and ordering; record matching source lines or counterexample.",P1,unassigned
LW-0053,Level loading / world,state progression,libDungeonHunter2.so,0x3f6990,Level::_LoadProcess,port/level-loader/level_source_loading_v43.cpp; port/level-loader/canonical_level_loading_v26.cpp,Check stage counter advances only after stage body completes.,pseudocode/003f/003f6990.c; assembly-functions.asm 0x3f6990; xrefs.jsonl 0x3f6990,implemented,IDA 0x3f6990 switch bodies increment state themselves; source-pending returns before advancement. Source lifecycle_v36.cpp:113-137 invokes the stage callback and increments state only when result is complete (state36 excepted).,not_run,"Compare exact stage gate, effects, fields, and ordering; record matching source lines or counterexample.",P1,unassigned
LW-0054,Level loading / world,menu stages,libDungeonHunter2.so,0x3f6990,Level::_LoadProcess,port/level-loader/native_gslevel_runtime_v27.cpp,"Check case 2 unloads menus in order 2,1,3 before increment.",pseudocode/003f/003f6990.c; assembly-functions.asm 0x3f6990; xrefs.jsonl 0x3f6990,implemented,"IDA 0x3f6990 pseudocode line 222 and following unloads menus 2, then 1, then 3. renderer_source_campaign_v55.inc:121-127 performs the same ordered calls after the Stage2 trace; lifecycle_v36.cpp:13 identifies state2.",not_run,"Compare exact stage gate, effects, fields, and ordering; record matching source lines or counterexample.",P1,unassigned
LW-0055,Level loading / world,resource stages,libDungeonHunter2.so,0x3f6990,Level::_LoadProcess,port/level-loader/canonical_level_loading_v26.cpp; port/android-native/app/src/main/cpp/source_campaign_runtime_v61.cpp; port/level-loader/level_source_loading_v43.cpp,Check case 4 builds VisualFX libraries before advancing.,pseudocode/003f/003f6990.c; assembly-functions.asm 0x3f6990; xrefs.jsonl 0x3f6990,implemented,"Production state4 callback at source_campaign_runtime_v61.cpp:657 calls the retained VisualFX owner’s build_libraries before returning complete. SourceLoadingV43 moves inputs.external into LifecycleV36 (level_source_loading_v43.cpp:53-88), so the active dispatcher reaches this stage body. Static source assessment only; runtime remains not_run.",not_run,"Compare exact stage gate, effects, fields, and ordering; record matching source lines or counterexample.",P1,unassigned
LW-0056,Level loading / world,world setup,libDungeonHunter2.so,0x3f6990,Level::_LoadProcess,port/level-loader/level_source_loading_v43.cpp,"Check case 5 initializes physical world with bounds (-2000,-2000) through (2000,2000).",pseudocode/003f/003f6990.c; assembly-functions.asm 0x3f6990; xrefs.jsonl 0x3f6990,implemented,"IDA 0x3f6990 pseudocode lines 247-253 calls PhysicalWorld.load with (-2000,-2000,2000,2000). stage_loader_v46_physical.hpp:7-34 supplies those bounds to the retained actual world; native_root_loading_connection_v50.hpp:95 binds state5.",not_run,"Compare exact stage gate, effects, fields, and ordering; record matching source lines or counterexample.",P1,unassigned
LW-0057,Level loading / world,event setup,libDungeonHunter2.so,0x3f6990,Level::_LoadProcess,port/level-loader/level_source_loading_v43.cpp; port/android-native/app/src/main/cpp/source_campaign_runtime_v61.cpp; port/level-loader/stage_loader_v50_game_events.hpp,"Check case 6 sets PlayerManager update byte, allocates GameEventManager, stores receiver then loads it.",pseudocode/003f/003f6990.c; assembly-functions.asm 0x3f6990; xrefs.jsonl 0x3f6990,implemented,"Production state6 callback at source_campaign_runtime_v61.cpp:683 uses stage6_game_events_v50; it performs PlayerManager update, GameEventManager construction/publication, then load. The same external callback is moved into LifecycleV36 by SourceLoadingV43 (level_source_loading_v43.cpp:53-88). Static source assessment only; runtime remains not_run.",not_run,"Compare exact stage gate, effects, fields, and ordering; record matching source lines or counterexample.",P1,unassigned
LW-0058,Level loading / world,random level,libDungeonHunter2.so,0x3f6990,Level::_LoadProcess,port/level-loader/level_source_loading_v43.cpp,Check case 7 writes both global random seeds before generation.,pseudocode/003f/003f6990.c; assembly-functions.asm 0x3f6990; xrefs.jsonl 0x3f6990,implemented,IDA 0x3f6990 pseudocode lines 269-271 writes both global seeds before the procedural branch. stage_loader_v38_root_file.hpp:139-145 publishes the two retained source seed globals before selecting the procedural path; SourceLoadingV43 binds this body at level_source_loading_v43.cpp:54.,not_run,"Compare exact stage gate, effects, fields, and ordering; record matching source lines or counterexample.",P1,unassigned
LW-0059,Level loading / world,random level,libDungeonHunter2.so,0x3f6990,Level::_LoadProcess,port/level-loader/level_source_loading_v43.cpp,"When procedural-generation byte232 is set, choose the synchronized seed online and the ordinary seed offline.",pseudocode/003f/003f6990.c; assembly-functions.asm 0x3f6990; xrefs.jsonl 0x3f6990,implemented,"IDA 0x3f6990 pseudocode lines 269-280 enters generation only when Level byte232 is set, then chooses synced seed iff online. stage_loader_v38_root_file.hpp:142-150 selects the seed after the same procedural flag/online query.",not_run,"Compare exact stage gate, effects, fields, and ordering; record matching source lines or counterexample.",P1,unassigned
LW-0060,Level loading / world,random level,libDungeonHunter2.so,0x3f6990,Level::_LoadProcess,port/level-loader/level_source_loading_v43.cpp,Check successful generation assigns generated stream to Level load-data file.,pseudocode/003f/003f6990.c; assembly-functions.asm 0x3f6990; xrefs.jsonl 0x3f6990,implemented,IDA 0x3f6990 pseudocode lines 278-283 assigns the generated StreamBuffer only on GenerateRandomLevel success. stage_loader_v38_root_file.hpp:149-153 branches on generated_ and calls assign_stream only in the success branch.,not_run,"Compare exact stage gate, effects, fields, and ordering; record matching source lines or counterexample.",P1,unassigned
LW-0061,Level loading / world,random level,libDungeonHunter2.so,0x3f6990,Level::_LoadProcess,port/level-loader/level_source_loading_v43.cpp,Check failed random generation rewrites filename to backup suffix only in source failure branch.,pseudocode/003f/003f6990.c; assembly-functions.asm 0x3f6990; xrefs.jsonl 0x3f6990,implemented,IDA 0x3f6990 pseudocode lines 283-314 mutates the name to x-prefixed backup form only after generation failure. stage_loader_v38_root_file.hpp:154-157 performs the failure-only first-character mutation and dot-based _BACKUP.mlx suffix.,not_run,"Compare exact stage gate, effects, fields, and ordering; record matching source lines or counterexample.",P1,unassigned
LW-0062,Level loading / world,root resource,libDungeonHunter2.so,0x3f6990,Level::_LoadProcess,port/level-loader/level_source_loading_v43.cpp; port/level-loader/level_file_walk_v1.cpp,Check stage 7 subsequently reads the selected Level root filename via Level::LoadFile.,pseudocode/003f/003f6990.c; assembly-functions.asm 0x3f6990; xrefs.jsonl 0x3f6990,implemented,"IDA 0x3f6990 pseudocode lines 315-329 passes the selected root Level name to Level::LoadFile. stage_loader_v38_root_file.hpp:160-163 invokes root_file_step with the current name and ""Level"" tag; level_source_loading_v43.cpp:17-42 binds the root route.",not_run,"Compare exact stage gate, effects, fields, and ordering; record matching source lines or counterexample.",P1,unassigned
LW-0063,Level loading / world,object stages,libDungeonHunter2.so,0x3f6990,Level::_LoadProcess,port/level-loader/level_source_loading_v43.cpp,Check object construction stage waits for root Level data to complete.,pseudocode/003f/003f6990.c; assembly-functions.asm 0x3f6990; xrefs.jsonl 0x3f6990,implemented,IDA 0x3f6990 state7 completes its root LoadFile before state8 and state10. stage_loader_v38_stage10.hpp:25-34 requires root_complete before Module.LoadModule; LifecycleV36 state order is in lifecycle_v36.cpp:18-21 and SourceLoadingV43 binds root before object stage at level_source_loading_v43.cpp:54-56.,not_run,"Compare exact stage gate, effects, fields, and ordering; record matching source lines or counterexample.",P1,unassigned
LW-0064,Level loading / world,object stages,libDungeonHunter2.so,0x3f6990,Level::_LoadProcess,port/level-loader/level_source_loading_v43.cpp,Check a pending stage is retained without running the next stage body.,pseudocode/003f/003f6990.c; assembly-functions.asm 0x3f6990; xrefs.jsonl 0x3f6990,implemented,"IDA 0x3f6990 advances only after the reached body completes; pending work retains the state. lifecycle_v36.cpp:117-137 returns without increment for pending and increments only for complete, matching the source switch's completed-body advancement.",not_run,"Compare exact stage gate, effects, fields, and ordering; record matching source lines or counterexample.",P1,unassigned
LW-0065,Level loading / world,sound routing,libDungeonHunter2.so,0x3f6990,Level::_LoadProcess,port/level-loader/canonical_level_loading_v26.cpp; port/android-native/app/src/main/cpp/source_campaign_runtime_v61.cpp; port/android-native/app/src/main/cpp/renderer_source_stage15_audio_v94.inc; port/level-loader/level_source_loading_v43.cpp,Check case 0x0F sets VoxSoundManager routing from Level field 15.,pseudocode/003f/003f6990.c; assembly-functions.asm 0x3f6990; xrefs.jsonl 0x3f6990,implemented,"The stage15 body is installed by bind_source_stage15_audio_v94 (renderer_source_stage15_audio_v94.inc:4-26), called from the production campaign connector (source_campaign_runtime_v61.cpp:764). It forwards Level field15 through the retained Vox routing operation and is consumed by LifecycleV36. Static source assessment only; runtime remains not_run.",not_run,"Compare exact stage gate, effects, fields, and ordering; record matching source lines or counterexample.",P1,unassigned
LW-0066,Level loading / world,character initialization,libDungeonHunter2.so,0x3f6990,Level::_LoadProcess,port/level-loader/canonical_level_loading_v26.cpp; port/android-native/app/src/main/cpp/source_campaign_object_loading_deferred_v106.cpp; port/android-native/app/src/main/cpp/source_campaign_runtime_v61.cpp; port/level-loader/level_source_loading_v43.cpp,Check case 0x11 performs _LoadFinalInit before _LoadCharStates.,pseudocode/003f/003f6990.c; assembly-functions.asm 0x3f6990; xrefs.jsonl 0x3f6990,implemented,"IDA Level::_LoadProcess state0x11 calls _LoadFinalInit before state0x12 _LoadCharStates (pseudocode/003f/003f6990.c:460-466). LifecycleV36 preserves that order in lifecycle_v36.cpp:27-28 and advances state only after the current body completes (lifecycle_v36.cpp:109-136). The production path installs a deferred Stage17 trampoline in source_campaign_object_loading_deferred_v106.cpp:31-42; the campaign connector enrolls it from renderer_character_campaign_v62.inc:392. The actual source_object_loading_v95 provider installs stage_body[17] -> final (source_object_loading_v95.hpp:46-68), whose final loop dispatches each live GameObject’s source_init_final_v95 in ordered-map sequence (source_object_loading_v95.hpp:76-84). Source-level behavior and connection found; runtime remains not_run.",not_run,"Compare exact stage gate, effects, fields, and ordering; record matching source lines or counterexample.",P1,unassigned
LW-0067,Level loading / world,camera and batch,libDungeonHunter2.so,0x3f6990,Level::_LoadProcess,port/level-loader/canonical_level_loading_v26.cpp; port/android-native/app/src/main/cpp/source_campaign_runtime_v61.cpp; port/android-native/app/src/main/cpp/renderer_source_stage18_stage32_v95.inc; port/level-loader/level_source_loading_v43.cpp,Check case 0x12 loads char states before case 0x14 loads camera.,pseudocode/003f/003f6990.c; assembly-functions.asm 0x3f6990; xrefs.jsonl 0x3f6990,implemented,The production connector binds state18 in bind_source_stage18_stage32_v95 (renderer_source_stage18_stage32_v95.inc:103-117; caller source_campaign_runtime_v61.cpp:616). Its load_character_states body walks the live canonical Character list and initializes each authored preset before later camera work. Static source assessment only; runtime remains not_run.,not_run,"Compare exact stage gate, effects, fields, and ordering; record matching source lines or counterexample.",P1,unassigned
LW-0068,Level loading / world,batch stages,libDungeonHunter2.so,0x3f6990,Level::_LoadProcess,port/level-loader/level_batching_source_v96.cpp; port/android-native/app/src/main/cpp/source_campaign_runtime_v61.cpp; port/android-native/app/src/main/cpp/renderer_source_batching_v96.inc; port/level-loader/level_source_loading_v43.cpp,Check that state21–24 bind the corresponding batch operations in order; the dispatcher already sequences these stage numbers.,pseudocode/003f/003f6990.c; assembly-functions.asm 0x3f6990; xrefs.jsonl 0x3f6990,implemented,The active connector binds phases21-24 in order (renderer_source_batching_v96.inc:200-213; caller source_campaign_runtime_v61.cpp:617). Each callback is stored in the external stage array that SourceLoadingV43 transfers into LifecycleV36 (level_source_loading_v43.cpp:53-88). Static source assessment only; runtime remains not_run.,not_run,"Compare exact stage gate, effects, fields, and ordering; record matching source lines or counterexample.",P1,unassigned
LW-0069,Level loading / world,renderer cleanup,libDungeonHunter2.so,0x3f6990,Level::_LoadProcess,port/level-loader/canonical_level_loading_v26.cpp; port/android-native/app/src/main/cpp/source_campaign_runtime_v61.cpp; port/level-loader/level_source_loading_v43.cpp,Check case 0x19 cleans renderer after batching.,pseudocode/003f/003f6990.c; assembly-functions.asm 0x3f6990; xrefs.jsonl 0x3f6990,implemented,The production connector installs state25 at source_campaign_runtime_v61.cpp:733; it validates the live Level/state and invokes clean_native_graphics_v50 before returning complete. The dispatcher receives the callback through SourceLoadingV43. Static source assessment only; runtime remains not_run.,not_run,"Compare exact stage gate, effects, fields, and ordering; record matching source lines or counterexample.",P1,unassigned
LW-0070,Level loading / world,HUD setup,libDungeonHunter2.so,0x3f6990,Level::_LoadProcess,port/level-loader/canonical_level_loading_v26.cpp; port/android-native/app/src/main/cpp/source_campaign_runtime_v61.cpp; port/level-loader/level_source_loading_v43.cpp,Check case 0x1A loads HUD menu and refreshes cached UI characters before PostInitCharacters.,pseudocode/003f/003f6990.c; assembly-functions.asm 0x3f6990; xrefs.jsonl 0x3f6990,implemented,"The production state26 callback is installed at source_campaign_runtime_v61.cpp:746. It refreshes actual HUD/message caches, calls PlayerManager.PostInitCharacters, and only then completes the HUD refresh callback; LifecycleV36 consumes this same callback packet. Static source assessment only; runtime remains not_run.",not_run,"Compare exact stage gate, effects, fields, and ordering; record matching source lines or counterexample.",P1,unassigned
LW-0071,Level loading / world,HUD setup,libDungeonHunter2.so,0x3f6990,Level::_LoadProcess,port/level-loader/canonical_level_loading_v26.cpp; port/android-native/app/src/main/cpp/source_campaign_runtime_v61.cpp; port/level-loader/level_source_loading_v43.cpp,Check HUD completeRefresh callback occurs only after PlayerManager::PostInitCharacters.,pseudocode/003f/003f6990.c; assembly-functions.asm 0x3f6990; xrefs.jsonl 0x3f6990,implemented,"The production state26 callback is installed at source_campaign_runtime_v61.cpp:746. It refreshes actual HUD/message caches, calls PlayerManager.PostInitCharacters, and only then completes the HUD refresh callback; LifecycleV36 consumes this same callback packet. Static source assessment only; runtime remains not_run.",not_run,"Compare exact stage gate, effects, fields, and ordering; record matching source lines or counterexample.",P1,unassigned
LW-0072,Level loading / world,precache,libDungeonHunter2.so,0x3f6990,Level::_LoadProcess,port/level-loader/canonical_level_loading_v26.cpp; port/android-native/app/src/main/cpp/source_campaign_runtime_v61.cpp; port/level-loader/projectile_precache_source_v96.hpp; port/level-loader/level_source_loading_v43.cpp,Check case 0x1D precaches ItemManager before ProjectileManager.,pseudocode/003f/003f6990.c; assembly-functions.asm 0x3f6990; xrefs.jsonl 0x3f6990,implemented,"The state29 callback is installed in source_campaign_runtime_v61.cpp:620-638 using stage29_precache_source_v96, preserving item precache before projectile precache. SourceLoadingV43 transfers it into LifecycleV36. Static source assessment only; runtime remains not_run.",not_run,"Compare exact stage gate, effects, fields, and ordering; record matching source lines or counterexample.",P1,unassigned
LW-0073,Level loading / world,precache,libDungeonHunter2.so,0x3f6990,Level::_LoadProcess,port/level-loader/canonical_level_loading_v26.cpp; port/android-native/app/src/main/cpp/source_campaign_runtime_v61.cpp; port/level-loader/level_source_loading_v43.cpp,Check case 0x1E precaches VisualFX libraries before GameEventManager compile.,pseudocode/003f/003f6990.c; assembly-functions.asm 0x3f6990; xrefs.jsonl 0x3f6990,implemented,The production state30 callback at source_campaign_runtime_v61.cpp:739 calls the retained VisualFX owner’s precache_libraries before completion. SourceLoadingV43 transfers the same callback into LifecycleV36. Static source assessment only; runtime remains not_run.,not_run,"Compare exact stage gate, effects, fields, and ordering; record matching source lines or counterexample.",P1,unassigned
LW-0074,Level loading / world,precache,libDungeonHunter2.so,0x3f6990,Level::_LoadProcess,port/level-loader/canonical_level_loading_v26.cpp; port/android-native/app/src/main/cpp/source_campaign_runtime_v61.cpp; port/level-loader/level_source_loading_v43.cpp,Check case 0x1F compiles events before first object/physics update.,pseudocode/003f/003f6990.c; assembly-functions.asm 0x3f6990; xrefs.jsonl 0x3f6990,implemented,The production state31 callback at source_campaign_runtime_v61.cpp:685 compiles the current Level’s retained GameEventManager before completion. SourceLoadingV43 transfers it into LifecycleV36. Static source assessment only; runtime remains not_run.,not_run,"Compare exact stage gate, effects, fields, and ordering; record matching source lines or counterexample.",P1,unassigned
LW-0075,Level loading / world,first update,libDungeonHunter2.so,0x3f6990,Level::_LoadProcess,port/level-loader/level_source_loading_v43.cpp; port/android-native/app/src/main/cpp/renderer_source_stage18_stage32_v95.inc; port/android-native/app/src/main/cpp/source_campaign_runtime_v61.cpp,Check the state32 first-load update sequence and byte_9A276C bracketing; per-frame update code does not establish this stage body.,pseudocode/003f/003f6990.c; assembly-functions.asm 0x3f6990; xrefs.jsonl 0x3f6990,partial,"The production state32 callback is installed by bind_source_stage18_stage32_v95 (renderer_source_stage18_stage32_v95.inc:103-117; caller source_campaign_runtime_v61.cpp:616). Its warm_start body performs ambient setup, ObjectManager.Update, CharAI update queue, PhysicalWorld update, and camera update. The exact original byte_9A276C bracketing / Level field74 tail requested by this row is not fully established, so it remains partial rather than disconnected. SourceLoadingV43 transfers it into LifecycleV36. Static only; runtime remains not_run.",not_run,"Compare exact stage gate, effects, fields, and ordering; record matching source lines or counterexample.",P1,unassigned
LW-0076,Level loading / world,first update,libDungeonHunter2.so,0x3f6990,Level::_LoadProcess,port/level-loader/level_source_loading_v43.cpp; port/android-native/app/src/main/cpp/renderer_source_stage18_stage32_v95.inc; port/android-native/app/src/main/cpp/source_campaign_runtime_v61.cpp,"Check first update orders ObjectManager, CharAI update queue, PhysicalWorld, then Level field74 virtual call.",pseudocode/003f/003f6990.c; assembly-functions.asm 0x3f6990; xrefs.jsonl 0x3f6990,partial,"The production state32 callback is installed by bind_source_stage18_stage32_v95 (renderer_source_stage18_stage32_v95.inc:103-117; caller source_campaign_runtime_v61.cpp:616). Its warm_start body performs ambient setup, ObjectManager.Update, CharAI update queue, PhysicalWorld update, and camera update. The exact original byte_9A276C bracketing / Level field74 tail requested by this row is not fully established, so it remains partial rather than disconnected. SourceLoadingV43 transfers it into LifecycleV36. Static only; runtime remains not_run.",not_run,"Compare exact stage gate, effects, fields, and ordering; record matching source lines or counterexample.",P1,unassigned
LW-0077,Level loading / world,save restore,libDungeonHunter2.so,0x3f6990,Level::_LoadProcess,port/level-loader/canonical_level_loading_v26.cpp; port/android-native/app/src/main/cpp/renderer_source_stage34_v80.inc; port/level-loader/stage_loader_save_restore_v1.hpp; port/level-loader/stage_loader_stage34_v1.hpp; port/android-native/app/src/main/cpp/source_campaign_runtime_v61.cpp; port/level-loader/level_source_loading_v43.cpp,Check case 0x21 loads LevelSavegame only when Level byte241 is true.,pseudocode/003f/003f6990.c; assembly-functions.asm 0x3f6990; xrefs.jsonl 0x3f6990,implemented,"The stage body implements the scoped IDA sequence in Stage33RestoreBodyV1 or Stage34BodyV1/checkpoint orchestration. The production connector calls bind_source_stage33_stage34_v80 (source_campaign_runtime_v61.cpp:619; renderer_source_stage34_v80.inc:315-330), installing the callbacks in the active external stage array; SourceLoadingV43 moves that array into LifecycleV36 (level_source_loading_v43.cpp:53-88). Static source assessment only; runtime remains not_run.",not_run,"Compare exact stage gate, effects, fields, and ordering; record matching source lines or counterexample.",P1,unassigned
LW-0078,Level loading / world,save restore,libDungeonHunter2.so,0x3f6990,Level::_LoadProcess,port/level-loader/canonical_level_loading_v26.cpp; port/android-native/app/src/main/cpp/renderer_source_stage34_v80.inc; port/level-loader/stage_loader_save_restore_v1.hpp; port/level-loader/stage_loader_stage34_v1.hpp; port/android-native/app/src/main/cpp/source_campaign_runtime_v61.cpp; port/level-loader/level_source_loading_v43.cpp,Check online host restore queries floor height and applies corrected position before positioning other local players.,pseudocode/003f/003f6990.c; assembly-functions.asm 0x3f6990; xrefs.jsonl 0x3f6990,implemented,"The stage body implements the scoped IDA sequence in Stage33RestoreBodyV1 or Stage34BodyV1/checkpoint orchestration. The production connector calls bind_source_stage33_stage34_v80 (source_campaign_runtime_v61.cpp:619; renderer_source_stage34_v80.inc:315-330), installing the callbacks in the active external stage array; SourceLoadingV43 moves that array into LifecycleV36 (level_source_loading_v43.cpp:53-88). Static source assessment only; runtime remains not_run.",not_run,"Compare exact stage gate, effects, fields, and ordering; record matching source lines or counterexample.",P1,unassigned
LW-0079,Level loading / world,save restore,libDungeonHunter2.so,0x3f6990,Level::_LoadProcess,port/level-loader/canonical_level_loading_v26.cpp; port/android-native/app/src/main/cpp/renderer_source_stage34_v80.inc; port/level-loader/stage_loader_save_restore_v1.hpp; port/level-loader/stage_loader_stage34_v1.hpp; port/android-native/app/src/main/cpp/source_campaign_runtime_v61.cpp; port/level-loader/level_source_loading_v43.cpp,Check non-host restore uses stored PlayerManager position only under byte1744 branch.,pseudocode/003f/003f6990.c; assembly-functions.asm 0x3f6990; xrefs.jsonl 0x3f6990,implemented,"The stage body implements the scoped IDA sequence in Stage33RestoreBodyV1 or Stage34BodyV1/checkpoint orchestration. The production connector calls bind_source_stage33_stage34_v80 (source_campaign_runtime_v61.cpp:619; renderer_source_stage34_v80.inc:315-330), installing the callbacks in the active external stage array; SourceLoadingV43 moves that array into LifecycleV36 (level_source_loading_v43.cpp:53-88). Static source assessment only; runtime remains not_run.",not_run,"Compare exact stage gate, effects, fields, and ordering; record matching source lines or counterexample.",P1,unassigned
LW-0080,Level loading / world,save restore,libDungeonHunter2.so,0x3f6990,Level::_LoadProcess,port/level-loader/canonical_level_loading_v26.cpp; port/android-native/app/src/main/cpp/renderer_source_stage34_v80.inc; port/level-loader/stage_loader_save_restore_v1.hpp; port/level-loader/stage_loader_stage34_v1.hpp; port/android-native/app/src/main/cpp/source_campaign_runtime_v61.cpp; port/level-loader/level_source_loading_v43.cpp,Check case 0x21 disables selected actor use-spawn-point and clears Level byte243.,pseudocode/003f/003f6990.c; assembly-functions.asm 0x3f6990; xrefs.jsonl 0x3f6990,implemented,"The stage body implements the scoped IDA sequence in Stage33RestoreBodyV1 or Stage34BodyV1/checkpoint orchestration. The production connector calls bind_source_stage33_stage34_v80 (source_campaign_runtime_v61.cpp:619; renderer_source_stage34_v80.inc:315-330), installing the callbacks in the active external stage array; SourceLoadingV43 moves that array into LifecycleV36 (level_source_loading_v43.cpp:53-88). Static source assessment only; runtime remains not_run.",not_run,"Compare exact stage gate, effects, fields, and ordering; record matching source lines or counterexample.",P1,unassigned
LW-0081,Level loading / world,camera activation,libDungeonHunter2.so,0x3f6990,Level::_LoadProcess,port/level-loader/canonical_level_loading_v26.cpp; port/android-native/app/src/main/cpp/renderer_source_stage34_v80.inc; port/level-loader/stage_loader_save_restore_v1.hpp; port/level-loader/stage_loader_stage34_v1.hpp; port/android-native/app/src/main/cpp/source_campaign_runtime_v61.cpp; port/level-loader/level_source_loading_v43.cpp,Check case 0x22 assigns level ID to selected actor before CameraTarget::SetTarget.,pseudocode/003f/003f6990.c; assembly-functions.asm 0x3f6990; xrefs.jsonl 0x3f6990,implemented,"The stage body implements the scoped IDA sequence in Stage33RestoreBodyV1 or Stage34BodyV1/checkpoint orchestration. The production connector calls bind_source_stage33_stage34_v80 (source_campaign_runtime_v61.cpp:619; renderer_source_stage34_v80.inc:315-330), installing the callbacks in the active external stage array; SourceLoadingV43 moves that array into LifecycleV36 (level_source_loading_v43.cpp:53-88). Static source assessment only; runtime remains not_run.",not_run,"Compare exact stage gate, effects, fields, and ordering; record matching source lines or counterexample.",P1,unassigned
LW-0082,Level loading / world,camera activation,libDungeonHunter2.so,0x3f6990,Level::_LoadProcess,port/level-loader/canonical_level_loading_v26.cpp; port/android-native/app/src/main/cpp/renderer_source_stage34_v80.inc; port/level-loader/stage_loader_save_restore_v1.hpp; port/level-loader/stage_loader_stage34_v1.hpp; port/android-native/app/src/main/cpp/source_campaign_runtime_v61.cpp; port/level-loader/level_source_loading_v43.cpp,Check online mode-3 message occurs before CameraBase::SetActive.,pseudocode/003f/003f6990.c; assembly-functions.asm 0x3f6990; xrefs.jsonl 0x3f6990,implemented,"The stage body implements the scoped IDA sequence in Stage33RestoreBodyV1 or Stage34BodyV1/checkpoint orchestration. The production connector calls bind_source_stage33_stage34_v80 (source_campaign_runtime_v61.cpp:619; renderer_source_stage34_v80.inc:315-330), installing the callbacks in the active external stage array; SourceLoadingV43 moves that array into LifecycleV36 (level_source_loading_v43.cpp:53-88). Static source assessment only; runtime remains not_run.",not_run,"Compare exact stage gate, effects, fields, and ordering; record matching source lines or counterexample.",P1,unassigned
LW-0083,Level loading / world,camera activation,libDungeonHunter2.so,0x3f6990,Level::_LoadProcess,port/level-loader/canonical_level_loading_v26.cpp; port/android-native/app/src/main/cpp/renderer_source_stage34_v80.inc; port/level-loader/stage_loader_save_restore_v1.hpp; port/level-loader/stage_loader_stage34_v1.hpp; port/android-native/app/src/main/cpp/source_campaign_runtime_v61.cpp; port/level-loader/level_source_loading_v43.cpp,Check camera target activation precedes camera offset derivation from scene positions.,pseudocode/003f/003f6990.c; assembly-functions.asm 0x3f6990; xrefs.jsonl 0x3f6990,implemented,"The stage body implements the scoped IDA sequence in Stage33RestoreBodyV1 or Stage34BodyV1/checkpoint orchestration. The production connector calls bind_source_stage33_stage34_v80 (source_campaign_runtime_v61.cpp:619; renderer_source_stage34_v80.inc:315-330), installing the callbacks in the active external stage array; SourceLoadingV43 moves that array into LifecycleV36 (level_source_loading_v43.cpp:53-88). Static source assessment only; runtime remains not_run.",not_run,"Compare exact stage gate, effects, fields, and ordering; record matching source lines or counterexample.",P1,unassigned
LW-0084,Level loading / world,level config projection,libDungeonHunter2.so,0x3f6990,Level::_LoadProcess,port/level-loader/canonical_level_loading_v26.cpp; port/android-native/app/src/main/cpp/source_campaign_runtime_v61.cpp; port/android-native/app/src/main/cpp/renderer_source_stage34_v80.inc; port/level-loader/stage_loader_stage34_v1.hpp; port/level-loader/level_source_loading_v43.cpp,Check case 0x22 copies LevelConfig color values to application/renderer bytes in source order.,pseudocode/003f/003f6990.c; assembly-functions.asm 0x3f6990; xrefs.jsonl 0x3f6990,partial,"The production state34 binder is active (source_campaign_runtime_v61.cpp:619; renderer_source_stage34_v80.inc:315-330), and Stage34BodyV1 writes config-derived fog/camera values. The exact LevelConfig-to-renderer field projection requested by this row is only partly established, so this remains partial rather than disconnected. SourceLoadingV43 transfers the callback into LifecycleV36. Static source assessment only; runtime remains not_run.",not_run,"Compare exact stage gate, effects, fields, and ordering; record matching source lines or counterexample.",P1,unassigned
LW-0085,Level loading / world,level config projection,libDungeonHunter2.so,0x3f6990,Level::_LoadProcess,port/level-loader/canonical_level_loading_v26.cpp; port/android-native/app/src/main/cpp/source_campaign_runtime_v61.cpp; port/android-native/app/src/main/cpp/renderer_source_stage34_v80.inc; port/level-loader/stage_loader_stage34_v1.hpp; port/level-loader/level_source_loading_v43.cpp,Check case 0x22 copies LevelConfig dimensions and coordinates to source renderer fields.,pseudocode/003f/003f6990.c; assembly-functions.asm 0x3f6990; xrefs.jsonl 0x3f6990,partial,"The production state34 binder is active (source_campaign_runtime_v61.cpp:619; renderer_source_stage34_v80.inc:315-330), and Stage34BodyV1 writes config-derived fog/camera values. The exact LevelConfig-to-renderer field projection requested by this row is only partly established, so this remains partial rather than disconnected. SourceLoadingV43 transfers the callback into LifecycleV36. Static source assessment only; runtime remains not_run.",not_run,"Compare exact stage gate, effects, fields, and ordering; record matching source lines or counterexample.",P1,unassigned
LW-0086,Level loading / world,world side effects,libDungeonHunter2.so,0x3f6990,Level::_LoadProcess,port/level-loader/canonical_level_loading_v26.cpp; port/android-native/app/src/main/cpp/renderer_source_stage34_v80.inc; port/level-loader/stage_loader_save_restore_v1.hpp; port/level-loader/stage_loader_stage34_v1.hpp; port/android-native/app/src/main/cpp/source_campaign_runtime_v61.cpp; port/level-loader/level_source_loading_v43.cpp,"Check no-room objects are handled before fog, light-set and material updates.",pseudocode/003f/003f6990.c; assembly-functions.asm 0x3f6990; xrefs.jsonl 0x3f6990,implemented,"The stage body implements the scoped IDA sequence in Stage33RestoreBodyV1 or Stage34BodyV1/checkpoint orchestration. The production connector calls bind_source_stage33_stage34_v80 (source_campaign_runtime_v61.cpp:619; renderer_source_stage34_v80.inc:315-330), installing the callbacks in the active external stage array; SourceLoadingV43 moves that array into LifecycleV36 (level_source_loading_v43.cpp:53-88). Static source assessment only; runtime remains not_run.",not_run,"Compare exact stage gate, effects, fields, and ordering; record matching source lines or counterexample.",P1,unassigned
LW-0087,Level loading / world,checkpoint,libDungeonHunter2.so,0x3f6990,Level::_LoadProcess,port/level-loader/canonical_level_loading_v26.cpp; port/android-native/app/src/main/cpp/renderer_source_stage34_v80.inc; port/level-loader/stage_loader_save_restore_v1.hpp; port/level-loader/stage_loader_stage34_v1.hpp; port/android-native/app/src/main/cpp/source_campaign_runtime_v61.cpp; port/level-loader/level_source_loading_v43.cpp,"Checkpoint predicate is online non-host or forced-host, OR a present save whose validation fails, OR byte245; a null save pointer alone does not satisfy the validation term.",pseudocode/003f/003f6990.c; assembly-functions.asm 0x3f6990; xrefs.jsonl 0x3f6990,implemented,"The stage body implements the scoped IDA sequence in Stage33RestoreBodyV1 or Stage34BodyV1/checkpoint orchestration. The production connector calls bind_source_stage33_stage34_v80 (source_campaign_runtime_v61.cpp:619; renderer_source_stage34_v80.inc:315-330), installing the callbacks in the active external stage array; SourceLoadingV43 moves that array into LifecycleV36 (level_source_loading_v43.cpp:53-88). Static source assessment only; runtime remains not_run.",not_run,"Compare exact stage gate, effects, fields, and ordering; record matching source lines or counterexample.",P1,unassigned
LW-0088,Level loading / world,checkpoint,libDungeonHunter2.so,0x3f6990,Level::_LoadProcess,port/level-loader/canonical_level_loading_v26.cpp; port/android-native/app/src/main/cpp/renderer_source_stage34_v80.inc; port/level-loader/stage_loader_save_restore_v1.hpp; port/level-loader/stage_loader_stage34_v1.hpp; port/android-native/app/src/main/cpp/source_campaign_runtime_v61.cpp; port/level-loader/level_source_loading_v43.cpp,"Check checkpoint position chooses authored spawn point, then selected actor position, then origin.",pseudocode/003f/003f6990.c; assembly-functions.asm 0x3f6990; xrefs.jsonl 0x3f6990,implemented,"The stage body implements the scoped IDA sequence in Stage33RestoreBodyV1 or Stage34BodyV1/checkpoint orchestration. The production connector calls bind_source_stage33_stage34_v80 (source_campaign_runtime_v61.cpp:619; renderer_source_stage34_v80.inc:315-330), installing the callbacks in the active external stage array; SourceLoadingV43 moves that array into LifecycleV36 (level_source_loading_v43.cpp:53-88). Static source assessment only; runtime remains not_run.",not_run,"Compare exact stage gate, effects, fields, and ordering; record matching source lines or counterexample.",P1,unassigned
LW-0089,Level loading / world,online sync,libDungeonHunter2.so,0x3f6990,Level::_LoadProcess,port/level-loader/canonical_level_loading_v26.cpp; port/android-native/app/src/main/cpp/source_campaign_terminal_v97.inc; port/level-loader/terminal_loading_v97.hpp; port/android-native/app/src/main/cpp/source_campaign_runtime_v61.cpp; port/level-loader/level_source_loading_v43.cpp,Check case 0x24 applies network readiness predicates before object update or quest sync.,pseudocode/003f/003f6990.c; assembly-functions.asm 0x3f6990; xrefs.jsonl 0x3f6990,implemented,"The production connector calls bind_source_campaign_terminal_v97 (source_campaign_runtime_v61.cpp:817); its provider calls TerminalLoadingV97::bind (source_campaign_terminal_v97.inc:48-118), installing state36/37 bodies in inputs.external. SourceLoadingV43 moves those bodies into LifecycleV36; the terminal bodies match the scoped readiness, menu/controller, network, and follower-order checks. Static source assessment only; runtime remains not_run.",not_run,"Compare exact stage gate, effects, fields, and ordering; record matching source lines or counterexample.",P1,unassigned
LW-0090,Level loading / world,completion,libDungeonHunter2.so,0x3f6990,Level::_LoadProcess,port/level-loader/canonical_level_loading_v26.cpp; port/android-native/app/src/main/cpp/source_campaign_terminal_v97.inc; port/level-loader/terminal_loading_v97.hpp; port/android-native/app/src/main/cpp/source_campaign_runtime_v61.cpp; port/level-loader/level_source_loading_v43.cpp,Check case 0x25 pops loading menu only if visible and clears debug text only when enabled.,pseudocode/003f/003f6990.c; assembly-functions.asm 0x3f6990; xrefs.jsonl 0x3f6990,implemented,"The production connector calls bind_source_campaign_terminal_v97 (source_campaign_runtime_v61.cpp:817); its provider calls TerminalLoadingV97::bind (source_campaign_terminal_v97.inc:48-118), installing state36/37 bodies in inputs.external. SourceLoadingV43 moves those bodies into LifecycleV36; the terminal bodies match the scoped readiness, menu/controller, network, and follower-order checks. Static source assessment only; runtime remains not_run.",not_run,"Compare exact stage gate, effects, fields, and ordering; record matching source lines or counterexample.",P1,unassigned
LW-0091,Level loading / world,completion,libDungeonHunter2.so,0x3f6990,Level::_LoadProcess,port/level-loader/canonical_level_loading_v26.cpp; port/android-native/app/src/main/cpp/source_campaign_terminal_v97.inc; port/level-loader/terminal_loading_v97.hpp; port/android-native/app/src/main/cpp/source_campaign_runtime_v61.cpp; port/level-loader/level_source_loading_v43.cpp,Check case 0x25 clears loading visual flag for every present local actor.,pseudocode/003f/003f6990.c; assembly-functions.asm 0x3f6990; xrefs.jsonl 0x3f6990,implemented,"The production connector calls bind_source_campaign_terminal_v97 (source_campaign_runtime_v61.cpp:817); its provider calls TerminalLoadingV97::bind (source_campaign_terminal_v97.inc:48-118), installing state36/37 bodies in inputs.external. SourceLoadingV43 moves those bodies into LifecycleV36; the terminal bodies match the scoped readiness, menu/controller, network, and follower-order checks. Static source assessment only; runtime remains not_run.",not_run,"Compare exact stage gate, effects, fields, and ordering; record matching source lines or counterexample.",P1,unassigned
LW-0092,Level loading / world,completion,libDungeonHunter2.so,0x3f6990,Level::_LoadProcess,port/level-loader/canonical_level_loading_v26.cpp; port/android-native/app/src/main/cpp/source_campaign_terminal_v97.inc; port/level-loader/terminal_loading_v97.hpp; port/android-native/app/src/main/cpp/source_campaign_runtime_v61.cpp; port/level-loader/level_source_loading_v43.cpp,Check case 0x25 initializes network level only when online and not already initialized.,pseudocode/003f/003f6990.c; assembly-functions.asm 0x3f6990; xrefs.jsonl 0x3f6990,implemented,"The production connector calls bind_source_campaign_terminal_v97 (source_campaign_runtime_v61.cpp:817); its provider calls TerminalLoadingV97::bind (source_campaign_terminal_v97.inc:48-118), installing state36/37 bodies in inputs.external. SourceLoadingV43 moves those bodies into LifecycleV36; the terminal bodies match the scoped readiness, menu/controller, network, and follower-order checks. Static source assessment only; runtime remains not_run.",not_run,"Compare exact stage gate, effects, fields, and ordering; record matching source lines or counterexample.",P1,unassigned
LW-0093,Level loading / world,completion,libDungeonHunter2.so,0x3f6990,Level::_LoadProcess,port/level-loader/canonical_level_loading_v26.cpp; port/android-native/app/src/main/cpp/source_campaign_terminal_v97.inc; port/level-loader/terminal_loading_v97.hpp; port/android-native/app/src/main/cpp/source_campaign_runtime_v61.cpp; port/level-loader/level_source_loading_v43.cpp,Check case 0x25 places faery/followers after menu and network operations.,pseudocode/003f/003f6990.c; assembly-functions.asm 0x3f6990; xrefs.jsonl 0x3f6990,implemented,"The production connector calls bind_source_campaign_terminal_v97 (source_campaign_runtime_v61.cpp:817); its provider calls TerminalLoadingV97::bind (source_campaign_terminal_v97.inc:48-118), installing state36/37 bodies in inputs.external. SourceLoadingV43 moves those bodies into LifecycleV36; the terminal bodies match the scoped readiness, menu/controller, network, and follower-order checks. Static source assessment only; runtime remains not_run.",not_run,"Compare exact stage gate, effects, fields, and ordering; record matching source lines or counterexample.",P1,unassigned
LW-0094,Level loading / world,wait states,libDungeonHunter2.so,0x3f6990,Level::_LoadProcess,port/level-loader/canonical_level_loading_v26.cpp,Check states 0x1B and 0x1C take the default branch and increment once; they do not wait.,pseudocode/003f/003f6990.c; assembly-functions.asm 0x3f6990; xrefs.jsonl 0x3f6990,implemented,IDA .local-inputs/ida-apk-export-2026-10-07/libraries/libDungeonHunter2.so/pseudocode/003f/003f6990.c default switch branch has no cases27/28 and increments state. Port lifecycle_v36.cpp:38-39 records states27/28 as default increment; lines123-125 advances a complete no-body stage.,not_run,"Compare exact stage gate, effects, fields, and ordering; record matching source lines or counterexample.",P1,unassigned
LW-0095,Level loading / world,progress,libDungeonHunter2.so,0x3f6990,Level::_LoadProcess,port/level-loader/canonical_level_loading_v26.cpp,"Check default progression: states through37 increment, values above37 become38, then terminal handling runs.",pseudocode/003f/003f6990.c; assembly-functions.asm 0x3f6990; xrefs.jsonl 0x3f6990,partial,"IDA pseudocode/003f/003f6990.c default branch clamps values above37 to38; terminal tail sets progress100. Port lifecycle_v36.cpp:52-58 handles state38, but tick indexes stages[state] at112 and constructor accepts only <=38 at68-72; it lacks the generic >37 clamp for state39+.",not_run,"Compare exact stage gate, effects, fields, and ordering; record matching source lines or counterexample.",P1,unassigned
LW-0096,Level loading / world,progress,libDungeonHunter2.so,0x3f6990,Level::_LoadProcess,port/level-loader/canonical_level_loading_v26.cpp; port/level-loader/lifecycle_v36.cpp; port/android-native/app/src/main/cpp/source_campaign_runtime_v61.cpp; port/level-loader/level_source_loading_v43.cpp,Check state38 sets progress100 and pushes menu_FadeFromBlackScreen after state dispatch.,pseudocode/003f/003f6990.c; assembly-functions.asm 0x3f6990; xrefs.jsonl 0x3f6990,implemented,"The production progress publisher is installed in source_campaign_runtime_v61.cpp:787 and runs after each stage. Its state38 path publishes progress100, pushes menu_FadeFromBlackScreen, then queries menu_Loading and returns successfully when that lookup is NULL, matching the scoped tail behavior. Static source assessment only; runtime remains not_run.",not_run,"Compare exact stage gate, effects, fields, and ordering; record matching source lines or counterexample.",P1,unassigned
LW-0097,Level loading / world,progress,libDungeonHunter2.so,0x3f6990,Level::_LoadProcess,port/level-loader/canonical_level_loading_v26.cpp,"Check nonterminal percentage uses state/38, clamps work fields, and special-cases state36 to100.",pseudocode/003f/003f6990.c; assembly-functions.asm 0x3f6990; xrefs.jsonl 0x3f6990,implemented,"IDA pseudocode/003f/003f6990.c tail clamps current work to counter, computes 100*state/38 and special-cases36 to100. Port lifecycle_v36.cpp:52-58 implements these updates for supported state domain.",not_run,"Compare exact stage gate, effects, fields, and ordering; record matching source lines or counterexample.",P1,unassigned
LW-0098,Level loading / world,progress,libDungeonHunter2.so,0x3f6990,Level::_LoadProcess,port/level-loader/canonical_level_loading_v26.cpp; port/level-loader/lifecycle_v36.cpp; port/android-native/app/src/main/cpp/source_campaign_runtime_v61.cpp; port/level-loader/level_source_loading_v43.cpp,Check onProgress runs after each step only when menu_Loading lookup returns a non-null menu.,pseudocode/003f/003f6990.c; assembly-functions.asm 0x3f6990; xrefs.jsonl 0x3f6990,implemented,"The production progress publisher is installed in source_campaign_runtime_v61.cpp:787 and runs after each stage. Its state38 path publishes progress100, pushes menu_FadeFromBlackScreen, then queries menu_Loading and returns successfully when that lookup is NULL, matching the scoped tail behavior. Static source assessment only; runtime remains not_run.",not_run,"Compare exact stage gate, effects, fields, and ordering; record matching source lines or counterexample.",P1,unassigned
LW-0099,Level loading / world,root resource,libDungeonHunter2.so,0x3f3b40,Level::LoadFile,port/level-loader/level_source_loading_v43.cpp; port/level-loader/level_file_walk_v1.cpp,Check LoadFile keeps physical resource filename and logical root-element name as distinct arguments.,pseudocode/003f/003f3b40.c; assembly-functions.asm 0x3f3b40; xrefs.jsonl 0x3f3b40,implemented,IDA pseudocode/003f/003f3b40.c uses arg2 for physical-file candidates and arg3 for exact top-level element-name comparison before _LoadFromXML. Port level_source_loading_v43.cpp:17-41 separates resolved filename from tag; level_file_walk_v1.cpp:3-10 stores requested root and50-53 compares it.,not_run,Inspect full function body and caller/callee evidence; record matching source lines or counterexample.,P1,unassigned
LW-0100,Level loading / world,root resource,libDungeonHunter2.so,0x3f3b40,Level::LoadFile,port/level-loader/level_source_loading_v43.cpp; port/level-loader/canonical_source_adapter_v1.cpp,Check root opening uses the selected source filesystem with resolved resource identity retained across pending polls.,pseudocode/003f/003f3b40.c; assembly-functions.asm 0x3f3b40; xrefs.jsonl 0x3f3b40,implemented,IDA pseudocode/003f/003f3b40.c opens the selected physical source candidate and retains returned IStream. Port level_source_loading_v43.cpp:20-43 selects assigned/native filename or resolver path and retains identity;35-41 reject absent resolver/invalid identity and reuse it.,not_run,Inspect full function body and caller/callee evidence; record matching source lines or counterexample.,P1,unassigned
LW-0101,Level loading / world,root resource,libDungeonHunter2.so,0x3f3b40,Level::LoadFile,port/level-loader/level_file_walk_v1.cpp,Check root walk selects the requested top-level element before dispatching child declarations.,pseudocode/003f/003f3b40.c; assembly-functions.asm 0x3f3b40; xrefs.jsonl 0x3f3b40,implemented,"IDA pseudocode/003f/003f3b40.c iterates document children, compares node value with arg3, and calls _LoadFromXML only on a matching element. Port level_file_walk_v1.cpp:50-53 checks requested root and requires an element before consuming children.",not_run,Inspect full function body and caller/callee evidence; record matching source lines or counterexample.,P1,unassigned
LW-0102,Level loading / world,root resource,libDungeonHunter2.so,0x3f3b40,Level::LoadFile,port/level-loader/level_file_walk_v1.cpp; port/level-loader/cached_level_file_v1.cpp,Check root stream/document stays retained across pending polls and releases on completion or explicit failure cleanup.,pseudocode/003f/003f3b40.c; assembly-functions.asm 0x3f3b40; xrefs.jsonl 0x3f3b40,partial,"IDA pseudocode/003f/003f3b40.c retains stream/XML state in Level field80 across calls and releases it at traversal completion/failure. Port level_file_walk_v1.cpp:20-27 retains document on failure;45-48 releases on completion and56-60 require explicit discard, so failure is not automatically released.",not_run,Inspect full function body and caller/callee evidence; record matching source lines or counterexample.,P1,unassigned
LW-0103,Level loading / world,root resource,libDungeonHunter2.so,0x3f3b40,Level::LoadFile,port/level-loader/level_source_loading_v43.cpp; port/level-loader/canonical_level_loading_v26.cpp,Check malformed root XML: original LoadFile returns its failure value and stage7 stops retrying; compare resulting state progression with the port failure latch.,pseudocode/003f/003f3b40.c; assembly-functions.asm 0x3f3b40; xrefs.jsonl 0x3f3b40,partial,"IDA pseudocode/003f/003f3b40.c returns nonzero on LoadFromBuffer parse failure; Level::_LoadProcess case7 retries only while LoadFile returns zero, so stage7 stops retrying on this result. Port level_file_walk_v1.cpp:23-27 fails parse; level_source_loading_v43.cpp:41-43 propagates failure and blocks completion.",not_run,Inspect full function body and caller/callee evidence; record matching source lines or counterexample.,P1,unassigned
LW-0104,Level loading / world,root resource,libDungeonHunter2.so,0x3f3b40,Level::LoadFile,port/level-loader/level_source_loading_v43.cpp; port/level-loader/canonical_module_files_v1.cpp,Check root-file and module-file reads retain separate source occurrences and stream owners.,pseudocode/003f/003f3b40.c; assembly-functions.asm 0x3f3b40; xrefs.jsonl 0x3f3b40,implemented,IDA LoadFile pseudocode/003f/003f3b40.c stores root stream/XML in Level field80; module expansion is a separate occurrence. Port level_source_loading_v43.cpp:23-33 delegates root occurrence;48-50 loads modules through distinct module_files/module_xml.,not_run,Inspect full function body and caller/callee evidence; record matching source lines or counterexample.,P1,unassigned
LW-0105,Level loading / world,root resource,libDungeonHunter2.so,0x3f3b40,Level::LoadFile,port/level-loader/level_source_loading_v43.cpp,Check pending root filename and resource occurrence remain fixed while original source is open.,pseudocode/003f/003f3b40.c; assembly-functions.asm 0x3f3b40; xrefs.jsonl 0x3f3b40,implemented,IDA pseudocode/003f/003f3b40.c keeps selected stream/XML owner in Level field80 until traversal cleanup. Port level_source_loading_v43.cpp:35-40 resolves once into source_name/resolved_name and rejects changed name on later step.,not_run,Inspect full function body and caller/callee evidence; record matching source lines or counterexample.,P1,unassigned
LW-0106,Level loading / world,root resource,libDungeonHunter2.so,0x3f3b40,Level::LoadFile,port/level-loader/level_source_loading_v43.cpp,Check filename resolution occurs once per root occurrence and resolved identity is reused across pending ticks.,pseudocode/003f/003f3b40.c; assembly-functions.asm 0x3f3b40; xrefs.jsonl 0x3f3b40,implemented,"IDA LoadFile chooses physical candidate paths when field80 is empty, then resumes stored field80 on later calls (pseudocode/003f/003f3b40.c). Port level_source_loading_v43.cpp:35-43 resolves once, caches resolved_name and resumes load_root_step_v38.",not_run,Inspect full function body and caller/callee evidence; record matching source lines or counterexample.,P1,unassigned
LW-0107,Level loading / world,XML root,libDungeonHunter2.so,0x3f01c8,Level::_LoadFromXML,port/level-loader/level_file_walk_v1.cpp; port/level-loader/canonical_level_context_v1.cpp,Check LoadFile matches requested root tag before dispatch; _LoadFromXML receives selected element and performs its gametype branch.,pseudocode/003f/003f01c8.c; assembly-functions.asm 0x3f01c8; xrefs.jsonl 0x3f01c8,implemented,IDA pseudocode/003f/003f3b40.c compares top-level node name with arg3 before _LoadFromXML; pseudocode/003f/003f01c8.c itself only asserts nonnull and reads gametype. Port level_file_walk_v1.cpp:50-53 selects requested root before child loading.,not_run,Inspect full function body and caller/callee evidence; record matching source lines or counterexample.,P1,unassigned
LW-0108,Level loading / world,XML root,libDungeonHunter2.so,0x3f01c8,Level::_LoadFromXML,port/level-loader/level_file_walk_v1.cpp,"Check _LoadFromXML reads gametype, skips Player, and delegates others; keep missing-gametype behavior scoped as unresolved/unsafe.",pseudocode/003f/003f01c8.c; assembly-functions.asm 0x3f01c8; xrefs.jsonl 0x3f01c8,partial,"IDA pseudocode/003f/003f01c8.c:6-9 reads gametype, skips Player, delegates others to ObjectManager::LoadFromXML. Port object_entry_v1.cpp:38-51 classifies gametype/Player; canonical_source_adapter_v1.cpp:61 rejects missing-gametype Level elements rather than reproducing native null strcmp behavior.",not_run,Inspect full function body and caller/callee evidence; record matching source lines or counterexample.,P1,unassigned
LW-0109,Level loading / world,XML root,libDungeonHunter2.so,0x003F01C8; 0x0034B868; 0x00513A00,Level::_LoadFromXML,port/level-loader/level_file_walk_v1.cpp; port/level-loader/canonical_source_adapter_v1.cpp; port/level-world/canonical_object_factory_v1.cpp; port/level-loader/canonical_receiver_transport_v1.cpp; port/level-world/canonical_property_map_v1.cpp,"Check delegated XML property overrides iterate the selected registered property descriptors, query each descriptor name and call SetProperty even for absent attributes; extra XML attribute names absent from that descriptor map are ignored. Level::_LoadFromXML itself only gates Player via gametype.",Second review pseudocode references: pseudocode/003f/003f01c8.c:22-25; pseudocode/0034/0034b868.c:79-82; pseudocode/0051/00513a00.c:14-23,implemented,"IDA Level::_LoadFromXML 0x3f01c8 (pseudocode/003f/003f01c8.c:22-25) gates gametype Player and delegates the whole element to ObjectManager::LoadFromXML 0x34b868; that function calls PropertyMap::LoadOverridesFromXML (pseudocode/0034/0034b868.c:79-82). The delegated PropertyMap 0x513a00 explicitly iterates registered property descriptors, queries each named Attribute, and calls SetProperty even with a null result (pseudocode/0051/00513a00.c:14-23); it does not iterate/reject unknown XML attributes. Source preserves the full element through port/level-loader/canonical_source_adapter_v1.cpp:12-16 and dispatches canonical factory at :63-65; port/level-world/canonical_object_factory_v1.cpp:25 calls the override service, port/level-loader/canonical_receiver_transport_v1.cpp:105-110 binds it to the actual property map, and port/level-world/canonical_property_map_v1.cpp:147-152 mirrors registered-descriptor iteration with nullable attribute lookup. Therefore extra attribute names absent from the selected registered descriptor map are ignored at this stage. Static behavior evidence only; runtime remains not_run.",not_run,Inspect full function body and caller/callee evidence; record matching source lines or counterexample.,P1,unassigned
LW-0110,Level loading / world,XML root,libDungeonHunter2.so,0x003F01C8; 0x0034B868; 0x00513A00; 0x0051387C,Level::_LoadFromXML,port/level-loader/level_file_walk_v1.cpp; port/level-world/canonical_object_factory_v1.cpp; port/level-loader/canonical_receiver_transport_v1.cpp; port/level-world/canonical_property_map_v1.cpp,"Check delegated object-property decoder resets present bool/int/float fields before atoi/strtod conversion: nonnumeric text becomes zero/false, while an absent attribute loads its declared default.",Second review pseudocode references: pseudocode/0033/0033e598.c:6-7; pseudocode/0038/0038baac.c:6-7; pseudocode/0039/003950e0.c:6-7; pseudocode/0030/0030f020.c:5-6,implemented,"Original wording is false: numeric conversion does not preserve prior/default values. Level::_LoadFromXML 0x3f01c8 delegates to ObjectManager::LoadFromXML 0x34b868, which calls LoadDefaultProperties then LoadOverridesFromXML 0x513a00; SetProperty 0x51387c dispatches present attributes to FromString and absent attributes to LoadDefault. IDA pseudocode/0033/0033e598.c:6-7 (bool), pseudocode/0038/0038baac.c:6-7 (int), pseudocode/0039/003950e0.c:6-7 (float) explicitly zero the field before StrToObj. pseudocode/0030/0030f020.c:5-6 and 0030f03c.c:5-6 use atoi; 0030f288.c:5-6 uses strtod without a conversion-success gate. Source port/level-world/canonical_object_factory_v1.cpp:24-25 delivers defaults then overrides; port/level-loader/canonical_receiver_transport_v1.cpp:99-110 binds these to CanonicalPropertyMapV1, with services wired at :137-138. port/level-world/canonical_property_map_v1.cpp:132 loads the declared default only for absent text; :142-145 zeros the actual numeric destination before parse; :13-15 mirrors bool/int atoi and float strtod; :147-151 dispatches XML overrides. Consequently a present nonnumeric numeric attribute becomes zero/false, while an absent attribute gets the default. Static implementation classification only.",not_run,Inspect full function body and caller/callee evidence; record matching source lines or counterexample.,P1,unassigned
LW-0111,Level loading / world,XML children,libDungeonHunter2.so,0x3f01c8,Level::_LoadFromXML,port/level-loader/canonical_level_class_dispatch_v1.cpp,Check every recognized authored child reaches its matching original class factory; record families delegated to catalog provider.,pseudocode/003f/003f01c8.c; assembly-functions.asm 0x3f01c8; xrefs.jsonl 0x3f01c8,partial,IDA pseudocode/003f/003f01c8.c delegates non-Player element to ObjectManager::LoadFromXML. Port canonical_cached_file_v1.cpp:27-30 prepares/executes CanonicalBoundSourceAttempt; canonical_level_class_dispatch_v1.cpp:5-14 handles selected classes and39-40 requires remaining catalog provider.,not_run,Inspect full function body and caller/callee evidence; record matching source lines or counterexample.,P1,unassigned
LW-0112,Level loading / world,XML children,libDungeonHunter2.so,0x3f01c8,Level::_LoadFromXML,port/level-loader/level_source_loading_v43.cpp,Check newly constructed object is registered before the later InitPost pass invokes its virtual initializer.,pseudocode/003f/003f01c8.c; assembly-functions.asm 0x3f01c8; xrefs.jsonl 0x3f01c8,implemented,"IDA _LoadFromXML routes declarations into ObjectManager (pseudocode/003f/003f01c8.c); InitPost is later. Port canonical_level_class_dispatch_v1.cpp:21-22 constructs before InitPost; stage_loader_v38_init_post.hpp:67-90 loads modules, resolves registered Handle, then invokes InitPost.",not_run,Inspect full function body and caller/callee evidence; record matching source lines or counterexample.,P1,unassigned
LW-0113,Level loading / world,XML children,libDungeonHunter2.so,0x3f01c8,Level::_LoadFromXML,port/level-loader/canonical_module_files_v1.cpp,Check nested module declarations attach to current root Level and retain their own module source occurrence.,pseudocode/003f/003f01c8.c; assembly-functions.asm 0x3f01c8; xrefs.jsonl 0x3f01c8,partial,IDA _LoadFromXML adds element to current ObjectManager (pseudocode/003f/003f01c8.c). Port canonical_level_class_dispatch_v1.cpp:8-10 routes Module through retained bindings; level_source_loading_v43.cpp:48-50 loads module occurrences through same preparation; complete Module construction/InitPost remains delegated.,not_run,Inspect full function body and caller/callee evidence; record matching source lines or counterexample.,P1,unassigned
LW-0114,Level loading / world,XML children,libDungeonHunter2.so,0x3f01c8,Level::_LoadFromXML,port/level-loader/level_file_walk_v1.cpp,Check every matching sibling root is visited in source order; determine duplicate declaration append/overwrite behavior in delegated ObjectManager path.,pseudocode/003f/003f01c8.c; assembly-functions.asm 0x3f01c8; xrefs.jsonl 0x3f01c8,partial,IDA LoadFile pseudocode/003f/003f3b40.c advances with NextSiblingElement after each matching root and invokes _LoadFromXML for each; duplicate object insertion policy is delegated. Port level_file_walk_v1.cpp:29-54 walks roots in order; canonical_cached_file_v1.cpp:27-30 dispatches each child.,not_run,Inspect full function body and caller/callee evidence; record matching source lines or counterexample.,P1,unassigned
LW-0115,Level loading / world,XML children,libDungeonHunter2.so,0x3f01c8,Level::_LoadFromXML,port/level-loader/canonical_level_loading_v26.cpp,Check loading state advances only after root file walk completes and releases load state.,pseudocode/003f/003f01c8.c; assembly-functions.asm 0x3f01c8; xrefs.jsonl 0x3f01c8,implemented,IDA LoadFile advances one matching element per call; stage7 increments state only after LoadFile loop returns nonzero (pseudocode/003f/003f6990.c case7 and pseudocode/003f/003f3b40.c). Port level_file_walk_v1.cpp:45-48 completes after traversal/release; lifecycle_v36.cpp:120-124 increments after complete provider result.,not_run,Inspect full function body and caller/callee evidence; record matching source lines or counterexample.,P1,unassigned
LW-0116,Level loading / world,teardown ordering,libDungeonHunter2.so,0x3f0690,Level::Unload,port/level-loader/level_unload_source_v1.hpp; port/level-loader/level_destroy_source_v1.hpp,Check QuickSave receives Level byte240 before menu/resource teardown; record quiescence admission prelude separately from source order.,pseudocode/003f/003f0690.c; assembly-functions.asm 0x3f0690; xrefs.jsonl 0x3f0690,partial,"IDA pseudocode/003f/003f0690.c:12 begins QuickSave(this,byte240), then menu push and field releases at0x128/0x12C. Port level_unload_source_v1.hpp:62-67 calls quiesce_delivery before QuickSave; QuickSave gets byte_f0 but is not literally first.",not_run,Inspect full function body and caller/callee evidence; record matching source lines or counterexample.,P1,unassigned
LW-0117,Level loading / world,teardown ordering,libDungeonHunter2.so,0x3f0690,Level::Unload,port/level-loader/level_unload_source_v1.hpp,Check menu_Loading is pushed after QuickSave and before releases of Level fields0x128 and0x12C.,pseudocode/003f/003f0690.c; assembly-functions.asm 0x3f0690; xrefs.jsonl 0x3f0690,implemented,"IDA pseudocode/003f/003f0690.c:12-20 QuickSave then retrieves/pushes menu_Loading before releasing offset0x128. Port level_unload_source_v1.hpp:64-78 QuickSave then menu lookup/push, then camera D0 fields128/12c.",not_run,Inspect full function body and caller/callee evidence; record matching source lines or counterexample.,P1,unassigned
LW-0118,Level loading / world,resource release,libDungeonHunter2.so,0x3f0690,Level::Unload,port/level-loader/level_unload_source_v1.hpp,Check non-null fields0x128 and0x12C each receive virtual release and are nulled only after callback.,pseudocode/003f/003f0690.c; assembly-functions.asm 0x3f0690; xrefs.jsonl 0x3f0690,implemented,IDA pseudocode/003f/003f0690.c:16-26 conditionally virtual-releases word fields74/75 (byte offsets0x128/0x12C) and zeros each after callback. Port level_unload_source_v1.hpp:74-78 calls D0 and zeros fields.field128/field12c after success.,not_run,Inspect full function body and caller/callee evidence; record matching source lines or counterexample.,P1,unassigned
LW-0119,Level loading / world,save and audio,libDungeonHunter2.so,0x3f0690,Level::Unload,port/level-loader/level_unload_source_v1.hpp,Check SG_SaveAllPlayer receives current Level byte240 after fields0x128/0x12C are released.,pseudocode/003f/003f0690.c; assembly-functions.asm 0x3f0690; xrefs.jsonl 0x3f0690,implemented,IDA pseudocode/003f/003f0690.c:28 calls SG_SaveAllPlayer with byte240 after both releases. Port level_unload_source_v1.hpp:79-80 rereads byte_f0 after camera releases and passes to save_all_players.,not_run,Inspect full function body and caller/callee evidence; record matching source lines or counterexample.,P1,unassigned
LW-0120,Level loading / world,save and audio,libDungeonHunter2.so,0x3f0690,Level::Unload,port/level-loader/level_unload_source_v1.hpp,Check VoxSoundManager::StopAllSounds receives500 after save-all.,pseudocode/003f/003f0690.c; assembly-functions.asm 0x3f0690; xrefs.jsonl 0x3f0690,implemented,IDA pseudocode/003f/003f0690.c:29 calls StopAllSounds(500) after save-all. Port level_unload_source_v1.hpp:81-82 passes literal500 after save_all_players.,not_run,Inspect full function body and caller/callee evidence; record matching source lines or counterexample.,P1,unassigned
LW-0121,Level loading / world,menus and world,libDungeonHunter2.so,0x3f0690,Level::Unload,port/level-loader/level_unload_source_v1.hpp,"Check visible menu is popped, then Level field0x130 clears before network uninitialization.",pseudocode/003f/003f0690.c; assembly-functions.asm 0x3f0690; xrefs.jsonl 0x3f0690,implemented,"IDA pseudocode/003f/003f0690.c:30-33 conditionally pops visible menu, clears word76 (offset0x130), then NetworkUnInitLevel. Port level_unload_source_v1.hpp:83-90 checks visibility, pops if visible, zeros field130, then calls network_uninit_level.",not_run,Inspect full function body and caller/callee evidence; record matching source lines or counterexample.,P1,unassigned
LW-0122,Level loading / world,player and random,libDungeonHunter2.so,0x3f0690,Level::Unload,port/level-loader/level_unload_source_v1.hpp,Check network uninit precedes PlayerManager byte1737 reset and update.,pseudocode/003f/003f0690.c; assembly-functions.asm 0x3f0690; xrefs.jsonl 0x3f0690,implemented,IDA pseudocode/003f/003f0690.c:33-36 NetworkUnInitLevel precedes PlayerManager byte offset1737 zero and Update. Port level_unload_source_v1.hpp:90-94 uses same ordering and byte6c9 (offset1737).,not_run,Inspect full function body and caller/callee evidence; record matching source lines or counterexample.,P1,unassigned
LW-0123,Level loading / world,player and random,libDungeonHunter2.so,0x3f0690,Level::Unload,port/level-loader/level_unload_source_v1.hpp,Check Random seed refresh follows player update and synchronized seed is cleared.,pseudocode/003f/003f0690.c; assembly-functions.asm 0x3f0690; xrefs.jsonl 0x3f0690,implemented,"IDA pseudocode/003f/003f0690.c:37-39 calls getRealTime after player update, writes Random::s_seed, clears s_syncedSeed. Port level_unload_source_v1.hpp:94-97 performs real_time then seed=now/synced_seed=0.",not_run,Inspect full function body and caller/callee evidence; record matching source lines or counterexample.,P1,unassigned
LW-0124,Level loading / world,caller contract,libDungeonHunter2.so,0x3f0690,Level::Unload,port/level-loader/gslevel_lifecycle_v2.hpp; port/level-loader/level_destroy_source_v1.hpp,Check outer caller unloads same old Level once before D1 destruction and retains that receiver when unload fails.,pseudocode/003f/003f0690.c; assembly-functions.asm 0x3f0690; xrefs.jsonl 0x3f0690,implemented,"IDA Level::Unload is pseudocode/003f/003f0690.c; outer destructor unloads before destroy. Port gslevel_lifecycle_v2.hpp:167-185 retains dtor_level, calls unload before menu close/D1 and keeps same receiver on failure; level_unload_source_v1.hpp:57-59 rejects foreign/replayed receiver.",not_run,Inspect full function body and caller/callee evidence; record matching source lines or counterexample.,P1,unassigned
LW-0125,Level loading / world,area trigger,libDungeonHunter2.so,0x39c33c,TriggerZoneExitLevel::Update,port/level-loader/area_transition_request_v114.cpp; port/android-native/app/src/main/cpp/native_source_area_transition_v114.inc,Check TriggerZoneExitLevel::Update source contact/activation predicates; do not describe this function as directly requesting a level transition.,pseudocode/0039/0039c33c.c; assembly-functions.asm 0x39c33c; xrefs.jsonl 0x39c33c,missing,"IDA pseudocode/0039/0039c33c.c:49-54 checks IsTouching, host, MeetCondition and RequireOnlineUpdate; this Update does not call LoadLevel. Port area_transition_request_v114.cpp:40-49 only projects an already confirmed destination; native_source_area_transition_v114.inc:54-89 starts from confirmed LoadLevel args. No TriggerZone Update body is wired.",not_run,Inspect full function body and caller/callee evidence; record matching source lines or counterexample.,P1,unassigned
LW-0126,Level loading / world,area trigger,libDungeonHunter2.so,0x39c33c,TriggerZoneExitLevel::Update,port/level-loader/area_transition_request_v114.cpp,Check InitPost derives destination member ID from authored field508 when it differs from field507; do not infer from current area.,pseudocode/0039/0039c33c.c; assembly-functions.asm 0x39c33c; xrefs.jsonl 0x39c33c,partial,"IDA pseudocode/0039/0039c8c8.c:6-10 uses authored field508 and stores LevelList member ID at field501 only when fields507 and508 differ. Port area_transition_request_v114.cpp:63-69 maps confirmed destination; canonical_level_class_dispatch_v1.cpp:39-40 delegates unsupported trigger class construction, so authored trigger property is not connected.",not_run,Inspect full function body and caller/callee evidence; record matching source lines or counterexample.,P1,unassigned
LW-0127,Level loading / world,area trigger,libDungeonHunter2.so,0x39c33c,TriggerZoneExitLevel::Update,port/level-loader/area_transition_request_v114.cpp,Check Update displays fast-travel data in source argument order; separately audit confirmation callback converting accepted args into LoadLevel request.,pseudocode/0039/0039c33c.c; assembly-functions.asm 0x39c33c; xrefs.jsonl 0x39c33c,partial,"IDA Update pseudocode/0039/0039c33c.c:57-80 invokes HUD DisplayFastTravel with localized destination, authored destination and entry; it does not call Application::LoadLevel. Port native_source_area_transition_v114.inc:75-89 receives confirmed LoadLevel arguments and area_transition_request_v114.cpp:101-111 stores them.",not_run,Inspect full function body and caller/callee evidence; record matching source lines or counterexample.,P1,unassigned
LW-0128,Level loading / world,area trigger,libDungeonHunter2.so,0x39c33c,TriggerZoneExitLevel::Update,port/level-loader/area_transition_request_v114.cpp,"Check online/host, contact, condition and RequireOnlineUpdate gates for the fast-travel prompt in TriggerZone Update.",pseudocode/0039/0039c33c.c; assembly-functions.asm 0x39c33c; xrefs.jsonl 0x39c33c,partial,"IDA pseudocode/0039/0039c33c.c:35,49-54 applies online update/hosting and contact/condition predicates before DisplayFastTravel. Port area_transition_request_v114.cpp:45-49 guards current actor/save and confirmed destination, but it is downstream of confirmation and has no TriggerZone host predicate.",not_run,Inspect full function body and caller/callee evidence; record matching source lines or counterexample.,P1,unassigned
LW-0129,Level loading / world,area trigger,libDungeonHunter2.so,0x39c33c,TriggerZoneExitLevel::Update,port/android-native/app/src/main/cpp/native_source_area_transition_v114.inc,Check TriggerZone Update sets its displayed-prompt byte only after HUD callback succeeds and clears it on source false branch.,pseudocode/0039/0039c33c.c; assembly-functions.asm 0x39c33c; xrefs.jsonl 0x39c33c,missing,"IDA pseudocode/0039/0039c33c.c:80-81 sets trigger byte2073 only after DisplayFastTravel; lines91-117 clear it when display predicate becomes false. Port area transition sequence tracks transition phases, not trigger byte2073; no TriggerZone Update handler is connected.",not_run,Inspect full function body and caller/callee evidence; record matching source lines or counterexample.,P1,unassigned
LW-0130,Level loading / world,area trigger,libDungeonHunter2.so,0x39c33c,TriggerZoneExitLevel::Update,port/android-native/app/src/main/cpp/native_source_area_transition_v114.inc,Check repeated qualifying Update calls do not repeat DisplayFastTravel while byte2073 is set; do not frame this as a pending LoadLevel guard.,pseudocode/0039/0039c33c.c; assembly-functions.asm 0x39c33c; xrefs.jsonl 0x39c33c,missing,"IDA pseudocode/0039/0039c33c.c:44-48 uses byte2072 for fast-travel unlock and byte2073 to suppress duplicate DisplayFastTravel prompt; it has no pending-transition lock. Port area_transition_sequence_v114.cpp:9-19 prevents a second accepted transition, but does not implement trigger contact/prompt state.",not_run,Inspect full function body and caller/callee evidence; record matching source lines or counterexample.,P1,unassigned
LW-0131,Level loading / world,trigger fields,libDungeonHunter2.so,0x39c8c8,TriggerZoneExitLevel::InitPost,port/level-loader/area_transition_request_v114.cpp,"Check InitPost reads authored destination field508, preserving existing/default member ID when fields507 and508 compare equal.",pseudocode/0039/0039c8c8.c; assembly-functions.asm 0x39c8c8; xrefs.jsonl 0x39c8c8,partial,"IDA pseudocode/0039/0039c8c8.c:5 calls TriggerZone::InitPost, then compares fields507/508 and resolves field508 to LevelList member ID. Port canonical_level_class_dispatch_v1.cpp:39-40 delegates this class; area_transition_request_v114.cpp handles only later confirmed destinations.",not_run,Inspect full function body and caller/callee evidence; record matching source lines or counterexample.,P1,unassigned
LW-0132,Level loading / world,trigger fields,libDungeonHunter2.so,0x39c8c8,TriggerZoneExitLevel::InitPost,port/level-loader/canonical_level_class_dispatch_v1.cpp,Check base TriggerZone::InitPost runs before ExitLevel destination member-ID setup.,pseudocode/0039/0039c8c8.c; assembly-functions.asm 0x39c8c8; xrefs.jsonl 0x39c8c8,missing,IDA pseudocode/0039/0039c8c8.c:5 explicitly invokes TriggerZone::InitPost before destination comparison/lookup at6-10. canonical_level_class_dispatch_v1.cpp:39-40 has no TriggerZoneExitLevel-specific initializer or source binding.,not_run,Inspect full function body and caller/callee evidence; record matching source lines or counterexample.,P1,unassigned
LW-0133,Level loading / world,trigger fields,libDungeonHunter2.so,0x39c8c8,TriggerZoneExitLevel::InitPost,port/level-loader/area_transition_request_v114.cpp,Check a changed destination stores the direct LevelList lookup result; determine invalid-name behavior in GetMemberIDByString rather than adding a local fallback.,pseudocode/0039/0039c8c8.c; assembly-functions.asm 0x39c8c8; xrefs.jsonl 0x39c8c8,partial,"IDA pseudocode/0039/0039c8c8.c:7-10 directly stores GetMemberIDByString result when fields507/508 differ; no fallback/error branch appears. Port area_transition_request_v114.cpp:64-73 rejects missing confirmed LevelList rows, but that is separate post-confirmation behavior; trigger InitPost remains delegated.",not_run,Inspect full function body and caller/callee evidence; record matching source lines or counterexample.,P1,unassigned
LW-0134,Level loading / world,trigger fields,libDungeonHunter2.so,0x39c8c8,TriggerZoneExitLevel::InitPost,port/level-loader/area_transition_request_v114.cpp,Check TriggerZone InitPost passes authored destination case/extension unchanged to LevelList lookup.,pseudocode/0039/0039c8c8.c; assembly-functions.asm 0x39c8c8; xrefs.jsonl 0x39c8c8,partial,"IDA pseudocode/0039/0039c8c8.c passes field508 unchanged to GetMemberIDByString; no filename extension/case transform is present. Port area_transition_request_v114.cpp:64-69 uses exact member lookup, but canonical_level_class_dispatch_v1.cpp:39-40 does not bind TriggerZone properties.",not_run,Inspect full function body and caller/callee evidence; record matching source lines or counterexample.,P1,unassigned
LW-0135,Level loading / world,batch resources,libDungeonHunter2.so,0x3f240c,Level::_LoadBatchInit,port/level-loader/level_batching_source_v96.cpp; port/android-native/app/src/main/cpp/renderer_source_batching_v96.inc; port/android-native/app/src/main/cpp/renderer_native_batch_resources_v110.inc; port/android-native/app/src/main/cpp/source_campaign_runtime_v61.cpp; port/level-loader/level_source_loading_v43.cpp,"Check batch init performs driver setup, debug-switch branch, old compiler destruction, and conditional construction/publication in original Level slot.",pseudocode/003f/003f240c.c; assembly-functions.asm 0x3f240c; xrefs.jsonl 0x3f240c,partial,"The active source campaign binds phases21-24 into the real loader (source_campaign_runtime_v61.cpp:617; renderer_source_batching_v96.inc:200-213) and supplies native batching resources (source_campaign_runtime_v61.cpp:618; renderer_native_batch_resources_v110.inc:21 onward). Stage21 performs the debug gate, old-compiler release, and conditional compiler publication in the Level slot. The exact original RenderDriver setup side effect in this row still needs one-to-one confirmation, so it remains partial rather than disconnected. SourceLoadingV43 transfers the callbacks into LifecycleV36. Static source assessment only; runtime remains not_run.",not_run,Inspect full function body and caller/callee evidence; record matching source lines or counterexample.,P1,unassigned
LW-0136,Level loading / world,batch resources,libDungeonHunter2.so,0x3f240c,Level::_LoadBatchInit,port/level-loader/level_batching_source_v96.cpp; port/android-native/app/src/main/cpp/renderer_source_batching_v96.inc; port/android-native/app/src/main/cpp/renderer_native_batch_resources_v110.inc; port/android-native/app/src/main/cpp/source_campaign_runtime_v61.cpp; port/level-loader/level_source_loading_v43.cpp,"Check _LoadBatchInit compiler setup order separately from mesh compilation; mesh/root/scene work belongs to compiler compile path, not this function.",pseudocode/003f/003f240c.c; assembly-functions.asm 0x3f240c; xrefs.jsonl 0x3f240c,implemented,"The production connector binds phases21-24 (source_campaign_runtime_v61.cpp:617; renderer_source_batching_v96.inc:200-213) and supplies actual mesh/node/scene services (source_campaign_runtime_v61.cpp:618; renderer_native_batch_resources_v110.inc:21 onward). Phase22 uses original_batch_list_v96, phase23 builds the owner map, and phase24 compiles then attaches the root. SourceLoadingV43 transfers the callbacks into LifecycleV36. Static source assessment only; runtime remains not_run.",not_run,Inspect full function body and caller/callee evidence; record matching source lines or counterexample.,P1,unassigned
LW-0137,Level loading / world,batch resources,libDungeonHunter2.so,0x3f240c,Level::_LoadBatchInit,port/level-loader/level_batching_source_v96.cpp; port/android-native/app/src/main/cpp/renderer_source_batching_v96.inc; port/android-native/app/src/main/cpp/renderer_native_batch_resources_v110.inc; port/android-native/app/src/main/cpp/source_campaign_runtime_v61.cpp; port/level-loader/level_source_loading_v43.cpp,Check repeated batch init destroys existing compiler and replaces it only when compiled batching is enabled.,pseudocode/003f/003f240c.c; assembly-functions.asm 0x3f240c; xrefs.jsonl 0x3f240c,implemented,"The production connector binds phases21-24 (source_campaign_runtime_v61.cpp:617; renderer_source_batching_v96.inc:200-213) and supplies actual mesh/node/scene services (source_campaign_runtime_v61.cpp:618; renderer_native_batch_resources_v110.inc:21 onward). Phase22 uses original_batch_list_v96, phase23 builds the owner map, and phase24 compiles then attaches the root. SourceLoadingV43 transfers the callbacks into LifecycleV36. Static source assessment only; runtime remains not_run.",not_run,Inspect full function body and caller/callee evidence; record matching source lines or counterexample.,P1,unassigned
LW-0138,Level loading / world,batch resources,libDungeonHunter2.so,0x3f2d38,Level::_LoadBatchList,port/level-loader/level_batching_source_v96.cpp; port/android-native/app/src/main/cpp/renderer_source_batching_v96.inc; port/android-native/app/src/main/cpp/renderer_native_batch_resources_v110.inc; port/android-native/app/src/main/cpp/source_campaign_runtime_v61.cpp; port/level-loader/level_source_loading_v43.cpp,"Check _LoadBatchList traverses ObjectManager entries in source order, applies original selection predicates, and appends eligible objects in that order.",pseudocode/003f/003f2d38.c; assembly-functions.asm 0x3f2d38; xrefs.jsonl 0x3f2d38,implemented,"The production connector binds phases21-24 (source_campaign_runtime_v61.cpp:617; renderer_source_batching_v96.inc:200-213) and supplies actual mesh/node/scene services (source_campaign_runtime_v61.cpp:618; renderer_native_batch_resources_v110.inc:21 onward). Phase22 uses original_batch_list_v96, phase23 builds the owner map, and phase24 compiles then attaches the root. SourceLoadingV43 transfers the callbacks into LifecycleV36. Static source assessment only; runtime remains not_run.",not_run,Inspect full function body and caller/callee evidence; record matching source lines or counterexample.,P1,unassigned
LW-0139,Level loading / world,batch resources,libDungeonHunter2.so,0x3f2d38,Level::_LoadBatchList,port/level-loader/level_batching_source_v96.cpp; port/android-native/app/src/main/cpp/renderer_source_batching_v96.inc; port/android-native/app/src/main/cpp/renderer_native_batch_resources_v110.inc; port/android-native/app/src/main/cpp/source_campaign_runtime_v61.cpp; port/level-loader/level_source_loading_v43.cpp,"Check null/deleted/unsupported family, condition failure and Faerie cases follow source skip path; only eligible objects append.",pseudocode/003f/003f2d38.c; assembly-functions.asm 0x3f2d38; xrefs.jsonl 0x3f2d38,implemented,"The production connector binds phases21-24 (source_campaign_runtime_v61.cpp:617; renderer_source_batching_v96.inc:200-213) and supplies actual mesh/node/scene services (source_campaign_runtime_v61.cpp:618; renderer_native_batch_resources_v110.inc:21 onward). Phase22 uses original_batch_list_v96, phase23 builds the owner map, and phase24 compiles then attaches the root. SourceLoadingV43 transfers the callbacks into LifecycleV36. Static source assessment only; runtime remains not_run.",not_run,Inspect full function body and caller/callee evidence; record matching source lines or counterexample.,P1,unassigned
LW-0140,Level loading / world,batch resources,libDungeonHunter2.so,0x3f2d38,Level::_LoadBatchList,port/level-loader/level_batching_source_v96.cpp,Check compiler retains eligible GameObject identities in order until compile/trim; distinguish this vector from mesh ownership and Level unload lifetime.,pseudocode/003f/003f2d38.c; assembly-functions.asm 0x3f2d38; xrefs.jsonl 0x3f2d38,partial,"IDA pseudocode/003f/003f2d38.c:116-127 appends GameObject pointers, not mesh references, for later map/compile. Port level_batching_source_v96.cpp:53 stores identities and92 trims after compile; Level D1 release is in level_destroy_source_v1.hpp:110-111. It does not retain mesh refs through unload.",not_run,Inspect full function body and caller/callee evidence; record matching source lines or counterexample.,P1,unassigned
LW-0141,Level loading / world,batch resources,libDungeonHunter2.so,0x3f5ea0,Level::_LoadBatchMap,port/level-loader/level_batching_source_v96.cpp,Check _LoadBatchMap walks eligible GameObjects and recursively maps each mesh scene-node identity to its owner; map key ordering is not source insertion ordering.,pseudocode/003f/003f5ea0.c; assembly-functions.asm 0x3f5ea0; xrefs.jsonl 0x3f5ea0,partial,IDA pseudocode/003f/003f5ea0.c:20-29 walks compiler object vector and calls _MapMeshNode for each non-null visual root. Port level_batching_source_v96.cpp:61-65 iterates IDs and recursively maps node identities;56 map assignment overwrites duplicate keys. Stage23 is not wired into LifecycleV36 (lifecycle_v36.cpp:33-35).,not_run,Inspect full function body and caller/callee evidence; record matching source lines or counterexample.,P1,unassigned
LW-0142,Level loading / world,batch resources,libDungeonHunter2.so,0x3f5ea0,Level::_LoadBatchMap,port/level-loader/level_batching_source_v96.cpp,"For duplicate scene-node identity, verify later GameObject assignment overwrites the existing mapping before child recursion.",pseudocode/003f/003f5ea0.c; assembly-functions.asm 0x3f5ea0; xrefs.jsonl 0x3f5ea0,implemented,"IDA 0x3f5dcc _MapMeshNode: map uses insert_unique then writes mapped GameObject at entry+20, so same node identity overwrites; source level_batching_source_v96.cpp:54-58 uses node_objects1c_[identity]=object before recursing.",not_run,Inspect full function body and caller/callee evidence; record matching source lines or counterexample.,P1,unassigned
LW-0143,Level loading / world,batch resources,libDungeonHunter2.so,0x3f5ea0,Level::_LoadBatchMap,port/level-loader/level_batching_source_v96.cpp,Verify node mappings become visible incrementally during recursive traversal; do not require an all-entries decode/commit phase.,pseudocode/003f/003f5ea0.c; assembly-functions.asm 0x3f5ea0; xrefs.jsonl 0x3f5ea0,implemented,IDA 0x3f5dcc writes each node mapping before descending; Level::_LoadBatchMap at pseudocode/003f/003f5ea0.c iterates roots and calls _MapMeshNode directly. Port build_map/map_node at level_batching_source_v96.cpp:54-65 also publishes each mapping during traversal; neither body shows all-at-once publication.,not_run,Inspect full function body and caller/callee evidence; record matching source lines or counterexample.,P1,unassigned
LW-0144,Level loading / world,batch resources,libDungeonHunter2.so,0x3f2ae4,Level::_LoadBatching,port/level-loader/level_batching_source_v96.cpp; port/android-native/app/src/main/cpp/renderer_source_batching_v96.inc; port/android-native/app/src/main/cpp/renderer_native_batch_resources_v110.inc; port/android-native/app/src/main/cpp/source_campaign_runtime_v61.cpp; port/level-loader/level_source_loading_v43.cpp,Trace the outer Level phase driver to confirm it consumes the map built in phase 23 and invokes compile plus root attachment in the original later phase.,pseudocode/003f/003f2ae4.c; assembly-functions.asm 0x3f2ae4; xrefs.jsonl 0x3f2ae4,implemented,"The production connector binds phases21-24 (source_campaign_runtime_v61.cpp:617; renderer_source_batching_v96.inc:200-213) and supplies actual mesh/node/scene services (source_campaign_runtime_v61.cpp:618; renderer_native_batch_resources_v110.inc:21 onward). Phase22 uses original_batch_list_v96, phase23 builds the owner map, and phase24 compiles then attaches the root. SourceLoadingV43 transfers the callbacks into LifecycleV36. Static source assessment only; runtime remains not_run.",not_run,Inspect full function body and caller/callee evidence; record matching source lines or counterexample.,P1,unassigned
LW-0145,Level loading / world,batch resources,libDungeonHunter2.so,0x003F6990; 0x003F2AE4,Level::_LoadBatching,port/level-loader/level_batching_source_v96.cpp; port/level-loader/lifecycle_v36.cpp; port/level-loader/level_source_loading_v43.cpp; port/android-native/app/src/main/cpp/renderer_source_batching_v96.inc; port/android-native/app/src/main/cpp/renderer_native_batch_resources_v110.inc; port/android-native/app/src/main/cpp/source_campaign_runtime_v61.cpp,"Stage24 calls _LoadBatching and advances unconditionally on normal return; connect the compiler and root attachment to the stage body, without inventing an original Compile failure-status branch.",Second review pseudocode references: pseudocode/003f/003f6990.c:517-524; pseudocode/003f/003f2ae4.c:34-66,implemented,"The production connector binds phases21-24 (source_campaign_runtime_v61.cpp:617; renderer_source_batching_v96.inc:200-213) and supplies actual mesh/node/scene services (source_campaign_runtime_v61.cpp:618; renderer_native_batch_resources_v110.inc:21 onward). Phase22 uses original_batch_list_v96, phase23 builds the owner map, and phase24 compiles then attaches the root. SourceLoadingV43 transfers the callbacks into LifecycleV36. Static source assessment only; runtime remains not_run.",not_run,Inspect full function body and caller/callee evidence; record matching source lines or counterexample.,P1,unassigned
LW-0146,Level loading / world,batch resources,libDungeonHunter2.so,0x3f2ae4,Level::_LoadBatching,port/level-loader/level_batching_source_v96.cpp,"Verify the batching-in-progress flag brackets compilation, is cleared before the conditional root attach, and the root visibility suffix runs afterward; do not assert a Level stage counter order here.",pseudocode/003f/003f2ae4.c; assembly-functions.asm 0x3f2ae4; xrefs.jsonl 0x3f2ae4,partial,IDA 0x3f2ae4 sets SceneManager byte+1084 before Compile and clears it after; it then conditionally attaches the compiler root and sets it visible. Port compile/attachment suffix is level_batching_source_v96.cpp:93-141; phase connection is renderer_source_batching_v96.inc:177-193. No stage counter is visible in the IDA function.,not_run,Inspect full function body and caller/callee evidence; record matching source lines or counterexample.,P1,unassigned
LW-0147,Level loading / world,tile resource,libDungeonHunter2.so,0x3f4154,Level::LoadTile,port/level-loader/canonical_floor_v72.cpp,Verify LoadTile receives the provided Tile and explicit module index and does not recompute that index from a filename.,pseudocode/003f/003f4154.c; assembly-functions.asm 0x3f4154; xrefs.jsonl 0x3f4154,missing,"IDA pseudocode/003f/003f4154.c uses the supplied Tile* and explicit module index, constructs resource names from the tile, and recursively calls LoadTile for child tiles. Scoped port search found no LoadTile implementation; canonical_floor_v72.cpp:11-27 implements Floor InitPost/visibility only.",not_run,Inspect full function body and caller/callee evidence; record matching source lines or counterexample.,P1,unassigned
LW-0148,Level loading / world,tile resource,libDungeonHunter2.so,0x3f4154,Level::LoadTile,port/level-loader/canonical_floor_v72.cpp,Trace how each tile's authored resource names are routed into the corresponding floor/module load context before recursive child-tile loading.,pseudocode/003f/003f4154.c; assembly-functions.asm 0x3f4154; xrefs.jsonl 0x3f4154,missing,"IDA 0x3f4154 builds per-tile Module paths and calls Level::LoadFile for the tile resources before traversing child tiles. In the scoped port level-loader sources, canonical_module_files_v1.cpp:79-116 handles one supplied file URI/root; no Tile-to-floor/module resource-container join is present.",not_run,Inspect full function body and caller/callee evidence; record matching source lines or counterexample.,P1,unassigned
LW-0149,Level loading / world,tile resource,libDungeonHunter2.so,0x3f4154,Level::LoadTile,port/level-loader/canonical_floor_v72.cpp,Verify the original empty-tile case produces no object/resource load and preserves the same module-index result.,pseudocode/003f/003f4154.c; assembly-functions.asm 0x3f4154; xrefs.jsonl 0x3f4154,missing,IDA pseudocode/003f/003f4154.c contains tile resource and child-count branches; scoped implementation search found no port LoadTile handler or corresponding empty-tile branch. canonical_floor_v72.cpp:11-27 does not load tile objects.,not_run,Inspect full function body and caller/callee evidence; record matching source lines or counterexample.,P1,unassigned
LW-0150,Level loading / world,tile resource,libDungeonHunter2.so,0x3f4154,Level::LoadTile,port/level-loader/canonical_floor_v72.cpp,Verify failed tile resource loads cannot be treated as a completed tile and that the returned module index advances only through the original resource/child traversal.,pseudocode/003f/003f4154.c; assembly-functions.asm 0x3f4154; xrefs.jsonl 0x3f4154,missing,"IDA 0x3f4154 retries the four LoadFile calls until successful, resets Level position/module fields, then recursively visits children and returns the final index. No port LoadTile implementation was found in scoped port/level-loader sources, so there is no equivalent completion/publication point to compare.",not_run,Inspect full function body and caller/callee evidence; record matching source lines or counterexample.,P1,unassigned
LW-0151,Level loading / world,filesystem lookup,libDungeonHunter2.so,0x34dfe0,FileSystemBase::doesResourceExists,port/level-loader/cached_level_file_v1.cpp; port/level-loader/canonical_cached_file_v1.cpp,Check that the generic existence query forwards the exact resource name without extension synthesis and releases the lookup result before returning its boolean.,pseudocode/0034/0034dfe0.c; assembly-functions.asm 0x34dfe0; xrefs.jsonl 0x34dfe0,partial,"IDA pseudocode/0034/0034dfe0.c forwards the exact input string to vtable+144, releases its result through vtable+120, and returns found/nonfound. Port level_root_filename_route_v52.cpp:16-44 performs resource lookup through injected open_resource callbacks over prefixed/compiled candidates; no generic doesResourceExists implementation is present in scoped sources.",not_run,Inspect full function body and caller/callee evidence; record matching source lines or counterexample.,P1,unassigned
LW-0152,Level loading / world,filesystem lookup,libDungeonHunter2.so,0x34dfe0,FileSystemBase::doesResourceExists,port/level-loader/canonical_source_adapter_v1.cpp,"Verify a genuine not-found response maps to the original false result, while provider errors remain distinguishable from not-found.",pseudocode/0034/0034dfe0.c; assembly-functions.asm 0x34dfe0; xrefs.jsonl 0x34dfe0,partial,"IDA 0x34dfe0 returns false when vtable+144 reports no resource. Port LevelRootFilenameResolverV52::resolve_source distinguishes found/absent/failed at level_root_filename_route_v52.cpp:16-44; resolve() returns false for absent at lines 10-14, while error conditions also fail the bool wrapper.",not_run,Inspect full function body and caller/callee evidence; record matching source lines or counterexample.,P1,unassigned
LW-0153,Level loading / world,filesystem lookup,libDungeonHunter2.so,0x34ff28,FileSystemWin32::openResource,port/level-loader/cached_level_file_v1.cpp; port/level-loader/canonical_source_adapter_v1.cpp,Compare the original two-root open order and path normalization with the injected open_resource provider and Level filename candidate sequence.,pseudocode/0034/0034ff28.c; assembly-functions.asm 0x34ff28; xrefs.jsonl 0x34ff28,partial,IDA pseudocode/0034/0034ff28.c attempts _createHandle at this+564 then falls back to this+824. Port filename resolution delegates actual open to injected leaves (filename_root_source_v65.hpp:73-80) and tries four name prefixes plus compiled candidates (level_root_filename_route_v52.cpp:24-40); filesystem root ordering/normalization is not implemented locally.,not_run,Inspect full function body and caller/callee evidence; record matching source lines or counterexample.,P1,unassigned
LW-0154,Level loading / world,filesystem lookup,libDungeonHunter2.so,0x34ff28,FileSystemWin32::openResource,port/level-loader/canonical_cached_file_v1.cpp,Verify both original root attempts may fail without fabricating a stream or marking a file open; preserve the null result on genuine absence.,pseudocode/0034/0034ff28.c; assembly-functions.asm 0x34ff28; xrefs.jsonl 0x34ff28,partial,"IDA 0x34ff28 returns the first handle or the fallback handle, and returns null if both fail. Port filename_root_source_v65.hpp:73-80 requires a real owner/identity for found results and rejects a live handle for not-found; the actual open result is injected, so both-root failure behavior remains delegated.",not_run,Inspect full function body and caller/callee evidence; record matching source lines or counterexample.,P1,unassigned
LW-0155,Level loading / world,filesystem lookup,libDungeonHunter2.so,0x34ff28,FileSystemWin32::openResource,port/level-loader/cached_level_file_v1.cpp; port/level-loader/canonical_module_files_v1.cpp,Trace the returned handle through decode and the caller's close path to ensure one owner is retained and the original close occurs exactly once.,pseudocode/0034/0034ff28.c; assembly-functions.asm 0x34ff28; xrefs.jsonl 0x34ff28,partial,"IDA 0x34ff28 returns an owned file handle but does not itself define decode/close lifetime. Port filename_root_source_v65.hpp:73-80 retains the actual stream owner; canonical_module_files_v1.cpp:98-116 keeps the native file through document delivery and clears it on completion, with close/release routed through the retained filename source.",not_run,Inspect full function body and caller/callee evidence; record matching source lines or counterexample.,P1,unassigned
